timestamp	session_id	watch_id	anchor	board_mac	serial_port	watch_mac	distance_cm	rssi_dbm
2026-10-09T11:16:06.459097	sess_98ba8e06a2074745a26eb075a61db965	watch_01	00:07	00:07	mqtt:00:07		-1	-1
2026-10-09T11:16:07.384070	sess_1a888fe5892b49968a6a8eab50af7670	watch_01	00:07	00:07	mqtt:00:07		-1	-1
2026-10-09T11:16:11.392423	sess_6063ca7f6334483c9f4c2784571784e1	watch_01	00:07	00:07	mqtt:00:07		-1	-1
2026-10-09T11:16:12.491331	sess_cd613b2faf7449c0b3ae532ba2afbd7e	watch_01	00:07	00:07	mqtt:00:07		-1	-1
2026-10-09T11:16:14.200035	sess_2cb4f1186381499db499930e2bbb22a7	watch_01	00:07	00:07	mqtt:00:07		-1	-1
2026-10-09T11:16:17.019741	sess_80501e6f0dd242f99e525614027f24ea	watch_01	00:07	00:07	mqtt:00:07		-1	-1
2026-10-09T11:16:17.376739	sess_51237e9afb1b4fd386afa9c25907ad32	watch_01	00:07	00:07	mqtt:00:07		-1	-1
2026-10-09T11:16:17.763570	sess_a1e2a2327c4d42fc8e3f8046119427c6	watch_01	00:07	00:07	mqtt:00:07		-1	-1
2026-10-09T11:16:18.111412	sess_78a776018d094199a5d1f749bf35dc77	watch_01	00:07	00:07	mqtt:00:07		-1	-1
2026-10-09T11:16:18.349500	sess_2c1d38c4678f42c2939517e260f2575d	watch_01	00:07	00:07	mqtt:00:07		-1	-1
2026-10-09T11:16:18.630837	sess_c5030337415647d2824f6c4767d92174	watch_01	00:07	00:07	mqtt:00:07		-1	-1
2026-10-09T11:16:18.868796	sess_8cf66c88484b46c6ba1cb5b14f82d520	watch_01	00:07	00:07	mqtt:00:07		-1	-1
2026-10-09T11:16:19.303679	sess_11040cc3eab149b28f0290211670505b	watch_01	00:07	00:07	mqtt:00:07		-1	-1
2026-10-09T11:16:19.676383	sess_beb928dd128842c5bcafae6ec14daf92	watch_01	00:07	00:07	mqtt:00:07		-1	-1
2026-10-09T11:16:19.966914	sess_8345f815e4fc45ca913ae75a9c2ef7cc	watch_01	00:07	00:07	mqtt:00:07		-1	-1
2026-10-09T11:16:20.398433	sess_9b431494e2fd4ba391d3f3007ac2a5f6	watch_01	00:07	00:07	mqtt:00:07		-1	-1
2026-10-09T11:16:20.732827	sess_452689d4be684359b879147c5a866766	watch_01	00:07	00:07	mqtt:00:07		-1	-1
2026-10-09T11:16:21.367243	sess_c0ebfe5f60c94ba987038c76adbbf9eb	watch_01	00:07	00:07	mqtt:00:07		-1	-1
2026-10-09T11:16:21.776070	sess_eaaeb5ef53b6433ba66a3c601eeccc77	watch_01	00:07	00:07	mqtt:00:07		-1	-1
2026-10-09T11:16:21.943314	sess_3c09809d8e6a4c4c952023261466e504	watch_01	00:07	00:07	mqtt:00:07		-1	-1
2026-10-09T11:16:22.229170	sess_dc8e868c48424827865590a2c149b8b5	watch_01	00:07	00:07	mqtt:00:07		-1	-1
2026-10-09T11:16:22.517276	sess_431b36fa48a54cde9747463e11707fac	watch_01	00:07	00:07	mqtt:00:07		-1	-1
2026-10-09T11:16:22.958684	sess_aa3d00ad6b7849f8848a1d3850b42f1a	watch_01	00:07	00:07	mqtt:00:07		-1	-1
2026-10-09T11:16:23.282478	sess_9c2a088a40f44f22bc0f6f4f041a32d8	watch_01	00:07	00:07	mqtt:00:07		-1	-1
2026-10-09T11:16:23.893070	sess_fcf42d8e50f546778b14fc6913588cc1	watch_01	00:07	00:07	mqtt:00:07		-1	-1
2026-10-09T11:16:24.350407	sess_c5e71fae77af4919a48a3d839eebc9b5	watch_01	00:07	00:07	mqtt:00:07		-1	-1
2026-10-09T11:16:24.787756	sess_76e81d60ae424dde9490084ad11496a2	watch_01	00:07	00:07	mqtt:00:07		-1	-1
2026-10-09T11:16:25.458209	sess_c10a7336c5304e79947e37edf26c60d0	watch_01	00:07	00:07	mqtt:00:07		-1	-1
2026-10-09T11:16:25.790438	sess_cd9039c43f9341ea8057b10193e59c22	watch_01	00:07	00:07	mqtt:00:07		-1	-1
2026-10-09T11:16:25.953793	sess_6bcb53fe84224eed8b493904b2ceb667	watch_01	00:07	00:07	mqtt:00:07		-1	-1
2026-10-09T11:16:26.312921	sess_8b742e5f8471476c840c9d51a69f3dd2	watch_01	00:07	00:07	mqtt:00:07		-1	-1
2026-10-09T11:16:26.546463	sess_cfb951a3ffc545d9bbb4917ab17a898b	watch_01	00:07	00:07	mqtt:00:07		-1	-1
2026-10-09T11:16:27.007383	sess_2283e91496a24d17b41d1174170d19cf	watch_01	00:07	00:07	mqtt:00:07		-1	-1
2026-10-09T11:16:27.436905	sess_8794185d20e24a598463fb9ece5618f2	watch_01	00:07	00:07	mqtt:00:07		-1	-1
2026-10-09T11:16:27.856783	sess_5c3940b301534ef991c3559f567db700	watch_01	00:07	00:07	mqtt:00:07		-1	-1
2026-10-09T11:16:28.142862	sess_37d7714dd5df425a8fa2bb596e44b7c4	watch_01	00:07	00:07	mqtt:00:07		-1	-1
2026-10-09T11:16:28.622348	sess_1d2b2613c5c54cb8a4832ef2ca6e6d75	watch_01	00:07	00:07	mqtt:00:07		-1	-1
2026-10-09T11:16:28.847979	sess_4aec375a3e1740a281f4b676d02ea2de	watch_01	00:07	00:07	mqtt:00:07		-1	-1
2026-10-09T11:16:29.064152	sess_fc835036216545d3a4805b46aa768ba6	watch_01	00:07	00:07	mqtt:00:07		-1	-1
2026-10-09T11:16:29.394310	sess_fc1effb322b84abd934d3c8875ff93ec	watch_01	00:07	00:07	mqtt:00:07		-1	-1
2026-10-09T11:16:30.325296	sess_fb8ce87060104eaf8d3cd701860d3ab8	watch_01	00:07	00:07	mqtt:00:07		-1	-1
2026-10-09T11:16:30.519866	sess_360558a9b62f4871848b865feba2451d	watch_01	00:07	00:07	mqtt:00:07		-1	-1
2026-10-09T11:16:30.961056	sess_547a2fd301a8446d989727a7928fb923	watch_01	00:07	00:07	mqtt:00:07		-1	-1
2026-10-09T11:16:31.195706	sess_9a939a041a9d408dba0e9ffaf9992af0	watch_01	00:07	00:07	mqtt:00:07		-1	-1
2026-10-09T11:16:31.431737	sess_12013fa4c07d45ed928d8bc27e16d7fe	watch_01	00:07	00:07	mqtt:00:07		-1	-1
2026-10-09T11:16:31.660351	sess_e90c92a93207439389bbcbdce25bd8ed	watch_01	00:07	00:07	mqtt:00:07		-1	-1
2026-10-09T11:16:32.004665	sess_b6aa33c1a9ef4366884cb0d3dd1309b2	watch_01	00:07	00:07	mqtt:00:07		-1	-1
2026-10-09T11:16:32.473904	sess_327be64bf719467bb0d49722c98d6859	watch_01	00:07	00:07	mqtt:00:07		-1	-1
2026-10-09T11:16:33.029890	sess_8eaaa758e7c34a44a05599b35a8d2e3e	watch_01	00:07	00:07	mqtt:00:07		-1	-1
2026-10-09T11:16:33.469088	sess_b66a9bbfe78047bea255cae92d52bab5	watch_01	00:07	00:07	mqtt:00:07		-1	-1
2026-10-09T11:16:33.742414	sess_dc3df7c0b9424b7a9f69045bbfc0b2a1	watch_01	00:07	00:07	mqtt:00:07		-1	-1
2026-10-09T11:16:34.462244	sess_2b7e7e878bf54ee8938052db6a7701de	watch_01	00:07	00:07	mqtt:00:07		-1	-1
2026-10-09T11:16:34.725885	sess_ffc4489cfb4341cf8204085ca930d93e	watch_01	00:07	00:07	mqtt:00:07		-1	-1
2026-10-09T11:16:35.026893	sess_b81d5c747cef49188c4d6d816993d3f4	watch_01	00:07	00:07	mqtt:00:07		-1	-1
2026-10-09T11:16:35.691219	sess_4fd0dbc2441c4e0cbba7a48d040e9110	watch_01	00:07	00:07	mqtt:00:07		-1	-1
2026-10-09T11:16:36.461548	sess_7c5a009f80364b13827484b990fc6ab8	watch_01	00:07	00:07	mqtt:00:07		-1	-1
2026-10-09T11:16:36.772309	sess_4b988b1821b644b4bfc2f500556b72e1	watch_01	00:07	00:07	mqtt:00:07		-1	-1
2026-10-09T11:16:37.078528	sess_473c27b51f544dc8bdf0fd283a4dd16f	watch_01	00:07	00:07	mqtt:00:07		-1	-1
2026-10-09T11:16:37.596709	sess_02ca6aeca17a47039b644e1dd89f8251	watch_01	00:07	00:07	mqtt:00:07		-1	-1
2026-10-09T11:16:37.841949	sess_4b26e4255cef46c78c10ed33439d4e01	watch_01	00:07	00:07	mqtt:00:07		-1	-1
2026-10-09T11:16:38.518585	sess_5b90fe93eb4b4709a16b004a981a803e	watch_01	00:07	00:07	mqtt:00:07		-1	-1
2026-10-09T11:16:38.803066	sess_c1f28f45dc9240e09425d09c236126dd	watch_01	00:07	00:07	mqtt:00:07		-1	-1
2026-10-09T11:16:39.151654	sess_a61994d496bd4a2f91a9ae64c4de285d	watch_01	00:07	00:07	mqtt:00:07		-1	-1
2026-10-09T11:16:39.356481	sess_f6d58fe457ee47b4a7f295409df5139e	watch_01	00:07	00:07	mqtt:00:07		-1	-1
2026-10-09T11:16:39.648384	sess_feac76ab722e4bfcaee6b632caad63e0	watch_01	00:07	00:07	mqtt:00:07		-1	-1
2026-10-09T11:16:39.912807	sess_29cc6583646242e2a28e841072292da9	watch_01	00:07	00:07	mqtt:00:07		-1	-1
2026-10-09T11:16:40.167077	sess_cc9ed9445e464258acece70275b639be	watch_01	00:07	00:07	mqtt:00:07		-1	-1
2026-10-09T11:16:40.810830	sess_6c4be7dd9c9741acad75a7b345883283	watch_01	00:07	00:07	mqtt:00:07		-1	-1
2026-10-09T11:16:41.197250	sess_78464cbdbbbe407ebaace182fdc88e61	watch_01	00:07	00:07	mqtt:00:07		-1	-1
2026-10-09T11:16:41.726450	sess_186b6840bcf3485d8ba17212287ab78e	watch_01	00:07	00:07	mqtt:00:07		-1	-1
2026-10-09T11:16:42.581110	sess_db45dc79d2474b1187e60a8aaf109387	watch_01	00:07	00:07	mqtt:00:07		-1	-1
2026-10-09T11:16:42.914164	sess_20511bc1627f4f66b08a3374529d7747	watch_01	00:07	00:07	mqtt:00:07		-1	-1
2026-10-09T11:16:43.285696	sess_a6a1e9ec328b442c844a5b168d2255be	watch_01	00:07	00:07	mqtt:00:07		-1	-1
2026-10-09T11:16:43.755926	sess_8313ef49ad884830b8975d61c87942ed	watch_01	00:07	00:07	mqtt:00:07		-1	-1
2026-10-09T11:16:43.922613	sess_bf27338486144d8eae1e376c347224ee	watch_01	00:07	00:07	mqtt:00:07		-1	-1
2026-10-09T11:16:45.719493	sess_3db4aac4ecc64ad2b93ab53a1ede91b7	watch_01	00:07	00:07	mqtt:00:07		-1	-1
2026-10-09T11:16:46.268881	sess_0830025f0cd14aa1b93badf8bbe84aa3	watch_01	00:07	00:07	mqtt:00:07		-1	-1
2026-10-09T11:16:46.473030	sess_56057f5978bc4b4eaa478d46a6fa63f2	watch_01	00:07	00:07	mqtt:00:07		-1	-1
2026-10-09T11:16:46.788872	sess_c687a7cb213846c6ad6bd7c19248d36d	watch_01	00:07	00:07	mqtt:00:07		-1	-1
2026-10-09T11:16:47.034526	sess_d85552847dbc4d39b5815668e235097b	watch_01	00:07	00:07	mqtt:00:07		-1	-1
2026-10-09T11:16:47.312876	sess_598a772816514a46839d98fd36ead288	watch_01	00:07	00:07	mqtt:00:07		-1	-1
2026-10-09T11:16:47.548756	sess_116ca2c936124beebb9506350db6666c	watch_01	00:07	00:07	mqtt:00:07		-1	-1
2026-10-09T11:16:47.828810	sess_81da1bfe579e40bebb8340b6f6520187	watch_01	00:07	00:07	mqtt:00:07		-1	-1
2026-10-09T11:16:48.082332	sess_306f28508bea42588ddea8675338a9f9	watch_01	00:07	00:07	mqtt:00:07		-1	-1
2026-10-09T11:16:48.280365	sess_9fa0918f277d4126a9dc8f6bef6267f6	watch_01	00:07	00:07	mqtt:00:07		-1	-1
2026-10-09T11:16:48.571845	sess_f03dd6e0e75d4654823793bbbd68c04d	watch_01	00:07	00:07	mqtt:00:07		-1	-1
2026-10-09T11:16:48.847694	sess_bc22d6b860f7496b915ddd7c727362b6	watch_01	00:07	00:07	mqtt:00:07		-1	-1
2026-10-09T11:16:49.060661	sess_3eff3ab47b4b4e8e948fc8b3e1076569	watch_01	00:07	00:07	mqtt:00:07		-1	-1
2026-10-09T11:16:49.387718	sess_ff747b8c55f94e7bbbfb61338a49f67f	watch_01	00:07	00:07	mqtt:00:07		-1	-1
2026-10-09T11:16:49.930059	sess_5e69551b69f0462e9cbbeb5a62311c8b	watch_01	00:07	00:07	mqtt:00:07		-1	-1
2026-10-09T11:16:50.395100	sess_6aa94aeee51f42f798ad1539c9b9a6cb	watch_01	00:07	00:07	mqtt:00:07		-1	-1
2026-10-09T11:16:50.656511	sess_8386e4484a8949b6a1ce78e946f61733	watch_01	00:07	00:07	mqtt:00:07		-1	-1
2026-10-09T11:16:50.967030	sess_df40bdaceeba43aea15804043fca2326	watch_01	00:07	00:07	mqtt:00:07		-1	-1
2026-10-09T11:16:51.407761	sess_0e062c26727b488d868909ccf4bdbbfd	watch_01	00:07	00:07	mqtt:00:07		-1	-1
2026-10-09T11:16:51.950999	sess_354a8b93991549d0a115af043f7af2a2	watch_01	00:07	00:07	mqtt:00:07		-1	-1
2026-10-09T11:16:52.187034	sess_221dfc79f7a84f84a790b62e65cd7eab	watch_01	00:07	00:07	mqtt:00:07		-1	-1
2026-10-09T11:16:52.631655	sess_b4a99b5969494025a15b575a7993943c	watch_01	00:07	00:07	mqtt:00:07		-1	-1
2026-10-09T11:16:52.946041	sess_bd1f306875284d4e983a6c94c1af0aaf	watch_01	00:07	00:07	mqtt:00:07		-1	-1
2026-10-09T11:16:53.175536	sess_2458ab402c374e2396262f481d9eabe0	watch_01	00:07	00:07	mqtt:00:07		-1	-1
2026-10-09T11:16:53.439311	sess_0a4044f12ab34eafbd418725dfe12e7a	watch_01	00:07	00:07	mqtt:00:07		-1	-1
2026-10-09T11:16:53.730016	sess_a8f1a6391abd4eb899023120498f06e8	watch_01	00:07	00:07	mqtt:00:07		-1	-1
2026-10-09T11:16:53.926276	sess_ba5e0864d38545a68dec668eab1194c7	watch_01	00:07	00:07	mqtt:00:07		-1	-1
2026-10-09T11:16:54.413041	sess_f603d5e6cbe34866ad4d43a58f62f9cc	watch_01	00:07	00:07	mqtt:00:07		-1	-1
2026-10-09T11:16:54.729316	sess_45f308ad9cf84c468f2117ddeac8beb8	watch_01	00:07	00:07	mqtt:00:07		-1	-1
2026-10-09T11:16:55.190615	sess_a860de69c10f46df96d4c2004ca68af1	watch_01	00:07	00:07	mqtt:00:07		-1	-1
2026-10-09T11:16:55.667136	sess_cea6256620c148299d7906d5598c66d3	watch_01	00:07	00:07	mqtt:00:07		-1	-1
2026-10-09T11:16:55.901274	sess_090dced85b0549f48de6bcd2be6bab43	watch_01	00:07	00:07	mqtt:00:07		-1	-1
2026-10-09T11:16:56.367393	sess_7b137313962a4b63801b28f412ea7e7f	watch_01	00:07	00:07	mqtt:00:07		-1	-1
2026-10-09T11:16:56.752385	sess_a1b8065edadc4c10b04cdab1ec270de1	watch_01	00:07	00:07	mqtt:00:07		-1	-1
2026-10-09T11:16:57.039094	sess_b8c2e83c3482490fa7b0a3d87e7cccc2	watch_01	00:07	00:07	mqtt:00:07		-1	-1
2026-10-09T11:16:57.516499	sess_c47c690543584c208718cd898a2fc122	watch_01	00:07	00:07	mqtt:00:07		-1	-1
2026-10-09T11:16:57.788775	sess_1e253957389c4bc0814cacd1904b2617	watch_01	00:07	00:07	mqtt:00:07		-1	-1
2026-10-09T11:16:58.066486	sess_e6226c304d8f49e6b11210fe877a3499	watch_01	00:07	00:07	mqtt:00:07		-1	-1
2026-10-09T11:16:58.362054	sess_6c1004c0a2e645cc8d5d82995201b2d0	watch_01	00:07	00:07	mqtt:00:07		-1	-1
2026-10-09T11:16:59.029710	sess_7d7268ab873d4d50ba3d159b7eb52435	watch_01	00:07	00:07	mqtt:00:07		-1	-1
2026-10-09T11:16:59.476200	sess_ded1acee99d9463ba1aac5ed3b5366f1	watch_01	00:07	00:07	mqtt:00:07		-1	-1
2026-10-09T11:16:59.870381	sess_06bdfd94d67f456895ab578d7faa9c02	watch_01	00:07	00:07	mqtt:00:07		-1	-1
2026-10-09T11:17:00.303606	sess_084819f7af78492baffc770f8c610ab7	watch_01	00:07	00:07	mqtt:00:07		-1	-1
2026-10-09T11:17:00.809614	sess_4dddfb87638247d18efc803a5961b500	watch_01	00:07	00:07	mqtt:00:07		-1	-1
2026-10-09T11:17:01.063485	sess_bc82366e1717465792475cdd4b2bad12	watch_01	00:07	00:07	mqtt:00:07		-1	-1
2026-10-09T11:17:01.461746	sess_d7ebe15c4c6643f19f56b30333a7cd51	watch_01	00:07	00:07	mqtt:00:07		-1	-1
2026-10-09T11:17:02.057054	sess_b692e491d69a44f2991bb7197dfcd013	watch_01	00:07	00:07	mqtt:00:07		-1	-1
2026-10-09T11:17:02.429125	sess_0828c5d879b24b408214ad82ec6972aa	watch_01	00:07	00:07	mqtt:00:07		-1	-1
2026-10-09T11:17:02.827287	sess_5abcc5fcb2a04644b047ae270d1671a2	watch_01	00:07	00:07	mqtt:00:07		-1	-1
2026-10-09T11:17:03.285685	sess_ccb43ae289ce4acbb7f532eed2414368	watch_01	00:07	00:07	mqtt:00:07		-1	-1
2026-10-09T11:17:03.748551	sess_045b5c00ae794768a7ef862780de69f8	watch_01	00:07	00:07	mqtt:00:07		-1	-1
2026-10-09T11:17:04.545426	sess_ef4b911f80bc4c6389c86c987da2fe34	watch_01	00:07	00:07	mqtt:00:07		-1	-1
2026-10-09T11:17:05.086642	sess_9ae91759345e4d33aa8932f16cc7f54a	watch_01	00:07	00:07	mqtt:00:07		-1	-1
2026-10-09T11:17:05.532060	sess_61107f17899145b0965b93fb80b3108e	watch_01	00:07	00:07	mqtt:00:07		-1	-1
2026-10-09T11:17:05.929007	sess_0b71f00642ab4e7b990d49a1b45ce396	watch_01	00:07	00:07	mqtt:00:07		-1	-1
2026-10-09T11:17:06.408056	sess_91df14756ff843c085cb1371684a619e	watch_01	00:07	00:07	mqtt:00:07		-1	-1
2026-10-09T11:17:06.798532	sess_62dfdd1107af490a8476624b6282ac10	watch_01	00:07	00:07	mqtt:00:07		-1	-1
2026-10-09T11:17:07.045832	sess_ea8d1210c03c4a0e8991f063b4938bda	watch_01	00:07	00:07	mqtt:00:07		-1	-1
2026-10-09T11:17:07.359090	sess_efe0796fa0de4046b690529357dc572f	watch_01	00:07	00:07	mqtt:00:07		-1	-1
2026-10-09T11:17:07.881791	sess_fa61bf4628be449d96bbb09c8e9fbe34	watch_01	00:07	00:07	mqtt:00:07		-1	-1
2026-10-09T11:17:08.495076	sess_b311df6444f542d29829a2a19103f8ea	watch_01	00:07	00:07	mqtt:00:07		-1	-1
2026-10-09T11:17:09.315605	sess_79408200ec3b478ab9e6fe86198c9009	watch_01	00:07	00:07	mqtt:00:07		-1	-1
2026-10-09T11:17:09.774258	sess_fd3acb671dbd47598c16c1e7d61c7bc4	watch_01	00:07	00:07	mqtt:00:07		-1	-1
2026-10-09T11:17:10.047301	sess_be98f58f12be4a37a0c07ec32b0af091	watch_01	00:07	00:07	mqtt:00:07		-1	-1
2026-10-09T11:17:10.456955	sess_d113124b8c3d4f2995bfc1d9840fc1c0	watch_01	00:07	00:07	mqtt:00:07		-1	-1
2026-10-09T11:17:10.856510	sess_caa5550f987a4ef689b7f7356c7330b7	watch_01	00:07	00:07	mqtt:00:07		-1	-1
2026-10-09T11:17:11.110422	sess_84019b695bce4d39a16da0bd989e2c96	watch_01	00:07	00:07	mqtt:00:07		-1	-1
2026-10-09T11:17:11.520871	sess_6bc2373135554fbfa7d42f4de9421429	watch_01	00:07	00:07	mqtt:00:07		-1	-1
2026-10-09T11:17:11.869137	sess_b181b516855946258cf3035872e7692a	watch_01	00:07	00:07	mqtt:00:07		-1	-1
2026-10-09T11:17:12.131930	sess_185bf3a389314578a4da1f7a12569c4a	watch_01	00:07	00:07	mqtt:00:07		-1	-1
2026-10-09T11:17:12.415648	sess_e0441de019904acdab6cc2655999d61c	watch_01	00:07	00:07	mqtt:00:07		-1	-1
2026-10-09T11:17:12.659644	sess_df8244a3f8e24c87a1f9aa51cbc0f725	watch_01	00:07	00:07	mqtt:00:07		-1	-1
2026-10-09T11:17:13.141951	sess_7f3315a69fa3443baf77c8a4e43dd0e7	watch_01	00:07	00:07	mqtt:00:07		-1	-1
2026-10-09T11:17:13.435666	sess_71e772cd03424408a325c34995d18f28	watch_01	00:07	00:07	mqtt:00:07		-1	-1
2026-10-09T11:17:13.696757	sess_0e57e3ded0914bda8062dfc0f22f2634	watch_01	00:07	00:07	mqtt:00:07		-1	-1
2026-10-09T11:17:14.017447	sess_b1547c32471f41189c93e8a2424763c8	watch_01	00:07	00:07	mqtt:00:07		-1	-1
2026-10-09T11:17:14.444940	sess_eedfa3c219da4c8cb8df19d7f89e28f8	watch_01	00:07	00:07	mqtt:00:07		-1	-1
2026-10-09T11:17:15.037906	sess_81bdad168e5647dc89d03e8a4025b924	watch_01	00:07	00:07	mqtt:00:07		-1	-1
2026-10-09T11:17:15.555515	sess_50ccccc2e778466194262473d60297d2	watch_01	00:07	00:07	mqtt:00:07		-1	-1
2026-10-09T11:17:16.026004	sess_267021f16a4242f890e0154aa898f07a	watch_01	00:07	00:07	mqtt:00:07		-1	-1
2026-10-09T11:17:16.504663	sess_3f960081411f4e478b10418f11543b08	watch_01	00:07	00:07	mqtt:00:07		-1	-1
2026-10-09T11:17:17.047725	sess_e249fe959bb041f7897c9431da850ce9	watch_01	00:07	00:07	mqtt:00:07		-1	-1
2026-10-09T11:17:17.550652	sess_20af7460f55e42608e21944484c2987c	watch_01	00:07	00:07	mqtt:00:07		-1	-1
2026-10-09T11:17:17.766527	sess_5d4481e261084e9e87f93fedc3f5dcc3	watch_01	00:07	00:07	mqtt:00:07		-1	-1
2026-10-09T11:17:18.197760	sess_8184f5f2f3cb44aab6a0ae6135e734d4	watch_01	00:07	00:07	mqtt:00:07		-1	-1
2026-10-09T11:17:18.543778	sess_f54c6e12ce56466fbb33b52b635c0e1c	watch_01	00:07	00:07	mqtt:00:07		-1	-1
2026-10-09T11:17:18.849972	sess_1675024a67274ea49943f98e7eeca676	watch_01	00:07	00:07	mqtt:00:07		-1	-1
2026-10-09T11:17:19.262899	sess_da9f43869bf64caba93bfdcc52e3a006	watch_01	00:07	00:07	mqtt:00:07		-1	-1
2026-10-09T11:17:19.493225	sess_97420ed9ad3b4dc69bdaff022b0ac857	watch_01	00:07	00:07	mqtt:00:07		-1	-1
2026-10-09T11:17:19.779628	sess_7a66322fb5a74854a99c97edccb8b9f8	watch_01	00:07	00:07	mqtt:00:07		-1	-1
2026-10-09T11:17:20.034221	sess_b34bc22fb8904198adc3dc09c9f734d5	watch_01	00:07	00:07	mqtt:00:07		-1	-1
2026-10-09T11:17:20.319218	sess_f35b52047c6c4ef6b1f9c8e5e3a0f5a6	watch_01	00:07	00:07	mqtt:00:07		-1	-1
2026-10-09T11:17:20.804922	sess_dc1257dfb1d54397b1fa6eb0da47d30b	watch_01	00:07	00:07	mqtt:00:07		-1	-1
2026-10-09T11:17:21.068417	sess_99afc17b10a14b9f99ba8aa160d75c46	watch_01	00:07	00:07	mqtt:00:07		-1	-1
2026-10-09T11:17:21.364086	sess_ea9857b6e4f34734b6cf9d12833f2f46	watch_01	00:07	00:07	mqtt:00:07		-1	-1
2026-10-09T11:17:21.650196	sess_41548f5839604d998a1dbde2d954ee5a	watch_01	00:07	00:07	mqtt:00:07		-1	-1
2026-10-09T11:17:22.185321	sess_7f9271a40eb34d8687b7c23f9ef8af2d	watch_01	00:07	00:07	mqtt:00:07		-1	-1
2026-10-09T11:17:22.629972	sess_349a943e9d624d4280005999fbb3c7e7	watch_01	00:07	00:07	mqtt:00:07		-1	-1
2026-10-09T11:17:22.895793	sess_65525b376e334cf9ba07d7f4603a1074	watch_01	00:07	00:07	mqtt:00:07		-1	-1
2026-10-09T11:17:23.256793	sess_042114d314914a4ca008fd251e43b1bc	watch_01	00:07	00:07	mqtt:00:07		-1	-1
2026-10-09T11:17:23.459465	sess_bb8d9f9733ba469695d3d931a8b3ae46	watch_01	00:07	00:07	mqtt:00:07		-1	-1
2026-10-09T11:17:23.892411	sess_f540a8e6171745aaab83383e4920a21d	watch_01	00:07	00:07	mqtt:00:07		-1	-1
2026-10-09T11:17:24.150917	sess_6b8a838d010f45e085e77e6a75feac44	watch_01	00:07	00:07	mqtt:00:07		-1	-1
2026-10-09T11:17:24.452180	sess_c19ae2ab77c9495ea9f6896b8c7c9272	watch_01	00:07	00:07	mqtt:00:07		-1	-1
2026-10-09T11:17:24.704076	sess_78aa726b8d6949f2b7dc12321da3f95f	watch_01	00:07	00:07	mqtt:00:07		-1	-1
2026-10-09T11:17:24.936021	sess_893e189b28d246a59bde1022dfd67d92	watch_01	00:07	00:07	mqtt:00:07		-1	-1
2026-10-09T11:17:25.208233	sess_786454de80004ce185fdb657738cead9	watch_01	00:07	00:07	mqtt:00:07		-1	-1
2026-10-09T11:17:25.867625	sess_2b0fd28411644096b8a026f17faa307c	watch_01	00:07	00:07	mqtt:00:07		-1	-1
2026-10-09T11:17:26.079151	sess_287c6219d3a046c783df6d047fb28c6f	watch_01	00:07	00:07	mqtt:00:07		-1	-1
2026-10-09T11:17:26.462032	sess_d4885ac653c44043a4aaa49d94dbe40b	watch_01	00:07	00:07	mqtt:00:07		-1	-1
2026-10-09T11:17:26.673175	sess_c5bf1ce492fe4098ba795a9df29715d3	watch_01	00:07	00:07	mqtt:00:07		-1	-1
2026-10-09T11:17:27.003529	sess_8f590382c4cb4e6bb179ced64f5b48a1	watch_01	00:07	00:07	mqtt:00:07		-1	-1
2026-10-09T11:17:27.519865	sess_3c0cd2ac1baf485abfcc358dab9083dc	watch_01	00:07	00:07	mqtt:00:07		-1	-1
2026-10-09T11:17:27.766656	sess_2166238505514790b1b7e88bc1e30472	watch_01	00:07	00:07	mqtt:00:07		-1	-1
2026-10-09T11:17:27.995163	sess_fa21f2a891db44b8b8bc45e5245c7add	watch_01	00:07	00:07	mqtt:00:07		-1	-1
2026-10-09T11:17:28.738511	sess_ba33ea7cac324e679c4612a29295c030	watch_01	00:07	00:07	mqtt:00:07		-1	-1
2026-10-09T11:17:28.917658	sess_b5b70ca7c29f4ac6a61a15d1f2eee37a	watch_01	00:07	00:07	mqtt:00:07		-1	-1
2026-10-09T11:17:29.272592	sess_21bae5f13fac47c48b2190e65d3c6c65	watch_01	00:07	00:07	mqtt:00:07		-1	-1
2026-10-09T11:17:29.684062	sess_cfe06ffaf52d4ff18c8536e56c5febba	watch_01	00:07	00:07	mqtt:00:07		-1	-1
2026-10-09T11:17:30.040608	sess_c5e7933a1e8a48c5b9239320ee0dae81	watch_01	00:07	00:07	mqtt:00:07		-1	-1
2026-10-09T11:17:30.417494	sess_8d0b650e165e4fd6a33bdde6264ab64c	watch_01	00:07	00:07	mqtt:00:07		-1	-1
2026-10-09T11:17:30.857902	sess_b0d589282e7b49b69a71fb71a3832301	watch_01	00:07	00:07	mqtt:00:07		-1	-1
2026-10-09T11:17:31.532408	sess_709bd7c7b4fe4b22aa76aa5017953685	watch_01	00:07	00:07	mqtt:00:07		-1	-1
2026-10-09T11:17:31.833327	sess_9b9590dcdfbe47e4b0ec8c6de0a072df	watch_01	00:07	00:07	mqtt:00:07		-1	-1
2026-10-09T11:17:32.255196	sess_218cfaba872240c99b361695aa5246ab	watch_01	00:07	00:07	mqtt:00:07		-1	-1
2026-10-09T11:17:32.613372	sess_60346291066a4f2d9a4e57dacde62986	watch_01	00:07	00:07	mqtt:00:07		-1	-1
2026-10-09T11:17:32.905514	sess_bc70bc08371544a99eddc7d8f5743974	watch_01	00:07	00:07	mqtt:00:07		-1	-1
2026-10-09T11:17:33.592251	sess_ca37af21e5cb44b498f33375d08c0a7f	watch_01	00:07	00:07	mqtt:00:07		-1	-1
2026-10-09T11:17:34.056487	sess_cefd92c096a44d15bd9a7320c2a3bc03	watch_01	00:07	00:07	mqtt:00:07		-1	-1
2026-10-09T11:17:34.422876	sess_522f41cbbce7479c970d933330eba2f0	watch_01	00:07	00:07	mqtt:00:07		-1	-1
2026-10-09T11:17:34.745777	sess_21f45446150a40a88f4bfa7bf1e38e94	watch_01	00:07	00:07	mqtt:00:07		-1	-1
2026-10-09T11:17:35.260848	sess_e51376411ead43d993a5892f2d9e3d1e	watch_01	00:07	00:07	mqtt:00:07		-1	-1
2026-10-09T11:17:36.096024	sess_f21b79e3beb74e8984b4188f2d2d4dd6	watch_01	00:07	00:07	mqtt:00:07		-1	-1
2026-10-09T11:17:36.446430	sess_5d9ba194630246b3b0bb0089268f2d7c	watch_01	00:07	00:07	mqtt:00:07		-1	-1
2026-10-09T11:17:36.668493	sess_71f207c3655c40dc846421ddf71edc12	watch_01	00:07	00:07	mqtt:00:07		-1	-1
2026-10-09T11:17:37.018606	sess_b98dc1f8cccc41679f2da1dd011c0b30	watch_01	00:07	00:07	mqtt:00:07		-1	-1
2026-10-09T11:17:37.457257	sess_2efb2086bd29471fb0cfb58f2ba23d0e	watch_01	00:07	00:07	mqtt:00:07		-1	-1
2026-10-09T11:17:37.756798	sess_34715e0e666041eab1378c354138ff80	watch_01	00:07	00:07	mqtt:00:07		-1	-1
2026-10-09T11:17:38.567778	sess_a93b1b768f1c461ea89561da15d7bd82	watch_01	00:07	00:07	mqtt:00:07		-1	-1
2026-10-09T11:17:39.253975	sess_86c01767b5a94ce681bdc639bac197f1	watch_01	00:07	00:07	mqtt:00:07		-1	-1
2026-10-09T11:17:39.522795	sess_8be1a2ed67c14d2e8b3dfca9691b9000	watch_01	00:07	00:07	mqtt:00:07		-1	-1
2026-10-09T11:17:39.817267	sess_0e1fd5aabffb419692da0e216fd22c0e	watch_01	00:07	00:07	mqtt:00:07		-1	-1
2026-10-09T11:17:40.042298	sess_ba89f97d25d64069b44bac99b4786518	watch_01	00:07	00:07	mqtt:00:07		-1	-1
2026-10-09T11:17:40.624483	sess_ea0dc190571a4cee859220b85f0f977a	watch_01	00:07	00:07	mqtt:00:07		-1	-1
2026-10-09T11:17:41.137425	sess_03575bb2f81a44789b37a7c170a71753	watch_01	00:07	00:07	mqtt:00:07		-1	-1
2026-10-09T11:17:41.561717	sess_28647e0d6eb14988b2ec8ed2d641aa52	watch_01	00:07	00:07	mqtt:00:07		-1	-1
2026-10-09T11:17:42.040194	sess_b3079cf5e7ba4ed894444ac4cb6225a2	watch_01	00:07	00:07	mqtt:00:07		-1	-1
2026-10-09T11:17:42.381156	sess_dba294297a4a4a8cab3f44d0237f90dd	watch_01	00:07	00:07	mqtt:00:07		-1	-1
2026-10-09T11:17:42.590617	sess_01b0d817aab04046a9cf3f9fc4f8bf6f	watch_01	00:07	00:07	mqtt:00:07		-1	-1
2026-10-09T11:17:42.824526	sess_95e82f79a2544523b3d109e1d5930608	watch_01	00:07	00:07	mqtt:00:07		-1	-1
2026-10-09T11:17:43.180719	sess_f92113e5bec546c9b2939cfcbf0f5a9b	watch_01	00:07	00:07	mqtt:00:07		-1	-1
2026-10-09T11:17:43.482880	sess_664d1099b5654463905817a6e9866b67	watch_01	00:07	00:07	mqtt:00:07		-1	-1
2026-10-09T11:17:43.950507	sess_b0d3b5db9fd643329cfb65a0c8369aa2	watch_01	00:07	00:07	mqtt:00:07		-1	-1
2026-10-09T11:17:44.690416	sess_a753c028d77240d1b9543eeabb1eb28b	watch_01	00:07	00:07	mqtt:00:07		-1	-1
2026-10-09T11:17:44.928997	sess_45ce89847304487ca5fce3a07799d4bf	watch_01	00:07	00:07	mqtt:00:07		-1	-1
2026-10-09T11:17:45.150904	sess_df77616239b94a8cb1480271d322d183	watch_01	00:07	00:07	mqtt:00:07		-1	-1
2026-10-09T11:17:45.379336	sess_fd9ca806ba7e4bb19720e6a2568021af	watch_01	00:07	00:07	mqtt:00:07		-1	-1
2026-10-09T11:17:45.688265	sess_a478bb455e0a4a2d9a7f3db38aa9fba6	watch_01	00:07	00:07	mqtt:00:07		-1	-1
2026-10-09T11:17:46.110548	sess_2a457548c92b4845930712dc13148e75	watch_01	00:07	00:07	mqtt:00:07		-1	-1
2026-10-09T11:17:46.404267	sess_8ee2f2544f7446e08ced14a53ad2a679	watch_01	00:07	00:07	mqtt:00:07		-1	-1
2026-10-09T11:17:46.648660	sess_879a8f61d721464aac194de010ff5f49	watch_01	00:07	00:07	mqtt:00:07		-1	-1
2026-10-09T11:17:46.971158	sess_210809a6fbd4417aa633350a3f725c4f	watch_01	00:07	00:07	mqtt:00:07		-1	-1
2026-10-09T11:17:47.213933	sess_c985939c756b412c9f2ed474486b8da3	watch_01	00:07	00:07	mqtt:00:07		-1	-1
2026-10-09T11:17:47.621429	sess_84e7f88de57942488ceb1504f11fbf4c	watch_01	00:07	00:07	mqtt:00:07		-1	-1
2026-10-09T11:17:47.941825	sess_ffd7208f48854b8ebe49e4a77fbf1523	watch_01	00:07	00:07	mqtt:00:07		-1	-1
2026-10-09T11:17:48.177211	sess_3d0b7372a71048f884c40cb83395558d	watch_01	00:07	00:07	mqtt:00:07		-1	-1
2026-10-09T11:17:48.441935	sess_414e39e8c80c41f6ae4f62028e0f4afc	watch_01	00:07	00:07	mqtt:00:07		-1	-1
2026-10-09T11:17:48.963222	sess_201d5a2f4d6a44648940e3bad670a3da	watch_01	00:07	00:07	mqtt:00:07		-1	-1
2026-10-09T11:17:49.161868	sess_e468af35613849c3b84610faab45b347	watch_01	00:07	00:07	mqtt:00:07		-1	-1
2026-10-09T11:17:49.424519	sess_85e96bd213554ed2b876b2dd8a421ddd	watch_01	00:07	00:07	mqtt:00:07		-1	-1
2026-10-09T11:17:49.741850	sess_27d5619495854dcd9c17d13d18be2b13	watch_01	00:07	00:07	mqtt:00:07		-1	-1
2026-10-09T11:17:50.120579	sess_71f1dfdfd15a4e7f9b5b6da237273cb8	watch_01	00:07	00:07	mqtt:00:07		-1	-1
2026-10-09T11:17:50.556211	sess_7e8adea80df94c5f9b09e90f976d1b0e	watch_01	00:07	00:07	mqtt:00:07		-1	-1
2026-10-09T11:17:51.240372	sess_75571407b0df4017b42070b02203139e	watch_01	00:07	00:07	mqtt:00:07		-1	-1
2026-10-09T11:17:51.561168	sess_e3c2b2e76e524de491044f640b753488	watch_01	00:07	00:07	mqtt:00:07		-1	-1
2026-10-09T11:17:51.798484	sess_4dc52768ff9b4727957ef315e4d5f0f7	watch_01	00:07	00:07	mqtt:00:07		-1	-1
2026-10-09T11:17:52.114119	sess_b6e9f64a15c34d4e8a93ad93741104e8	watch_01	00:07	00:07	mqtt:00:07		-1	-1
2026-10-09T11:17:52.789438	sess_8c41a8fbd87346c4a604e7f3e9ba4e33	watch_01	00:07	00:07	mqtt:00:07		-1	-1
2026-10-09T11:17:53.079440	sess_06d420e6d24540c78b2dc1761dfc9b62	watch_01	00:07	00:07	mqtt:00:07		-1	-1
2026-10-09T11:17:53.323539	sess_18bf8d4a26124754ae5046275b92872f	watch_01	00:07	00:07	mqtt:00:07		-1	-1
2026-10-09T11:17:53.616015	sess_b6b3c82366534fb0b491424da1f8f64d	watch_01	00:07	00:07	mqtt:00:07		-1	-1
2026-10-09T11:17:54.089159	sess_78ca5e50053c472f923aee61825cfe64	watch_01	00:07	00:07	mqtt:00:07		-1	-1
2026-10-09T11:17:54.381355	sess_293385331f394ee6b9d2bebed386b23e	watch_01	00:07	00:07	mqtt:00:07		-1	-1
2026-10-09T11:17:54.938907	sess_40245bbb849241e189293bd3a78e80f7	watch_01	00:07	00:07	mqtt:00:07		-1	-1
2026-10-09T11:17:55.379982	sess_0bb956b4cf5844c0b472bad437faba36	watch_01	00:07	00:07	mqtt:00:07		-1	-1
2026-10-09T11:17:55.657398	sess_27425a555e9d432086c277c23c424be4	watch_01	00:07	00:07	mqtt:00:07		-1	-1
2026-10-09T11:17:55.891131	sess_01faa5da37da45a99a9b8fdfb96b7990	watch_01	00:07	00:07	mqtt:00:07		-1	-1
2026-10-09T11:17:56.179768	sess_bf10aae8e4ea4ddcbd40f665ccfa8511	watch_01	00:07	00:07	mqtt:00:07		-1	-1
2026-10-09T11:17:56.408234	sess_10a011103552492a8ca2e304d71dcb48	watch_01	00:07	00:07	mqtt:00:07		-1	-1
2026-10-09T11:17:56.817785	sess_92d95007f50f44daa87c369bdb2acb80	watch_01	00:07	00:07	mqtt:00:07		-1	-1
2026-10-09T11:17:57.172330	sess_35d376fc6247434f8bda8ddf590709ee	watch_01	00:07	00:07	mqtt:00:07		-1	-1
2026-10-09T11:17:57.520425	sess_a68d612dc63149c281b541e320ed0618	watch_01	00:07	00:07	mqtt:00:07		-1	-1
2026-10-09T11:17:58.116343	sess_dfb5f08ecfbc4130a914b457bfd09d04	watch_01	00:07	00:07	mqtt:00:07		-1	-1
2026-10-09T11:17:58.612698	sess_3db7897d6a7545cd8bc05ac55f1836dc	watch_01	00:07	00:07	mqtt:00:07		-1	-1
2026-10-09T11:17:58.899188	sess_3322d9446ee546f9a963bf8ffd9b02e3	watch_01	00:07	00:07	mqtt:00:07		-1	-1
2026-10-09T11:17:59.178515	sess_7a90f19aa2d445eb8f632f3492ca9e9c	watch_01	00:07	00:07	mqtt:00:07		-1	-1
2026-10-09T11:17:59.467920	sess_0701fbfcb12c4c7a8dd28ae56de93ae1	watch_01	00:07	00:07	mqtt:00:07		-1	-1
2026-10-09T11:17:59.690621	sess_a41ae706a57f4d5cab9099adc354c93e	watch_01	00:07	00:07	mqtt:00:07		-1	-1
2026-10-09T11:18:00.009077	sess_ee27d623ac8644aaa9440d4ff16cc483	watch_01	00:07	00:07	mqtt:00:07		-1	-1
2026-10-09T11:18:00.285406	sess_b7ecacb103fc4fad94aa97ecda3cd645	watch_01	00:07	00:07	mqtt:00:07		-1	-1
2026-10-09T11:18:00.675669	sess_23da0e4247df4054af8be742beebf30d	watch_01	00:07	00:07	mqtt:00:07		-1	-1
2026-10-09T11:18:00.993874	sess_16027c99c3c046f4ac7eb6324766b7ef	watch_01	00:07	00:07	mqtt:00:07		-1	-1
2026-10-09T11:18:01.291211	sess_9286cf43cbd745a299852df254505cf7	watch_01	00:07	00:07	mqtt:00:07		-1	-1
2026-10-09T11:18:01.522400	sess_fb779cb91213419889ced6588fcc9f05	watch_01	00:07	00:07	mqtt:00:07		-1	-1
2026-10-09T11:18:01.822580	sess_812aa46d94274a80bac3044fda9cc59f	watch_01	00:07	00:07	mqtt:00:07		-1	-1
2026-10-09T11:18:02.094830	sess_3ef5296fb51b42e88494bd2e977aa02e	watch_01	00:07	00:07	mqtt:00:07		-1	-1
2026-10-09T11:18:02.285680	sess_a57778845f574d758c82263e074b8044	watch_01	00:07	00:07	mqtt:00:07		-1	-1
2026-10-09T11:18:02.574979	sess_a024a18977294540ae481f7addd6b080	watch_01	00:07	00:07	mqtt:00:07		-1	-1
2026-10-09T11:18:02.834383	sess_3e473e3b11954e8dbe8bacfbae6418ce	watch_01	00:07	00:07	mqtt:00:07		-1	-1
2026-10-09T11:18:03.154907	sess_7ab775eff1654c128cceb302ad6b2f3e	watch_01	00:07	00:07	mqtt:00:07		-1	-1
2026-10-09T11:18:03.627364	sess_22ebf5ae5a4241a39f9489ed6e522491	watch_01	00:07	00:07	mqtt:00:07		-1	-1
2026-10-09T11:18:03.862431	sess_4dbb8a7e9f62490eb077e81b9ecefcac	watch_01	00:07	00:07	mqtt:00:07		-1	-1
2026-10-09T11:18:04.365474	sess_5632d2c9a78d4d4181299fe62a9ee651	watch_01	00:07	00:07	mqtt:00:07		-1	-1
2026-10-09T11:18:05.078747	sess_3118990b84b14eab94032338ee070927	watch_01	00:07	00:07	mqtt:00:07		-1	-1
2026-10-09T11:18:05.301437	sess_94ed27ef064547e88ea3fa8c3013f213	watch_01	00:07	00:07	mqtt:00:07		-1	-1
2026-10-09T11:18:05.615061	sess_0decbd83e5b74c00a0f4983acac8670d	watch_01	00:07	00:07	mqtt:00:07		-1	-1
2026-10-09T11:18:05.890719	sess_80c9a073f7c84ded84faa108a46cc0c4	watch_01	00:07	00:07	mqtt:00:07		-1	-1
2026-10-09T11:18:06.202354	sess_e229f69ed1314ae58ccc67c27a1bd5ca	watch_01	00:07	00:07	mqtt:00:07		-1	-1
2026-10-09T11:18:06.646211	sess_2f3360d195f34eaba3d8195a9f8d1f93	watch_01	00:07	00:07	mqtt:00:07		-1	-1
2026-10-09T11:18:06.915640	sess_d8f374bdc5d143d2aef1786c421904db	watch_01	00:07	00:07	mqtt:00:07		-1	-1
2026-10-09T11:18:07.226938	sess_47229c2a4f1047b885dfff7c6e5f8efc	watch_01	00:07	00:07	mqtt:00:07		-1	-1
2026-10-09T11:18:07.471496	sess_68cc4f9ec52d41f282c63c7553e6ca78	watch_01	00:07	00:07	mqtt:00:07		-1	-1
2026-10-09T11:18:07.969980	sess_59da8285debb46c6b7bee509241a5b12	watch_01	00:07	00:07	mqtt:00:07		-1	-1
2026-10-09T11:18:08.167803	sess_3861e5a5dbe44de3a5aa3ca7e1743ee4	watch_01	00:07	00:07	mqtt:00:07		-1	-1
2026-10-09T11:18:08.446508	sess_b105385db2104ebabb2048e0b749a38a	watch_01	00:07	00:07	mqtt:00:07		-1	-1
2026-10-09T11:18:08.676783	sess_e62229a3f4a4412e9ca0425e7ca8ed90	watch_01	00:07	00:07	mqtt:00:07		-1	-1
2026-10-09T11:18:09.057293	sess_8284341cc6ae44e78897efc76898f060	watch_01	00:07	00:07	mqtt:00:07		-1	-1
2026-10-09T11:18:09.511082	sess_3e753767a9b94400a6c39e5d9f5375dd	watch_01	00:07	00:07	mqtt:00:07		-1	-1
2026-10-09T11:18:09.796865	sess_acc3686d230d4682bdc0423ce8aab4fa	watch_01	00:07	00:07	mqtt:00:07		-1	-1
2026-10-09T11:18:10.247634	sess_b7552d90037848e6921b974722fa5985	watch_01	00:07	00:07	mqtt:00:07		-1	-1
2026-10-09T11:18:10.479949	sess_20b2e84fb03e423aadea819cd8b986f8	watch_01	00:07	00:07	mqtt:00:07		-1	-1
2026-10-09T11:18:10.747898	sess_d53ae79495dc4d2eb110b7a39751725b	watch_01	00:07	00:07	mqtt:00:07		-1	-1
2026-10-09T11:18:11.028437	sess_cf50df15155142d185b264d38bebc1eb	watch_01	00:07	00:07	mqtt:00:07		-1	-1
2026-10-09T11:19:33.919042	sess_d98441099eb74f4baf45b8925c347cdd	watch_01	00:07	00:07	mqtt:00:07		-1	-1
2026-10-09T11:19:34.202367	sess_82e458edc2fb4d4a8a22a52d4875c889	watch_01	00:07	00:07	mqtt:00:07		-1	-1
2026-10-09T11:19:34.495884	sess_7efefb44f0334661a5fef3ddb1c1cea8	watch_01	00:07	00:07	mqtt:00:07		-1	-1
2026-10-09T11:19:34.996529	sess_da0bd921c9bb400fb78fe36e141c5dd3	watch_01	00:07	00:07	mqtt:00:07		-1	-1
2026-10-09T11:19:35.242871	sess_c7ce0e12fb5c4128bc287b0dd082df28	watch_01	00:07	00:07	mqtt:00:07		-1	-1
2026-10-09T11:19:35.465918	sess_14a1adf11a784e229ae49c5856306ff0	watch_01	00:07	00:07	mqtt:00:07		-1	-1
2026-10-09T11:19:35.726467	sess_6035d46f29314865b4cabbac3481896b	watch_01	00:07	00:07	mqtt:00:07		-1	-1
2026-10-09T11:19:35.970322	sess_41026a9bf6c14c51a0fcd8fbab5ec4ff	watch_01	00:07	00:07	mqtt:00:07		-1	-1
2026-10-09T11:19:36.276655	sess_462af77ec17645ca8de76e0ce67b95d0	watch_01	00:07	00:07	mqtt:00:07		-1	-1
2026-10-09T11:19:36.614454	sess_5364a26727ee42dfb86fbedb98338003	watch_01	00:07	00:07	mqtt:00:07		-1	-1
2026-10-09T11:19:37.084983	sess_c936bc6df6234818be1462bd45264088	watch_01	00:07	00:07	mqtt:00:07		-1	-1
2026-10-09T11:19:37.386519	sess_a87d31d844394daba93793685738299b	watch_01	00:07	00:07	mqtt:00:07		-1	-1
2026-10-09T11:19:38.001749	sess_e28b2b2415c247e69d69e5c504b08498	watch_01	00:07	00:07	mqtt:00:07		-1	-1
2026-10-09T11:19:38.326000	sess_4f9319974f9046fc90e7a1a0c11bf87e	watch_01	00:07	00:07	mqtt:00:07		-1	-1
2026-10-09T11:19:38.979102	sess_1463019f42e44b85a8c6c765cd32ea85	watch_01	00:07	00:07	mqtt:00:07		-1	-1
2026-10-09T11:19:39.328573	sess_5f0bd9a9294741ad93cebc1a699ee2f3	watch_01	00:07	00:07	mqtt:00:07		-1	-1
2026-10-09T11:19:39.614068	sess_ecd3ea4e7ea443019fba1e599cff1d7c	watch_01	00:07	00:07	mqtt:00:07		-1	-1
2026-10-09T11:19:39.861092	sess_6c10e286bf394ecf858fecc5d00a3174	watch_01	00:07	00:07	mqtt:00:07		-1	-1
2026-10-09T11:19:40.070509	sess_1f6400affdad40e588236a6571911c46	watch_01	00:07	00:07	mqtt:00:07		-1	-1
2026-10-09T11:19:40.355078	sess_5e9419b1a1b7487e90f80f2e0547c0db	watch_01	00:07	00:07	mqtt:00:07		-1	-1
2026-10-09T11:19:40.687843	sess_2f6456d1af3d49ae9a5a4a48bfa23e47	watch_01	00:07	00:07	mqtt:00:07		-1	-1
2026-10-09T11:19:41.054925	sess_b299c723b4704dfab5f3f53809e998ed	watch_01	00:07	00:07	mqtt:00:07		-1	-1
2026-10-09T11:19:41.395043	sess_ccf63ac8107c4f1caefefaa0f497c472	watch_01	00:07	00:07	mqtt:00:07		-1	-1
2026-10-09T11:19:41.743131	sess_0707f47a55da4a7fb5a6e207fb098355	watch_01	00:07	00:07	mqtt:00:07		-1	-1
2026-10-09T11:19:42.134705	sess_609d7a51ec2f489da52e8bdf4ff8d96c	watch_01	00:07	00:07	mqtt:00:07		-1	-1
2026-10-09T11:19:42.432155	sess_6b6618b04aca45a68fb6bb34746bb10e	watch_01	00:07	00:07	mqtt:00:07		-1	-1
2026-10-09T11:19:42.697513	sess_0025d7db21a64b689f925417f50d1238	watch_01	00:07	00:07	mqtt:00:07		-1	-1
2026-10-09T11:19:43.133583	sess_4e2dceff74a1456fad9dd1ede052aef3	watch_01	00:07	00:07	mqtt:00:07		-1	-1
2026-10-09T11:19:43.418122	sess_99a6d461cc5246a197b77890cc478d80	watch_01	00:07	00:07	mqtt:00:07		-1	-1
2026-10-09T11:19:43.696269	sess_624462268dd345b2a67cce5589e3481b	watch_01	00:07	00:07	mqtt:00:07		-1	-1
2026-10-09T11:19:44.172692	sess_4e443a43c1634e5a9d168b39704dad08	watch_01	00:07	00:07	mqtt:00:07		-1	-1
2026-10-09T11:19:44.627685	sess_fefd82c059c7453c83b19b462ec911ca	watch_01	00:07	00:07	mqtt:00:07		-1	-1
2026-10-09T11:19:45.040231	sess_d08e15af11824c1d80d9ef900b17395a	watch_01	00:07	00:07	mqtt:00:07		-1	-1
2026-10-09T11:19:45.482579	sess_05455cb4229f427ea2d61193e21decff	watch_01	00:07	00:07	mqtt:00:07		-1	-1
2026-10-09T11:19:45.712809	sess_0f056e3d4c3f4854b527b7199b87919c	watch_01	00:07	00:07	mqtt:00:07		-1	-1
2026-10-09T11:19:45.922700	sess_da87d925768848f0bd2bbbd5331c2007	watch_01	00:07	00:07	mqtt:00:07		-1	-1
2026-10-09T11:19:46.248067	sess_746c9a1606e04d5dab30b9e7d81c2dce	watch_01	00:07	00:07	mqtt:00:07		-1	-1
2026-10-09T11:19:46.543724	sess_293b36a2afd74ea7a2d2a3add604bdcf	watch_01	00:07	00:07	mqtt:00:07		-1	-1
2026-10-09T11:19:46.803092	sess_d2f98db3256844458df54426d6f63252	watch_01	00:07	00:07	mqtt:00:07		-1	-1
2026-10-09T11:19:47.288960	sess_6532880c4b74427c9f45a8de7b5a7c57	watch_01	00:07	00:07	mqtt:00:07		-1	-1
2026-10-09T11:19:47.478462	sess_8f7b551e8b2544888be7cf317ae98b44	watch_01	00:07	00:07	mqtt:00:07		-1	-1
2026-10-09T11:19:47.992268	sess_c62b0ea2e9af4092a084754e7f08c264	watch_01	00:07	00:07	mqtt:00:07		-1	-1
2026-10-09T11:19:48.301914	sess_3802c1409b7b4d9b865ac78ac4e2da4c	watch_01	00:07	00:07	mqtt:00:07		-1	-1
2026-10-09T11:19:48.821753	sess_96bebe6d09af4ea0aa44c657071c389f	watch_01	00:07	00:07	mqtt:00:07		-1	-1
2026-10-09T11:19:49.208053	sess_2d30868bb72141d88a086bef1101c081	watch_01	00:07	00:07	mqtt:00:07		-1	-1
2026-10-09T11:19:49.688342	sess_457bf0beb13f4c2db5916c97da6a6997	watch_01	00:07	00:07	mqtt:00:07		-1	-1
2026-10-09T11:19:50.438235	sess_ec5193b9b3454927bbb728b6a43f2019	watch_01	00:07	00:07	mqtt:00:07		-1	-1
2026-10-09T11:19:50.633585	sess_cec4f345dea54a8bbaf5b85486ab503a	watch_01	00:07	00:07	mqtt:00:07		-1	-1
2026-10-09T11:19:51.058901	sess_657e308fb16e40e8b094b3bb63ad289a	watch_01	00:07	00:07	mqtt:00:07		-1	-1
2026-10-09T11:19:51.350042	sess_ca8c8299d98d4b35bf50e27444006fe5	watch_01	00:07	00:07	mqtt:00:07		-1	-1
2026-10-09T11:19:51.646505	sess_55cf6459073043f59132180bb1e97eba	watch_01	00:07	00:07	mqtt:00:07		-1	-1
2026-10-09T11:19:51.952034	sess_b4ccf087db694b81817ae697db000b13	watch_01	00:07	00:07	mqtt:00:07		-1	-1
2026-10-09T11:19:52.444860	sess_76414595b49d48ad8ef40be3c4baaf0c	watch_01	00:07	00:07	mqtt:00:07		-1	-1
2026-10-09T11:19:53.139313	sess_54ba435f9db440bab14a6e8f44957080	watch_01	00:07	00:07	mqtt:00:07		-1	-1
2026-10-09T11:19:53.450602	sess_9ef1ad1f7fd94830812ec5ab7ffec654	watch_01	00:07	00:07	mqtt:00:07		-1	-1
2026-10-09T11:19:53.708868	sess_7dae2672892a481b9197312dcda723fb	watch_01	00:07	00:07	mqtt:00:07		-1	-1
2026-10-09T11:19:54.149441	sess_4fba345a093f49dd8aebd5721e4c9e88	watch_01	00:07	00:07	mqtt:00:07		-1	-1
2026-10-09T11:19:54.455601	sess_69f462116da84d2087afb5eb2e7c5a66	watch_01	00:07	00:07	mqtt:00:07		-1	-1
2026-10-09T11:19:54.652093	sess_2a9a65ce0788475b85d0bc607162cac5	watch_01	00:07	00:07	mqtt:00:07		-1	-1
2026-10-09T11:19:54.943702	sess_edff85b2205e47b194e313d5ac014c0a	watch_01	00:07	00:07	mqtt:00:07		-1	-1
2026-10-09T11:19:55.486540	sess_d2353edddb8e4d6abc911b6b7d40f9d9	watch_01	00:07	00:07	mqtt:00:07		-1	-1
2026-10-09T11:19:55.730692	sess_ce64f975863f4d7996f2a7543f39c644	watch_01	00:07	00:07	mqtt:00:07		-1	-1
2026-10-09T11:19:55.959188	sess_ef9e2231e72b4c4fac130ae0d1e3ece1	watch_01	00:07	00:07	mqtt:00:07		-1	-1
2026-10-09T11:19:56.344980	sess_130154ad391044208aea3824602b5607	watch_01	00:07	00:07	mqtt:00:07		-1	-1
2026-10-09T11:19:56.853595	sess_c0aaedaf6856455285f2f15f18776f70	watch_01	00:07	00:07	mqtt:00:07		-1	-1
2026-10-09T11:19:57.833173	sess_e0f10634544d4b77a2c0145013664ebc	watch_01	00:07	00:07	mqtt:00:07		-1	-1
2026-10-09T11:19:58.214148	sess_b7b1cd02cd3340b7948966e2f76d1fe7	watch_01	00:07	00:07	mqtt:00:07		-1	-1
2026-10-09T11:19:58.517611	sess_e16db514f8494c65a222897ec4ef4c63	watch_01	00:07	00:07	mqtt:00:07		-1	-1
2026-10-09T11:19:58.744575	sess_ec9a6fa02c654c89ab80bf02404ccf64	watch_01	00:07	00:07	mqtt:00:07		-1	-1
2026-10-09T11:19:59.004120	sess_2ac6c78ba0fb4c82a447c509a598cc91	watch_01	00:07	00:07	mqtt:00:07		-1	-1
2026-10-09T11:19:59.305903	sess_1ef047d923bf4d6493f3d3cac7eb6c63	watch_01	00:07	00:07	mqtt:00:07		-1	-1
2026-10-09T11:19:59.591595	sess_48205c1e92764248acf6abab9bf0752e	watch_01	00:07	00:07	mqtt:00:07		-1	-1
2026-10-09T11:19:59.915904	sess_3578a0ef9dff445c8e95800ae48f1023	watch_01	00:07	00:07	mqtt:00:07		-1	-1
2026-10-09T11:20:00.471143	sess_63b001f7ccdd497b8749f5a1d9296323	watch_01	00:07	00:07	mqtt:00:07		-1	-1
2026-10-09T11:20:00.803623	sess_a9f54c0c3c5543fdae162e3021b1577e	watch_01	00:07	00:07	mqtt:00:07		-1	-1
2026-10-09T11:20:01.169690	sess_00341b0b764646df89bc72aebe5921ab	watch_01	00:07	00:07	mqtt:00:07		-1	-1
2026-10-09T11:20:01.709541	sess_50959214f1d94df9ac662e60401b5f52	watch_01	00:07	00:07	mqtt:00:07		-1	-1
2026-10-09T11:20:02.101917	sess_a831feb2634e47e799679d6b779d909a	watch_01	00:07	00:07	mqtt:00:07		-1	-1
2026-10-09T11:20:02.367709	sess_b0e2ebafa34947469d4b6031029bdeb9	watch_01	00:07	00:07	mqtt:00:07		-1	-1
2026-10-09T11:20:02.951719	sess_cd626a33372a4c2da1e9d43ddef7b492	watch_01	00:07	00:07	mqtt:00:07		-1	-1
2026-10-09T11:20:03.559755	sess_7165077f311f4cb99c4ab975eaf9bc69	watch_01	00:07	00:07	mqtt:00:07		-1	-1
2026-10-09T11:20:04.057538	sess_74928d4c0d2e4319b9d865150ae26693	watch_01	00:07	00:07	mqtt:00:07		-1	-1
2026-10-09T11:20:04.449159	sess_7ba0dadffd5b4e41a29df41327458f6b	watch_01	00:07	00:07	mqtt:00:07		-1	-1
2026-10-09T11:20:04.953925	sess_486dd3ed20c24418876465f766a32a00	watch_01	00:07	00:07	mqtt:00:07		-1	-1
2026-10-09T11:20:05.181625	sess_5eb8e5601f184bb3b58f11c5e0e565ee	watch_01	00:07	00:07	mqtt:00:07		-1	-1
2026-10-09T11:20:05.436857	sess_26ff9c49d86246549fbce5338620e2db	watch_01	00:07	00:07	mqtt:00:07		-1	-1
2026-10-09T11:20:05.859644	sess_e108702002504401ab237b709cd8a691	watch_01	00:07	00:07	mqtt:00:07		-1	-1
2026-10-09T11:20:06.038489	sess_a6cf777670274444888f997c88883150	watch_01	00:07	00:07	mqtt:00:07		-1	-1
2026-10-09T11:21:45.668444	sess_e9301ce67fcd4a6ea33456b4b6432d07	watch_01	00:07	00:07	mqtt:00:07		-1	-1
2026-10-09T11:21:45.941546	sess_7d802fccba0e476785c8d59d48993963	watch_01	00:07	00:07	mqtt:00:07		-1	-1
2026-10-09T11:21:46.241705	sess_74ecdf3c8cb7429fb4728da281000355	watch_01	00:07	00:07	mqtt:00:07		-1	-1
2026-10-09T11:21:46.551915	sess_4aef3abb458447f696b0d8bc49f97b5b	watch_01	00:07	00:07	mqtt:00:07		-1	-1
2026-10-09T11:21:47.141993	sess_f7c1475b13ea4d3981a1f0573eda2a88	watch_01	00:07	00:07	mqtt:00:07		-1	-1
2026-10-09T11:21:47.485538	sess_09d170f2ebc64b55a5caf675083037d6	watch_01	00:07	00:07	mqtt:00:07		-1	-1
2026-10-09T11:21:47.792930	sess_6ff88c003df74282a4b6e20850948dd5	watch_01	00:07	00:07	mqtt:00:07		-1	-1
2026-10-09T11:21:48.295854	sess_b2c5eeb7119f425c8af91da9f526bb15	watch_01	00:07	00:07	mqtt:00:07		-1	-1
2026-10-09T11:21:48.500891	sess_1661febadddc417e855200322e8ef3f4	watch_01	00:07	00:07	mqtt:00:07		-1	-1
2026-10-09T11:21:48.731627	sess_d2073d0599aa4946a3b2b58eeb9fc9af	watch_01	00:07	00:07	mqtt:00:07		-1	-1
2026-10-09T11:21:49.002290	sess_e81ffde97f62438995bdaedf4dfe4820	watch_01	00:07	00:07	mqtt:00:07		-1	-1
2026-10-09T11:21:49.331214	sess_40873e75b4114c5aab85621ce60e4372	watch_01	00:07	00:07	mqtt:00:07		-1	-1
2026-10-09T11:21:49.760292	sess_ddd92f90529f42b780a5324426792702	watch_01	00:07	00:07	mqtt:00:07		-1	-1
2026-10-09T11:21:50.053193	sess_2ac767fd6eec406196051fe663ddf6be	watch_01	00:07	00:07	mqtt:00:07		-1	-1
2026-10-09T11:21:50.370055	sess_8b84b6395a2a4c668d37399e0126f2e9	watch_01	00:07	00:07	mqtt:00:07		-1	-1
2026-10-09T11:21:51.006537	sess_79be34f442d041ecbf8f07bf8bd857ec	watch_01	00:07	00:07	mqtt:00:07		-1	-1
2026-10-09T11:21:51.253303	sess_9b398ee72d0048e7a6024d7d79929307	watch_01	00:07	00:07	mqtt:00:07		-1	-1
2026-10-09T11:21:51.766678	sess_27448fa021554f4891fd2a90ab0160e8	watch_01	00:07	00:07	mqtt:00:07		-1	-1
2026-10-09T11:21:52.153071	sess_e25de10b5c14412aaa9a083cc92fc133	watch_01	00:07	00:07	mqtt:00:07		-1	-1
2026-10-09T11:21:52.352944	sess_5fcfc336be4c465b870129fc033b6ad1	watch_01	00:07	00:07	mqtt:00:07		-1	-1
2026-10-09T11:21:52.589659	sess_cbef5d4407ee4cfd8c954b7fec2966c4	watch_01	00:07	00:07	mqtt:00:07		-1	-1
2026-10-09T11:21:52.885632	sess_f0b32c7bcb074e9280ec984cd65df50c	watch_01	00:07	00:07	mqtt:00:07		-1	-1
2026-10-09T11:21:53.188966	sess_ad3018d2dbfd4b279bd17a170755acad	watch_01	00:07	00:07	mqtt:00:07		-1	-1
2026-10-09T11:21:53.665534	sess_df2b5604956d4a819f84ad6baec9588e	watch_01	00:07	00:07	mqtt:00:07		-1	-1
2026-10-09T11:21:53.886269	sess_81b7ad29fb1e4ed7b939343aaa8fd66c	watch_01	00:07	00:07	mqtt:00:07		-1	-1
2026-10-09T11:21:54.111710	sess_978fe7830c034fa5a00bc825c037792c	watch_01	00:07	00:07	mqtt:00:07		-1	-1
2026-10-09T11:21:54.383059	sess_6c073fdccd8c4a1b9927ad70ca37284f	watch_01	00:07	00:07	mqtt:00:07		-1	-1
2026-10-09T11:21:54.672217	sess_6811bcf87a6646f886a1e5e5ac4703bb	watch_01	00:07	00:07	mqtt:00:07		-1	-1
2026-10-09T11:21:54.921330	sess_6bc8266aea93459cbcfbb4fdae784ef4	watch_01	00:07	00:07	mqtt:00:07		-1	-1
2026-10-09T11:21:55.705180	sess_c29d23c7c7f94f688c51b80119265d02	watch_01	00:07	00:07	mqtt:00:07		-1	-1
2026-10-09T11:21:55.955020	sess_738b0797079c4c9e8f971523c3b4ae6b	watch_01	00:07	00:07	mqtt:00:07		-1	-1
2026-10-09T11:21:56.119549	sess_2abee1535328425ea421450562332370	watch_01	00:07	00:07	mqtt:00:07		-1	-1
2026-10-09T11:21:56.421691	sess_a7f5bc581c0e4bd2bb1ba8fe27af3f24	watch_01	00:07	00:07	mqtt:00:07		-1	-1
2026-10-09T11:21:56.687520	sess_878f59fe8a174c3394356f7ac8a81910	watch_01	00:07	00:07	mqtt:00:07		-1	-1
2026-10-09T11:21:56.974312	sess_5dc4716b3ffc4488b6efa23de234befa	watch_01	00:07	00:07	mqtt:00:07		-1	-1
2026-10-09T11:21:57.209807	sess_5d6e08ee72f04a4b91d25a65e2890177	watch_01	00:07	00:07	mqtt:00:07		-1	-1
2026-10-09T11:21:57.501595	sess_e993d9c6cd0c4a17a6c67a98d0fd03bf	watch_01	00:07	00:07	mqtt:00:07		-1	-1
2026-10-09T11:21:57.742516	sess_81db353826c840c0a775a2bc2b2de8f2	watch_01	00:07	00:07	mqtt:00:07		-1	-1
2026-10-09T11:21:58.555710	sess_a7cd8d1a47864d708cb5027de4bb0f52	watch_01	00:07	00:07	mqtt:00:07		-1	-1
2026-10-09T11:21:58.971179	sess_2d3d03575259446f982edb295ff53bf6	watch_01	00:07	00:07	mqtt:00:07		-1	-1
2026-10-09T11:21:59.268384	sess_5ac1c3ad2eb8415cb6a9a1cb9807c519	watch_01	00:07	00:07	mqtt:00:07		-1	-1
2026-10-09T11:21:59.687747	sess_48e52aa87e1c498aa65c360d208e91ee	watch_01	00:07	00:07	mqtt:00:07		-1	-1
2026-10-09T11:22:00.121191	sess_bcc5411496e1482dbb472d48dee3a804	watch_01	00:07	00:07	mqtt:00:07		-1	-1
2026-10-09T11:22:00.261746	sess_25e6d5cbdb4e492c9fa177e9b7ee482c	watch_01	00:07	00:07	mqtt:00:07		-1	-1
2026-10-09T11:22:00.534027	sess_e6e3c773b0bc47a48222a9adc8e0966a	watch_01	00:07	00:07	mqtt:00:07		-1	-1
2026-10-09T11:22:00.828226	sess_34e8366a00b54abc984d36804d0a92f3	watch_01	00:07	00:07	mqtt:00:07		-1	-1
2026-10-09T11:22:01.467785	sess_277572ca411f4fe398df02c162af129c	watch_01	00:07	00:07	mqtt:00:07		-1	-1
2026-10-09T11:22:01.814070	sess_71eef5ca0b984370b00d0ca8374d3246	watch_01	00:07	00:07	mqtt:00:07		-1	-1
2026-10-09T11:22:02.013255	sess_f66e8657cdc84114b1c7c2c8254ba92d	watch_01	00:07	00:07	mqtt:00:07		-1	-1
2026-10-09T11:22:02.560967	sess_0801d28eb0044123b6f4b6bf862f5d77	watch_01	00:07	00:07	mqtt:00:07		-1	-1
2026-10-09T11:22:02.815772	sess_c15db427ee3a4cac9c2d222fcdea5a4d	watch_01	00:07	00:07	mqtt:00:07		-1	-1
2026-10-09T11:22:03.084836	sess_7a6b3aa5986c4a4c8c0ce6b37f128af0	watch_01	00:07	00:07	mqtt:00:07		-1	-1
2026-10-09T11:22:03.537889	sess_4df2ba619e98482a9c502ee59b2d64fa	watch_01	00:07	00:07	mqtt:00:07		-1	-1
2026-10-09T11:22:04.193750	sess_fb66e0bf94f14057964db2f948b9d0a5	watch_01	00:07	00:07	mqtt:00:07		-1	-1
2026-10-09T11:22:04.491405	sess_c269e12cdaa64b0d9656c5d8179b6637	watch_01	00:07	00:07	mqtt:00:07		-1	-1
2026-10-09T11:22:05.012286	sess_1b24d04b0f414e85a4bd915933c5dbb5	watch_01	00:07	00:07	mqtt:00:07		-1	-1
2026-10-09T11:22:05.540354	sess_6d1d8a1c59ea44c4b53ef415e31a0c37	watch_01	00:07	00:07	mqtt:00:07		-1	-1
2026-10-09T11:22:06.011379	sess_de6e9b9c29574399a036ff359f005b26	watch_01	00:07	00:07	mqtt:00:07		-1	-1
2026-10-09T11:22:06.427711	sess_d666c2a9b631424cb289f47e6437d463	watch_01	00:07	00:07	mqtt:00:07		-1	-1
2026-10-09T11:22:06.654589	sess_1c796042c22344af9a499858505c22ee	watch_01	00:07	00:07	mqtt:00:07		-1	-1
2026-10-09T11:22:06.946297	sess_f3222fc6f533472594cedfe8e4657da7	watch_01	00:07	00:07	mqtt:00:07		-1	-1
2026-10-09T11:22:07.177926	sess_c7a07601ae424210aeabe207540b851b	watch_01	00:07	00:07	mqtt:00:07		-1	-1
2026-10-09T11:22:07.627198	sess_f26361788e2d4e88aaabeec13a634894	watch_01	00:07	00:07	mqtt:00:07		-1	-1
2026-10-09T11:22:07.941690	sess_7ba86404d6e1420babdf606311d5d6fc	watch_01	00:07	00:07	mqtt:00:07		-1	-1
2026-10-09T11:22:08.212039	sess_0f4b18ae30114bb4bb07e6e15961024d	watch_01	00:07	00:07	mqtt:00:07		-1	-1
2026-10-09T11:22:08.541457	sess_cf6094638918468b9c5c8251c47980c1	watch_01	00:07	00:07	mqtt:00:07		-1	-1
2026-10-09T11:22:29.227817	sess_3d36575c2bb844ac8692d9c253906cc0	watch_01	00:07	00:07	mqtt:00:07		-1	-1
2026-10-09T11:22:29.688759	sess_c7958fbfb86744d69bcf03d40b770725	watch_01	00:07	00:07	mqtt:00:07		-1	-1
2026-10-09T11:22:30.115640	sess_ac89e876495f48e9990bf6da65547d3b	watch_01	00:07	00:07	mqtt:00:07		-1	-1
2026-10-09T11:22:42.293086	sess_67227bb2f5ea43289fd4009eac77f8db	watch_01	00:07	00:07	mqtt:00:07		-1	-1
2026-10-09T11:22:42.593582	sess_32f7764f7d6241ecab662887925b5005	watch_01	00:07	00:07	mqtt:00:07		-1	-1
2026-10-09T11:22:43.155254	sess_fde11a813d5443069006e8c3968c6f00	watch_01	00:07	00:07	mqtt:00:07		-1	-1
2026-10-09T11:22:43.618690	sess_196e9569c3424bc8ab1369faa1e61bcd	watch_01	00:07	00:07	mqtt:00:07		-1	-1
2026-10-09T11:22:44.138162	sess_9f79cb100f2c498eace8b14c4f39c533	watch_01	00:07	00:07	mqtt:00:07		-1	-1
2026-10-09T11:22:44.669670	sess_3d15b00f43594e8aa137eea40a203c73	watch_01	00:07	00:07	mqtt:00:07		-1	-1
2026-10-09T11:22:45.218193	sess_18ba6612081e4c8d84e8a9617206130d	watch_01	00:07	00:07	mqtt:00:07		-1	-1
2026-10-09T11:22:45.585514	sess_7a497ec3604d42998fac35b6fc6c3337	watch_01	00:07	00:07	mqtt:00:07		-1	-1
2026-10-09T11:22:45.885848	sess_0fde41078f304ba9866855b8e7976873	watch_01	00:07	00:07	mqtt:00:07		-1	-1
2026-10-09T11:22:46.103943	sess_4b961badd3354dfc9142902a0160abef	watch_01	00:07	00:07	mqtt:00:07		-1	-1
2026-10-09T11:22:46.504324	sess_fc83e6b242004c4dbdf88589e231b88b	watch_01	00:07	00:07	mqtt:00:07		-1	-1
2026-10-09T11:22:47.032936	sess_39a7445da3dd45bc817ac69636c76cce	watch_01	00:07	00:07	mqtt:00:07		-1	-1
2026-10-09T11:34:09.358405	sess_9652948ccd29457f98aa576b02633290	watch_01	00:07	00:07	mqtt:00:07	E0:3C	48	-63.0
2026-10-09T11:34:10.319474	sess_c0344a22c6dd4951b52d6bddb18d014f	watch_01	00:07	00:07	mqtt:00:07	FE:BA	39	-63.0
2026-10-09T11:34:11.837744	sess_210746a9ddba430e95925bef56cde06c	watch_01	00:07	00:07	mqtt:00:07	4B:12	38	-63.0
2026-10-09T11:34:13.716328	sess_9a29587d449d4a3bbe1c0d3581f4f5d2	watch_01	00:07	00:07	mqtt:00:07	8C:2D	54	-70.0
2026-10-09T11:34:15.527416	sess_e212ef45409840b6a3324c241837586c	watch_01	00:07	00:07	mqtt:00:07	CB:B7	41	-72.0
2026-10-09T11:34:16.222380	sess_0dae0ac058824d72ae3f7a384ceec35b	watch_01	00:07	00:07	mqtt:00:07	A6:70	39	-82.0
2026-10-09T11:34:17.009795	sess_3fb63c62b44e448ab6a91788790d88db	watch_01	00:07	00:07	mqtt:00:07	62:32	47	-74.5
2026-10-09T11:34:17.945781	sess_b8cd8f5347c246e0936d6445f00a2dda	watch_01	00:07	00:07	mqtt:00:07	58:AF	36	-73.5
2026-10-09T11:34:19.359210	sess_46ebfb6501e948969590d8c2ebd12eb3	watch_01	00:07	00:07	mqtt:00:07	28:11	43	-73.0
2026-10-09T11:34:20.847354	sess_a5b55af7d9204afabdae290b6da977fb	watch_01	00:07	00:07	mqtt:00:07	61:F2	98	-70.5
2026-10-09T11:34:22.318805	sess_9292d40e1bf7478096536fad0be75dfd	watch_01	00:07	00:07	mqtt:00:07	A6:0C	96	-69.0
2026-10-09T11:34:23.266570	sess_b08cc4482da74a4d970de88e9422d740	watch_01	00:07	00:07	mqtt:00:07	C5:7A	102	-70.5
2026-10-09T11:34:23.971989	sess_f87d18afef324732a3cfb9abd6a394eb	watch_01	00:07	00:07	mqtt:00:07	DC:2A	100	-70.0
2026-10-09T11:34:25.011433	sess_2e2e65ebf03d495494f3c17524b99208	watch_01	00:07	00:07	mqtt:00:07	E0:73	105	-70.0
2026-10-09T11:34:30.107795	sess_799734450a414003bc8c0b88679d7d62	watch_01	00:07	00:07	mqtt:00:07	54:75	-1	-1
2026-10-09T11:34:55.653606	sess_0e7369b95ea74a98bfc31281b36ff29f	watch_01	00:07	00:07	mqtt:00:07		-1	-1
2026-10-09T11:35:00.428215	sess_bbd6e7cb454e4809857839cd51b4e334	watch_01	00:07	00:07	mqtt:00:07	F1:E5	58	-70.5
2026-10-09T11:35:03.637645	sess_26e19b5660654d5c992d56ebda8177b3	watch_01	00:07	00:07	mqtt:00:07	25:0D	77	-70.0
2026-10-09T11:35:05.871536	sess_6418b408347a41b6ac9b19ddfa51412f	watch_01	00:07	00:07	mqtt:00:07	EB:36	82	-68.0
2026-10-09T11:35:08.261477	sess_b78432dfd003483e9027917ac53fe41a	watch_01	00:07	00:07	mqtt:00:07	4D:82	63	-66.5
2026-10-09T11:35:14.288582	sess_362ca15f0a9e4709b24f18a72f1aea0c	watch_01	00:07	00:07	mqtt:00:07	67:D2	-1	-1
2026-10-09T11:35:16.246012	sess_5ab595dd64f74c94a09b88b0d5c09609	watch_01	00:07	00:07	mqtt:00:07	F4:B0	68	-66.0
2026-10-09T11:35:17.654230	sess_e5bb7ddc0c9a48b68d5174396d7305f3	watch_01	00:07	00:07	mqtt:00:07	64:AC	83	-66.0
2026-10-09T11:35:18.520742	sess_b9812953d48540a2b082bc05f686f8a0	watch_01	00:07	00:07	mqtt:00:07	88:03	76	-64.5
2026-10-09T11:35:19.533746	sess_0d6575b430484befabe18212bea6b16e	watch_01	00:07	00:07	mqtt:00:07	60:E7	67	-65.5
2026-10-09T11:35:20.501589	sess_db363ee1d08b4a8a876029955c2609d8	watch_01	00:07	00:07	mqtt:00:07	54:21	68	-66.5
2026-10-09T11:35:22.752947	sess_0d0d221be94c4fb2a53cde66a19914e1	watch_01	00:07	00:07	mqtt:00:07	EC:C0	59	-64.5
2026-10-09T11:35:23.833291	sess_3b1d94770b3847a5b88ceaab04673149	watch_01	00:07	00:07	mqtt:00:07	23:06	52	-64.0
2026-10-09T11:35:26.428828	sess_2e972042064e4f6b844c0f24bc7614c5	watch_01	00:07	00:07	mqtt:00:07	3F:BC	25	-66.5
2026-10-09T11:35:32.147003	sess_eb24b71b9b4b48fa99969c4e4315b108	watch_01	00:07	00:07	mqtt:00:07		-1	-1
2026-10-09T11:35:42.204407	sess_4a5b385638e94e769737018e792af25a	watch_01	00:07	00:07	mqtt:00:07	00:50	32	-67.0
2026-10-09T11:35:43.165863	sess_bcd145578bde4d88be8adbcd632d2807	watch_01	00:07	00:07	mqtt:00:07	AB:C1	37	-66.0
2026-10-09T11:35:46.016972	sess_bebfbab29c4e4c1e96d57a0c9bb13247	watch_01	00:07	00:07	mqtt:00:07	41:40	34	-65.0
2026-10-09T11:35:47.310293	sess_a7c5ed075b1545869d2fe325e9090681	watch_01	00:07	00:07	mqtt:00:07	84:79	29	-65.5
2026-10-09T11:35:48.184598	sess_ecda05c44d104a06a3b2cb23bf28e051	watch_01	00:07	00:07	mqtt:00:07	1F:C3	36	-64.0
2026-10-09T11:35:49.899174	sess_32b092a048644eb7a34742224511f446	watch_01	00:07	00:07	mqtt:00:07	78:6B	46	-63.5
2026-10-09T11:35:52.469886	sess_2725c79b57c5487bb7cf9e59ab698efc	watch_01	00:07	00:07	mqtt:00:07	A9:A5	43	-64.0
2026-10-09T11:35:53.439350	sess_368bcf01242c4edba19e80b42324183b	watch_01	00:07	00:07	mqtt:00:07	1B:56	33	-67.5
2026-10-09T11:35:54.365534	sess_9c1e125f4a6640dca3e1cfad94133fff	watch_01	00:07	00:07	mqtt:00:07	8A:52	37	-66.5
2026-10-09T11:35:58.357390	sess_6a50ef82021047e48830d402f2255f5f	watch_01	00:07	00:07	mqtt:00:07	52:F7	42	-66.5
2026-10-09T11:36:02.879806	sess_9ddb929efb0441448d0dcf2285e43621	watch_01	00:07	00:07	mqtt:00:07	E7:49	39	-67.0
2026-10-09T11:36:04.706466	sess_cf2436bc931644a48f8541da713c95b1	watch_01	00:07	00:07	mqtt:00:07	1D:E7	73	-78.0
2026-10-09T11:36:10.582409	sess_ada7f9bec26f4a309525f45f61bcb0e0	watch_01	00:07	00:07	mqtt:00:07	26:37	-1	-1
2026-10-09T11:36:15.834736	sess_9342ca6e5f7d49ce9819f3af3309b210	watch_01	00:07	00:07	mqtt:00:07	FE:BA	-1	-1
2026-10-09T11:36:19.654249	sess_2683f3faf1b14324b0b218e40073f368	watch_01	00:07	00:07	mqtt:00:07	B6:5F	7	-51.0
2026-10-09T11:36:25.457762	sess_92e6e0d39303481da16653daaaca4334	watch_01	00:07	00:07	mqtt:00:07	55:68	-1	-1
2026-10-09T11:36:30.721546	sess_3cec148ce4054ae2b41e0d53194414e0	watch_01	00:07	00:07	mqtt:00:07	ED:DE	-1	-1
2026-10-09T11:36:38.792565	sess_a390d49856304dae994e2fa8c578ea14	watch_01	00:07	00:07	mqtt:00:07	2B:FA	55	-79.0
2026-10-09T11:36:45.228569	sess_413e43b8538741ae8e566ed016788f6d	watch_01	00:07	00:07	mqtt:00:07	FD:27	-1	-1
2026-10-09T11:36:50.569977	sess_89b61667851844a68d23e06281fb8bdd	watch_01	00:07	00:07	mqtt:00:07	01:7F	-1	-1
2026-10-09T11:36:56.786327	sess_97fdd95c7f544060a6b805b22d9e8ca5	watch_01	00:07	00:07	mqtt:00:07		-1	-1
2026-10-09T11:37:01.554952	sess_17cfe775c0dc4ed69d1d9903d5803cbd	watch_01	00:07	00:07	mqtt:00:07	F2:AC	43	-70.5
2026-10-09T11:37:03.171000	sess_655b4cd5dd384541b73a64a0d6f89f23	watch_01	00:07	00:07	mqtt:00:07	15:00	40	-71.0
2026-10-09T11:37:04.758387	sess_c1edca415426497b98ab78024c3053c1	watch_01	00:07	00:07	mqtt:00:07	BF:EA	41	-71.5
2026-10-09T11:37:06.047781	sess_909e5584c0904bdbbb6c56907022bc19	watch_01	00:07	00:07	mqtt:00:07	21:F0	53	-67.5
2026-10-09T11:37:08.076388	sess_4f065e12755f4f56b9fdb0ab33769a49	watch_01	00:07	00:07	mqtt:00:07	1F:DD	61	-66.0
2026-10-09T11:37:09.429644	sess_7cc81bba3a414091a757f4f0a00dd2de	watch_01	00:07	00:07	mqtt:00:07	F0:28	61	-60.5
2026-10-09T11:37:11.432886	sess_47fd595f8f354ab8aa51b63370ebd0e0	watch_01	00:07	00:07	mqtt:00:07	C2:DB	22	-57.5
2026-10-09T11:37:13.934394	sess_1f8711f4b8164912b4bae9496688c740	watch_01	00:07	00:07	mqtt:00:07	2C:29	33	-64.5
2026-10-09T11:37:15.611676	sess_78723a9338f6432db93ec25872f5dabb	watch_01	00:07	00:07	mqtt:00:07	BA:B3	35	-64.5
2026-10-09T11:37:17.399509	sess_d60501c68f9347b7ab73149e2db478e4	watch_01	00:07	00:07	mqtt:00:07	FB:A1	35	-64.0
2026-10-09T11:37:19.002333	sess_1700eacd145a474993f52b7fdc9630b1	watch_01	00:07	00:07	mqtt:00:07	B1:A2	33	-64.5
2026-10-09T11:37:20.113280	sess_8722dd39d7804001a658e2dbf9eecf7f	watch_01	00:07	00:07	mqtt:00:07	56:96	31	-64.0
2026-10-09T11:37:20.854902	sess_300a9a1446594e1490488ac4466d9b1a	watch_01	00:07	00:07	mqtt:00:07	5F:9E	39	-64.0
2026-10-09T11:37:23.067967	sess_70c7a02a86604c628d7edb33053f25f4	watch_01	00:07	00:07	mqtt:00:07	B0:4D	35	-64.0
2026-10-09T11:37:24.005390	sess_e080e10a8f0649d5a5131fa48825afe7	watch_01	00:07	00:07	mqtt:00:07	98:D4	34	-64.0
2026-10-09T11:37:26.509734	sess_d09a0a37f7e84eb4b882b7cacbb515ec	watch_01	00:07	00:07	mqtt:00:07	DB:1A	34	-64.0
2026-10-09T11:37:28.456445	sess_594186f5bfaa4b9cb96d0d5012fda503	watch_01	00:07	00:07	mqtt:00:07	5A:9C	31	-63.5
2026-10-09T11:37:30.680046	sess_e9d7435947094ad491c4844e04410206	watch_01	00:07	00:07	mqtt:00:07	B9:00	40	-63.5
2026-10-09T11:37:32.191007	sess_538478b9daf44315b5ad3865310e21dc	watch_01	00:07	00:07	mqtt:00:07	E1:E3	32	-64.0
2026-10-09T11:37:32.960214	sess_fd8c456fd6fd4e28b4f0bea99e477dc4	watch_01	00:07	00:07	mqtt:00:07	DA:2A	34	-64.0
2026-10-09T11:37:34.610526	sess_97af7dbd525c48ad98422052c173d818	watch_01	00:07	00:07	mqtt:00:07	2E:51	32	-64.0
2026-10-09T11:37:37.527702	sess_82e2c13922564e98ac00cac0e3f0644e	watch_01	00:07	00:07	mqtt:00:07	07:BD	32	-64.5
2026-10-09T11:37:38.917412	sess_d5364fa6e1994d78b37074669033b483	watch_01	00:07	00:07	mqtt:00:07	49:7B	35	-64.5
2026-10-09T11:37:41.711103	sess_ee54e462ee964d26841e8664f962ef7a	watch_01	00:07	00:07	mqtt:00:07	C0:DC	39	-64.0
2026-10-09T11:37:43.578057	sess_2b3eaa502eef4ace8cb4736b349526ee	watch_01	00:07	00:07	mqtt:00:07	2A:E2	36	-64.5
2026-10-09T11:37:45.292893	sess_a7d70d1a331c45aca0302fd2316a05be	watch_01	00:07	00:07	mqtt:00:07	26:22	30	-65.0
2026-10-09T11:37:46.528353	sess_b775ca8baf7d4d43af7a2b97f756b63e	watch_01	00:07	00:07	mqtt:00:07	24:29	34	-64.0
2026-10-09T11:37:48.248175	sess_fe79406d2ff74a7bb6b9663585ac57cd	watch_01	00:07	00:07	mqtt:00:07	74:4E	34	-63.0
2026-10-09T11:37:49.149205	sess_8eb1b636af354544b022e515e7dff161	watch_01	00:07	00:07	mqtt:00:07	F4:64	37	-62.5
2026-10-09T11:37:51.768963	sess_0cf9d8f8a2ba48229ca362c4a648af6c	watch_01	00:07	00:07	mqtt:00:07	9B:CA	40	-62.0
2026-10-09T11:37:52.881672	sess_3fb3a302e1914349adfd6d6904dd56c9	watch_01	00:07	00:07	mqtt:00:07	4D:20	31	-65.5
2026-10-09T11:37:55.476552	sess_29acfa42433b45a78361619ec2077a24	watch_01	00:07	00:07	mqtt:00:07	96:6D	30	-65.0
2026-10-09T11:37:57.036977	sess_0a2e9222c3364a59a70950cad20b8ab0	watch_01	00:07	00:07	mqtt:00:07	A2:AA	36	-64.0
2026-10-09T11:37:58.432352	sess_6484403872994cc2b6ca670c5584b66b	watch_01	00:07	00:07	mqtt:00:07	A6:A6	36	-65.5
2026-10-09T11:38:00.826406	sess_e5f2b3fe91e243c0ac0e29e3e16d3ab0	watch_01	00:07	00:07	mqtt:00:07	49:26	31	-66.5
2026-10-09T11:38:02.485854	sess_2c90fc18d20d40bc948a7c03f753f431	watch_01	00:07	00:07	mqtt:00:07	91:DD	34	-68.0
2026-10-09T11:38:05.585037	sess_5362c0afdeca4bb881416b7e57f49b48	watch_01	00:07	00:07	mqtt:00:07	FE:78	28	-69.0
2026-10-09T11:38:12.381327	sess_19633ae820314bb797be5d45dddf5614	watch_01	00:07	00:07	mqtt:00:07		-1	-1
2026-10-09T11:38:16.075578	sess_3430d24cfe22446da1cfc23149d080b1	watch_01	00:07	00:07	mqtt:00:07	C5:D4	28	-66.5
2026-10-09T11:38:18.236788	sess_5f05815af4df4495b3c46e0d6d93422a	watch_01	00:07	00:07	mqtt:00:07	E2:B8	29	-65.0
2026-10-09T11:38:20.241291	sess_daf15a6da83a44329ef8004f80e4546e	watch_01	00:07	00:07	mqtt:00:07	69:AB	30	-66.5
2026-10-09T11:38:22.879108	sess_c1b9513f3afd4d62849a83f82191e044	watch_01	00:07	00:07	mqtt:00:07	E0:F4	38	-66.5
2026-10-09T11:38:23.710125	sess_9e032567ddf549a29f13c5639716e975	watch_01	00:07	00:07	mqtt:00:07	1A:7D	32	-68.0
2026-10-09T11:38:24.913565	sess_9b9da6072fed4896b8b0bec0cff840ae	watch_01	00:07	00:07	mqtt:00:07	04:FF	33	-64.5
2026-10-09T11:38:26.062272	sess_585b9043e46e4e23a42f39377d92ef38	watch_01	00:07	00:07	mqtt:00:07	52:1C	31	-64.5
2026-10-09T11:38:28.059569	sess_98e32aef31594bffb100b1edcaca4ed5	watch_01	00:07	00:07	mqtt:00:07	6E:66	34	-64.5
2026-10-09T11:38:29.835669	sess_dde76ae13ea54101ac59e3e545cacfea	watch_01	00:07	00:07	mqtt:00:07	EE:4F	37	-64.5
2026-10-09T11:38:31.374120	sess_a52b8131751440efb7ae67a186d6d4b0	watch_01	00:07	00:07	mqtt:00:07	56:2F	33	-64.5
2026-10-09T11:38:33.392823	sess_84548ead24fd46809661401bd72b90cf	watch_01	00:07	00:07	mqtt:00:07	93:AE	31	-64.5
2026-10-09T11:38:35.451146	sess_882d4039fc494e4f94a30dd26fa47185	watch_01	00:07	00:07	mqtt:00:07	15:6E	36	-64.5
2026-10-09T11:38:39.115255	sess_8281ac86672243078634e33fc81ab92e	watch_01	00:07	00:07	mqtt:00:07	10:15	31	-63.5
2026-10-09T11:38:40.043502	sess_f37c7768315249b1b0ba9555d3a93dcf	watch_01	00:07	00:07	mqtt:00:07	AE:04	30	-64.0
2026-10-09T11:38:41.649375	sess_3ac9fc6393e54fa491e97daa5291ec30	watch_01	00:07	00:07	mqtt:00:07	86:08	36	-64.0
2026-10-09T11:38:43.509283	sess_cdaa783ee1fd49fcb631633f68a4087c	watch_01	00:07	00:07	mqtt:00:07	FF:5F	36	-63.5
2026-10-09T11:38:46.068190	sess_5789e56d3bd64929820e77d0f301752a	watch_01	00:07	00:07	mqtt:00:07	70:A1	31	-64.0
2026-10-09T11:38:47.636740	sess_3da25767a9634cf183e9105b94038703	watch_01	00:07	00:07	mqtt:00:07	AA:4B	36	-64.0
2026-10-09T11:38:49.826947	sess_92636f23f62b4f5cb42d263f3a85e693	watch_01	00:07	00:07	mqtt:00:07	88:7D	31	-64.0
2026-10-09T11:38:52.563443	sess_1669d173d0a848afbf3e7502fe28cd4b	watch_01	00:07	00:07	mqtt:00:07	C0:5D	33	-64.0
2026-10-09T11:38:58.453436	sess_106e384c9bc14d5d8557966a821fc6c0	watch_01	00:07	00:07	mqtt:00:07	5B:36	-1	-1
2026-10-09T11:39:02.670441	sess_f05b551f07854c5f9ad85fe272cbfb98	watch_01	00:07	00:07	mqtt:00:07	02:17	32	-64.0
2026-10-09T11:39:08.945770	sess_a82ec4a97ea0494491a1ba40fd20b12d	watch_01	00:07	00:07	mqtt:00:07		-1	-1
2026-10-09T11:39:17.516371	sess_99a2704dd960486caa98434a56f9beb1	watch_01	00:07	00:07	mqtt:00:07	C9:1A	34	-64.0
2026-10-09T11:39:22.857655	sess_cd6c018778784069b35943d123db59a8	watch_01	00:07	00:07	mqtt:00:07	D1:06	32	-64.5
2026-10-09T11:39:27.581058	sess_c4ba9eeb279749f6944f0b2bbb3c20c8	watch_01	00:07	00:07	mqtt:00:07	67:7F	35	-65.0
2026-10-09T11:40:44.765787	sess_ff0ebec8e05846c3810c8a9836b60f80	watch_01	00:07	00:07	mqtt:00:07	CA:3D	30	-67.5
2026-10-09T11:40:51.661111	sess_b39c9c0f74354eba83c34f2408f02e8c	watch_01	00:07	00:07	mqtt:00:07	92:DD	-1	-1
2026-10-09T11:40:56.225641	sess_1f556acab37b4805bc7acf09607b624e	watch_01	00:07	00:07	mqtt:00:07	60:7B	30	-67.0
2026-10-09T11:41:02.558922	sess_7cfa8cd70971411ea210201ec8791678	watch_01	00:07	00:07	mqtt:00:07		-1	-1
2026-10-09T11:41:06.174099	sess_0276a259c21e4dcfb58bea0e6ad3f6d0	watch_01	00:07	00:07	mqtt:00:07	ED:6E	30	-68.0
2026-10-09T11:41:12.094816	sess_60359300add44117a986ab11e802958f	watch_01	00:07	00:07	mqtt:00:07		-1	-1
2026-10-09T11:41:20.037003	sess_678f93cb2997403a8c27d697e0f41562	watch_01	00:07	00:07	mqtt:00:07	B5:58	27	-68.0
2026-10-09T11:41:25.277874	sess_77448db7283045a98d160ac609dce8fd	watch_01	00:07	00:07	mqtt:00:07		-1	-1
2026-10-09T11:41:36.573760	sess_9bd28639cc61468495d88fe52e681ded	watch_01	00:07	00:07	mqtt:00:07		-1	-1
2026-10-09T11:41:41.595178	sess_df5cf967b0754df6b9e9726b2d7d1a66	watch_01	00:07	00:07	mqtt:00:07	B0:38	19	-66.5
2026-10-09T11:41:45.493891	sess_4dc8f4be58ec4b8d8d4b323c902a9b65	watch_01	00:07	00:07	mqtt:00:07	F8:5B	26	-65.5
2026-10-09T11:41:46.588192	sess_5d715a2a8caf475683fdf907e794ee3d	watch_01	00:07	00:07	mqtt:00:07	89:33	32	-65.0
2026-10-09T11:41:48.427844	sess_38aa4345da314e08ad4ec3b6069f1c47	watch_01	00:07	00:07	mqtt:00:07	65:66	28	-65.5
2026-10-09T11:41:50.493962	sess_6ac6ba3ef44d44cca43846e0b10bc95d	watch_01	00:07	00:07	mqtt:00:07	B0:3A	25	-66.0
2026-10-09T11:41:52.219040	sess_b459ad5f052f4b8f9ffad98aed6e230a	watch_01	00:07	00:07	mqtt:00:07	F5:64	27	-67.5
2026-10-09T11:41:54.039821	sess_7ca57bcc0beb42c2aa683096da3eec0d	watch_01	00:07	00:07	mqtt:00:07	A1:C4	31	-65.5
2026-10-09T11:41:55.124604	sess_9e30a78ae8b84bf6be851d546f24a21f	watch_01	00:07	00:07	mqtt:00:07	74:CA	27	-66.0
2026-10-09T11:41:58.149527	sess_e48244c360024af4be6bcc7e2f22ac5c	watch_01	00:07	00:07	mqtt:00:07	9F:90	21	-64.0
2026-10-09T11:42:00.454763	sess_1e9c91fea6f94ab4b20bfc68f6e41c36	watch_01	00:07	00:07	mqtt:00:07	4C:E4	25	-63.0
2026-10-09T11:42:04.660275	sess_424e687bae6b4abaaf21eabcc5868a0b	watch_01	00:07	00:07	mqtt:00:07	5E:E9	22	-66.0
2026-10-09T11:42:05.804085	sess_84e094dc8aee472d953e62d129f8a74d	watch_01	00:07	00:07	mqtt:00:07	B2:87	27	-65.5
2026-10-09T11:42:06.828565	sess_3c3a3baa25254083abf9ef05c8467c65	watch_01	00:07	00:07	mqtt:00:07	C5:5C	23	-65.5
2026-10-09T11:42:12.589048	sess_4820cf22358143b69cb4e39db927c729	watch_01	00:07	00:07	mqtt:00:07		-1	-1
2026-10-09T11:48:01.636841	sess_c0cbf121dc5d4d4e817c3733435cbdf3	watch_01	00:08	00:08	mqtt:00:08	7E:B4	79	-70.5
2026-10-09T11:48:02.506524	sess_83f6dc8e72814c2a9334c77bea925109	watch_01	00:02	00:02	mqtt:00:02	0B:AA	48	-64.5
2026-10-09T11:48:03.411420	sess_b7cb9e0e34eb4812b9169e476e739139	watch_01	00:08	00:08	mqtt:00:08	CA:40	79	-73.5
2026-10-09T11:48:04.169229	sess_6a99e0832bee4d41923856e77ebf0e43	watch_01	00:02	00:02	mqtt:00:02	9C:BB	47	-67.5
2026-10-09T11:48:05.085603	sess_f592e2f33ae340f8b51562204c82d7cb	watch_01	00:02	00:02	mqtt:00:02	20:BC	46	-68.5
2026-10-09T11:48:05.851179	sess_e9676369878a45de9d6abfae28bd86ff	watch_01	00:08	00:08	mqtt:00:08	7E:96	73	-80.5
2026-10-09T11:48:06.718950	sess_828b72f069a941499ded9d70cb7c8778	watch_01	00:02	00:02	mqtt:00:02	62:DE	47	-70.0
2026-10-09T11:48:07.308922	sess_9f8c36e132d545968b2f6a69d5b451cf	watch_01	00:08	00:08	mqtt:00:08	D6:51	80	-80.5
2026-10-09T11:48:08.097731	sess_b088db7b89a84983a9598d92e8e52c85	watch_01	00:02	00:02	mqtt:00:02	CE:75	46	-69.5
2026-10-09T11:48:08.792238	sess_746f554087c0447c9b497ca2148d0db0	watch_01	00:08	00:08	mqtt:00:08	35:CB	73	-80.5
2026-10-09T11:48:09.669378	sess_8e74777c965448deaa3e09de0e72fd9c	watch_01	00:02	00:02	mqtt:00:02	C0:D5	48	-68.5
2026-10-09T11:48:10.512455	sess_81273b879654434084878d74c4a7a7fe	watch_01	00:08	00:08	mqtt:00:08	68:5B	63	-82.5
2026-10-09T11:48:11.243244	sess_70d2d10d0fbc40abb6e104c9a0a7c9a0	watch_01	00:02	00:02	mqtt:00:02	99:ED	52	-68.5
2026-10-09T11:48:11.788417	sess_4edcb98949b649db9145c05223f15d21	watch_01	00:08	00:08	mqtt:00:08	E6:B0	52	-82.0
2026-10-09T11:48:12.631413	sess_1bd93247dc9a4c11a06b84aa210a3471	watch_01	00:02	00:02	mqtt:00:02	53:9E	46	-70.5
2026-10-09T11:48:13.516594	sess_2d6c030a62ab4d45b32cd3e7a348cfa7	watch_01	00:08	00:08	mqtt:00:08	F5:43	79	-71.5
2026-10-09T11:48:14.258099	sess_bc59aa3402014335b3ff849ad45c94ff	watch_01	00:02	00:02	mqtt:00:02	21:CB	42	-69.0
2026-10-09T11:48:14.960748	sess_9c2c37cd85914e9698df7904642cbf53	watch_01	00:08	00:08	mqtt:00:08	41:78	77	-73.5
2026-10-09T11:48:15.905377	sess_03a43ecb33f54fb89928cee3696e9749	watch_01	00:02	00:02	mqtt:00:02	17:72	45	-69.5
2026-10-09T11:48:16.759243	sess_c310add316da4c4485d74cdc5a78b2de	watch_01	00:08	00:08	mqtt:00:08	C7:CE	79	-71.0
2026-10-09T11:48:17.376254	sess_575c51d852f2483883430fd79857cbb6	watch_01	00:02	00:02	mqtt:00:02	86:1A	45	-71.0
2026-10-09T11:48:18.292893	sess_d07b77c199f14f23bb12d914303b32a8	watch_01	00:02	00:02	mqtt:00:02	93:03	42	-65.5
2026-10-09T11:48:18.893877	sess_ea7d4bceefa04808a86bba0e9571fa0a	watch_01	00:08	00:08	mqtt:00:08	81:73	90	-77.0
2026-10-09T11:48:19.582620	sess_571b3e8ca0d943d68b09f949f59bde9a	watch_01	00:02	00:02	mqtt:00:02	4D:0A	48	-74.5
2026-10-09T11:48:20.466738	sess_65ef5a9a79584881a39fb41ecb9016d6	watch_01	00:08	00:08	mqtt:00:08	9A:23	75	-70.5
2026-10-09T11:48:21.279248	sess_c1f20587d06141809224345fdc247877	watch_01	00:02	00:02	mqtt:00:02	A1:74	47	-74.5
2026-10-09T11:48:22.012198	sess_e7d47c12bed54893b356f7688bf81c06	watch_01	00:08	00:08	mqtt:00:08	4B:78	76	-73.0
2026-10-09T11:48:22.853284	sess_7778ed921ce5434d9b009227de1d775a	watch_01	00:08	00:08	mqtt:00:08	5D:1A	87	-68.5
2026-10-09T11:48:23.613906	sess_55ed6fbb925143bdbf7e6b1d428ec159	watch_01	00:02	00:02	mqtt:00:02	CC:BE	95	-71.5
2026-10-09T11:48:24.288673	sess_1fd967847c1f4c339c2f63cd81cdf182	watch_01	00:08	00:08	mqtt:00:08	5C:6C	85	-67.0
2026-10-09T11:48:25.088886	sess_d1896aed286b47b28fa6f94065838c54	watch_01	00:08	00:08	mqtt:00:08	64:0C	86	-71.5
2026-10-09T11:48:25.771590	sess_695c9b786904491388276944d3cece37	watch_01	00:02	00:02	mqtt:00:02	84:82	93	-75.5
2026-10-09T11:48:26.452122	sess_9ce567565f2d4a8895cf79e15701783c	watch_01	00:08	00:08	mqtt:00:08	C5:6C	59	-66.0
2026-10-09T11:48:27.225408	sess_e4ccb84c5e0c42609a028d242c35037a	watch_01	00:02	00:02	mqtt:00:02	18:21	102	-79.0
2026-10-09T11:48:27.876194	sess_6d14f093b7b649a3a864640169e3d1b4	watch_01	00:08	00:08	mqtt:00:08	6D:2C	62	-64.5
2026-10-09T11:48:28.685122	sess_88326fada5ba4a1ea5ab3b0f62a198c6	watch_01	00:02	00:02	mqtt:00:02	5A:CC	118	-75.5
2026-10-09T11:48:29.949092	sess_9cf3eda023764b2987e24df7c8ec6441	watch_01	00:08	00:08	mqtt:00:08	AB:31	53	-71.0
2026-10-09T11:48:30.514660	sess_c808c3a3aed24d9394658d73f3f0cf4c	watch_01	00:02	00:02	mqtt:00:02	D4:70	109	-76.5
2026-10-09T11:48:31.315860	sess_0b679b27429747088f467204dbb1471e	watch_01	00:08	00:08	mqtt:00:08	4A:59	58	-66.0
2026-10-09T11:48:32.251498	sess_552670f95d914724b5bdb8841ec05cb8	watch_01	00:02	00:02	mqtt:00:02	48:88	106	-80.5
2026-10-09T11:48:33.128160	sess_4882147b2ae0401faa2c4a072b95a9e8	watch_01	00:08	00:08	mqtt:00:08	77:86	65	-66.0
2026-10-09T11:48:33.984886	sess_22b221816cdc47e0b5595eba17327c98	watch_01	00:02	00:02	mqtt:00:02	00:0A	150	-74.5
2026-10-09T11:48:34.740035	sess_ed2acf56cfc040b28a75efac36a39824	watch_01	00:02	00:02	mqtt:00:02	72:48	92	-71.5
2026-10-09T11:48:35.672587	sess_309c2a61cf3c4d0ca30fbb4d12f707f6	watch_01	00:08	00:08	mqtt:00:08	33:BE	72	-69.0
2026-10-09T11:48:36.998452	sess_9864be193b054726b2d64be2a20a9b9d	watch_01	00:02	00:02	mqtt:00:02	69:5B	81	-75.5
2026-10-09T11:48:37.913447	sess_2cee3df22a174597866448def7df8065	watch_01	00:08	00:08	mqtt:00:08	6F:32	61	-71.0
2026-10-09T11:48:38.755784	sess_0f0b57aa703948289d9b93096ba68819	watch_01	00:02	00:02	mqtt:00:02	24:55	95	-75.5
2026-10-09T11:48:39.637221	sess_2e30ffefc7c2422d94850513e619db4e	watch_01	00:08	00:08	mqtt:00:08	12:7C	71	-66.5
2026-10-09T11:48:40.150423	sess_e4f06add6c024353a07c619519be9727	watch_01	00:02	00:02	mqtt:00:02	A8:B7	92	-72.5
2026-10-09T11:48:40.861791	sess_34e5e5cc6e7b4b19bf0f2859b9cd15bb	watch_01	00:08	00:08	mqtt:00:08	F3:27	69	-67.5
2026-10-09T11:48:41.581377	sess_e9049129ea92449f850d1b3b276e56e7	watch_01	00:02	00:02	mqtt:00:02	AA:4C	90	-73.5
2026-10-09T11:48:42.376278	sess_a3b0afb4468145eb8645cf41d2b5b739	watch_01	00:02	00:02	mqtt:00:02	C1:A3	81	-78.0
2026-10-09T11:48:43.252093	sess_0924bbb7926f4c8fb4c43aec0c5c89eb	watch_01	00:08	00:08	mqtt:00:08	1A:3D	69	-80.5
2026-10-09T11:48:44.046331	sess_a02b355260f6414da20bc744cd989d55	watch_01	00:02	00:02	mqtt:00:02	71:32	75	-78.0
2026-10-09T11:48:44.822990	sess_7bfeb2594fc74782962b9a575da9bdd2	watch_01	00:08	00:08	mqtt:00:08	6E:30	83	-78.0
2026-10-09T11:48:45.566342	sess_8c995b6ee74945aa80a7459e6ac02566	watch_01	00:08	00:08	mqtt:00:08	E6:02	84	-71.5
2026-10-09T11:48:46.476052	sess_d4f950dbdc10474b9531530ba57c2360	watch_01	00:08	00:08	mqtt:00:08	0C:23	84	-75.5
2026-10-09T11:48:46.961724	sess_ecbec061244c4ed497a38190e24cb404	watch_01	00:07	00:07	mqtt:00:07		-1	-1
2026-10-09T11:48:47.446433	sess_0904c53bb613438ca521515340e279b9	watch_01	00:02	00:02	mqtt:00:02	45:49	122	-76.5
2026-10-09T11:48:48.473448	sess_17f2a1df4e784ed68cd3f64bfab496f8	watch_01	00:08	00:08	mqtt:00:08	F4:4B	79	-73.5
2026-10-09T11:48:49.116899	sess_f9fb65bfe0e54fceadfded7005f48a48	watch_01	00:02	00:02	mqtt:00:02	DD:93	106	-80.0
2026-10-09T11:48:49.763704	sess_c585a953a99a40a1b5e5fcad615f6cb2	watch_01	00:02	00:02	mqtt:00:02	9D:04	107	-78.0
2026-10-09T11:48:50.584636	sess_fcfbb128f740463492e7260e984aee35	watch_01	00:02	00:02	mqtt:00:02	80:0D	112	-78.0
2026-10-09T11:48:51.282830	sess_8a9f2d05fac8457690243d6dde4cab56	watch_01	00:02	00:02	mqtt:00:02	11:5B	115	-76.5
2026-10-09T11:48:52.686145	sess_d059262cba70416ea380d426db7c8351	watch_01	00:02	00:02	mqtt:00:02	79:B5	114	-76.5
2026-10-09T11:48:53.939552	sess_03f117c7840941fead0c7c9a24bdb6be	watch_01	00:08	00:08	mqtt:00:08	2B:F4	55	-72.5
2026-10-09T11:48:55.121386	sess_fdc8e7642cde4ce78ac653e175694a51	watch_01	00:08	00:08	mqtt:00:08	49:E4	58	-78.5
2026-10-09T11:48:55.882158	sess_8b2f2c5ecb3941feb7cb49b1fccca6d4	watch_01	00:02	00:02	mqtt:00:02	9F:D3	66	-71.0
2026-10-09T11:48:57.104748	sess_b51ef9fbc9bc47b4af02406d77495982	watch_01	00:08	00:08	mqtt:00:08	BB:48	62	-66.0
2026-10-09T11:48:58.074363	sess_c335db19b26e4420b294cd5d2b4a5558	watch_01	00:08	00:08	mqtt:00:08	E3:CE	59	-66.5
2026-10-09T11:48:59.095564	sess_5a142b1f497944798c67e45ab9741f71	watch_01	00:08	00:08	mqtt:00:08	2B:F9	63	-67.0
2026-10-09T11:49:04.182480	sess_ee693aced84b439b9ebbed12a495419a	watch_01	00:02	00:02	mqtt:00:02	97:A4	-1	-1
2026-10-09T11:49:05.015188	sess_d3a3d4d6997942c99a775c6fc0f90b64	watch_01	00:08	00:08	mqtt:00:08	F8:A8	64	-66.0
2026-10-09T11:49:05.917097	sess_4c1d9cf9ae3c416d9d0e717d1a646d6a	watch_01	00:07	00:07	mqtt:00:07	4B:28	108	-84.5
2026-10-09T11:49:06.549165	sess_d8343133f6b64b028149b237d653fc89	watch_01	00:02	00:02	mqtt:00:02	E8:D0	74	-73.0
2026-10-09T11:49:07.881930	sess_e73be46a44d04425ba2edcf7dabf0c66	watch_01	00:07	00:07	mqtt:00:07	2D:72	98	-85.0
2026-10-09T11:49:08.795911	sess_27efe826683047b5b44a113783a63b86	watch_01	00:07	00:07	mqtt:00:07	46:C2	131	-84.0
2026-10-09T11:49:09.571868	sess_a4dbf68279e0488e89883e478d63870c	watch_01	00:08	00:08	mqtt:00:08	14:3B	61	-67.0
2026-10-09T11:49:10.693432	sess_1ca43fe097274322a0f96d5c0de7c1fc	watch_01	00:02	00:02	mqtt:00:02	39:5F	78	-72.0
2026-10-09T11:49:11.436360	sess_46af66538d574c8685599429c168d879	watch_01	00:07	00:07	mqtt:00:07	A7:B4	149	-85.0
2026-10-09T11:49:12.584624	sess_6992b246f8dd46f39472d80c4e6bdb5a	watch_01	00:08	00:08	mqtt:00:08	1A:E7	60	-69.0
2026-10-09T11:49:13.293277	sess_6baf6461223d45f38df56e645f1e01d9	watch_01	00:02	00:02	mqtt:00:02	01:05	79	-70.0
2026-10-09T11:49:14.163778	sess_d2a4c657c8784470ab4d940eb64a6bc9	watch_01	00:07	00:07	mqtt:00:07	EA:AF	155	-83.0
2026-10-09T11:49:15.173355	sess_11acb485f84d496792c5282b8e144d41	watch_01	00:02	00:02	mqtt:00:02	7D:16	72	-71.5
2026-10-09T11:49:15.851439	sess_b42f40c4c4ea40f2819af52fe75fea04	watch_01	00:07	00:07	mqtt:00:07	D0:0A	137	-80.5
2026-10-09T11:49:16.514444	sess_807b669e318d40648f03680cebb99aeb	watch_01	00:08	00:08	mqtt:00:08	CA:FC	67	-75.5
2026-10-09T11:49:17.246475	sess_b39914d29fbe4750a8b9af0d65e6f351	watch_01	00:02	00:02	mqtt:00:02	A9:73	63	-69.0
2026-10-09T11:49:18.203519	sess_031420baa41041a4bc844c3843f2499f	watch_01	00:02	00:02	mqtt:00:02	BB:B7	78	-67.5
2026-10-09T11:49:20.010520	sess_d3f75c71175e42ae9d6c0caecb5df607	watch_01	00:07	00:07	mqtt:00:07	71:03	122	-78.0
2026-10-09T11:49:21.013044	sess_23b126b8a2684e0eb37b039594739d8b	watch_01	00:08	00:08	mqtt:00:08	69:8C	56	-72.5
2026-10-09T11:49:22.096837	sess_668f73b3caaa4604aada78759e620db3	watch_01	00:08	00:08	mqtt:00:08	96:52	61	-70.5
2026-10-09T11:49:23.254222	sess_c688a6789ed041c1a12f1a833c1d5747	watch_01	00:02	00:02	mqtt:00:02	C9:3D	71	-71.5
2026-10-09T11:49:24.150350	sess_c9600449f9304b598903e338b0989975	watch_01	00:08	00:08	mqtt:00:08	29:AB	66	-70.0
2026-10-09T11:49:25.063054	sess_439bea0a9f6e463ca524253b214b0175	watch_01	00:07	00:07	mqtt:00:07	A7:7A	126	-75.0
2026-10-09T11:49:26.028201	sess_d72ec50b39564ec7a7f2bfd32458600d	watch_01	00:08	00:08	mqtt:00:08	B0:A9	57	-77.0
2026-10-09T11:49:26.753524	sess_c2e323bfe15e4919893c40d165a5aa9b	watch_01	00:02	00:02	mqtt:00:02	24:9F	74	-70.0
2026-10-09T11:49:27.398872	sess_57afffeb77c345efae6b4c0288ff4ed9	watch_01	00:08	00:08	mqtt:00:08	0A:68	58	-71.0
2026-10-09T11:49:28.289109	sess_b23ebadb420f43178b6a07a251ff2a46	watch_01	00:07	00:07	mqtt:00:07	6C:AF	109	-77.0
2026-10-09T11:49:29.059104	sess_a3e63ba6fb2341ba81fb0b46a6729601	watch_01	00:08	00:08	mqtt:00:08	BF:25	56	-71.0
2026-10-09T11:49:29.878595	sess_982bddf4fbcf40cfbbfd7eb265b21b86	watch_01	00:02	00:02	mqtt:00:02	BB:AD	102	-78.5
2026-10-09T11:49:30.879291	sess_3aca712d13b947708c724541d64be680	watch_01	00:07	00:07	mqtt:00:07	6A:07	108	-81.5
2026-10-09T11:49:32.648000	sess_1e1689f6cda641f18eb167c6e48f1cb7	watch_01	00:08	00:08	mqtt:00:08	15:D6	52	-66.5
2026-10-09T11:49:33.440840	sess_710ff6e0c8c14f3e885f691f13a72d7a	watch_01	00:07	00:07	mqtt:00:07	0A:8D	171	-82.0
2026-10-09T11:49:34.117180	sess_a8d9eb882d5f48fcadddc079ac967eb2	watch_01	00:02	00:02	mqtt:00:02	06:E3	73	-66.0
2026-10-09T11:49:35.097519	sess_0493090b7d4b43beb772909546aef1fd	watch_01	00:08	00:08	mqtt:00:08	16:59	83	-78.5
2026-10-09T11:49:36.489608	sess_75d2940a78d84391af929678790c647e	watch_01	00:02	00:02	mqtt:00:02	AB:9D	78	-75.0
2026-10-09T11:49:38.463238	sess_3861325ce419433e91750c72406cfff4	watch_01	00:07	00:07	mqtt:00:07	41:47	117	-82.0
2026-10-09T11:49:39.611907	sess_9426fa5b42064bea953296fec67f841c	watch_01	00:08	00:08	mqtt:00:08	CB:45	123	-80.0
2026-10-09T11:49:40.649352	sess_71661c9138c54ff29d27703681d7e135	watch_01	00:07	00:07	mqtt:00:07	A5:DD	123	-81.5
2026-10-09T11:49:41.652686	sess_640f7b1e1a9f4b4c9a48b0edd8bec2f8	watch_01	00:08	00:08	mqtt:00:08	CD:C5	76	-74.0
2026-10-09T11:49:42.990802	sess_148afc5b9e0947d68b9be6c7c38f05a2	watch_01	00:02	00:02	mqtt:00:02	46:7E	72	-71.5
2026-10-09T11:49:43.640352	sess_965c9118eeaf4da192b68d010c3ee6d2	watch_01	00:08	00:08	mqtt:00:08	F2:AA	111	-76.5
2026-10-09T11:49:44.562530	sess_5e36e7ae2f904b7c8cb77bacf8bb71cf	watch_01	00:02	00:02	mqtt:00:02	DA:B0	69	-71.5
2026-10-09T11:49:45.589726	sess_4f2962b49ced479bbc06f8193b1e715c	watch_01	00:07	00:07	mqtt:00:07	07:CF	121	-82.0
2026-10-09T11:49:46.242962	sess_c104dfe490a940bcb30da6363a9701fc	watch_01	00:08	00:08	mqtt:00:08	CD:42	88	-78.0
2026-10-09T11:49:47.544747	sess_7bc5e3fbddf74dbab177d699feae58ca	watch_01	00:02	00:02	mqtt:00:02	F6:27	53	-78.5
2026-10-09T11:49:50.696368	sess_9e9f3893156c4c5dbbf0ebe042ae34d3	watch_01	00:07	00:07	mqtt:00:07	9A:AD	112	-81.0
2026-10-09T11:49:51.325944	sess_263e8e72324745c4afde67535322e5f5	watch_01	00:08	00:08	mqtt:00:08	D5:85	67	-70.5
2026-10-09T11:49:52.135474	sess_cc11a455357b44a688bc28150f2671fb	watch_01	00:02	00:02	mqtt:00:02	D1:B0	87	-75.0
2026-10-09T11:49:53.157635	sess_1a1c96c64c24469387009c4c4c570db9	watch_01	00:07	00:07	mqtt:00:07	40:87	110	-82.0
2026-10-09T11:49:53.799459	sess_ba207d750f66477598119119ea747a98	watch_01	00:08	00:08	mqtt:00:08	DE:67	72	-67.0
2026-10-09T11:49:54.406036	sess_9e42d26d9b774af0b6e25f267ee0375e	watch_01	00:07	00:07	mqtt:00:07	7D:D1	123	-84.5
2026-10-09T11:49:55.315343	sess_904789b88dbe497c96f35e06e53de041	watch_01	00:02	00:02	mqtt:00:02	8C:E6	98	-76.0
2026-10-09T11:49:56.520717	sess_128fba43953c457db7fab232adccdaad	watch_01	00:08	00:08	mqtt:00:08	21:19	69	-70.5
2026-10-09T11:49:57.305486	sess_4e4e5167f8c64deaa8481528119ef03b	watch_01	00:07	00:07	mqtt:00:07	7A:72	114	-79.0
2026-10-09T11:49:58.285612	sess_969c152a482e4239bd5ca6db15d994f8	watch_01	00:02	00:02	mqtt:00:02	E3:63	41	-63.0
2026-10-09T11:49:58.989034	sess_a1e2e899aaf241258378289caae92948	watch_01	00:08	00:08	mqtt:00:08	1B:D5	59	-76.0
2026-10-09T11:50:00.220994	sess_662435138a754384a976079d05f59e2c	watch_01	00:08	00:08	mqtt:00:08	FD:CE	60	-73.5
2026-10-09T11:50:05.287770	sess_d2918e54ba0348d09d5c677085d57144	watch_01	00:02	00:02	mqtt:00:02	0D:07	-1	-1
2026-10-09T11:50:43.887027	sess_d567d7c99c1f4d95ac8522c83c08339d	watch_01	00:07	00:07	mqtt:00:07	4B:37	145	-81.5
2026-10-09T11:50:44.727238	sess_09a7691fba1b434bbe094fa24f34ace9	watch_01	00:08	00:08	mqtt:00:08	D3:5D	94	-75.5
2026-10-09T11:50:45.404804	sess_fb7f8459c1634118b669a9818f8b0252	watch_01	00:08	00:08	mqtt:00:08	9F:13	92	-76.5
2026-10-09T11:50:47.104318	sess_a50a87f1d19a4d54927d739a481475f0	watch_01	00:07	00:07	mqtt:00:07	5E:C6	153	-78.5
2026-10-09T11:50:47.913371	sess_c164e69cf2504a1d8681bf4aa6b3ab5b	watch_01	00:08	00:08	mqtt:00:08	B3:75	99	-74.5
2026-10-09T11:50:52.988525	sess_9875777840ca49fcbb157c884fd489aa	watch_01	00:07	00:07	mqtt:00:07	81:09	-1	-1
2026-10-09T11:50:53.956660	sess_32cf6781575445dea8c0b42544147b39	watch_01	00:02	00:02	mqtt:00:02	EB:52	45	-70.5
2026-10-09T11:50:54.832280	sess_f35a9c31a8c9493a8c88412c19f25e00	watch_01	00:08	00:08	mqtt:00:08	AB:3C	92	-80.5
2026-10-09T11:50:55.480175	sess_9c776ff38f8c4201a363936bd1fc7558	watch_01	00:08	00:08	mqtt:00:08	A7:B3	95	-80.0
2026-10-09T11:50:56.319480	sess_7191ba17846b4427a3513cd1b459994b	watch_01	00:08	00:08	mqtt:00:08	40:32	116	-80.0
2026-10-09T11:50:57.129996	sess_7ece8b49ac094059a03a115d4d16daf5	watch_01	00:02	00:02	mqtt:00:02	44:91	43	-69.0
2026-10-09T11:51:02.221563	sess_779498b252a24da08408436740e8a7e9	watch_01	00:08	00:08	mqtt:00:08	9A:5B	-1	-1
2026-10-09T11:51:02.867748	sess_3581c6cd77fa4f9aba6fa2eae592a926	watch_01	00:08	00:08	mqtt:00:08	CB:68	104	-80.5
2026-10-09T11:51:03.489267	sess_f0a64be0deac4941a84992af9c55b3b8	watch_01	00:08	00:08	mqtt:00:08	0A:2F	105	-78.0
2026-10-09T11:51:04.470725	sess_aa6de69900894aa49e3cc3965f76a2e7	watch_01	00:02	00:02	mqtt:00:02	57:A8	46	-66.0
2026-10-09T11:51:05.422690	sess_8a4b3bc449cd40aaaca52808060c44fc	watch_01	00:02	00:02	mqtt:00:02	33:91	38	-67.5
2026-10-09T11:51:06.910003	sess_f2ac785de34b4a8e8111245f07b412fb	watch_01	00:07	00:07	mqtt:00:07	2D:C0	152	-79.5
2026-10-09T11:51:07.820128	sess_dde2734cfe0d4048a94eaf32c198f7f5	watch_01	00:08	00:08	mqtt:00:08	E3:41	102	-78.5
2026-10-09T11:51:08.440247	sess_7e8cd3d2bb8d43168c74f00b6b9210d0	watch_01	00:07	00:07	mqtt:00:07	63:61	149	-77.5
2026-10-09T11:51:09.203089	sess_9ba6968a8cfe4fc1811187b38fab3a83	watch_01	00:02	00:02	mqtt:00:02	AE:03	47	-64.5
2026-10-09T11:51:14.288265	sess_ef787a72f560407aa54cbece63cef57f	watch_01	00:07	00:07	mqtt:00:07	8C:53	-1	-1
2026-10-09T11:51:33.216547	sess_13b22fc6f8db400bbb84385a8ccab402	watch_01	00:02	00:02	mqtt:00:02	0E:93	71	-74.0
2026-10-09T11:51:34.052020	sess_e416523c5d76462d98c1531195b31d26	watch_01	00:08	00:08	mqtt:00:08	B2:AF	84	-70.5
2026-10-09T11:51:35.139241	sess_8db9e84bc4204b4aacc43b729566b545	watch_01	00:08	00:08	mqtt:00:08	2A:F6	91	-71.0
2026-10-09T11:51:37.455084	sess_0c8d8144c4054b488db6eb6e4d213886	watch_01	00:02	00:02	mqtt:00:02	13:6D	65	-69.0
2026-10-09T11:51:38.199538	sess_a2913e86893a42b5bb6ffe11bf279e1f	watch_01	00:08	00:08	mqtt:00:08	19:BB	46	-85.5
2026-10-09T11:51:39.234806	sess_ff69af698fe3498daf4a6572062988dd	watch_01	00:07	00:07	mqtt:00:07	B1:ED	72	-85.5
2026-10-09T11:51:39.881158	sess_f92a1cec95804859959336eb6edd9ad8	watch_01	00:02	00:02	mqtt:00:02	FE:E0	99	-82.0
2026-10-09T11:51:41.087688	sess_38e0817dada14c7f83ccd5fc7defee77	watch_01	00:08	00:08	mqtt:00:08	8A:52	91	-72.5
2026-10-09T11:51:42.131325	sess_6bc0e987d7804d5daac770300cd47df3	watch_01	00:02	00:02	mqtt:00:02	32:11	59	-77.0
2026-10-09T11:51:42.817663	sess_b49e38789f8347eea7e22545dfa8c490	watch_01	00:07	00:07	mqtt:00:07	F0:FC	92	-76.0
2026-10-09T11:51:43.677693	sess_a2f5174b77b04966a0207aaa3644dec6	watch_01	00:08	00:08	mqtt:00:08	27:FB	97	-77.5
2026-10-09T11:51:44.329154	sess_51a2eab90d0542bc8b4f50af864d4daa	watch_01	00:02	00:02	mqtt:00:02	76:81	76	-76.0
2026-10-09T11:51:45.830678	sess_51f07fb757014b33bc7010d1c1c4e6dd	watch_01	00:07	00:07	mqtt:00:07	E4:2A	114	-79.0
2026-10-09T11:51:46.754005	sess_16c13aff5c8942d7a4e343e6a36e0c3f	watch_01	00:08	00:08	mqtt:00:08	DA:F4	101	-68.5
2026-10-09T11:51:48.058644	sess_5cff140a5e5141739f261a0a9625f7d0	watch_01	00:02	00:02	mqtt:00:02	94:A7	67	-78.0
2026-10-09T11:51:49.002378	sess_a6ddcd32fb0041a68d11181beba474ce	watch_01	00:07	00:07	mqtt:00:07	9D:84	130	-79.5
2026-10-09T11:51:49.552183	sess_6a73dd398ca44ea38866e9ec5ca7364e	watch_01	00:08	00:08	mqtt:00:08	49:5A	88	-71.5
2026-10-09T11:51:50.320218	sess_40bf4c4f099342f4b3498cfc6ed84412	watch_01	00:02	00:02	mqtt:00:02	B3:D9	69	-75.5
2026-10-09T11:51:50.996116	sess_22313c28738a46febf212a6dee6d836d	watch_01	00:07	00:07	mqtt:00:07	50:20	117	-81.0
2026-10-09T11:52:02.910540	sess_9b75d56909494898af69380e8a6662bc	watch_01	00:07	00:07	mqtt:00:07	53:CF	105	-80.5
2026-10-09T11:52:03.799366	sess_42deb8c8726a4318b9f12b97b2bcd6a2	watch_01	00:02	00:02	mqtt:00:02	D4:7A	72	-72.0
2026-10-09T11:52:04.919585	sess_f1b876ef0a14430abae178af0000bbb8	watch_01	00:07	00:07	mqtt:00:07	1A:F7	100	-81.5
2026-10-09T11:52:05.788776	sess_95c12a939df9434dafb3a8a2d115f148	watch_01	00:08	00:08	mqtt:00:08	F7:58	76	-77.5
2026-10-09T11:52:08.956876	sess_4e04ef3a564743898f91bf36ca5a2c92	watch_01	00:07	00:07	mqtt:00:07	E7:D3	96	-79.5
2026-10-09T11:52:09.593735	sess_b70619952edd4211bf696c3306029456	watch_01	00:02	00:02	mqtt:00:02	56:C6	80	-73.0
2026-10-09T11:52:10.156641	sess_44a0b5f5cdf54bb0b20023ae7735af0e	watch_01	00:08	00:08	mqtt:00:08	1D:22	83	-74.0
2026-10-09T11:52:10.756915	sess_c64067471a1e4619b79aba164b096fa6	watch_01	00:07	00:07	mqtt:00:07	B0:1D	102	-80.5
2026-10-09T11:52:11.537426	sess_3dcc7575237444d59846e94653947084	watch_01	00:02	00:02	mqtt:00:02	87:E7	74	-79.5
2026-10-09T11:52:12.335561	sess_79e25482654d4bcfa14b615311acbc9d	watch_01	00:02	00:02	mqtt:00:02	B0:36	93	-75.5
2026-10-09T11:52:13.356754	sess_6bbec5ef261a414783f7737996eb15a4	watch_01	00:07	00:07	mqtt:00:07	F0:48	105	-78.0
2026-10-09T11:52:14.257902	sess_f69c3dc4b4ef438ca203cb7a176ad5d7	watch_01	00:02	00:02	mqtt:00:02	1D:17	74	-77.5
2026-10-09T11:52:15.154693	sess_77507cee438c48e7915df2f26b4723fb	watch_01	00:07	00:07	mqtt:00:07	02:8F	112	-77.5
2026-10-09T11:52:15.941199	sess_044935b3972540dd9283815309355997	watch_01	00:08	00:08	mqtt:00:08	E8:40	72	-78.0
2026-10-09T11:52:17.208262	sess_9bf4708e5d524413a2a14b431d830453	watch_01	00:07	00:07	mqtt:00:07	12:CC	107	-78.0
2026-10-09T11:52:18.027718	sess_a4c8f6d0425840f7b6d6802407b950fc	watch_01	00:02	00:02	mqtt:00:02	C8:C8	63	-79.5
2026-10-09T11:52:18.916793	sess_62d7a7f3174140b58c04cc8a3bbb2000	watch_01	00:08	00:08	mqtt:00:08	4F:F8	94	-69.5
2026-10-09T11:52:19.821104	sess_3df77aa95fc440de8eac37a2ee11345f	watch_01	00:07	00:07	mqtt:00:07	37:DB	108	-77.5
2026-10-09T11:52:20.791514	sess_2fd400d8a374465dbbf19460f98763bd	watch_01	00:02	00:02	mqtt:00:02	4E:D5	77	-74.0
2026-10-09T11:52:21.612335	sess_804ef67cbd7f4e918b62d6d7fcf6311d	watch_01	00:08	00:08	mqtt:00:08	2B:7D	91	-70.5
2026-10-09T11:52:22.542095	sess_ce6b0544f3e84a96ae65de82805dcae8	watch_01	00:07	00:07	mqtt:00:07	96:34	101	-80.0
2026-10-09T11:52:23.217796	sess_83f8b430fd5f427ab37e4c8c04c86493	watch_01	00:02	00:02	mqtt:00:02	D0:2D	82	-73.0
2026-10-09T11:52:24.279449	sess_2750d735b8aa4d5fbba362971748ac88	watch_01	00:07	00:07	mqtt:00:07	2A:6C	100	-81.0
2026-10-09T11:52:25.090967	sess_28d7227d42bf49bcbc62f6383569f124	watch_01	00:08	00:08	mqtt:00:08	5A:EB	88	-72.0
2026-10-09T11:52:26.717388	sess_9c30c893090040a6b0ab571aab2bc2d2	watch_01	00:07	00:07	mqtt:00:07	12:A1	100	-81.0
2026-10-09T11:52:27.529256	sess_a198d160077b40c9a3aeba9fe8e60b13	watch_01	00:02	00:02	mqtt:00:02	C0:E0	62	-79.5
2026-10-09T11:52:28.471292	sess_7d740946a1c34d429da931e9e1ea13c0	watch_01	00:08	00:08	mqtt:00:08	56:35	99	-78.5
2026-10-09T11:52:29.342141	sess_8094447632f0469883fed61b68f7e8cc	watch_01	00:02	00:02	mqtt:00:02	92:9C	71	-76.5
2026-10-09T11:52:30.103928	sess_21e8277c680f4c2bac9a3ca95ea0460d	watch_01	00:07	00:07	mqtt:00:07	67:34	104	-78.0
2026-10-09T11:52:31.356974	sess_854c711e564b4d91b74efea5a58d4694	watch_01	00:02	00:02	mqtt:00:02	18:45	72	-77.0
2026-10-09T11:52:32.877322	sess_411fc17fab194fbb992c42fdd7298976	watch_01	00:07	00:07	mqtt:00:07	C7:C2	102	-78.5
2026-10-09T11:52:34.204593	sess_1050fc0a394449db9f2e6a6274273aaa	watch_01	00:08	00:08	mqtt:00:08	87:F9	90	-72.0
2026-10-09T11:52:35.241799	sess_f4e31502b9e846ccad7b2c212577b2a9	watch_01	00:08	00:08	mqtt:00:08	86:E6	86	-74.0
2026-10-09T11:52:36.375966	sess_e00500308375430ea11dfc551dd3ad85	watch_01	00:07	00:07	mqtt:00:07	B5:28	104	-78.0
2026-10-09T11:52:37.348235	sess_df977d877b074278bb57e893ff8e0a8d	watch_01	00:02	00:02	mqtt:00:02	EC:30	105	-80.0
2026-10-09T11:52:38.160657	sess_705e80ec7ca04d4b958281f521aff765	watch_01	00:07	00:07	mqtt:00:07	89:B1	105	-78.0
2026-10-09T11:52:39.062607	sess_2e511396fd4f491386a60a352fd30248	watch_01	00:08	00:08	mqtt:00:08	B6:57	81	-76.5
2026-10-09T11:52:39.678175	sess_2b89a786258c40eb95f0d731efc407dd	watch_01	00:02	00:02	mqtt:00:02	ED:27	71	-88.0
2026-10-09T11:52:40.867594	sess_d5ebffa72ac348119077a5828f6c0b78	watch_01	00:02	00:02	mqtt:00:02	78:94	76	-76.5
2026-10-09T11:52:41.377263	sess_ae5bf02624ef4dfa8e445f253fdbab29	watch_01	00:07	00:07	mqtt:00:07	9D:05	106	-78.5
2026-10-09T11:52:42.491026	sess_836478d8362d4b1db175d8d6dd2a1482	watch_01	00:08	00:08	mqtt:00:08	F3:CA	84	-75.0
2026-10-09T11:52:43.124813	sess_2b30adc641c04fa39b3a01a88483286c	watch_01	00:07	00:07	mqtt:00:07	D7:11	100	-80.0
2026-10-09T11:52:43.851583	sess_8e12b627ee3d47cd8da94957b10d0a80	watch_01	00:02	00:02	mqtt:00:02	93:02	75	-77.0
2026-10-09T11:52:44.736036	sess_2ffd87adb8db47f791d176eadf197e66	watch_01	00:02	00:02	mqtt:00:02	D1:73	80	-75.5
2026-10-09T11:52:45.630353	sess_a9af9de3428b4a0cbc37e19aa9db6ce6	watch_01	00:08	00:08	mqtt:00:08	0C:79	73	-79.5
2026-10-09T11:52:46.468234	sess_d36b3f45ae544b6e9eba6eda2bb6c6af	watch_01	00:07	00:07	mqtt:00:07	FA:C7	107	-80.0
2026-10-09T11:52:47.265654	sess_8b2940f370a74834908811b4a38f30dc	watch_01	00:08	00:08	mqtt:00:08	97:3A	92	-74.0
2026-10-09T11:52:48.152683	sess_a7476709077841889b7c661a3f5d1bf3	watch_01	00:02	00:02	mqtt:00:02	95:43	70	-76.5
2026-10-09T11:52:48.982810	sess_3cbea6f8ea49449b8dc0b7113866f7d9	watch_01	00:07	00:07	mqtt:00:07	43:98	111	-76.0
2026-10-09T11:52:49.752350	sess_53ecf5a11b4a4ea69aa99fc02eee0713	watch_01	00:08	00:08	mqtt:00:08	22:96	103	-70.5
2026-10-09T11:52:50.542114	sess_6a339cb93a9549b68ec25b220ff43b9f	watch_01	00:02	00:02	mqtt:00:02	21:35	66	-76.5
2026-10-09T11:52:51.963096	sess_b6995f2fab5c4aedaec76b26fe724158	watch_01	00:07	00:07	mqtt:00:07	EA:58	102	-79.0
2026-10-09T11:52:52.995903	sess_86cf914620a54098bd9e753ba881af0a	watch_01	00:02	00:02	mqtt:00:02	DA:28	90	-80.5
2026-10-09T11:52:55.241744	sess_aa00a4b9e12944d6ad53b970cb6161e3	watch_01	00:07	00:07	mqtt:00:07	E6:B9	108	-78.5
2026-10-09T11:52:56.230444	sess_316eefd3a5934d7787159619d1257603	watch_01	00:08	00:08	mqtt:00:08	94:85	92	-70.5
2026-10-09T11:52:57.044513	sess_d0b70060ddfe465b9a4545996a6047fc	watch_01	00:02	00:02	mqtt:00:02	DD:76	75	-75.5
2026-10-09T11:52:58.904707	sess_83a7c5f06caa48e58f4780a2bc17bca6	watch_01	00:07	00:07	mqtt:00:07	9C:E8	97	-81.0
2026-10-09T11:52:59.882490	sess_6b8af0499adf46c692c60c2dd00ab525	watch_01	00:02	00:02	mqtt:00:02	C8:BF	73	-75.0
2026-10-09T11:53:00.581247	sess_cbc25a80f75a4023b5e848c846b3d634	watch_01	00:08	00:08	mqtt:00:08	9E:56	84	-76.0
2026-10-09T11:53:01.304861	sess_754e8671f14b4d8096856de2cd800535	watch_01	00:07	00:07	mqtt:00:07	8B:8F	106	-76.5
2026-10-09T11:53:06.394315	sess_3288716acecc4d0e899780490301522c	watch_01	00:08	00:08	mqtt:00:08	6C:74	-1	-1
2026-10-09T11:53:07.490601	sess_48c997c29a714edc91839f9074a17d67	watch_01	00:02	00:02	mqtt:00:02	DB:80	94	-72.5
2026-10-09T11:53:08.770808	sess_ce80f0e7fca24aefa3083a0d035272bf	watch_01	00:02	00:02	mqtt:00:02	7C:93	97	-75.0
2026-10-09T11:53:09.464776	sess_74c072e3df534878a2002c967b91af13	watch_01	00:02	00:02	mqtt:00:02	99:AC	82	-74.5
2026-10-09T11:53:11.727805	sess_9e020319c8034b25839ac407d411dad0	watch_01	00:07	00:07	mqtt:00:07	21:6F	92	-80.5
2026-10-09T11:53:13.154771	sess_a8f94f1dbc9d4f9a911fdeb8f40f5b3f	watch_01	00:02	00:02	mqtt:00:02	07:CB	89	-76.5
2026-10-09T11:53:14.001026	sess_b6d47314ce2c41de879ca893cd76ed3d	watch_01	00:02	00:02	mqtt:00:02	72:E1	74	-75.5
2026-10-09T11:53:15.265082	sess_63ea0e63e9f34fa987e6dcca31f62147	watch_01	00:07	00:07	mqtt:00:07	8B:81	90	-81.0
2026-10-09T11:53:16.111522	sess_755aa06b934e46e18594398886f3d9c8	watch_01	00:02	00:02	mqtt:00:02	DD:A7	45	-74.5
2026-10-09T11:53:16.938272	sess_5cefccd478d945199656413ce2e6ffbb	watch_01	00:07	00:07	mqtt:00:07	28:91	94	-79.5
2026-10-09T11:53:17.813655	sess_953224735d1c4c9dad2b15d8e776ea90	watch_01	00:02	00:02	mqtt:00:02	AF:D2	84	-78.0
2026-10-09T11:53:19.268245	sess_a0abc604680e46c4b7a170aae6c74d6e	watch_01	00:08	00:08	mqtt:00:08	C5:3A	124	-82.5
2026-10-09T11:53:19.983112	sess_a3af0316413e457e95a10935cd30c26b	watch_01	00:02	00:02	mqtt:00:02	55:8D	50	-76.5
2026-10-09T11:53:21.003318	sess_d129c920289d4e239b481d6a36ace1b5	watch_01	00:08	00:08	mqtt:00:08	6D:42	84	-72.0
2026-10-09T11:53:21.640977	sess_e5e5823f044641cbac808b31529ff034	watch_01	00:07	00:07	mqtt:00:07	DF:C0	92	-81.5
2026-10-09T11:53:22.992551	sess_53eb04f45a8e4ddab8887f0ac0186120	watch_01	00:07	00:07	mqtt:00:07	12:D4	100	-80.0
2026-10-09T11:53:23.844719	sess_0012e3e0b1594bce8c3fb502097a9e2a	watch_01	00:02	00:02	mqtt:00:02	0B:00	76	-71.5
2026-10-09T11:53:26.852542	sess_947838d446554425a921fb6e6327ba59	watch_01	00:07	00:07	mqtt:00:07	51:60	91	-82.0
2026-10-09T11:53:28.120804	sess_15b85f23f27d4efbb90b33400e1a4adb	watch_01	00:08	00:08	mqtt:00:08	0E:B0	81	-81.0
2026-10-09T11:53:28.932301	sess_c4502ee390754c33aff779ac03a4a605	watch_01	00:02	00:02	mqtt:00:02	72:6C	81	-79.0
2026-10-09T11:53:30.728166	sess_11d088c6c2354cf3a1cef1dd96770244	watch_01	00:07	00:07	mqtt:00:07	08:8E	79	-79.0
2026-10-09T11:53:32.039286	sess_e833c221daa3407bbcf593deb39a4630	watch_01	00:08	00:08	mqtt:00:08	55:DB	78	-75.5
2026-10-09T11:53:33.134277	sess_21a72b89eaa2499083e52ed280f33bc1	watch_01	00:07	00:07	mqtt:00:07	A1:E2	105	-77.5
2026-10-09T11:53:34.220022	sess_0dba68fb722f47d59aa5fc5d1a5b35ad	watch_01	00:02	00:02	mqtt:00:02	B0:C8	40	-58.0
2026-10-09T11:53:34.942662	sess_f0d8e6b28c0d42d1a839ab7037ae3870	watch_01	00:08	00:08	mqtt:00:08	9E:D6	77	-75.5
2026-10-09T11:53:35.808998	sess_274096260a034d4e9c3506dc53975ce9	watch_01	00:08	00:08	mqtt:00:08	03:70	71	-70.5
2026-10-09T11:53:37.053585	sess_72e9f4d325d447329c9e8cda46d28d4d	watch_01	00:07	00:07	mqtt:00:07	60:E7	92	-76.0
2026-10-09T11:53:38.204494	sess_c8752919ccda49f0b4ebe6c8f9ff4a70	watch_01	00:02	00:02	mqtt:00:02	28:97	47	-63.0
2026-10-09T11:53:39.184679	sess_103b48b20e164c97a5e8f006ccea6e3b	watch_01	00:08	00:08	mqtt:00:08	28:91	68	-68.5
2026-10-09T11:53:44.277628	sess_ec6c771c12a84954b81febd99d228b7d	watch_01	00:07	00:07	mqtt:00:07	4F:DB	-1	-1
2026-10-09T11:53:45.137094	sess_4ceef9c8f7494f478b9502a9ccdc61e8	watch_01	00:08	00:08	mqtt:00:08	69:E0	67	-71.0
2026-10-09T11:53:45.939658	sess_d7e3a1c4556241fab8ca26e2fade5816	watch_01	00:07	00:07	mqtt:00:07	29:0E	107	-79.5
2026-10-09T11:53:46.718675	sess_b8e6afbcd01e40efb5728abf93eb1790	watch_01	00:02	00:02	mqtt:00:02	24:A9	39	-64.0
2026-10-09T11:53:47.611263	sess_619d6cd7935c47fe8ed65d86dce01f88	watch_01	00:08	00:08	mqtt:00:08	E4:1F	75	-75.0
2026-10-09T11:53:48.561502	sess_6e65acd5f5aa48629f897461217d342e	watch_01	00:02	00:02	mqtt:00:02	1B:F5	56	-66.0
2026-10-09T11:53:49.442645	sess_5862f4333aa148e89259698f1f342e56	watch_01	00:07	00:07	mqtt:00:07	5E:D8	120	-81.0
2026-10-09T11:53:50.201528	sess_fbcbab865d2a403ab2ea2721605eba70	watch_01	00:08	00:08	mqtt:00:08	27:E5	91	-72.5
2026-10-09T11:53:50.960044	sess_15019e9fab314660877292042b01fdbe	watch_01	00:02	00:02	mqtt:00:02	4C:81	67	-64.0
2026-10-09T11:53:52.170220	sess_64860e674bd94e96a00316c78cd0ebc4	watch_01	00:08	00:08	mqtt:00:08	C9:1F	69	-71.5
2026-10-09T11:53:53.129407	sess_977795d4448d436a83e14cbc040662d0	watch_01	00:02	00:02	mqtt:00:02	73:B2	53	-63.5
2026-10-09T11:53:54.261962	sess_8cdbe5aea92f43c9b875319291750b6d	watch_01	00:07	00:07	mqtt:00:07	2C:A8	104	-78.5
2026-10-09T11:53:55.216686	sess_0f2d2142bfe54f6fadcf6e3de44b7c13	watch_01	00:08	00:08	mqtt:00:08	DA:0D	69	-69.5
2026-10-09T11:53:56.210675	sess_7f8d545037fe4a06855cd60031a3b44b	watch_01	00:08	00:08	mqtt:00:08	A9:C8	76	-73.0
2026-10-09T11:53:57.871296	sess_c49b3f09c704447ba48786fa9b1e6653	watch_01	00:02	00:02	mqtt:00:02	0E:D7	48	-69.0
2026-10-09T11:53:58.928979	sess_987e34194c1e4ee1ae60e8cf15f362b1	watch_01	00:07	00:07	mqtt:00:07	53:AA	98	-81.5
2026-10-09T11:53:59.836863	sess_19ca5b3c8a724a2ab2140e3047ff4abe	watch_01	00:02	00:02	mqtt:00:02	B5:89	52	-67.0
2026-10-09T11:54:00.734369	sess_d88ec2352f2e4731bfc7aa47c453955c	watch_01	00:08	00:08	mqtt:00:08	21:E6	80	-73.0
2026-10-09T11:54:01.301811	sess_1e7fe226062b49b6a9115da59af7cfe3	watch_01	00:02	00:02	mqtt:00:02	D4:46	56	-66.5
2026-10-09T11:54:01.910298	sess_6f05168c6c194220904c2d2aeb58972a	watch_01	00:08	00:08	mqtt:00:08	5B:FD	72	-71.0
2026-10-09T11:54:02.628235	sess_8e31ac69fb254e4eb73b49f3134a0256	watch_01	00:02	00:02	mqtt:00:02	EA:BC	64	-67.5
2026-10-09T11:54:03.702761	sess_68e003c22c824ea99d0c8cce7f791c49	watch_01	00:02	00:02	mqtt:00:02	CD:E2	63	-68.0
2026-10-09T11:54:04.356879	sess_00de70b3a5ce41a8b7d8c087f1dd0028	watch_01	00:07	00:07	mqtt:00:07	6B:74	121	-81.0
2026-10-09T11:54:09.490798	sess_2361cf2552574fe9913756fb4e76b69e	watch_01	00:02	00:02	mqtt:00:02	2A:16	-1	-1
2026-10-09T12:05:08.486375	sess_05ee3c0bd4254b9390f97391e50409d8	watch_01	00:07	00:07	mqtt:00:07	B0:30	93	-80.0
2026-10-09T12:05:09.048669	sess_6cd0cf2ca3024820a865a32dfd883ff1	watch_01	00:08	00:08	mqtt:00:08	2F:A8	86	-70.0
2026-10-09T12:05:09.619656	sess_d4a8dfce19264c7a9bd64cf16b6227e5	watch_01	00:07	00:07	mqtt:00:07	06:6A	93	-80.5
2026-10-09T12:05:10.185065	sess_a0ca86f605884762a27e2a86b4d0076e	watch_01	00:08	00:08	mqtt:00:08	CD:E6	88	-69.5
2026-10-09T12:05:10.783330	sess_bef689c69ccd40eab795d321becac2ca	watch_01	00:07	00:07	mqtt:00:07	14:25	95	-78.0
2026-10-09T12:05:11.549144	sess_395ff1b8205e4ece841d1f170d79e4b2	watch_01	00:07	00:07	mqtt:00:07	9D:4A	95	-80.5
2026-10-09T12:05:12.086069	sess_795bfbbbc71b4c018cf4bbc6fe23da20	watch_01	00:08	00:08	mqtt:00:08	93:A3	87	-70.0
2026-10-09T12:05:12.869592	sess_a7dfea8280cd4d079d14944b747490f1	watch_01	00:07	00:07	mqtt:00:07	CF:BA	94	-79.5
2026-10-09T12:05:13.842376	sess_b706a0ede2c740a988c5cc94d1c026b5	watch_01	00:08	00:08	mqtt:00:08	A7:23	87	-70.0
2026-10-09T12:05:14.552856	sess_13cf5019afc047378ec6414f84654ca2	watch_01	00:07	00:07	mqtt:00:07	80:96	93	-78.0
2026-10-09T12:05:15.195010	sess_d18f03c120d1472ca58f1d594b5dc494	watch_01	00:08	00:08	mqtt:00:08	2C:12	88	-70.0
2026-10-09T12:05:15.885845	sess_3c4493a7baad4760a7de6bc4871f090f	watch_01	00:07	00:07	mqtt:00:07	52:09	99	-78.5
2026-10-09T12:05:16.506928	sess_73b84711d7b9403092ffd27f7e4ba736	watch_01	00:08	00:08	mqtt:00:08	69:B5	87	-70.0
2026-10-09T12:05:17.271989	sess_1038233712164c8fbf7dcf2cb73fd207	watch_01	00:07	00:07	mqtt:00:07	A4:61	94	-79.5
2026-10-09T12:05:18.360789	sess_ba5ae02ddb0048a0a28951280e346117	watch_01	00:08	00:08	mqtt:00:08	7B:6C	86	-70.0
2026-10-09T12:05:19.149135	sess_75d36351de9e4f4f92681a8d07a91b70	watch_01	00:07	00:07	mqtt:00:07	7F:64	95	-80.5
2026-10-09T12:05:20.045434	sess_d52afce740a34b87ba0d0c2c4a0ba8aa	watch_01	00:08	00:08	mqtt:00:08	8D:64	85	-69.5
2026-10-09T12:05:20.772417	sess_e0b348c2d7044053a7a237a427641122	watch_01	00:07	00:07	mqtt:00:07	96:04	92	-78.5
2026-10-09T12:05:21.511679	sess_8b8768764c344ccaae3b5d86b2a16124	watch_01	00:08	00:08	mqtt:00:08	C0:DC	87	-69.5
2026-10-09T12:05:22.338711	sess_97c515ee226b4f438011353d29c85132	watch_01	00:07	00:07	mqtt:00:07	B3:80	99	-78.0
2026-10-09T12:05:22.947050	sess_dec5c81ac59b4a3aae857b8ba9cb0701	watch_01	00:08	00:08	mqtt:00:08	FD:47	87	-70.0
2026-10-09T12:05:23.564306	sess_c3207bf9e33c4118a86b01831f9aed43	watch_01	00:07	00:07	mqtt:00:07	2E:75	92	-78.0
2026-10-09T12:05:24.153353	sess_cf37ff29e717424ba279f4b4389ca0f7	watch_01	00:08	00:08	mqtt:00:08	A1:CE	88	-70.0
2026-10-09T12:05:24.850984	sess_24f05890ee994db2be019466c2ea7c8a	watch_01	00:07	00:07	mqtt:00:07	B5:7D	91	-80.5
2026-10-09T12:05:25.759229	sess_f48a0eed21e546a09388e510d6b73b67	watch_01	00:08	00:08	mqtt:00:08	E5:7B	85	-70.5
2026-10-09T12:05:26.232136	sess_446c23c7451740f9b14a44dd850b9dbc	watch_01	00:07	00:07	mqtt:00:07	CA:2F	94	-80.0
2026-10-09T12:05:27.081913	sess_a8ab325f4f8647daa923def71dbc2d8d	watch_01	00:08	00:08	mqtt:00:08	DE:F9	89	-70.5
2026-10-09T12:05:29.425875	sess_d4435c5759494f38944b7ecbc49c57b5	watch_01	00:00	00:00	mqtt:00:00	94:7E	123	-76.5
2026-10-09T12:05:30.521579	sess_d1bd55d8ad3f4760b896e1a2cb09ec99	watch_01	00:08	00:08	mqtt:00:08	B7:52	88	-70.0
2026-10-09T12:05:31.363256	sess_6260b265481a476cafffcf709b812483	watch_01	00:08	00:08	mqtt:00:08	76:7D	85	-70.0
2026-10-09T12:05:32.150522	sess_ef914b0ab27341388fdbb3c001876db6	watch_01	00:07	00:07	mqtt:00:07	B8:BC	97	-78.5
2026-10-09T12:05:32.986680	sess_1a30cfca2a9244908177a00a64435fa0	watch_01	00:08	00:08	mqtt:00:08	54:8D	89	-69.5
2026-10-09T12:05:33.639127	sess_97d1e060b3564642bf092e70bfb5a383	watch_01	00:00	00:00	mqtt:00:00	3B:B1	119	-79.0
2026-10-09T12:05:34.411155	sess_845d77aedfd64addaddc5043e8e78691	watch_01	00:07	00:07	mqtt:00:07	C7:DD	92	-80.5
2026-10-09T12:05:35.109717	sess_66cd547eccee45f59a5e059bccdccf45	watch_01	00:08	00:08	mqtt:00:08	9F:AF	89	-69.5
2026-10-09T12:05:35.870781	sess_7335bd7d86ca4b3c93e46b0c260aed78	watch_01	00:00	00:00	mqtt:00:00	B6:64	121	-78.5
2026-10-09T12:05:36.802281	sess_f083f28f179244b4a6a8a41f2635a784	watch_01	00:07	00:07	mqtt:00:07	E0:57	93	-80.5
2026-10-09T12:05:37.567430	sess_9a36e6de8552450db4a7dc16d1dfe09d	watch_01	00:08	00:08	mqtt:00:08	39:32	86	-70.0
2026-10-09T12:05:38.622329	sess_01858744fee54fbca8635f2803945db7	watch_01	00:00	00:00	mqtt:00:00	1C:5D	116	-79.5
2026-10-09T12:05:39.280586	sess_4657513410ff4e2bb29c0773fcfe60bc	watch_01	00:07	00:07	mqtt:00:07	AC:32	97	-80.5
2026-10-09T12:05:40.461348	sess_7bb399a452b64fb7b0e58d23f8a99cc4	watch_01	00:08	00:08	mqtt:00:08	EB:E7	85	-70.0
2026-10-09T12:05:41.332523	sess_b638b4cfdb4a42d88dc0859bfdb7bec1	watch_01	00:00	00:00	mqtt:00:00	62:37	116	-80.0
2026-10-09T12:05:42.072734	sess_6268cf5c57f046cb97bea6835fee9f68	watch_01	00:07	00:07	mqtt:00:07	B5:29	90	-78.5
2026-10-09T12:05:47.133225	sess_bcab2bdd430d4652b0eb40cc7f29c742	watch_01	00:08	00:08	mqtt:00:08	24:0F	-1	-1
2026-10-09T12:05:48.745327	sess_f16ebcbd09a44f1fa3e9f501c31081dc	watch_01	00:07	00:07	mqtt:00:07	01:42	93	-80.5
2026-10-09T12:05:49.827773	sess_a23517cc6ef647b6a218bb34a45c8fac	watch_01	00:00	00:00	mqtt:00:00	00:E4	114	-80.0
2026-10-09T12:05:51.236925	sess_2cd542c447054f208560bfb80c82d0b5	watch_01	00:07	00:07	mqtt:00:07	8B:7E	98	-78.5
2026-10-09T12:05:51.980497	sess_3a343b73cce84445a6fde8352f61b849	watch_01	00:07	00:07	mqtt:00:07	12:75	90	-80.5
2026-10-09T12:05:53.001868	sess_767b1f57adc74a409f661486cf79fb68	watch_01	00:00	00:00	mqtt:00:00	E8:AF	100	-84.0
2026-10-09T12:05:54.013809	sess_a1dc699e99ec40a89954cb93fb14c820	watch_01	00:00	00:00	mqtt:00:00	6D:2B	124	-82.0
2026-10-09T12:05:54.650690	sess_811360a3539745a08418884e64aae5e0	watch_01	00:07	00:07	mqtt:00:07	94:03	95	-79.0
2026-10-09T12:05:55.568897	sess_969bf2e486ac4cd482786ecb7b208a6d	watch_01	00:07	00:07	mqtt:00:07	C6:A6	93	-80.0
2026-10-09T12:05:56.461703	sess_ae955c9850614ad4bcb6a33aa5ce8590	watch_01	00:00	00:00	mqtt:00:00	DA:03	105	-82.5
2026-10-09T12:05:57.218922	sess_440123fc664c45f6b85e1cbf5795ea02	watch_01	00:00	00:00	mqtt:00:00	EB:D1	110	-79.5
2026-10-09T12:05:58.950294	sess_635576543e6c4e828f5c14e333989398	watch_01	00:07	00:07	mqtt:00:07	F8:D5	94	-80.5
2026-10-09T12:05:59.819234	sess_0b4add589e4f4d7aa740276c9557a2c0	watch_01	00:07	00:07	mqtt:00:07	7E:99	93	-80.5
2026-10-09T12:06:01.542445	sess_d9221d6a1eb64040ae713b22f7509b57	watch_01	00:08	00:08	mqtt:00:08	A0:F8	85	-69.5
2026-10-09T12:06:02.291418	sess_80cfc48018ca416aa73e0801e1442131	watch_01	00:07	00:07	mqtt:00:07	9D:2A	90	-79.5
2026-10-09T12:06:03.494255	sess_d846475a4876409597578f243c07285f	watch_01	00:08	00:08	mqtt:00:08	76:36	88	-69.5
2026-10-09T12:06:04.266275	sess_8f5b240d40ac41d9a656a4602b512f47	watch_01	00:00	00:00	mqtt:00:00	3A:D6	108	-82.5
2026-10-09T12:06:05.093656	sess_ecfc17820ce84069b2ad9a48af99f382	watch_01	00:08	00:08	mqtt:00:08	E6:60	89	-70.0
2026-10-09T12:06:05.983764	sess_7d7d3c2bf47a49029ed472b70f16a155	watch_01	00:00	00:00	mqtt:00:00	FA:59	122	-82.0
2026-10-09T12:06:06.683704	sess_9f0b4f6b13304a4c9131308002031f13	watch_01	00:07	00:07	mqtt:00:07	8B:61	97	-79.5
2026-10-09T12:06:07.443803	sess_5b468594f49742ceb8e58437dc211356	watch_01	00:08	00:08	mqtt:00:08	45:EE	89	-70.0
2026-10-09T12:06:08.213401	sess_3659fbf6b23e4d7e9d7dfba85a003c1d	watch_01	00:00	00:00	mqtt:00:00	EE:DF	128	-81.0
2026-10-09T12:06:09.205233	sess_99c88a75c063490b9a63aba242d01fe2	watch_01	00:07	00:07	mqtt:00:07	08:E1	97	-78.5
2026-10-09T12:06:10.000215	sess_39c0926bf53a4a47952d0deba3d4d360	watch_01	00:08	00:08	mqtt:00:08	EF:B9	87	-70.0
2026-10-09T12:06:10.931105	sess_cdd4cc2f3d2b4f249193f814b78f6bac	watch_01	00:00	00:00	mqtt:00:00	B5:09	134	-79.5
2026-10-09T12:06:11.769673	sess_d25c153e07bb4e12baee79454f96db07	watch_01	00:00	00:00	mqtt:00:00	33:82	130	-81.0
2026-10-09T12:06:16.856021	sess_e97e11a101aa4cd0bd8297861c6b5b79	watch_01	00:08	00:08	mqtt:00:08	BC:E1	-1	-1
2026-10-09T12:06:26.742438	sess_ca30e1eeafa7488c90c335e341a11fd5	watch_01	00:07	00:07	mqtt:00:07	8B:2D	93	-79.5
2026-10-09T12:06:27.634843	sess_f66e2d1f4e1646cea81177901566a8db	watch_01	00:00	00:00	mqtt:00:00	26:E8	107	-81.0
2026-10-09T12:06:28.833306	sess_7fd87b79a0e645a69b370dce38058df6	watch_01	00:00	00:00	mqtt:00:00	A1:88	99	-83.5
2026-10-09T12:06:30.172741	sess_10750e62e65a428bb0417e63f36a0c6f	watch_01	00:00	00:00	mqtt:00:00	41:58	97	-83.5
2026-10-09T12:06:30.721735	sess_c85f831d5a37492f921a27c830c68a37	watch_01	00:07	00:07	mqtt:00:07	35:9E	94	-79.5
2026-10-09T12:06:33.695118	sess_4a58885d95b34560828361d24d74a757	watch_01	00:07	00:07	mqtt:00:07	F1:DD	92	-80.5
2026-10-09T12:06:36.180481	sess_e3c600c95b5e4391bd2a9b514044755a	watch_01	00:07	00:07	mqtt:00:07	F4:6B	96	-78.5
2026-10-09T12:06:37.270885	sess_e5fb1a4246f14240858a052209569c7c	watch_01	00:07	00:07	mqtt:00:07	73:C1	92	-80.5
2026-10-09T12:06:38.777744	sess_37be9ebedde74dc8b53b6784d18b2a06	watch_01	00:07	00:07	mqtt:00:07	F1:87	92	-77.5
2026-10-09T12:06:40.155884	sess_e81cacaf996d4af6bc91ff29576ebec5	watch_01	00:07	00:07	mqtt:00:07	72:11	92	-78.5
2026-10-09T12:06:41.058151	sess_266dcc3106784b5b820f25577ccb11e9	watch_01	00:00	00:00	mqtt:00:00	36:0A	115	-83.0
2026-10-09T12:06:41.846735	sess_75a9d83fcbe94b14a975acb557b5ad65	watch_01	00:00	00:00	mqtt:00:00	8F:D0	113	-81.0
2026-10-09T12:06:42.848090	sess_3813768acccd45079ad84d8f8896f54c	watch_01	00:07	00:07	mqtt:00:07	31:56	94	-79.5
2026-10-09T12:06:43.498381	sess_cbd784975ac14ac9bd48ef16e47b5ffb	watch_01	00:07	00:07	mqtt:00:07	85:7C	91	-80.0
2026-10-09T12:06:44.327190	sess_be56cc3721d742b7b1722a6a19afc1b5	watch_01	00:08	00:08	mqtt:00:08	DC:E7	87	-70.0
2026-10-09T12:06:45.370167	sess_f6343888bd704de3880557c49663e97a	watch_01	00:08	00:08	mqtt:00:08	2C:2F	90	-69.5
2026-10-09T12:06:46.320841	sess_d9f39fa8590b42e686605cabba827f79	watch_01	00:00	00:00	mqtt:00:00	7A:9F	114	-78.0
2026-10-09T12:06:47.432251	sess_9286f18f7e27429da02d0e7c37f6ccbc	watch_01	00:07	00:07	mqtt:00:07	0B:48	95	-79.5
2026-10-09T12:06:48.456427	sess_76627971bdcc46aebf4a6e675b6c069f	watch_01	00:00	00:00	mqtt:00:00	C4:1A	119	-76.5
2026-10-09T12:06:49.546664	sess_17f6a822d0fe448e8450f51ed2a83a75	watch_01	00:08	00:08	mqtt:00:08	EC:E7	84	-73.0
2026-10-09T12:06:50.650209	sess_5e183c88fcee487992ce4473a74d9cd8	watch_01	00:07	00:07	mqtt:00:07	EF:B7	99	-76.5
2026-10-09T12:06:53.059698	sess_459366aa17484b5d80d5054cbeb49b0c	watch_01	00:00	00:00	mqtt:00:00	0F:A0	114	-77.5
2026-10-09T12:06:53.781918	sess_5b025dd0d0b44c618dbcb9ab6b92b559	watch_01	00:07	00:07	mqtt:00:07	A7:45	99	-75.5
2026-10-09T12:06:54.612225	sess_02fa65cf6ac84debbe3625418e64f148	watch_01	00:08	00:08	mqtt:00:08	1B:2B	167	-70.5
2026-10-09T12:06:55.406089	sess_34deaf7c93a144dfa41f87a0b53c3a77	watch_01	00:06	00:06	mqtt:00:06	2C:BE	134	-76.0
2026-10-09T12:06:55.979017	sess_23d3af9adbed4bbca3a652926f68394d	watch_01	00:00	00:00	mqtt:00:00	58:B2	117	-75.5
2026-10-09T12:06:56.714898	sess_afc0ae839a0d4d3abf109f366f7b974f	watch_01	00:06	00:06	mqtt:00:06	DC:50	128	-79.5
2026-10-09T12:06:57.533896	sess_daa49cfc7096409c9a7bd6911b2a5378	watch_01	00:07	00:07	mqtt:00:07	E5:F1	98	-75.5
2026-10-09T12:06:58.896762	sess_f251f1979765487d815c43f325ba43c7	watch_01	00:00	00:00	mqtt:00:00	CF:74	114	-76.0
2026-10-09T12:06:59.628996	sess_3c41b1994c7848bbbd439017779cda25	watch_01	00:00	00:00	mqtt:00:00	FF:DC	110	-79.0
2026-10-09T12:07:00.566588	sess_bb445fbeed724d6e9a7407b15e762105	watch_01	00:08	00:08	mqtt:00:08	58:0F	64	-63.0
2026-10-09T12:07:01.987346	sess_e95122aafea448779b55211b6570b27c	watch_01	00:06	00:06	mqtt:00:06	31:07	136	-82.0
2026-10-09T12:07:03.024412	sess_47bfc53d019d4d41a4f494843698a023	watch_01	00:07	00:07	mqtt:00:07	3E:91	121	-76.5
2026-10-09T12:07:08.117993	sess_b9c96433fd094bd39d4abf098f166ff5	watch_01	00:08	00:08	mqtt:00:08	4F:A7	-1	-1
2026-10-09T12:07:09.980728	sess_c710969d3d774e599d043a82c2502540	watch_01	00:07	00:07	mqtt:00:07	35:95	121	-77.0
2026-10-09T12:07:10.763445	sess_02abeb58c7894d61b480c8b85c840dc6	watch_01	00:07	00:07	mqtt:00:07	1B:5F	89	-75.5
2026-10-09T12:07:11.839987	sess_661a5bd5234c45aa923956f22703c46a	watch_01	00:00	00:00	mqtt:00:00	17:8F	109	-80.5
2026-10-09T12:07:12.731285	sess_91887d93ba09493c869fd58777ab5eba	watch_01	00:06	00:06	mqtt:00:06	9F:D8	126	-80.5
2026-10-09T12:07:13.629463	sess_92a97039eed6402d956a61d7e72fbab4	watch_01	00:00	00:00	mqtt:00:00	73:6C	105	-83.0
2026-10-09T12:07:14.637933	sess_028ef8d8a64248eba9deef1cfc6cc644	watch_01	00:07	00:07	mqtt:00:07	1D:51	87	-76.0
2026-10-09T12:07:15.390448	sess_0783419028c24169a820083d9dd87a1c	watch_01	00:00	00:00	mqtt:00:00	70:FA	110	-82.0
2026-10-09T12:07:18.040587	sess_bdbeee48fa3d426f89d33a3b84807348	watch_01	00:06	00:06	mqtt:00:06	A3:62	128	-79.5
2026-10-09T12:07:18.930797	sess_ef33bc367dbc4bca8e2c23e52a90aaae	watch_01	00:07	00:07	mqtt:00:07	E2:6F	88	-76.0
2026-10-09T12:07:19.495381	sess_a031272047514125b5dbbe4d0a1e3fc7	watch_01	00:08	00:08	mqtt:00:08	38:66	463	-84.0
2026-10-09T12:07:20.924376	sess_01ecbc61e02f4b98bfab9a147ae63bbf	watch_01	00:06	00:06	mqtt:00:06	6A:80	126	-83.5
2026-10-09T12:07:21.758542	sess_5198636dbd9b4598aba0a09f4a347fcb	watch_01	00:07	00:07	mqtt:00:07	9E:AB	102	-76.5
2026-10-09T12:07:22.326867	sess_03c7e79191c8471eac7cdfb1180376bf	watch_01	00:00	00:00	mqtt:00:00	C2:62	117	-79.5
2026-10-09T12:07:23.426461	sess_941c794b15cc40b19ad6679a8d55c06e	watch_01	00:07	00:07	mqtt:00:07	17:1C	87	-76.0
2026-10-09T12:07:24.268440	sess_3a0722323021487cbe6884d6dc947341	watch_01	00:00	00:00	mqtt:00:00	80:6C	116	-78.0
2026-10-09T12:07:25.057658	sess_6d89cc2403254660b841150cf6c4c0b6	watch_01	00:07	00:07	mqtt:00:07	08:A1	98	-76.5
2026-10-09T12:07:26.003656	sess_d778295c140447f989d60f0f575fd166	watch_01	00:00	00:00	mqtt:00:00	BD:AB	113	-81.0
2026-10-09T12:07:28.431976	sess_5e44bc98c9834ce7a7cfa0deec1fca51	watch_01	00:07	00:07	mqtt:00:07	FF:B0	153	-75.0
2026-10-09T12:07:29.690928	sess_c43a1bcdadad4194aa10621ed128299d	watch_01	00:00	00:00	mqtt:00:00	C3:8D	112	-78.0
2026-10-09T12:07:31.295568	sess_5d195896fc174690a9a0605a2fffa725	watch_01	00:06	00:06	mqtt:00:06	29:75	123	-80.5
2026-10-09T12:07:31.847962	sess_670945f2e1124d35a437cbbf01028064	watch_01	00:08	00:08	mqtt:00:08	FD:70	534	-84.0
2026-10-09T12:07:32.844161	sess_3bee8688700a4e6ea15dc6a0eb45cd8a	watch_01	00:06	00:06	mqtt:00:06	A0:01	124	-81.5
2026-10-09T12:07:33.536854	sess_d47c39c29188456796cdac1c5d940df7	watch_01	00:07	00:07	mqtt:00:07	A9:1A	108	-75.5
2026-10-09T12:07:34.418324	sess_03596f19193746dd83e53f074fdae019	watch_01	00:00	00:00	mqtt:00:00	19:0F	115	-76.5
2026-10-09T12:07:35.099945	sess_eb3ea15c981a45dfa6dd47dac29661ea	watch_01	00:06	00:06	mqtt:00:06	77:06	122	-81.5
2026-10-09T12:07:36.168320	sess_5c3b232d198641308a8e3da38d269fe8	watch_01	00:00	00:00	mqtt:00:00	F0:58	111	-78.5
2026-10-09T12:07:36.824647	sess_0ca14bbeb5b549b48a52dd780b1fcd09	watch_01	00:06	00:06	mqtt:00:06	3D:38	125	-81.0
2026-10-09T12:07:37.880777	sess_acb06208c16a43808229f2a7858b4be8	watch_01	00:07	00:07	mqtt:00:07	0E:90	141	-76.0
2026-10-09T12:07:38.742937	sess_86a866b609774d19818dfd09c829bdd7	watch_01	00:00	00:00	mqtt:00:00	22:04	114	-79.5
2026-10-09T12:07:39.465463	sess_dbf1cee3c901484f831d15ae11d462b1	watch_01	00:06	00:06	mqtt:00:06	A8:68	124	-80.0
2026-10-09T12:07:40.634722	sess_fbcfba6399394e89873eef223986fba2	watch_01	00:07	00:07	mqtt:00:07	DA:C1	110	-75.0
2026-10-09T12:07:41.159286	sess_6a9d3335d8be43a7b79a9145653cdb98	watch_01	00:08	00:08	mqtt:00:08	77:FF	389	-84.0
2026-10-09T12:07:42.158380	sess_bc45db40025a46f28fb0f0570e6c1edb	watch_01	00:06	00:06	mqtt:00:06	C1:31	124	-81.5
2026-10-09T12:07:42.985980	sess_e648e7396f964dfeb20207fad7137739	watch_01	00:00	00:00	mqtt:00:00	EA:3E	112	-79.5
2026-10-09T12:07:43.779904	sess_3e707358833c47eeba0c28f9cf366192	watch_01	00:06	00:06	mqtt:00:06	D7:07	126	-83.0
2026-10-09T12:07:44.769324	sess_ff7c72c3970f49319047785e6c472766	watch_01	00:07	00:07	mqtt:00:07	6C:54	92	-75.0
2026-10-09T12:07:45.828474	sess_8ff41d6ccd924c58b8d6771bea03aef9	watch_01	00:07	00:07	mqtt:00:07	78:FE	118	-76.0
2026-10-09T12:07:50.918344	sess_0e40b5e499f749869964ec61e1ccab3e	watch_01	00:05	00:05	mqtt:00:05	87:41	-1	-1
2026-10-09T12:07:52.036425	sess_a4079c5ef8e542ebafa735f2838b7bf7	watch_01	00:00	00:00	mqtt:00:00	2B:03	107	-82.0
2026-10-09T12:07:52.852747	sess_d6aa88f0c45542b1885f0f889570a3ca	watch_01	00:00	00:00	mqtt:00:00	F4:A4	105	-83.0
2026-10-09T12:07:53.662390	sess_30c601c42de446f6bfafc149e5d6b86c	watch_01	00:06	00:06	mqtt:00:06	80:3B	126	-80.5
2026-10-09T12:07:55.167650	sess_e6903e28d59949989565fd97e6d0c4e2	watch_01	00:06	00:06	mqtt:00:06	15:F5	135	-81.0
2026-10-09T12:07:56.156870	sess_43c46be90e6b4157acf36726b81e704f	watch_01	00:07	00:07	mqtt:00:07	FB:E6	76	-77.5
2026-10-09T12:07:57.195286	sess_d9b8fbaa8655476e9e61de03c31122a8	watch_01	00:08	00:08	mqtt:00:08	74:60	493	-83.5
2026-10-09T12:07:58.127282	sess_eedc7780e60a4463805dfad06167d4c2	watch_01	00:05	00:05	mqtt:00:05	84:F2	46	-68.5
2026-10-09T12:07:59.013237	sess_b1cb7ef8e9ff4fb8901012ac1aebce95	watch_01	00:07	00:07	mqtt:00:07	3F:DA	72	-75.0
2026-10-09T12:08:00.206265	sess_22c7c22610a6454bbf9a092989a7da81	watch_01	00:05	00:05	mqtt:00:05	A7:2A	43	-69.5
2026-10-09T12:08:01.755076	sess_17fd1fa5f5444d8bb1a7d52224819d4d	watch_01	00:00	00:00	mqtt:00:00	6F:85	114	-81.5
2026-10-09T12:08:02.672151	sess_fd785e67ea14480e951984e2579edb28	watch_01	00:07	00:07	mqtt:00:07	2A:B9	85	-78.5
2026-10-09T12:08:03.523371	sess_f2a3721201904960b757cc9190ee82cd	watch_01	00:06	00:06	mqtt:00:06	B2:02	122	-82.0
2026-10-09T12:08:04.327173	sess_08c6d192e2e447958f9957895769efc7	watch_01	00:08	00:08	mqtt:00:08	AD:4D	535	-84.5
2026-10-09T12:08:05.158251	sess_8176611f424e45b589d4db7e63929560	watch_01	00:00	00:00	mqtt:00:00	0C:CF	111	-80.5
2026-10-09T12:08:05.939073	sess_5ab29c81581741d4873972f67f9eb62c	watch_01	00:00	00:00	mqtt:00:00	D5:12	110	-80.0
2026-10-09T12:08:06.608003	sess_789563756cb64409a370d4be9ea243ab	watch_01	00:05	00:05	mqtt:00:05	AF:C8	46	-70.0
2026-10-09T12:08:07.382430	sess_8377ef08d3e2494483bf81ef3e9a363a	watch_01	00:07	00:07	mqtt:00:07	CF:A9	120	-74.5
2026-10-09T12:08:08.021420	sess_e41a7f1a1e534a37ad82cbb3d41be259	watch_01	00:06	00:06	mqtt:00:06	AA:80	126	-81.0
2026-10-09T12:08:09.357390	sess_712d7aaff1f74d829435245f8e2a4429	watch_01	00:07	00:07	mqtt:00:07	5D:82	85	-71.5
2026-10-09T12:08:10.055314	sess_0fbb5587854e4bb0aa5f94e56e2b2d6a	watch_01	00:00	00:00	mqtt:00:00	70:32	110	-82.0
2026-10-09T12:08:11.705097	sess_4a11f55506e34289a6ecc4694e1ef979	watch_01	00:07	00:07	mqtt:00:07	AF:32	152	-76.5
2026-10-09T12:08:12.697507	sess_e622a1f7b32643ceb68605777abda97e	watch_01	00:05	00:05	mqtt:00:05	02:96	48	-69.5
2026-10-09T12:08:13.723152	sess_1ce3617fec894bf1bf0284c09fa8b1b2	watch_01	00:08	00:08	mqtt:00:08	BD:03	392	-84.5
2026-10-09T12:08:14.297876	sess_719d2a9edb11480bbaf972ccc68bd209	watch_01	00:06	00:06	mqtt:00:06	49:00	130	-81.5
2026-10-09T12:08:15.319836	sess_f426494a59114dd99cf599bc6c250b8d	watch_01	00:00	00:00	mqtt:00:00	C0:35	114	-80.5
2026-10-09T12:08:16.489025	sess_41588ea18cfa466889a771670b0548d6	watch_01	00:07	00:07	mqtt:00:07	9A:6D	145	-74.5
2026-10-09T12:08:18.172573	sess_3c91de36ac2c42a89837e33f9762fa21	watch_01	00:05	00:05	mqtt:00:05	D7:B5	47	-70.5
2026-10-09T12:08:18.968532	sess_db99a5a1fcc04cee81c6982435489e9c	watch_01	00:06	00:06	mqtt:00:06	8A:8B	129	-78.0
2026-10-09T12:08:19.516200	sess_64cf3c05bdb24bc2a5012d7f086137d8	watch_01	00:00	00:00	mqtt:00:00	28:86	136	-77.5
2026-10-09T12:08:20.343287	sess_82af5b0c483c414cb49b4780ff20ef1f	watch_01	00:06	00:06	mqtt:00:06	AC:80	128	-78.0
2026-10-09T12:08:21.034907	sess_1c5f6c1666e34b42a88655d7af23b6f0	watch_01	00:08	00:08	mqtt:00:08	93:29	419	-85.0
2026-10-09T12:08:22.012157	sess_636fe148712b450ca06597b54813fb98	watch_01	00:07	00:07	mqtt:00:07	1D:E2	129	-75.5
2026-10-09T12:08:23.667754	sess_58e7b5620d994d43994a76c678da37f2	watch_01	00:05	00:05	mqtt:00:05	1E:F8	48	-70.5
2026-10-09T12:08:24.967809	sess_7db060e8a65640c5977acef69b988887	watch_01	00:06	00:06	mqtt:00:06	24:8F	132	-79.0
2026-10-09T12:08:25.858699	sess_e72e9a4efeb34099948298c0dc537f7d	watch_01	00:08	00:08	mqtt:00:08	1E:B1	563	-82.0
2026-10-09T12:08:26.941876	sess_2395f72848c14d4d8bc70b2ccfdc25f3	watch_01	00:00	00:00	mqtt:00:00	0C:EA	131	-79.5
2026-10-09T12:08:32.025689	sess_57042debd0bb42e7b09e1ad81cb660d6	watch_01	00:05	00:05	mqtt:00:05	9E:BE	-1	-1
2026-10-09T12:08:34.081480	sess_6dad0246728d44a49643ea7e77a0673b	watch_01	00:07	00:07	mqtt:00:07	C5:99	111	-74.0
2026-10-09T12:08:34.949602	sess_dfa3955160e54d0ca38e635d6b3c4347	watch_01	00:07	00:07	mqtt:00:07	CF:CE	115	-74.0
2026-10-09T12:08:35.727776	sess_1fe284a6b74947e18fcbe76af1d01296	watch_01	00:07	00:07	mqtt:00:07	59:AE	114	-74.5
2026-10-09T12:08:36.334579	sess_d449bf78a98a4f57a49378f2d626a4c6	watch_01	00:06	00:06	mqtt:00:06	42:C8	126	-81.5
2026-10-09T12:08:37.109757	sess_9d1903c63f2b43bfbe94d6f4ec17c9fb	watch_01	00:00	00:00	mqtt:00:00	B8:E2	48	-68.0
2026-10-09T12:08:37.663968	sess_d62b40d867824f12b86ef3647640e534	watch_01	00:05	00:05	mqtt:00:05	B8:DA	27	-72.0
2026-10-09T12:08:38.161298	sess_945f3c493c754f68ab6ecdb66cec2c0a	watch_01	00:08	00:08	mqtt:00:08	0B:54	519	-82.0
2026-10-09T12:08:38.818446	sess_6cefecc940ca449e9f401dba4ccebb0a	watch_01	00:06	00:06	mqtt:00:06	88:C3	140	-78.5
2026-10-09T12:08:39.562614	sess_ffe1ed5a66b6475e807f4b19fc8a65ee	watch_01	00:00	00:00	mqtt:00:00	15:37	51	-59.5
2026-10-09T12:08:40.347063	sess_c64e6d2907954eec995e6a741a5a64b4	watch_01	00:08	00:08	mqtt:00:08	0E:75	552	-84.0
2026-10-09T12:08:41.008981	sess_18767de3d75248e79d2a113c0c10ee24	watch_01	00:06	00:06	mqtt:00:06	86:53	98	-73.5
2026-10-09T12:08:44.184098	sess_69fcecf76d6045219e0374c0ca3bdb3e	watch_01	00:00	00:00	mqtt:00:00	AF:44	289	-84.5
2026-10-09T12:08:45.606187	sess_c9fd25e9af174380856858082a43200b	watch_01	00:06	00:06	mqtt:00:06	E4:6D	91	-71.5
2026-10-09T12:08:46.365654	sess_cac1ed9ca9404093acd66b4d77c2991c	watch_01	00:00	00:00	mqtt:00:00	6A:13	265	-84.5
2026-10-09T12:08:47.210159	sess_1a1fef3563e942a284f3ce6ee7e0e3cf	watch_01	00:05	00:05	mqtt:00:05	D5:40	266	-82.5
2026-10-09T12:08:48.143732	sess_7b9c4183b7404384a7f6f6e28db6bd9d	watch_01	00:06	00:06	mqtt:00:06	17:C2	134	-82.0
2026-10-09T12:08:49.442472	sess_2faa9af0a06d494aacd83a16c9feed6d	watch_01	00:07	00:07	mqtt:00:07	29:67	110	-75.5
2026-10-09T12:08:50.255996	sess_238d606436e149fdbc46ae1f9c828e07	watch_01	00:08	00:08	mqtt:00:08	44:0B	455	-83.0
2026-10-09T12:08:51.124397	sess_6358173d9ec8425fbf0eb7a8588e0a78	watch_01	00:07	00:07	mqtt:00:07	47:39	110	-76.5
2026-10-09T12:08:51.651156	sess_36ed9153de0c46f3bc9912cfc1cd3609	watch_01	00:06	00:06	mqtt:00:06	5A:88	113	-78.5
2026-10-09T12:08:52.466726	sess_c008f7189777453aacafb36de4ae724d	watch_01	00:06	00:06	mqtt:00:06	E7:44	117	-74.5
2026-10-09T12:08:53.243935	sess_d3a571868902497c855ed818e0d72dcb	watch_01	00:00	00:00	mqtt:00:00	85:76	324	-86.0
2026-10-09T12:08:54.744897	sess_093ffd9f4b4c4dedb1d98b0641c5cc2e	watch_01	00:07	00:07	mqtt:00:07	43:81	120	-72.0
2026-10-09T12:08:55.297565	sess_47857179b03a4e028310f5ca6a402614	watch_01	00:05	00:05	mqtt:00:05	CD:65	193	-81.0
2026-10-09T12:08:55.868949	sess_cf6184be554f46e0851a7ae00b9d497a	watch_01	00:06	00:06	mqtt:00:06	8A:9C	108	-70.5
2026-10-09T12:08:56.494316	sess_39e1ee18f28b4100bf74973beb70dd1f	watch_01	00:07	00:07	mqtt:00:07	91:21	116	-74.0
2026-10-09T12:08:57.139252	sess_1fed389d324b4f2e84a2a793ccf7d04e	watch_01	00:00	00:00	mqtt:00:00	00:F0	291	-84.5
2026-10-09T12:08:58.044888	sess_416308baf93c46248d5332ae6660e88f	watch_01	00:06	00:06	mqtt:00:06	C7:1F	98	-69.5
2026-10-09T12:08:58.803288	sess_5ad218121b12427c905a719d28a2f57a	watch_01	00:05	00:05	mqtt:00:05	33:A8	184	-82.0
2026-10-09T12:08:59.374206	sess_1b97b45476bb485597fda94cb626c2a1	watch_01	00:00	00:00	mqtt:00:00	A2:F3	287	-85.0
2026-10-09T12:09:00.197746	sess_7df3bb45059e4c86b4b85fa1bc6282e3	watch_01	00:08	00:08	mqtt:00:08	07:B6	486	-83.5
2026-10-09T12:09:01.271840	sess_84dc704f8117438785c8fa8228d4f515	watch_01	00:07	00:07	mqtt:00:07	34:1C	113	-74.0
2026-10-09T12:09:01.839232	sess_712e79dd6bdc437ea26552b5c72c28d1	watch_01	00:06	00:06	mqtt:00:06	04:78	101	-74.0
2026-10-09T12:09:02.465533	sess_31e7de3e14ce4c4a881631a63b1e2b42	watch_01	00:06	00:06	mqtt:00:06	4E:E5	103	-75.0
2026-10-09T12:09:03.087587	sess_9bfaa347ed93408e888e423f3afcbab7	watch_01	00:05	00:05	mqtt:00:05	44:15	187	-83.0
2026-10-09T12:09:03.858292	sess_1c0ced292d654d6690cb603e9c5397c8	watch_01	00:00	00:00	mqtt:00:00	FC:CF	259	-84.0
2026-10-09T12:09:04.447375	sess_2592a8cd867f40bdb2c5c7823e2b5fd2	watch_01	00:06	00:06	mqtt:00:06	60:4E	118	-75.5
2026-10-09T12:09:05.518982	sess_6b3d3fb40b7c4aed91529a9195cec199	watch_01	00:07	00:07	mqtt:00:07	5B:D6	107	-74.0
2026-10-09T12:09:06.134885	sess_631d22853c464b9b91d6d62a84f165c9	watch_01	00:08	00:08	mqtt:00:08	6C:17	542	-83.5
2026-10-09T12:09:06.773962	sess_6f91513e16f049869cf82fac919296a1	watch_01	00:06	00:06	mqtt:00:06	70:3A	123	-81.0
2026-10-09T12:09:07.465901	sess_96818e054b174365b75de220fe5202d5	watch_01	00:05	00:05	mqtt:00:05	19:42	191	-81.5
2026-10-09T12:09:08.551860	sess_e1b0d3c3b8324ce183fd591ae4e6fed4	watch_01	00:00	00:00	mqtt:00:00	FA:AF	242	-84.0
2026-10-09T12:09:09.467126	sess_dbedfaa6a03044b5bb0ea50cb5e3eadc	watch_01	00:07	00:07	mqtt:00:07	D6:71	111	-75.0
2026-10-09T12:09:10.106877	sess_a5c7523e8f2c4426882d17552ac70a02	watch_01	00:00	00:00	mqtt:00:00	E7:A1	230	-84.5
2026-10-09T12:09:11.662237	sess_3d5bd09d4bdf49f0a9a34dcf2c83ea03	watch_01	00:06	00:06	mqtt:00:06	78:5F	95	-80.0
2026-10-09T12:09:12.316429	sess_34f338513788421f9ac7a57e9d867079	watch_01	00:05	00:05	mqtt:00:05	58:74	187	-82.5
2026-10-09T12:09:13.055211	sess_e45df5e478ba4ab5955cb7be813b6210	watch_01	00:08	00:08	mqtt:00:08	D5:EC	401	-83.0
2026-10-09T12:09:13.677382	sess_b274b3ef0c634eb2a59cb18a9d93b6c8	watch_01	00:00	00:00	mqtt:00:00	3E:15	228	-85.5
2026-10-09T12:09:14.224358	sess_e3d62d44926d4fbcb2644bf89c79fd80	watch_01	00:05	00:05	mqtt:00:05	CF:16	178	-82.0
2026-10-09T12:09:14.807725	sess_11067c77d1bf40858b40706097bd8d56	watch_01	00:07	00:07	mqtt:00:07	71:35	116	-74.5
2026-10-09T12:09:15.614086	sess_740b8a95b8074ff0a681c285fcf934b4	watch_01	00:06	00:06	mqtt:00:06	5D:19	129	-76.0
2026-10-09T12:09:16.418137	sess_482df5c3aae848f5a6801525b65ecbf6	watch_01	00:00	00:00	mqtt:00:00	9D:AE	252	-84.5
2026-10-09T12:09:17.006552	sess_1e2131f5679646119fbbc4899dd408c1	watch_01	00:05	00:05	mqtt:00:05	2E:E0	180	-82.0
2026-10-09T12:09:17.538321	sess_64d46a7d7bdc468696a82087994f70f4	watch_01	00:06	00:06	mqtt:00:06	AC:A3	133	-80.0
2026-10-09T12:09:18.262192	sess_08b7236edd5e4744b32f4b219fdb4861	watch_01	00:08	00:08	mqtt:00:08	34:C0	493	-82.5
2026-10-09T12:09:19.700767	sess_bbc80a78ff484704a518a78b4b632318	watch_01	00:05	00:05	mqtt:00:05	E2:51	190	-81.5
2026-10-09T12:09:21.207263	sess_1728d97755914fa68d03160fc56a6919	watch_01	00:07	00:07	mqtt:00:07	7C:9B	114	-74.0
2026-10-09T12:09:26.303278	sess_baf09347912143d6b9681747a64860e1	watch_01	00:07	00:07	mqtt:00:07	39:DB	-1	-1
2026-10-09T12:09:26.856791	sess_35c081a4e21e466bbf2b3c8ac9b01121	watch_01	00:00	00:00	mqtt:00:00	87:C1	240	-84.0
2026-10-09T12:09:27.542386	sess_f4199dea39ec4431b6a0523947fd5b3f	watch_01	00:00	00:00	mqtt:00:00	78:81	239	-84.5
2026-10-09T12:09:28.148394	sess_c1050e6347e948aeb9cc05bbaffe821d	watch_01	00:06	00:06	mqtt:00:06	1C:D4	108	-77.0
2026-10-09T12:09:28.824475	sess_932e593da8e946c48592a09bdffebfd4	watch_01	00:08	00:08	mqtt:00:08	BC:41	517	-83.0
2026-10-09T12:09:29.487561	sess_8fa0787662bf4603acb16a42b49781f3	watch_01	00:07	00:07	mqtt:00:07	33:2C	114	-73.5
2026-10-09T12:09:30.075742	sess_b2e436bdfe9f4a5e86fe501cc682d1b7	watch_01	00:05	00:05	mqtt:00:05	13:1F	183	-82.5
2026-10-09T12:09:30.662905	sess_51ccba49a4cb400ea46e4a6e611727e4	watch_01	00:07	00:07	mqtt:00:07	B7:54	114	-74.5
2026-10-09T12:09:31.823800	sess_ad4b782187414946b6fa85c34b6ecb3d	watch_01	00:06	00:06	mqtt:00:06	9D:2A	103	-81.0
2026-10-09T12:09:36.917775	sess_110508c04da549cd87a39a65bca91a29	watch_01	00:00	00:00	mqtt:00:00	3A:0C	-1	-1
2026-10-09T12:09:46.077464	sess_5c45061c6f15400c9098c9a07af23370	watch_01	00:06	00:06	mqtt:00:06	89:BD	89	-81.5
2026-10-09T12:09:46.869548	sess_610b128539c54c65a8c16913ab22508d	watch_01	00:05	00:05	mqtt:00:05	8C:48	187	-82.5
2026-10-09T12:09:47.773369	sess_d430869142ad496f9e8ede0bffac9d9c	watch_01	00:07	00:07	mqtt:00:07	FE:E6	110	-73.0
2026-10-09T12:09:48.507561	sess_05bd0c2eeee54aa78799651b0074e330	watch_01	00:08	00:08	mqtt:00:08	E6:F1	527	-84.0
2026-10-09T12:09:49.805044	sess_f699ec499da44a07a7a7be5aad26cc19	watch_01	00:06	00:06	mqtt:00:06	2E:3E	103	-79.0
2026-10-09T12:09:50.623906	sess_0f306289857141d7b6aeea1cbfc86ad2	watch_01	00:05	00:05	mqtt:00:05	D2:87	182	-83.0
2026-10-09T12:09:51.445705	sess_18be0e59804a44bf9f52f0c840d4fe9e	watch_01	00:00	00:00	mqtt:00:00	CF:95	243	-84.0
2026-10-09T12:09:52.106135	sess_5661f5b092c74199afcc02968d48ec5c	watch_01	00:07	00:07	mqtt:00:07	DB:9C	111	-73.5
2026-10-09T12:09:53.443451	sess_c4899065f7544874b4aa93c57c6f9815	watch_01	00:00	00:00	mqtt:00:00	88:99	245	-83.5
2026-10-09T12:09:53.998407	sess_3e6fc434784c4370a9e359ba67b96c7b	watch_01	00:05	00:05	mqtt:00:05	06:C9	188	-81.5
2026-10-09T12:09:54.619814	sess_b639121847d74fb1b9a1f240310fc257	watch_01	00:06	00:06	mqtt:00:06	53:B3	104	-80.0
2026-10-09T12:09:55.432209	sess_b58bed09f3d342d3b074488d838e7c39	watch_01	00:08	00:08	mqtt:00:08	16:35	535	-83.5
2026-10-09T12:09:56.133334	sess_1db7147bc831434dadb18e754bee48f4	watch_01	00:05	00:05	mqtt:00:05	64:A8	186	-82.5
2026-10-09T12:09:56.750296	sess_dafc55648050486f846f35001b879908	watch_01	00:07	00:07	mqtt:00:07	F4:14	112	-74.5
2026-10-09T12:09:58.081958	sess_065ac5c716324318877cb717e63bce51	watch_01	00:00	00:00	mqtt:00:00	4D:B5	256	-84.5
2026-10-09T12:09:58.859210	sess_d523dc497f2a46cf95d9f3e6706732ce	watch_01	00:07	00:07	mqtt:00:07	8B:12	113	-73.5
2026-10-09T12:09:59.751296	sess_d6e8fa418a8f4d86b3001cb5f8efeac8	watch_01	00:05	00:05	mqtt:00:05	14:7D	187	-81.5
2026-10-09T12:10:00.192686	sess_1239ce1c63ec46069fcbb28c01657ee3	watch_01	00:06	00:06	mqtt:00:06	3A:7B	105	-81.5
2026-10-09T12:10:00.915612	sess_2f541d45adff4f6cb88a447d658f90a0	watch_01	00:08	00:08	mqtt:00:08	34:A7	470	-84.0
2026-10-09T12:10:01.408273	sess_c818f32e35984b8e891fc33f485d2aa4	watch_01	00:05	00:05	mqtt:00:05	2B:1A	189	-81.5
2026-10-09T12:10:02.251220	sess_bddd539227b4419db569e98dadf91594	watch_01	00:00	00:00	mqtt:00:00	7A:0E	263	-84.0
2026-10-09T12:10:03.497649	sess_fa6a72df4f694967830f1ab654b51088	watch_01	00:06	00:06	mqtt:00:06	07:7E	126	-75.5
2026-10-09T12:10:04.343709	sess_09e58a08f84f45d699e2491c92102aac	watch_01	00:00	00:00	mqtt:00:00	F9:A3	243	-86.0
2026-10-09T12:10:05.125545	sess_d22573b804a843cab3e7a660d73b9222	watch_01	00:07	00:07	mqtt:00:07	DD:40	116	-75.0
2026-10-09T12:10:05.866806	sess_cf916d8a21d64c319d1b87d8697f8c4d	watch_01	00:05	00:05	mqtt:00:05	22:88	176	-82.5
2026-10-09T12:10:06.607191	sess_38e651d927b740cb8b1ea1b37079a478	watch_01	00:06	00:06	mqtt:00:06	35:B8	106	-80.0
2026-10-09T12:10:07.154683	sess_40c0ff0654bc445ab926f935ebf6459c	watch_01	00:05	00:05	mqtt:00:05	CF:14	182	-82.5
2026-10-09T12:10:07.961725	sess_518b41ce602e4eb5ad1f15cab08d4954	watch_01	00:08	00:08	mqtt:00:08	7A:41	443	-83.0
2026-10-09T12:10:08.802560	sess_ca8e62c3b0a3422e9891c2ff8b47ab6b	watch_01	00:07	00:07	mqtt:00:07	E1:EC	112	-75.0
2026-10-09T12:10:09.425903	sess_08c41442874a44d89b4ee64ba2e4b2de	watch_01	00:00	00:00	mqtt:00:00	E2:76	257	-83.5
2026-10-09T12:10:10.320778	sess_3ca62a8686c74fcb89d08668c5031de5	watch_01	00:05	00:05	mqtt:00:05	DF:FA	190	-82.5
2026-10-09T12:10:11.679858	sess_04edb284791a4e5c8602ad1dd7392108	watch_01	00:06	00:06	mqtt:00:06	E5:4C	108	-77.5
2026-10-09T12:10:12.216358	sess_ac69df028a8c46c288399fd5ce80fa5e	watch_01	00:00	00:00	mqtt:00:00	34:59	264	-84.0
2026-10-09T12:10:12.864957	sess_d42a97df2fc941908269cedb569ed5e1	watch_01	00:07	00:07	mqtt:00:07	F8:8A	111	-74.0
2026-10-09T12:10:13.348859	sess_3583848cc65144e88f88e4185e5170c7	watch_01	00:05	00:05	mqtt:00:05	F4:95	173	-82.5
2026-10-09T12:10:13.960857	sess_80db5e30e04946d88bac05e29c04624c	watch_01	00:07	00:07	mqtt:00:07	A8:38	110	-74.0
2026-10-09T12:10:14.680417	sess_ebf2c30dacb64cc4ac1a1f31d652f14c	watch_01	00:06	00:06	mqtt:00:06	A9:47	104	-76.5
2026-10-09T12:10:15.991045	sess_766ac8cf5ed144c89708c40d3281dd64	watch_01	00:00	00:00	mqtt:00:00	87:6F	238	-85.0
2026-10-09T12:10:17.343749	sess_d054f55af4a4408696a67ca7e7c6cd19	watch_01	00:05	00:05	mqtt:00:05	91:05	168	-82.5
2026-10-09T12:10:17.921299	sess_9d542d884dba4f04a42b5af86cc1ada3	watch_01	00:07	00:07	mqtt:00:07	1D:97	110	-77.0
2026-10-09T12:10:18.706979	sess_e0097641a832497fbbec3e8bb4015f40	watch_01	00:00	00:00	mqtt:00:00	94:7B	263	-84.0
2026-10-09T12:10:19.462244	sess_38f2a5ad15374b8fb37cf072fff5f0ee	watch_01	00:08	00:08	mqtt:00:08	14:7C	479	-83.0
2026-10-09T12:10:20.458809	sess_befcd9527552463894ba921e9a7b7f5c	watch_01	00:05	00:05	mqtt:00:05	DA:20	187	-82.0
2026-10-09T12:10:21.007273	sess_89f3533b45a1471787119bda3a0d8214	watch_01	00:00	00:00	mqtt:00:00	22:C5	248	-84.0
2026-10-09T12:10:21.603609	sess_f0e64711bdf44e558a1e893d313e2840	watch_01	00:07	00:07	mqtt:00:07	32:3E	116	-76.0
2026-10-09T12:10:22.276756	sess_e9df81e390d54856979d64d143473501	watch_01	00:07	00:07	mqtt:00:07	3E:D5	113	-74.5
2026-10-09T12:10:22.814439	sess_04f0bd7613e744a4ae4de1e09bca7076	watch_01	00:00	00:00	mqtt:00:00	9B:0B	250	-84.0
2026-10-09T12:10:23.578282	sess_ea5d0335afb04cccae7ff27c0c908f37	watch_01	00:06	00:06	mqtt:00:06	7D:47	97	-76.5
2026-10-09T12:10:24.325851	sess_daaace29a44743728b46fa848a2e100f	watch_01	00:05	00:05	mqtt:00:05	64:F2	182	-83.0
2026-10-09T12:10:24.911075	sess_96b2ed79403a4bc6a8be8a8083378e86	watch_01	00:08	00:08	mqtt:00:08	02:8F	499	-83.5
2026-10-09T12:10:25.720017	sess_9e0a91497f6142aabdd6741c0c73c3df	watch_01	00:07	00:07	mqtt:00:07	2A:0B	116	-75.0
2026-10-09T12:10:26.437777	sess_a6a74f88a7694820bfbeb222a1dea412	watch_01	00:00	00:00	mqtt:00:00	A6:D6	255	-84.5
2026-10-09T12:10:27.280280	sess_1f370efcf99341bbbc90a0427964b634	watch_01	00:00	00:00	mqtt:00:00	15:B4	257	-84.5
2026-10-09T12:10:27.858278	sess_c8f7e0c9e1eb4dbc8163ae36660f39dd	watch_01	00:05	00:05	mqtt:00:05	A2:BD	188	-83.0
2026-10-09T12:10:28.483562	sess_52bb729f3365418f8851e56b84f46479	watch_01	00:06	00:06	mqtt:00:06	14:BE	101	-73.5
2026-10-09T12:10:29.160844	sess_026d65cf1bdd4def87c77758f258f388	watch_01	00:00	00:00	mqtt:00:00	55:24	256	-84.0
2026-10-09T12:10:29.874851	sess_169db80adb584be29645c3b5a898c803	watch_01	00:08	00:08	mqtt:00:08	D4:78	483	-83.0
2026-10-09T12:10:31.349907	sess_4a14eb14fb204f9ca0e593941b68bed7	watch_01	00:07	00:07	mqtt:00:07	0D:C0	113	-73.5
2026-10-09T12:10:31.872925	sess_38bc1db719a143fa922a8dbbdab68eb1	watch_01	00:07	00:07	mqtt:00:07	48:EF	116	-75.0
2026-10-09T12:10:32.717876	sess_0e2f7a17998b41a6a83e6f20c8d84abd	watch_01	00:00	00:00	mqtt:00:00	AF:13	259	-84.0
2026-10-09T12:10:33.321431	sess_cf7777e781834afa9bbf18032e391e31	watch_01	00:06	00:06	mqtt:00:06	95:22	108	-77.5
2026-10-09T12:10:33.869149	sess_0632cf7a7a344ca09598465d682f33e7	watch_01	00:05	00:05	mqtt:00:05	EE:5B	183	-83.0
2026-10-09T12:10:34.657972	sess_e19325458b38426b93f04cfab7699da1	watch_01	00:07	00:07	mqtt:00:07	86:B3	110	-74.5
2026-10-09T12:10:35.578193	sess_784724fa3ac243b79361996cfe794709	watch_01	00:06	00:06	mqtt:00:06	81:9A	107	-73.0
2026-10-09T12:10:36.424732	sess_a5631b795f9e43e5b4acdb44b584b39b	watch_01	00:00	00:00	mqtt:00:00	2B:7D	250	-85.0
2026-10-09T12:10:38.922774	sess_1efaa6c1a7ce455db51499a862b1fd0e	watch_01	00:07	00:07	mqtt:00:07	16:DC	111	-74.5
2026-10-09T12:10:39.543398	sess_00c5bf9cf4a34c7eabe7e6f8d5c84dc4	watch_01	00:06	00:06	mqtt:00:06	A9:B5	76	-79.0
2026-10-09T12:10:40.140258	sess_89a6fea43bca4d3fb0db7051df2c10e0	watch_01	00:08	00:08	mqtt:00:08	03:F7	476	-81.0
2026-10-09T12:10:41.080518	sess_0e4dd85510d1480788ac42e2c3a59f88	watch_01	00:07	00:07	mqtt:00:07	E0:89	105	-74.0
2026-10-09T12:10:41.805366	sess_c5ec7786ce224200b6ca7a87959425af	watch_01	00:06	00:06	mqtt:00:06	52:17	96	-72.5
2026-10-09T12:10:42.706360	sess_8c438999900440e383514baeabc5d3fe	watch_01	00:06	00:06	mqtt:00:06	11:95	84	-76.0
2026-10-09T12:10:43.216210	sess_ea0e7dd0537840e085a505915c0a73b4	watch_01	00:05	00:05	mqtt:00:05	87:BF	194	-81.0
2026-10-09T12:10:44.284951	sess_895d17eb2c0343799ec234047a889dc5	watch_01	00:00	00:00	mqtt:00:00	4D:42	249	-83.5
2026-10-09T12:10:49.373434	sess_d698fd612d0d49b5bbe8363f6f778175	watch_01	00:06	00:06	mqtt:00:06	97:11	-1	-1
2026-10-09T12:10:50.197085	sess_739472e3ffc14dcfb5d12bd455885618	watch_01	00:05	00:05	mqtt:00:05	AB:24	193	-82.0
2026-10-09T12:10:51.114561	sess_f271d0b9b66141a8a3c526bf68fc06e5	watch_01	00:07	00:07	mqtt:00:07	E2:73	103	-73.0
2026-10-09T12:10:52.525551	sess_a917ae63ad6b4d9684e414a74431c5cb	watch_01	00:07	00:07	mqtt:00:07	97:B0	107	-75.0
2026-10-09T12:10:53.077980	sess_b7183024dc574e309db45cfe6b087fca	watch_01	00:06	00:06	mqtt:00:06	E2:1E	99	-77.5
2026-10-09T12:10:54.023716	sess_fd897c912a574822921de085690d4a9c	watch_01	00:08	00:08	mqtt:00:08	C4:9E	431	-84.0
2026-10-09T12:10:59.117936	sess_5dc81a8785284853ab5e5efaf8107cd8	watch_01	00:00	00:00	mqtt:00:00	9C:1C	-1	-1
2026-10-09T12:11:14.404000	sess_452bec9402e74b538920fc38c2af803a	watch_01	00:03	00:03	mqtt:00:03	31:CB	69	-64.5
2026-10-09T12:11:15.182417	sess_f95306b3bc4d4c4f85e60af894239e16	watch_01	00:07	00:07	mqtt:00:07	F2:9D	109	-74.0
2026-10-09T12:11:15.919854	sess_58634eb9a5d7473a8aa7e043b35e1be2	watch_01	00:07	00:07	mqtt:00:07	91:D3	108	-74.0
2026-10-09T12:11:21.045466	sess_c4fdf7d583cb44748a66312661b8e70c	watch_01	00:07	00:07	mqtt:00:07	0E:D2	-1	-1
2026-10-09T12:11:22.093023	sess_5cb5f2fd8f4c442c8cdd2e974952f86c	watch_01	00:00	00:00	mqtt:00:00	9E:48	230	-82.0
2026-10-09T12:11:23.472432	sess_cbee1c17a27b4da7903ab5e74262f4d3	watch_01	00:08	00:08	mqtt:00:08	89:DF	384	-83.0
2026-10-09T12:11:23.892609	sess_ad1c1f0369104780be4e33932c229626	watch_01	00:03	00:03	mqtt:00:03	60:19	36	-58.0
2026-10-09T12:11:24.786515	sess_9e6fbf8489434cb78c28649d1f735c28	watch_01	00:07	00:07	mqtt:00:07	9A:D4	109	-74.5
2026-10-09T12:11:25.522185	sess_8efdeb7aa9944fe2ad2de3c9cfaa4c7a	watch_01	00:05	00:05	mqtt:00:05	EF:CC	189	-82.5
2026-10-09T12:11:26.268268	sess_9af20d53d73647d085a45e6e82c1c06a	watch_01	00:00	00:00	mqtt:00:00	A9:EB	228	-82.0
2026-10-09T12:11:26.882515	sess_9eb87835b12547c3a708faf64cfdea00	watch_01	00:03	00:03	mqtt:00:03	B0:B9	27	-54.5
2026-10-09T12:11:28.756901	sess_6743afcb760e425d9a185ca999ae3691	watch_01	00:06	00:06	mqtt:00:06	62:5A	122	-73.5
2026-10-09T12:11:29.360405	sess_3a74c0d1f7464371866c360ea853cf9c	watch_01	00:00	00:00	mqtt:00:00	90:3A	225	-82.0
2026-10-09T12:11:30.858944	sess_71cf7215a7404c15b0502fcf70975bcf	watch_01	00:03	00:03	mqtt:00:03	90:09	24	-57.0
2026-10-09T12:11:31.667410	sess_514e690b08074302a63fec94efebb459	watch_01	00:08	00:08	mqtt:00:08	FC:65	411	-83.5
2026-10-09T12:11:32.941943	sess_bef2a796dcbf499f831550129be67f37	watch_01	00:06	00:06	mqtt:00:06	28:8E	89	-80.5
2026-10-09T12:11:33.458917	sess_91f5a6adf68c4db7a24158026e7f1847	watch_01	00:07	00:07	mqtt:00:07	B1:53	107	-75.0
2026-10-09T12:11:34.220088	sess_7f19554313ec484b97a268df6efb6fb0	watch_01	00:05	00:05	mqtt:00:05	91:7E	182	-82.0
2026-10-09T12:11:35.056727	sess_cbadf2c6281649d5b18a62590e5377cf	watch_01	00:00	00:00	mqtt:00:00	61:BF	235	-82.5
2026-10-09T12:11:35.877513	sess_fc1adf821f41411f9baa6b6c4ed772d3	watch_01	00:06	00:06	mqtt:00:06	5B:DD	104	-77.5
2026-10-09T12:11:37.298577	sess_33ab9e93e9644ff79150c8fc58db8f48	watch_01	00:07	00:07	mqtt:00:07	FE:21	105	-74.5
2026-10-09T12:11:38.042443	sess_7c7b499b5a4d4c4e9a76abb0af0575b4	watch_01	00:08	00:08	mqtt:00:08	B2:F6	415	-83.5
2026-10-09T12:11:39.029880	sess_9523ee65151147b0b89355f89cee950c	watch_01	00:03	00:03	mqtt:00:03	55:55	25	-54.5
2026-10-09T12:11:39.771347	sess_6ab8e55853634e128748c224f09861c9	watch_01	00:08	00:08	mqtt:00:08	3E:E0	438	-83.0
2026-10-09T12:11:40.624456	sess_d30f746302054606a609971d01a6919a	watch_01	00:00	00:00	mqtt:00:00	A3:DE	236	-82.0
2026-10-09T12:11:42.069129	sess_7399990ef2a740a8be9df19efebb4f23	watch_01	00:08	00:08	mqtt:00:08	01:5F	406	-83.0
2026-10-09T12:11:43.190613	sess_437b7ea685dc4b6c8595077ed6563029	watch_01	00:07	00:07	mqtt:00:07	78:FA	102	-75.0
2026-10-09T12:11:43.911990	sess_a334a119f2a64968be7f6e71df46d465	watch_01	00:06	00:06	mqtt:00:06	E3:55	108	-77.0
2026-10-09T12:11:45.349251	sess_280a1c626c9b433a90d44add90b35297	watch_01	00:05	00:05	mqtt:00:05	21:4B	199	-81.0
2026-10-09T12:11:46.152721	sess_e4d94717666d4265a5f46509ccea250c	watch_01	00:08	00:08	mqtt:00:08	BE:31	434	-82.5
2026-10-09T12:11:46.909390	sess_de7df9a2122b489b98b932fc02e4d6cd	watch_01	00:05	00:05	mqtt:00:05	36:10	197	-82.0
2026-10-09T12:11:47.830168	sess_91b6bed77fb749069aa9bd1a72b2d421	watch_01	00:03	00:03	mqtt:00:03	AD:27	29	-54.5
2026-10-09T12:11:48.340740	sess_577efb026d4f4b0ab3d5d8ca8aeb16b2	watch_01	00:07	00:07	mqtt:00:07	B4:FC	103	-74.0
2026-10-09T12:11:48.881111	sess_e935a3f89562404895ee85fca301abc0	watch_01	00:00	00:00	mqtt:00:00	3B:43	234	-81.5
2026-10-09T12:11:49.618816	sess_b97dc5a64f50448ea4cb15d26c11a35b	watch_01	00:07	00:07	mqtt:00:07	2B:6F	99	-75.0
2026-10-09T12:11:50.231084	sess_aa619d53ecd648958ad76819d37928c8	watch_01	00:06	00:06	mqtt:00:06	14:18	104	-75.5
2026-10-09T12:11:51.122082	sess_9aea02c374574bc093791a0065d43fc1	watch_01	00:07	00:07	mqtt:00:07	B5:AD	101	-74.5
2026-10-09T12:11:51.775550	sess_5d1d5835fcf94ebb8ee40fd28f7f36bf	watch_01	00:05	00:05	mqtt:00:05	B6:2D	193	-81.5
2026-10-09T12:11:52.620576	sess_ee98e836697d4d5abae75c8ce2a30557	watch_01	00:03	00:03	mqtt:00:03	7B:F4	29	-53.5
2026-10-09T12:11:53.482309	sess_66ae1f42ec3d49e18993a0e227b987c4	watch_01	00:08	00:08	mqtt:00:08	01:6C	398	-83.0
2026-10-09T12:11:54.726627	sess_570d887aba344e8398a39c29f222c928	watch_01	00:07	00:07	mqtt:00:07	2E:B1	103	-74.5
2026-10-09T12:11:55.503822	sess_8e752197aadf4114823e894bf6d004ca	watch_01	00:00	00:00	mqtt:00:00	82:FE	243	-83.5
2026-10-09T12:11:55.967149	sess_91011982fd194cfdb1786800e13717ac	watch_01	00:06	00:06	mqtt:00:06	73:B7	96	-76.0
2026-10-09T12:11:56.577818	sess_fe9505d35eec45fbb12559d3cf33a671	watch_01	00:07	00:07	mqtt:00:07	7C:39	104	-74.0
2026-10-09T12:11:57.471237	sess_234528ac24de45b2af9454e001e733ac	watch_01	00:00	00:00	mqtt:00:00	07:55	247	-84.5
2026-10-09T12:11:58.045690	sess_21f3856612f241fba16669e4ca60f8e6	watch_01	00:00	00:00	mqtt:00:00	CF:8C	248	-83.5
2026-10-09T12:11:58.579286	sess_a62d9806bf6d4808a4419d93698e6798	watch_01	00:08	00:08	mqtt:00:08	CD:E5	400	-83.5
2026-10-09T12:11:59.501326	sess_f3f1f268874445f69eb9e417ec3ada37	watch_01	00:03	00:03	mqtt:00:03	35:23	26	-54.5
2026-10-09T12:12:00.224997	sess_ca4898858f01483c8f31aee07b08de16	watch_01	00:05	00:05	mqtt:00:05	6D:0D	182	-82.0
2026-10-09T12:12:01.015969	sess_93ea630ed1574a7a840b43017419e6ae	watch_01	00:08	00:08	mqtt:00:08	58:F1	400	-83.5
2026-10-09T12:12:02.346236	sess_793e0fddb8984c069edb31a1b28b8f4e	watch_01	00:03	00:03	mqtt:00:03	33:45	30	-54.5
2026-10-09T12:12:02.986585	sess_822efefb3b424ae780c4565590209655	watch_01	00:07	00:07	mqtt:00:07	50:1F	100	-74.5
2026-10-09T12:12:03.761295	sess_2b93c7027bd44ecaadecf8b383ce691a	watch_01	00:00	00:00	mqtt:00:00	03:D6	236	-83.5
2026-10-09T12:12:04.523854	sess_c34b1cabb4d149fba45a1feda8d406fe	watch_01	00:05	00:05	mqtt:00:05	73:89	198	-81.5
2026-10-09T12:12:05.238730	sess_03b4e5d35d7b45c3827e162de0e245a8	watch_01	00:06	00:06	mqtt:00:06	93:E2	92	-79.0
2026-10-09T12:12:06.600272	sess_ecc517439ae842baa9b86f70a7fd9d8f	watch_01	00:08	00:08	mqtt:00:08	C5:04	379	-82.5
2026-10-09T12:12:07.336972	sess_a6eca3f18f504c488cfb38b6a97b6aba	watch_01	00:05	00:05	mqtt:00:05	8A:08	200	-81.5
2026-10-09T12:12:08.728780	sess_d9233f53234a4fc98b201df735d8ee8f	watch_01	00:03	00:03	mqtt:00:03	51:53	25	-54.5
2026-10-09T12:12:09.555307	sess_13cb460a9593493c9b8f893625666c0e	watch_01	00:07	00:07	mqtt:00:07	E4:2E	102	-74.5
2026-10-09T12:12:10.104390	sess_6035338aadb340279da0896be52cc5af	watch_01	00:03	00:03	mqtt:00:03	ED:8D	24	-54.5
2026-10-09T12:12:10.896110	sess_82eea858e76b446ca65bb5a9e73cc8c4	watch_01	00:06	00:06	mqtt:00:06	29:2E	90	-79.0
2026-10-09T12:12:11.718200	sess_9409d32197bc4ab7990600329c309e6c	watch_01	00:08	00:08	mqtt:00:08	BC:A0	406	-82.5
2026-10-09T12:12:12.450622	sess_c742aa8032be433ba8e122c69b97508f	watch_01	00:00	00:00	mqtt:00:00	2D:87	225	-84.5
2026-10-09T12:12:13.030536	sess_9710b57ab2bc44b79729116b6666b103	watch_01	00:06	00:06	mqtt:00:06	35:F1	118	-78.0
2026-10-09T12:12:13.587312	sess_6c7b9b3adb3147c587fcf38513a8857a	watch_01	00:03	00:03	mqtt:00:03	8E:6B	29	-56.0
2026-10-09T12:12:14.452880	sess_e025ff73621f46b8afa049fa1842016d	watch_01	00:07	00:07	mqtt:00:07	8F:D7	101	-75.0
2026-10-09T12:12:15.447569	sess_6f1d711b0960420da6b9c590fc4e8dce	watch_01	00:00	00:00	mqtt:00:00	9A:A8	230	-84.0
2026-10-09T12:12:16.197332	sess_28833d562896415a96fda971deb7b8a5	watch_01	00:06	00:06	mqtt:00:06	27:EC	70	-78.0
2026-10-09T12:12:16.775819	sess_1f1d573aa16b4697b62f611053767297	watch_01	00:05	00:05	mqtt:00:05	C1:FD	190	-82.0
2026-10-09T12:12:17.526826	sess_75c22f638a9c437daf834ac035a8154a	watch_01	00:08	00:08	mqtt:00:08	EA:C5	391	-83.5
2026-10-09T12:12:18.055730	sess_0a44334b7a944089a74399a760429950	watch_01	00:05	00:05	mqtt:00:05	95:AE	183	-82.5
2026-10-09T12:12:18.595430	sess_d69dfe0231b848aebeebd7b7622863f1	watch_01	00:07	00:07	mqtt:00:07	2A:4B	105	-75.0
2026-10-09T12:12:19.162967	sess_9a22c4801d12440aa61f441e19a197a9	watch_01	00:06	00:06	mqtt:00:06	0D:76	101	-78.5
2026-10-09T12:12:19.794466	sess_fe10706627cd42439de842c5d01ecfcc	watch_01	00:03	00:03	mqtt:00:03	89:E4	31	-55.5
2026-10-09T12:12:20.418935	sess_3af7b05d30334d8a8f0a7657bd0ac634	watch_01	00:05	00:05	mqtt:00:05	23:26	191	-82.5
2026-10-09T12:12:21.130607	sess_ce9546179c214009a0ead8ab24b9e68a	watch_01	00:06	00:06	mqtt:00:06	C0:9E	92	-76.5
2026-10-09T12:12:21.700673	sess_51112b05effa43e197e6ed3bf898c441	watch_01	00:00	00:00	mqtt:00:00	BB:83	241	-83.5
2026-10-09T12:12:23.172287	sess_8cea169cd9ec44e9b5df221cf0a4adf4	watch_01	00:07	00:07	mqtt:00:07	18:40	106	-74.5
2026-10-09T12:12:23.804316	sess_4326a7992a34408c8385b57a1afe93ea	watch_01	00:08	00:08	mqtt:00:08	9C:25	410	-83.5
2026-10-09T12:12:24.516236	sess_ecbf396c0d504909aa21deda83f6c213	watch_01	00:06	00:06	mqtt:00:06	6E:52	96	-77.0
2026-10-09T12:12:29.597475	sess_920069a6f36749ba9b6efa06cb91f06c	watch_01	00:06	00:06	mqtt:00:06	33:74	-1	-1
2026-10-09T12:12:30.379544	sess_f0073b90a74d49e8baed367507574539	watch_01	00:05	00:05	mqtt:00:05	08:C3	196	-81.5
2026-10-09T12:12:31.101051	sess_ae1de6cd4ffd47e5957dff51d3c32c7c	watch_01	00:00	00:00	mqtt:00:00	D5:43	267	-85.0
2026-10-09T12:12:31.863123	sess_2df5ab5993344eaebcfef7f10a015ea2	watch_01	00:03	00:03	mqtt:00:03	9B:FF	30	-54.5
2026-10-09T12:12:32.375081	sess_a5b001be419c44e697c4b7a8a5a11c8c	watch_01	00:08	00:08	mqtt:00:08	B2:EF	401	-83.5
2026-10-09T12:12:33.091352	sess_b60972d41c3d4d47bcd33ae793db2775	watch_01	00:07	00:07	mqtt:00:07	D4:8C	105	-73.5
2026-10-09T12:12:33.715396	sess_cfd3b19894904e09843a24a5f07e5ef4	watch_01	00:05	00:05	mqtt:00:05	46:87	191	-83.0
2026-10-09T12:12:34.289677	sess_eb23e6d6e5fc48419f54ff678953532c	watch_01	00:00	00:00	mqtt:00:00	DA:73	259	-83.5
2026-10-09T12:12:34.848005	sess_75719c5f7cfd48d4bcd13260347b8aae	watch_01	00:06	00:06	mqtt:00:06	00:16	95	-77.0
2026-10-09T12:12:35.668886	sess_d93a850d3d0d4fffb6ce6f0ac87ca937	watch_01	00:08	00:08	mqtt:00:08	4D:79	393	-83.5
2026-10-09T12:12:36.193624	sess_b5825d8e93a541358780b1a9e297e111	watch_01	00:03	00:03	mqtt:00:03	13:7F	27	-56.0
2026-10-09T12:12:36.732356	sess_ac1b670934ac48cba11549b3159fc056	watch_01	00:05	00:05	mqtt:00:05	59:19	183	-82.0
2026-10-09T12:12:37.356894	sess_422303ca6dc7491583beddbc3200d715	watch_01	00:03	00:03	mqtt:00:03	CA:48	31	-55.5
2026-10-09T12:12:37.920101	sess_660a97a022284ff08dd2d0ba64c7cf41	watch_01	00:07	00:07	mqtt:00:07	62:03	106	-74.5
2026-10-09T12:12:38.481621	sess_3fb71c7a48aa4e00bc69aba4274818df	watch_01	00:06	00:06	mqtt:00:06	F1:16	104	-79.5
2026-10-09T12:12:39.184746	sess_414d069c3bfe4ec6ab9440dd6315a82a	watch_01	00:03	00:03	mqtt:00:03	14:F5	31	-54.5
2026-10-09T12:12:39.808653	sess_0335c59ceedc4a0dab8e1877f3b7b698	watch_01	00:03	00:03	mqtt:00:03	AE:75	31	-53.5
2026-10-09T12:12:40.426463	sess_adcefedc00bf4c7eac2dc89f8eba6a6f	watch_01	00:08	00:08	mqtt:00:08	75:64	391	-84.0
2026-10-09T12:12:41.143051	sess_f1f22110db3e4218907e19a240ca28d8	watch_01	00:00	00:00	mqtt:00:00	ED:E2	233	-83.5
2026-10-09T12:12:41.723772	sess_af17bfffc8c84704a25d98273337a717	watch_01	00:08	00:08	mqtt:00:08	F7:22	423	-83.5
2026-10-09T12:12:42.233265	sess_2a0fc4e8ace049f3901853b63570dc67	watch_01	00:03	00:03	mqtt:00:03	88:F0	25	-54.5
2026-10-09T12:12:44.914848	sess_5029f1bbcb154085b896a43b6a574d0d	watch_01	00:06	00:06	mqtt:00:06	75:6F	91	-79.5
2026-10-09T12:12:46.327494	sess_ad3f16879601424486a1f48b72872d9a	watch_01	00:00	00:00	mqtt:00:00	17:8F	243	-85.0
2026-10-09T12:12:47.729889	sess_f17a2eb05c0e441db01e37895b549c4d	watch_01	00:07	00:07	mqtt:00:07	67:A8	98	-75.0
2026-10-09T12:12:48.528917	sess_eedab2612e4742c1862faa0377a866b3	watch_01	00:05	00:05	mqtt:00:05	21:7B	194	-81.0
2026-10-09T12:12:49.837974	sess_f26584a233504ecd804904d16c029109	watch_01	00:00	00:00	mqtt:00:00	3B:33	234	-84.0
2026-10-09T12:12:50.620927	sess_6bd5b8b6855d4e68a07d62c94f4f5d6d	watch_01	00:07	00:07	mqtt:00:07	48:36	101	-74.5
2026-10-09T12:12:51.191812	sess_b3b8069555ab49e0a2b141e20a291e9a	watch_01	00:06	00:06	mqtt:00:06	40:B1	87	-78.0
2026-10-09T12:12:51.832714	sess_be8cd7ba41be4f0ab2be0ad289ce215f	watch_01	00:05	00:05	mqtt:00:05	1A:A5	198	-81.5
2026-10-09T12:12:52.563871	sess_0396ba53ace74f2f99ee2737d1d898db	watch_01	00:08	00:08	mqtt:00:08	26:96	397	-83.5
2026-10-09T12:12:53.163673	sess_1eab443e160e444ca763f1b82abd0519	watch_01	00:07	00:07	mqtt:00:07	BA:83	102	-75.0
2026-10-09T12:12:53.832937	sess_54864280dd584f46a12553d47dcd1757	watch_01	00:07	00:07	mqtt:00:07	C2:04	104	-74.5
2026-10-09T12:12:54.601752	sess_71a0f22cb1ef4285948830c332bc4a6e	watch_01	00:06	00:06	mqtt:00:06	DD:F5	104	-75.5
2026-10-09T12:12:55.411846	sess_b17bfad359b2496ba047c35be5f03b7d	watch_01	00:06	00:06	mqtt:00:06	D6:9B	103	-73.5
2026-10-09T12:12:56.194421	sess_5d51132c19934bd3834b30306ecc696d	watch_01	00:05	00:05	mqtt:00:05	A4:3B	195	-80.5
2026-10-09T12:12:56.953283	sess_04fa24a837f64e7d8db8426bfe19c5c1	watch_01	00:05	00:05	mqtt:00:05	7B:1E	199	-81.0
2026-10-09T12:12:57.489826	sess_c0a22b6cd6dd46b3bc01a178769906a9	watch_01	00:00	00:00	mqtt:00:00	C2:6E	244	-84.5
2026-10-09T12:12:58.110402	sess_af10e7a826614f3c9e38c6dd1169605c	watch_01	00:08	00:08	mqtt:00:08	95:07	383	-84.0
2026-10-09T12:12:58.857029	sess_5ec9d01c73f54b879e87cd42ee732926	watch_01	00:03	00:03	mqtt:00:03	6B:03	34	-52.0
2026-10-09T12:12:59.615589	sess_4dba675cda96456f8246153e8652393e	watch_01	00:07	00:07	mqtt:00:07	00:36	104	-75.0
2026-10-09T12:13:00.921354	sess_105752b0485d4ead94144b442da553ac	watch_01	00:06	00:06	mqtt:00:06	6A:99	101	-75.0
2026-10-09T12:13:01.769445	sess_e5dd00f7ea7e4ea3b15c71155c52f6f2	watch_01	00:08	00:08	mqtt:00:08	42:84	408	-83.5
2026-10-09T12:13:02.588638	sess_fa429ba52a114c92afd3cad4bdf5006d	watch_01	00:06	00:06	mqtt:00:06	22:D6	104	-76.5
2026-10-09T12:13:03.371154	sess_c0610d2a544947b08701dbc8d692a214	watch_01	00:05	00:05	mqtt:00:05	47:56	196	-81.0
2026-10-09T12:13:04.099581	sess_819871bd52284800a898914bdddc981b	watch_01	00:00	00:00	mqtt:00:00	38:1C	243	-83.5
2026-10-09T12:13:04.837026	sess_a1bb3f88733c4765995739c5c81150d8	watch_01	00:08	00:08	mqtt:00:08	A5:A6	402	-83.5
2026-10-09T12:13:05.498769	sess_ed0ffeabfc274e67970c1330ac5eeae4	watch_01	00:06	00:06	mqtt:00:06	5A:91	104	-74.5
2026-10-09T12:13:06.359373	sess_b3f368dfbcc546e69b3eb413685cef7c	watch_01	00:08	00:08	mqtt:00:08	BC:FC	408	-84.0
2026-10-09T12:13:07.090738	sess_4e8c2ede0ad346e6a7d0e45337e169e4	watch_01	00:03	00:03	mqtt:00:03	09:C4	26	-57.0
2026-10-09T12:13:07.733939	sess_91965cffb23744538b117ea2cf1dcd4e	watch_01	00:00	00:00	mqtt:00:00	92:15	259	-84.5
2026-10-09T12:13:08.351639	sess_d35680154bd84975b93c96c5c5828903	watch_01	00:06	00:06	mqtt:00:06	59:37	102	-76.5
2026-10-09T12:13:08.898158	sess_7f2d1996d6eb4b83b04b1d053361ce95	watch_01	00:08	00:08	mqtt:00:08	72:B2	405	-83.5
2026-10-09T12:13:09.650749	sess_941c784e25904c19a288909bad2b2d13	watch_01	00:07	00:07	mqtt:00:07	AB:E5	106	-74.0
2026-10-09T12:13:10.417576	sess_92586b58a41b4bd3a86b845f5746c4ba	watch_01	00:05	00:05	mqtt:00:05	30:BC	205	-83.5
2026-10-09T12:13:11.352383	sess_503a4714ab3f490eb5aabff60b739746	watch_01	00:03	00:03	mqtt:00:03	04:06	30	-55.5
2026-10-09T12:13:13.869962	sess_7eb96f218ecb460597ea0c0bb1dcb3b2	watch_01	00:00	00:00	mqtt:00:00	29:DD	228	-81.0
2026-10-09T12:13:14.618675	sess_33398cdc171a44cf93fbc5555cf0491e	watch_01	00:07	00:07	mqtt:00:07	DF:8C	105	-74.5
2026-10-09T12:13:15.152917	sess_9b6fb164a25e4848b2ba74cf25406a87	watch_01	00:06	00:06	mqtt:00:06	34:76	89	-80.5
2026-10-09T12:13:16.007346	sess_f507b747dc204e2fbab18b389e0ffd00	watch_01	00:08	00:08	mqtt:00:08	93:65	390	-83.0
2026-10-09T12:13:17.437317	sess_418d2126bbc64190b347b012f171f7c2	watch_01	00:07	00:07	mqtt:00:07	C0:23	99	-74.0
2026-10-09T12:13:18.286304	sess_ff10445339784ea782205cfa5b8a99fd	watch_01	00:00	00:00	mqtt:00:00	55:90	231	-82.5
2026-10-09T12:13:19.128010	sess_7efb8d36411e410ea9c95998a52e87e8	watch_01	00:05	00:05	mqtt:00:05	DC:1D	194	-82.0
2026-10-09T12:13:20.195600	sess_d85aeb2247c34bfdbfa3cc435a27d830	watch_01	00:07	00:07	mqtt:00:07	39:C2	103	-75.0
2026-10-09T12:13:21.232137	sess_aff2fe951366421fb4c55af185adc7fc	watch_01	00:00	00:00	mqtt:00:00	DD:FC	224	-83.5
2026-10-09T12:13:22.570641	sess_6f88a62739834f5296b4c1e7a81ea380	watch_01	00:06	00:06	mqtt:00:06	5F:2E	94	-77.5
2026-10-09T12:13:23.288450	sess_9aa535d0ec0e47548a761dd0b5431ef1	watch_01	00:07	00:07	mqtt:00:07	24:8C	100	-75.0
2026-10-09T12:13:24.005117	sess_844329e9050e4c5ebfb1428d0715bbc4	watch_01	00:03	00:03	mqtt:00:03	1E:FD	27	-53.0
2026-10-09T12:13:24.665411	sess_a91cfc3f47ff4e9facf0f6f761580d01	watch_01	00:08	00:08	mqtt:00:08	42:F8	411	-84.0
2026-10-09T12:13:25.363675	sess_e566d96709bf49f6ab29b798d9681cff	watch_01	00:07	00:07	mqtt:00:07	35:EB	101	-75.0
2026-10-09T12:13:25.995694	sess_c9baeffd10634625a4e245e87943f5c6	watch_01	00:05	00:05	mqtt:00:05	0B:E3	195	-83.5
2026-10-09T12:13:26.624316	sess_8e1cb5f224304cd8b2a5249a7b4b1447	watch_01	00:03	00:03	mqtt:00:03	1D:2F	28	-55.5
2026-10-09T12:13:27.427905	sess_ef8d13952cc54a3ab3d030b391a92f7e	watch_01	00:00	00:00	mqtt:00:00	F5:F3	222	-84.5
2026-10-09T12:13:28.223895	sess_19e6a10bd18947b58ebef4dd1ef16ed7	watch_01	00:07	00:07	mqtt:00:07	6B:9F	104	-74.5
2026-10-09T12:13:29.008580	sess_93fbbc635b314faaa60f1f0d699e1b4d	watch_01	00:08	00:08	mqtt:00:08	21:B2	402	-83.5
2026-10-09T12:13:29.621362	sess_5d2e0f438a1e480ab392923f8e2740b5	watch_01	00:07	00:07	mqtt:00:07	0F:74	101	-75.0
2026-10-09T12:13:32.706903	sess_24bac147b78e49ddbbfd12ea8c1c969b	watch_01	00:06	00:06	mqtt:00:06	0F:35	93	-80.0
2026-10-09T12:13:33.271042	sess_b8b2de915bfa4a4984c618dc4f88362b	watch_01	00:01	00:01	mqtt:00:01	C7:D5	106	-71.5
2026-10-09T12:13:33.812989	sess_725276eb7c0d4242862459d2526dc9fc	watch_01	00:05	00:05	mqtt:00:05	AF:F8	198	-82.0
2026-10-09T12:13:34.560671	sess_52c4f7d8fc2e4baeb78147313b6fa26e	watch_01	00:00	00:00	mqtt:00:00	59:8F	231	-84.0
2026-10-09T12:13:35.191424	sess_506221cb7fdf4e929f65f901aa8a708d	watch_01	00:08	00:08	mqtt:00:08	F7:64	474	-83.5
2026-10-09T12:13:35.985324	sess_5bfb05f861fa412a93e253b67a16c324	watch_01	00:05	00:05	mqtt:00:05	FE:33	199	-81.5
2026-10-09T12:13:37.213847	sess_1768b7ec977c4d6ead204704c1ce3a19	watch_01	00:07	00:07	mqtt:00:07	A8:47	105	-75.0
2026-10-09T12:13:37.809425	sess_08bb242f0d5f4d27aaffe008bd865d60	watch_01	00:07	00:07	mqtt:00:07	17:68	101	-74.5
2026-10-09T12:13:38.384370	sess_ef367c7c446a4cb2a22601673043dedc	watch_01	00:01	00:01	mqtt:00:01	CD:CD	79	-68.5
2026-10-09T12:13:39.749012	sess_0d80e4fd170a462397393f4bb423113b	watch_01	00:03	00:03	mqtt:00:03	FF:15	28	-53.5
2026-10-09T12:13:40.501500	sess_ea3fd3fbca0b4ff0a6e33aa4e1bb762f	watch_01	00:05	00:05	mqtt:00:05	DB:35	198	-81.5
2026-10-09T12:13:41.334916	sess_e245e22acf844de485fa043e2a7fd076	watch_01	00:06	00:06	mqtt:00:06	1C:3A	94	-78.0
2026-10-09T12:13:41.981809	sess_85a0d992eba141c09f2d6273f493a176	watch_01	00:03	00:03	mqtt:00:03	FE:6F	28	-56.5
2026-10-09T12:13:42.732224	sess_ddf2ab825c61447ba20d7611a8a59ad2	watch_01	00:07	00:07	mqtt:00:07	A1:26	106	-74.0
2026-10-09T12:13:43.484991	sess_66d1290989dc4ce59ef583f59a6cfa90	watch_01	00:01	00:01	mqtt:00:01	4B:3C	76	-73.0
2026-10-09T12:13:44.801763	sess_3359e39c06cd452c803db007bbe4b88b	watch_01	00:06	00:06	mqtt:00:06	BA:9E	104	-78.0
2026-10-09T12:13:45.369201	sess_96846ef6c4394327a63f29b1fc9bb409	watch_01	00:05	00:05	mqtt:00:05	48:34	198	-82.0
2026-10-09T12:13:46.227261	sess_32fd31e23b284b2e82c382fc550de643	watch_01	00:07	00:07	mqtt:00:07	CF:D5	99	-73.5
2026-10-09T12:13:47.001478	sess_21895508b39a44a69efd9cefaa9a1481	watch_01	00:00	00:00	mqtt:00:00	E2:65	246	-84.0
2026-10-09T12:13:47.798941	sess_4d55dc7c9e8c4a8c812016acb4377244	watch_01	00:08	00:08	mqtt:00:08	58:CF	401	-84.0
2026-10-09T12:13:48.999387	sess_417110d8baa5418ea97487b9695d0e1b	watch_01	00:06	00:06	mqtt:00:06	92:EB	128	-66.5
2026-10-09T12:13:49.828601	sess_074681a60a0240509ce118478eab900a	watch_01	00:06	00:06	mqtt:00:06	74:D7	119	-71.0
2026-10-09T12:13:50.634361	sess_7e4c3c6faa40478c8625c415ff2db352	watch_01	00:01	00:01	mqtt:00:01	F6:1C	82	-67.0
2026-10-09T12:13:51.379298	sess_fd9fd76e2aa44b4f83cf02f20d9d9e8f	watch_01	00:07	00:07	mqtt:00:07	E0:46	103	-74.0
2026-10-09T12:13:52.056901	sess_81d99783195645fca725c47cb5653f40	watch_01	00:03	00:03	mqtt:00:03	ED:23	29	-55.5
2026-10-09T12:13:52.812805	sess_ad164292e7054384864d9de22c930240	watch_01	00:05	00:05	mqtt:00:05	58:4D	192	-82.5
2026-10-09T12:13:53.537193	sess_207255b7faa1455a8716c58933d1f0b3	watch_01	00:06	00:06	mqtt:00:06	59:10	83	-81.0
2026-10-09T12:13:54.843618	sess_8913664180b149a59b4f3179e5c15760	watch_01	00:00	00:00	mqtt:00:00	39:73	234	-84.0
2026-10-09T12:13:55.478219	sess_c58a7b119db94132a28f1458ad8fe2d9	watch_01	00:08	00:08	mqtt:00:08	32:DC	474	-84.0
2026-10-09T12:13:56.255805	sess_ca8a2e9547bb44ba81578b5ae3f298a4	watch_01	00:07	00:07	mqtt:00:07	9C:1D	104	-75.0
2026-10-09T12:13:57.089512	sess_6ba94599d42442a78e8c4d27b9cd5b9d	watch_01	00:01	00:01	mqtt:00:01	3C:F1	99	-67.5
2026-10-09T12:13:57.689028	sess_68b9261e62f44f69a1851c1858ef01bf	watch_01	00:00	00:00	mqtt:00:00	A5:D3	237	-83.0
2026-10-09T12:13:58.457035	sess_ff2557939fc24702b3afdc1953fc7e1d	watch_01	00:08	00:08	mqtt:00:08	4E:E0	419	-82.5
2026-10-09T12:13:59.126171	sess_45b1f6b5d6dc4d31b9d6ae6f584d1069	watch_01	00:03	00:03	mqtt:00:03	9E:2D	25	-57.0
2026-10-09T12:13:59.862956	sess_348ec724e930419787b723dbf0d7bdcc	watch_01	00:06	00:06	mqtt:00:06	4A:19	80	-64.0
2026-10-09T12:14:00.674421	sess_9c01431b418c4045a63c76db1c716459	watch_01	00:05	00:05	mqtt:00:05	C0:BC	194	-81.5
2026-10-09T12:14:01.153209	sess_ad6a4e6e87714c83ad55732b55650e4c	watch_01	00:01	00:01	mqtt:00:01	09:B7	86	-69.0
2026-10-09T12:14:01.993077	sess_064a7152daba4f3fb7eea282345cdfa7	watch_01	00:07	00:07	mqtt:00:07	4F:BD	103	-75.0
2026-10-09T12:14:02.645618	sess_d316a063c5d446bc831dd6ca2c06bcb1	watch_01	00:06	00:06	mqtt:00:06	57:0A	68	-63.0
2026-10-09T12:14:03.194528	sess_a5fba6e3d10d4cbcb1557baf6a902b81	watch_01	00:03	00:03	mqtt:00:03	2E:BB	30	-55.5
2026-10-09T12:14:03.770512	sess_b2f2a420c0b24ec2849cbe19bbacda85	watch_01	00:00	00:00	mqtt:00:00	64:ED	255	-83.5
2026-10-09T12:14:04.449447	sess_8d96d664efeb40c7b7aa26a4452a7dff	watch_01	00:08	00:08	mqtt:00:08	7B:8D	493	-83.5
2026-10-09T12:14:05.159826	sess_14a781c0d01c458399f13f4d5400f52e	watch_01	00:06	00:06	mqtt:00:06	FF:A1	45	-63.0
2026-10-09T12:14:05.938257	sess_96f3305e3ab04323a93b70ca11dbdb83	watch_01	00:05	00:05	mqtt:00:05	7B:27	197	-81.5
2026-10-09T12:14:06.457371	sess_f9766957f08949f6b796fe3339fe1448	watch_01	00:01	00:01	mqtt:00:01	8E:90	52	-65.0
2026-10-09T12:14:07.224658	sess_8590f257b27b42fc87f58c0fb9b40fc1	watch_01	00:03	00:03	mqtt:00:03	ED:1A	28	-57.0
2026-10-09T12:14:07.974638	sess_23343d4d063a4863807925f1e54cfe30	watch_01	00:00	00:00	mqtt:00:00	AE:54	242	-82.5
2026-10-09T12:14:09.238718	sess_04c3e124c75444d1a56e325f0d1e5774	watch_01	00:03	00:03	mqtt:00:03	DE:FA	24	-56.5
2026-10-09T12:14:10.387884	sess_3f4250597a384acc9a36df1eb3aee3f9	watch_01	00:00	00:00	mqtt:00:00	C1:77	243	-83.5
2026-10-09T12:14:11.484427	sess_4f2148a03a184f858e49474c25ac1bba	watch_01	00:05	00:05	mqtt:00:05	D0:3C	194	-82.0
2026-10-09T12:14:12.088240	sess_35303bdd9bba4a33941c28ed1ab8e693	watch_01	00:07	00:07	mqtt:00:07	F9:F8	110	-75.0
2026-10-09T12:14:12.863074	sess_abdfd9d51d7349afbc9f4def968603a4	watch_01	00:03	00:03	mqtt:00:03	3A:6A	73	-61.0
2026-10-09T12:14:13.620933	sess_043918f5464541ae823665dd31138995	watch_01	00:00	00:00	mqtt:00:00	85:CA	250	-83.0
2026-10-09T12:14:14.278035	sess_d9bd3fbe4aec4f83b6ac421fd48b28c8	watch_01	00:00	00:00	mqtt:00:00	8D:53	254	-83.0
2026-10-09T12:14:14.923434	sess_62223dde1fdb43a5a2f4b1b283a126e8	watch_01	00:06	00:06	mqtt:00:06	17:5B	32	-68.0
2026-10-09T12:14:15.688541	sess_09682a6b8a3f4598a7c0a2e38e168cb1	watch_01	00:07	00:07	mqtt:00:07	DA:84	107	-75.0
2026-10-09T12:14:16.459287	sess_4f6cc7e4d82544d09ae335b56b4e3da3	watch_01	00:08	00:08	mqtt:00:08	4B:2F	410	-82.5
2026-10-09T12:14:17.166996	sess_6f9d92b701fe434d9b59cb5ca19b7008	watch_01	00:01	00:01	mqtt:00:01	BB:B5	48	-68.0
2026-10-09T12:14:18.018107	sess_3afbb2636cb342de9b3d9405d4630aee	watch_01	00:00	00:00	mqtt:00:00	69:D5	234	-82.5
2026-10-09T12:14:18.696596	sess_1834093c87a24d37954bf54a5d244b01	watch_01	00:01	00:01	mqtt:00:01	42:25	47	-68.0
2026-10-09T12:14:19.295850	sess_41b8cf5ae02b493f83285974064f80d0	watch_01	00:05	00:05	mqtt:00:05	BE:82	200	-82.0
2026-10-09T12:14:20.139927	sess_947a1a1886c946bd98af7a5f2a603afe	watch_01	00:07	00:07	mqtt:00:07	FB:A2	114	-77.5
2026-10-09T12:14:20.801742	sess_a1a0573e79bf4c7f91899daa2118f7ca	watch_01	00:06	00:06	mqtt:00:06	82:61	34	-68.0
2026-10-09T12:14:21.417463	sess_b234870c0c68486c85bc7115cc7c1c18	watch_01	00:08	00:08	mqtt:00:08	4A:06	406	-82.5
2026-10-09T12:14:21.950394	sess_2a307f5eec504d8ebfd3f3d62bb2de75	watch_01	00:03	00:03	mqtt:00:03	4B:3C	54	-61.0
2026-10-09T12:14:22.511091	sess_3842b58c519a4f6692b0191924afe808	watch_01	00:00	00:00	mqtt:00:00	35:AE	233	-81.5
2026-10-09T12:14:23.423763	sess_a0897cee35ab404d858e641e072aea46	watch_01	00:05	00:05	mqtt:00:05	07:C6	211	-80.0
2026-10-09T12:14:24.318630	sess_20f3eb7529a94055bbfa9a8e403e1760	watch_01	00:03	00:03	mqtt:00:03	67:C8	32	-52.5
2026-10-09T12:14:24.976194	sess_b6b6504a1258498eaa825580345e02b9	watch_01	00:07	00:07	mqtt:00:07	28:F0	106	-74.5
2026-10-09T12:14:25.534863	sess_66f10ab1c43c4221b9694a24be27a65c	watch_01	00:01	00:01	mqtt:00:01	88:A6	50	-70.0
2026-10-09T12:14:26.975891	sess_b41e5012fc6845a2bc5b2072b4593775	watch_01	00:06	00:06	mqtt:00:06	64:15	40	-65.0
2026-10-09T12:14:27.576792	sess_b15324e48f87447d90856923223d2f6d	watch_01	00:08	00:08	mqtt:00:08	81:C1	409	-83.0
2026-10-09T12:14:28.325798	sess_9594fd0f9c8744638390acc15faefae9	watch_01	00:03	00:03	mqtt:00:03	16:50	30	-54.5
2026-10-09T12:14:28.978174	sess_ae8eb5d01b3245afb27294d8aa2e2a4a	watch_01	00:06	00:06	mqtt:00:06	55:C7	43	-65.5
2026-10-09T12:14:29.518220	sess_b63c71007a9e410ca215dbdbe271a7ed	watch_01	00:07	00:07	mqtt:00:07	F7:E8	102	-75.0
2026-10-09T12:14:30.388212	sess_2af8a8d05f1f49b1a8850b5eb382291d	watch_01	00:08	00:08	mqtt:00:08	76:13	398	-83.5
2026-10-09T12:14:31.209742	sess_a8ac561b6b284f8d8734a8c22c93859b	watch_01	00:07	00:07	mqtt:00:07	41:60	104	-75.0
2026-10-09T12:14:32.039882	sess_ba4a9be81e0b451481f79b97e785609d	watch_01	00:05	00:05	mqtt:00:05	2D:25	191	-82.0
2026-10-09T12:14:32.794732	sess_9d91b7145db246edaac1bbd53842f0c5	watch_01	00:01	00:01	mqtt:00:01	30:8B	51	-70.0
2026-10-09T12:14:33.560330	sess_7dc2106085bb4dd7ba428a7f4a0cae01	watch_01	00:03	00:03	mqtt:00:03	B7:0B	26	-54.5
2026-10-09T12:14:34.246951	sess_a11b0e0cee90476d88ef609cbac57258	watch_01	00:08	00:08	mqtt:00:08	2B:E5	396	-83.5
2026-10-09T12:14:35.100085	sess_2d8a2c067fa442fd8a2fa6f8c5cce7d6	watch_01	00:00	00:00	mqtt:00:00	FC:E0	232	-82.0
2026-10-09T12:14:36.474905	sess_b7c031321c164bcfa9c4d033934337ed	watch_01	00:05	00:05	mqtt:00:05	C7:BC	189	-82.0
2026-10-09T12:14:37.813525	sess_f6f62e1894f24c87bdb6c22e1c445e09	watch_01	00:06	00:06	mqtt:00:06	76:99	43	-65.0
2026-10-09T12:14:38.546520	sess_c899f0729711446b8faea509c90cd1a2	watch_01	00:07	00:07	mqtt:00:07	48:B5	104	-74.5
2026-10-09T12:14:39.365441	sess_59c109c049d5417bb93b97a315fb8158	watch_01	00:08	00:08	mqtt:00:08	D2:EF	440	-84.0
2026-10-09T12:14:39.881356	sess_66ceb975e680466fab26a0f3ac5261c3	watch_01	00:00	00:00	mqtt:00:00	4D:81	230	-83.0
2026-10-09T12:14:40.496821	sess_d28fd3244de14a179e466a8e0d0c3961	watch_01	00:01	00:01	mqtt:00:01	EC:9C	56	-70.5
2026-10-09T12:14:41.680005	sess_81a688d53f044162a85d206ddfc1863f	watch_01	00:07	00:07	mqtt:00:07	8B:84	105	-75.0
2026-10-09T12:14:42.954100	sess_919fdd60871c41eea3da1bc4fab02bab	watch_01	00:06	00:06	mqtt:00:06	C9:04	42	-65.5
2026-10-09T12:14:43.465939	sess_13ea73ac440a48c6bae601aec46512ce	watch_01	00:08	00:08	mqtt:00:08	70:BA	411	-83.0
2026-10-09T12:14:44.075316	sess_fa2a593ff46849ad8e2983d79fe52667	watch_01	00:07	00:07	mqtt:00:07	64:28	103	-75.0
2026-10-09T12:14:44.775352	sess_6174babfed924fcea03a1f1f89703c29	watch_01	00:01	00:01	mqtt:00:01	09:95	50	-70.5
2026-10-09T12:14:45.552883	sess_b1d5b47960d14d27bd507d670b5c66a3	watch_01	00:05	00:05	mqtt:00:05	9A:96	202	-82.0
2026-10-09T12:14:46.956793	sess_d63a1c1884c14681aaf37d0f09c893da	watch_01	00:05	00:05	mqtt:00:05	F7:60	204	-81.5
2026-10-09T12:14:47.427160	sess_be2866f758d343ee992acca8773636a1	watch_01	00:00	00:00	mqtt:00:00	7D:21	304	-84.5
2026-10-09T12:14:48.104843	sess_d226b48734d346fba44711eadc2e147f	watch_01	00:01	00:01	mqtt:00:01	5E:84	50	-70.5
2026-10-09T12:14:48.800738	sess_fc325a1926624ceab23a178e7a968580	watch_01	00:06	00:06	mqtt:00:06	07:22	39	-65.5
2026-10-09T12:14:49.446813	sess_c8bed6cf573f40a8b70867eae08b91cb	watch_01	00:07	00:07	mqtt:00:07	B5:59	102	-75.0
2026-10-09T12:14:50.149862	sess_1a36542a1a38464e89fc0876dd93aa13	watch_01	00:08	00:08	mqtt:00:08	75:B0	406	-83.0
2026-10-09T12:14:50.938874	sess_6a57be92be004626b820941ceedbf479	watch_01	00:03	00:03	mqtt:00:03	AF:C9	31	-53.0
2026-10-09T12:14:51.742389	sess_e6cc3af4074345a19b421742f3f15585	watch_01	00:00	00:00	mqtt:00:00	02:91	232	-82.5
2026-10-09T12:14:52.458127	sess_f5785fa22df94a64ac95ac103ac9695f	watch_01	00:06	00:06	mqtt:00:06	82:CF	39	-65.0
2026-10-09T12:14:53.215907	sess_bf877e9064da42fbb30e2ccd95245a6a	watch_01	00:05	00:05	mqtt:00:05	DE:5A	216	-84.0
2026-10-09T12:14:54.364321	sess_f018368adaba43c58775f3d67f075436	watch_01	00:01	00:01	mqtt:00:01	2C:2C	53	-70.5
2026-10-09T12:14:55.097940	sess_cdd2eb0b56ec400aa8b6173771011a3c	watch_01	00:08	00:08	mqtt:00:08	2D:4C	502	-83.0
2026-10-09T12:14:55.851084	sess_45d438fe17b242ac9261ac103b011d95	watch_01	00:00	00:00	mqtt:00:00	86:F9	209	-84.5
2026-10-09T12:14:56.783309	sess_fddc6c972046492b8ad80b77faea6ad2	watch_01	00:06	00:06	mqtt:00:06	D2:26	39	-65.5
2026-10-09T12:14:57.341933	sess_a2e032355cdc49ba93dff73d87c2e9fd	watch_01	00:07	00:07	mqtt:00:07	5D:5C	105	-76.0
2026-10-09T12:14:58.116778	sess_de29c47d22c54ca9a05daf381eb5ae6d	watch_01	00:03	00:03	mqtt:00:03	7A:1C	31	-55.5
2026-10-09T12:14:58.962068	sess_62b1709652f04e82bcf3ba7d6afafc3e	watch_01	00:08	00:08	mqtt:00:08	F8:DA	406	-83.5
2026-10-09T12:14:59.602458	sess_d6de5c9468b74a69a5c35d5bd91c1157	watch_01	00:01	00:01	mqtt:00:01	97:48	56	-70.5
2026-10-09T12:15:00.913273	sess_3af7191f5c554b3a8066a9819d74470e	watch_01	00:01	00:01	mqtt:00:01	C7:F1	52	-70.5
2026-10-09T12:15:01.483305	sess_be44a2709eb6400899c723d01bf7c7a4	watch_01	00:05	00:05	mqtt:00:05	43:AD	182	-82.5
2026-10-09T12:15:02.113563	sess_ba8040f8e02e49f28a40c198f235ec63	watch_01	00:01	00:01	mqtt:00:01	98:E9	55	-70.5
2026-10-09T12:15:02.695796	sess_fd4b714eaad8480a9e1d9fc458af7311	watch_01	00:08	00:08	mqtt:00:08	9A:28	411	-83.0
2026-10-09T12:15:03.493719	sess_ceba3b95f6584113932aca89519cff33	watch_01	00:06	00:06	mqtt:00:06	BC:94	45	-65.5
2026-10-09T12:15:04.004988	sess_dcf803581a094afdb7b4b1b2a33d4104	watch_01	00:03	00:03	mqtt:00:03	D6:E0	33	-54.0
2026-10-09T12:15:04.809230	sess_4288d903579840408f30bf20ef3f630f	watch_01	00:07	00:07	mqtt:00:07	DD:32	106	-74.0
2026-10-09T12:15:05.309245	sess_bbe03a52f22f4f239bc25f4dd9c8460c	watch_01	00:00	00:00	mqtt:00:00	04:AF	219	-84.0
2026-10-09T12:15:06.364828	sess_62df827f5ca140e7936f83db413ade9a	watch_01	00:03	00:03	mqtt:00:03	BA:90	26	-54.5
2026-10-09T12:15:06.870066	sess_6c5e1a83443c4758b4e58983cf7fba00	watch_01	00:05	00:05	mqtt:00:05	00:99	185	-81.0
2026-10-09T12:15:07.539855	sess_031885d393d644919442c483d17c640b	watch_01	00:01	00:01	mqtt:00:01	19:91	50	-70.5
2026-10-09T12:15:08.141231	sess_7ab589cb09214740a7f0a6b815915618	watch_01	00:06	00:06	mqtt:00:06	9B:5D	43	-65.0
2026-10-09T12:15:08.757459	sess_5bae373baa904157895bd5c058874a70	watch_01	00:08	00:08	mqtt:00:08	4D:E8	391	-83.5
2026-10-09T12:15:09.647235	sess_ef5fe39cb1ae4c47a505b15b58ce1f75	watch_01	00:01	00:01	mqtt:00:01	9E:CE	54	-70.5
2026-10-09T12:15:10.216664	sess_2f206a3bc93044d6a8d27966df35877a	watch_01	00:03	00:03	mqtt:00:03	34:89	32	-54.5
2026-10-09T12:15:10.950135	sess_e2c57a7d90684c6ab79ea9806cc666fe	watch_01	00:08	00:08	mqtt:00:08	3E:66	402	-83.5
2026-10-09T12:15:11.672435	sess_60e14ca0bed6413c827d21fdf8b9a2ad	watch_01	00:07	00:07	mqtt:00:07	A5:4F	105	-74.5
2026-10-09T12:15:12.233363	sess_852c6490254f48dbbcd5bf6f40d33b18	watch_01	00:01	00:01	mqtt:00:01	73:FC	51	-70.0
2026-10-09T12:15:13.056697	sess_ebce265ef0c6435ca6ff94ea76b50d5f	watch_01	00:08	00:08	mqtt:00:08	30:AB	396	-83.5
2026-10-09T12:15:13.631447	sess_231028c954184f238a8fa906040916f3	watch_01	00:06	00:06	mqtt:00:06	61:98	41	-65.5
2026-10-09T12:15:16.241079	sess_a33b30dd08994f0ba824035425ae43ed	watch_01	00:06	00:06	mqtt:00:06	1A:9C	41	-65.0
2026-10-09T12:15:16.875072	sess_6b33050b959e4244989fff47823333c2	watch_01	00:05	00:05	mqtt:00:05	5C:2B	186	-82.0
2026-10-09T12:15:17.645140	sess_29f41f62840a42b7bc4675ab9c8cdc18	watch_01	00:00	00:00	mqtt:00:00	9C:41	247	-83.0
2026-10-09T12:15:18.270470	sess_6a4a2c1613bb4020ab778fa9b5f3c717	watch_01	00:07	00:07	mqtt:00:07	5C:CA	105	-75.0
2026-10-09T12:15:19.226956	sess_5a637272dbf843c9ad41c5a24f0be52a	watch_01	00:03	00:03	mqtt:00:03	39:A4	31	-53.5
2026-10-09T12:15:19.939038	sess_909d788e3e5b47988ee5f39b10b0fab8	watch_01	00:08	00:08	mqtt:00:08	09:B6	392	-83.5
2026-10-09T12:15:21.127225	sess_e12365e42f464b98bea42a6e66ea5f32	watch_01	00:01	00:01	mqtt:00:01	B8:5E	55	-70.5
2026-10-09T12:15:21.717698	sess_9035b847727143b5aafe815961f484d8	watch_01	00:05	00:05	mqtt:00:05	9B:72	189	-81.5
2026-10-09T12:15:22.420908	sess_23960852f3104b28970f6ce8ded258fd	watch_01	00:05	00:05	mqtt:00:05	2B:E9	188	-81.0
2026-10-09T12:15:23.077807	sess_543c9e2f9e4f4d1bb1d531dc0fd6299b	watch_01	00:03	00:03	mqtt:00:03	4D:9F	27	-54.5
2026-10-09T12:15:24.486215	sess_4eac2d8d374b4454b042f8246f1ecbb7	watch_01	00:01	00:01	mqtt:00:01	58:F0	54	-70.5
2026-10-09T12:15:25.173264	sess_c594f832b6ae4e4999b0c7b834952d9a	watch_01	00:05	00:05	mqtt:00:05	33:B5	190	-81.5
2026-10-09T12:15:25.963151	sess_54a29e2fbdc344b0a62a8ee285610215	watch_01	00:06	00:06	mqtt:00:06	30:FB	40	-65.0
2026-10-09T12:15:26.503995	sess_f73399117a384d0097c02bb477014d53	watch_01	00:03	00:03	mqtt:00:03	A8:44	32	-53.5
2026-10-09T12:15:27.300997	sess_31700a1c5fbe49c98be01cac729762dc	watch_01	00:07	00:07	mqtt:00:07	75:10	105	-74.5
2026-10-09T12:15:27.939153	sess_97afa2f09b1343c386d67e87f352b971	watch_01	00:05	00:05	mqtt:00:05	68:63	195	-81.5
2026-10-09T12:15:28.665838	sess_2f64a628bf314b6f90a1462084993774	watch_01	00:00	00:00	mqtt:00:00	E9:F5	243	-83.5
2026-10-09T12:15:29.290325	sess_23bab7fadaf148049a32df5a8d1e4e1b	watch_01	00:03	00:03	mqtt:00:03	A6:51	26	-54.5
2026-10-09T12:15:30.037569	sess_053247ae98f7494b81a5ced20ee077cd	watch_01	00:08	00:08	mqtt:00:08	44:81	420	-83.5
2026-10-09T12:15:30.606258	sess_ab6cc699dd4f445c8116300d37fd90f6	watch_01	00:07	00:07	mqtt:00:07	5D:4B	108	-76.0
2026-10-09T12:15:31.239628	sess_3bb498b6300848dabe49b8219e958759	watch_01	00:03	00:03	mqtt:00:03	FA:8C	29	-54.5
2026-10-09T12:15:32.050653	sess_bbc0dc1c400940e2887289e3b77407b0	watch_01	00:06	00:06	mqtt:00:06	68:20	42	-65.5
2026-10-09T12:15:32.860433	sess_8dd9df170ba24526bd695750f9316b5a	watch_01	00:01	00:01	mqtt:00:01	1E:EC	56	-70.5
2026-10-09T12:15:33.370052	sess_dc45c87219884368b72255b4551a2016	watch_01	00:08	00:08	mqtt:00:08	39:3D	402	-84.0
2026-10-09T12:15:34.031385	sess_0c15df4b31e34ab89a40d04203cd90f9	watch_01	00:03	00:03	mqtt:00:03	AC:D2	28	-54.5
2026-10-09T12:15:34.676011	sess_8e6abbab45a54da98298c40600ee4c9c	watch_01	00:06	00:06	mqtt:00:06	01:F7	43	-64.5
2026-10-09T12:15:35.401139	sess_db6cff1210874422b628b3255167a636	watch_01	00:00	00:00	mqtt:00:00	E3:9E	243	-84.0
2026-10-09T12:15:35.926240	sess_46f49cb227ca498b853b60ebd3a4d252	watch_01	00:01	00:01	mqtt:00:01	00:93	58	-70.0
2026-10-09T12:15:37.305597	sess_4413edf5f2ff49d497c1e37d5045edf0	watch_01	00:08	00:08	mqtt:00:08	45:26	408	-82.5
2026-10-09T12:15:38.379001	sess_3bea74975fcc46a7be0b2c3d1ae1e388	watch_01	00:07	00:07	mqtt:00:07	07:36	105	-74.5
2026-10-09T12:15:38.991401	sess_df5ec53fc60d43ca8b3ed04e4e464a06	watch_01	00:01	00:01	mqtt:00:01	1F:DF	55	-71.5
2026-10-09T12:15:39.820480	sess_187c1dc4ac9046e588afa749efcca482	watch_01	00:06	00:06	mqtt:00:06	78:68	41	-65.5
2026-10-09T12:15:40.690100	sess_eabf9780281e423cb2ec661b0f5fc917	watch_01	00:01	00:01	mqtt:00:01	E6:98	52	-71.5
2026-10-09T12:15:41.377307	sess_79cf2558dc694288ab37bb1c2e13bf88	watch_01	00:07	00:07	mqtt:00:07	25:16	102	-74.0
2026-10-09T12:15:42.166544	sess_9569896be6844041ade4c385636641a7	watch_01	00:07	00:07	mqtt:00:07	D7:07	105	-75.0
2026-10-09T12:15:42.810489	sess_91798ff267cd47bd936991cc221699e2	watch_01	00:08	00:08	mqtt:00:08	9E:FF	410	-83.5
2026-10-09T12:15:43.703224	sess_88f349945a874596817d610a30c6ec08	watch_01	00:03	00:03	mqtt:00:03	0D:9F	30	-54.5
2026-10-09T12:15:44.405174	sess_fe62220c74c540f7a78d8d07926ae193	watch_01	00:00	00:00	mqtt:00:00	AD:B4	232	-83.5
2026-10-09T12:15:45.171840	sess_ee1c5724dc2c481b9eb95b36b68bd5de	watch_01	00:06	00:06	mqtt:00:06	49:31	41	-65.0
2026-10-09T12:15:45.976032	sess_f9e873ffeb344c3aa62df0f318a922cb	watch_01	00:05	00:05	mqtt:00:05	2E:5B	190	-81.0
2026-10-09T12:15:46.890118	sess_761b1607d15d4bfaaca469f622567e0d	watch_01	00:07	00:07	mqtt:00:07	76:31	104	-74.5
2026-10-09T12:15:47.521170	sess_1827bd0c39f649cb84a44becb58a0a34	watch_01	00:03	00:03	mqtt:00:03	08:3E	28	-55.5
2026-10-09T12:15:48.181570	sess_a0996ee9f2e241b58c10f541cb546fb4	watch_01	00:00	00:00	mqtt:00:00	B6:E6	234	-84.0
2026-10-09T12:15:48.742150	sess_3a2a5509712f452aa1b1de2355f2bf0b	watch_01	00:05	00:05	mqtt:00:05	1E:08	185	-81.0
2026-10-09T12:15:49.514194	sess_417525fe69d34fd29d124794aa5c3211	watch_01	00:00	00:00	mqtt:00:00	4C:98	237	-83.5
2026-10-09T12:15:50.432124	sess_3ea9ed8595e14ff8a8750e0e45607aa9	watch_01	00:08	00:08	mqtt:00:08	D7:F2	407	-82.5
2026-10-09T12:15:51.157775	sess_5c51a3cde37143868454718a68fb6f52	watch_01	00:01	00:01	mqtt:00:01	AA:21	54	-71.0
2026-10-09T12:15:51.861180	sess_0fe7c3aacc49446c9d798567a2d08315	watch_01	00:07	00:07	mqtt:00:07	A9:A5	106	-74.5
2026-10-09T12:15:52.505712	sess_ac19009f3d744458b198040c1dab8dda	watch_01	00:06	00:06	mqtt:00:06	C5:E2	44	-65.5
2026-10-09T12:15:53.119742	sess_6eead07714b4477d82903a5af8353ae7	watch_01	00:00	00:00	mqtt:00:00	31:1A	231	-84.0
2026-10-09T12:15:53.893311	sess_e1f2d2048c724abcb9c4bc47bc7d55b3	watch_01	00:01	00:01	mqtt:00:01	62:46	51	-71.5
2026-10-09T12:15:54.676496	sess_6d31a393d0dc4c9097ffc101a3c0e125	watch_01	00:08	00:08	mqtt:00:08	63:72	407	-83.0
2026-10-09T12:15:55.419338	sess_90d58163f8e64a218041e343909434a0	watch_01	00:05	00:05	mqtt:00:05	06:79	195	-80.5
2026-10-09T12:15:55.886062	sess_a8275fdea9a745dbb16b953a0d62a5db	watch_01	00:08	00:08	mqtt:00:08	20:66	403	-83.0
2026-10-09T12:16:00.955923	sess_2fec10d728aa4a31ba1e3043c71265dc	watch_01	00:00	00:00	mqtt:00:00	D2:A0	-1	-1
2026-10-09T12:16:01.416317	sess_1cda111d31c14f89aa5455eb78624514	watch_01	00:01	00:01	mqtt:00:01	18:4C	59	-69.0
2026-10-09T12:16:01.954644	sess_f20cca7740324c57ac77225f46f00dbc	watch_01	00:03	00:03	mqtt:00:03	41:F3	29	-54.0
2026-10-09T12:16:02.703113	sess_f72548131fc24ae2af067fddc2fcf286	watch_01	00:05	00:05	mqtt:00:05	95:02	194	-81.0
2026-10-09T12:16:03.478949	sess_2fd6918a5bf94ed6b8431899c8e40e5b	watch_01	00:07	00:07	mqtt:00:07	A6:22	106	-74.5
2026-10-09T12:16:04.188169	sess_c53b9c65a38d4f37a5b7651c102e6402	watch_01	00:06	00:06	mqtt:00:06	2B:48	38	-65.0
2026-10-09T12:16:04.858784	sess_176ec778a70a481090023e45d12433ac	watch_01	00:08	00:08	mqtt:00:08	F0:A1	403	-82.0
2026-10-09T12:16:06.277201	sess_17a5b5a45ce44eb29dd7b85dfb577fe1	watch_01	00:03	00:03	mqtt:00:03	6E:59	29	-54.5
2026-10-09T12:16:06.826380	sess_9db67629eec54fafa0ded288885dc0bc	watch_01	00:05	00:05	mqtt:00:05	AA:FE	190	-81.5
2026-10-09T12:16:07.373274	sess_5fd581f4ed5d4564a039d942eb340590	watch_01	00:06	00:06	mqtt:00:06	E6:A9	42	-65.0
2026-10-09T12:16:08.148932	sess_d76a880e35ec484bacd40e5f2ffc7087	watch_01	00:01	00:01	mqtt:00:01	11:D0	53	-70.0
2026-10-09T12:16:08.742581	sess_d51e230ea98d4d159f441d2a5e43136f	watch_01	00:07	00:07	mqtt:00:07	2E:81	106	-74.5
2026-10-09T12:16:09.326501	sess_26a904b19ac7421f9e526d9555e16bb4	watch_01	00:00	00:00	mqtt:00:00	A1:AF	227	-83.5
2026-10-09T12:16:09.987679	sess_0d880516562e4675900bb4ed3bc11fe2	watch_01	00:03	00:03	mqtt:00:03	C5:C5	30	-54.5
2026-10-09T12:16:10.842856	sess_150543ab86954a3b9eceb5bdf69b4cab	watch_01	00:05	00:05	mqtt:00:05	1F:46	185	-81.0
2026-10-09T12:16:11.346975	sess_d1487baacd174c51ae38d54783523145	watch_01	00:07	00:07	mqtt:00:07	D3:3B	103	-75.5
2026-10-09T12:16:11.968477	sess_0792d7789a3b4bcca3542d5de50cc688	watch_01	00:03	00:03	mqtt:00:03	47:10	25	-56.5
2026-10-09T12:16:12.534808	sess_47c39c037d304d388917026f17833465	watch_01	00:08	00:08	mqtt:00:08	A9:57	402	-83.0
2026-10-09T12:16:13.224215	sess_3c3529c9517f4318aa6446eb5357c658	watch_01	00:07	00:07	mqtt:00:07	15:A1	101	-75.0
2026-10-09T12:16:13.900058	sess_2fddd324007a424f94f7f6fce47ad54d	watch_01	00:01	00:01	mqtt:00:01	9F:94	50	-70.0
2026-10-09T12:16:14.698672	sess_a61313720689469e8e54d2e86cf37139	watch_01	00:01	00:01	mqtt:00:01	CC:40	54	-70.5
2026-10-09T12:16:15.564596	sess_626201d6527d43808d31a3874306d47e	watch_01	00:06	00:06	mqtt:00:06	3F:1F	38	-64.5
2026-10-09T12:16:16.216058	sess_7da92fb5a3874568aa566e0dec536a29	watch_01	00:01	00:01	mqtt:00:01	27:B4	58	-69.0
2026-10-09T12:16:16.968678	sess_bda701aa210b4fe99fb97f097393c427	watch_01	00:05	00:05	mqtt:00:05	D9:94	189	-81.5
2026-10-09T12:16:18.943258	sess_c60d6a3c49f54dd28f08b8532d028e2a	watch_01	00:00	00:00	mqtt:00:00	37:6A	250	-84.0
2026-10-09T12:16:19.822749	sess_6f1ab8d334114463ba9fa4b8fe589749	watch_01	00:05	00:05	mqtt:00:05	DA:64	186	-81.5
2026-10-09T12:16:20.682716	sess_5831e3e1fd244f27956ba6061236c14b	watch_01	00:07	00:07	mqtt:00:07	92:55	105	-74.5
2026-10-09T12:16:21.580128	sess_5d4c873474894f0a9d4fa7192d4a2b73	watch_01	00:01	00:01	mqtt:00:01	7F:1F	53	-70.5
2026-10-09T12:16:22.402208	sess_97d96ba1d73f44c593dac811ec23af8c	watch_01	00:08	00:08	mqtt:00:08	17:2E	399	-83.0
2026-10-09T12:16:23.111491	sess_eae957e2afd244c0b9bbc62b2d07d322	watch_01	00:03	00:03	mqtt:00:03	E6:61	29	-54.5
2026-10-09T12:16:23.938577	sess_17dcd359d53f4808be84d191f69e6a2e	watch_01	00:08	00:08	mqtt:00:08	D6:8E	419	-83.0
2026-10-09T12:16:24.642742	sess_c0b335ffb17a4b27a6f5f9d68e6992e6	watch_01	00:01	00:01	mqtt:00:01	49:F7	73	-68.0
2026-10-09T12:16:25.448772	sess_c41658fa96614fc1b8959ccee418f76f	watch_01	00:00	00:00	mqtt:00:00	16:8A	229	-83.5
2026-10-09T12:16:25.992458	sess_1b1da7ce1d5c4ebdb6012ad9d21ad973	watch_01	00:01	00:01	mqtt:00:01	54:DF	53	-71.0
2026-10-09T12:16:26.559502	sess_78103cbda38b400394dc54ddc803038d	watch_01	00:06	00:06	mqtt:00:06	A3:6B	41	-65.0
2026-10-09T12:16:27.345032	sess_ea21a409d7f549bd82e26e98f7131fda	watch_01	00:05	00:05	mqtt:00:05	8C:B6	193	-81.5
2026-10-09T12:16:29.072603	sess_90640a42aba044b49c6e2869bd3abbee	watch_01	00:03	00:03	mqtt:00:03	53:D6	22	-56.0
2026-10-09T12:16:29.893839	sess_1a3f4ae498754678b59166a97bdc6821	watch_01	00:01	00:01	mqtt:00:01	28:70	49	-69.5
2026-10-09T12:16:30.710759	sess_35c784d3001f4e23ae9a6c4aa912e3fe	watch_01	00:08	00:08	mqtt:00:08	FA:E6	404	-81.5
2026-10-09T12:16:31.373597	sess_b40c725e06e94326a7c9213cfc9abc89	watch_01	00:00	00:00	mqtt:00:00	43:50	233	-82.5
2026-10-09T12:16:32.244977	sess_732b923e21a644d7a0bf1c9ee03ec371	watch_01	00:05	00:05	mqtt:00:05	7A:4B	186	-82.0
2026-10-09T12:16:33.249622	sess_bad4480f937a4e679c5f9a9f20f5261b	watch_01	00:07	00:07	mqtt:00:07	2C:97	105	-74.5
2026-10-09T12:16:33.996659	sess_b0fcdb3bc24840988bfab500c16dba77	watch_01	00:06	00:06	mqtt:00:06	A5:E0	36	-65.0
2026-10-09T12:16:34.545278	sess_bedcd3663283468e86d2e77d9fe9ac8b	watch_01	00:01	00:01	mqtt:00:01	CB:B3	53	-70.5
2026-10-09T12:16:35.177249	sess_52377eb985114d3dac3465818b447333	watch_01	00:08	00:08	mqtt:00:08	05:D8	400	-83.0
2026-10-09T12:16:35.742529	sess_9e5a40e4d7694117929487b9ebc410a7	watch_01	00:00	00:00	mqtt:00:00	C9:2F	234	-83.5
2026-10-09T12:16:36.699582	sess_729855fa3ac8415f84e4bc9d066cbbab	watch_01	00:03	00:03	mqtt:00:03	C4:09	24	-57.0
2026-10-09T12:16:37.256247	sess_fc01b06e47d74c4d9aad4ae90b1b4ff9	watch_01	00:05	00:05	mqtt:00:05	3A:4C	187	-82.0
2026-10-09T12:16:38.057086	sess_9718454ec2de43a3bde89a738e043c10	watch_01	00:07	00:07	mqtt:00:07	63:2E	106	-75.0
2026-10-09T12:16:38.670864	sess_a968d74772a443a9a88badcfac0ba566	watch_01	00:05	00:05	mqtt:00:05	E9:4A	182	-81.0
2026-10-09T12:16:39.432781	sess_e667af53bd6a4782b145278f1cb26dcf	watch_01	00:01	00:01	mqtt:00:01	06:10	52	-70.5
2026-10-09T12:16:40.304940	sess_e0257c3e03b2484394d49026ea4b13ad	watch_01	00:08	00:08	mqtt:00:08	60:DF	407	-82.5
2026-10-09T12:16:42.495818	sess_b87073828efb43f39b9cc9772f3c9b6a	watch_01	00:00	00:00	mqtt:00:00	2B:78	231	-85.0
2026-10-09T12:16:43.185159	sess_27f9741bfc9a4f9c8c711ae30df47f85	watch_01	00:05	00:05	mqtt:00:05	B9:F0	197	-79.5
2026-10-09T12:16:44.099654	sess_85fc01ebfb9c4c96aecfffacf717517b	watch_01	00:07	00:07	mqtt:00:07	F4:D3	105	-74.5
2026-10-09T12:16:46.033543	sess_ce46acd78c774f9eb305c58595ac9f7f	watch_01	00:06	00:06	mqtt:00:06	6B:1E	43	-65.5
2026-10-09T12:16:46.814318	sess_fb307a1ddef24f4ebec07045866b0fa8	watch_01	00:03	00:03	mqtt:00:03	44:DA	22	-56.0
2026-10-09T12:16:47.514220	sess_0201e50058084093bbf0600ce3ab199f	watch_01	00:00	00:00	mqtt:00:00	25:C6	224	-85.0
2026-10-09T12:16:48.780890	sess_3b1904472d0b40439a50754f32816655	watch_01	00:02	00:02	mqtt:00:02	39:8C	104	-67.0
2026-10-09T12:16:49.528106	sess_fbe8a001619c417989a5b46e2eeba820	watch_01	00:01	00:01	mqtt:00:01	AF:D3	46	-70.5
2026-10-09T12:16:50.823134	sess_d085813942c2417cb1e7df2b8730c714	watch_01	00:07	00:07	mqtt:00:07	3A:14	105	-75.0
2026-10-09T12:16:51.607030	sess_e813715cbb374ef59323bafb0f9eed57	watch_01	00:05	00:05	mqtt:00:05	34:3E	183	-82.0
2026-10-09T12:16:52.430077	sess_eaa94577b9a74860b28b654397d02039	watch_01	00:06	00:06	mqtt:00:06	95:31	41	-65.5
2026-10-09T12:16:53.165194	sess_3e7c6f30a616463ba44782376b4f4083	watch_01	00:02	00:02	mqtt:00:02	9F:F3	57	-69.5
2026-10-09T12:16:53.797426	sess_43b71b36b29e4cd39bba3f061871f9c2	watch_01	00:08	00:08	mqtt:00:08	61:B2	399	-83.0
2026-10-09T12:16:54.546957	sess_3edf4d891c854f328ddab68e138ca328	watch_01	00:07	00:07	mqtt:00:07	D0:E0	102	-74.0
2026-10-09T12:16:55.170062	sess_f72f802425634b499c45aca7b3247ed1	watch_01	00:05	00:05	mqtt:00:05	79:4E	198	-81.5
2026-10-09T12:16:56.051027	sess_8d6d80a5f80e45a598d6516671f37e83	watch_01	00:03	00:03	mqtt:00:03	47:AA	23	-57.0
2026-10-09T12:16:56.872761	sess_1922c059d6b64de8be538c757d51dbf7	watch_01	00:00	00:00	mqtt:00:00	F4:DF	228	-82.0
2026-10-09T12:16:57.551985	sess_f9015cb8b82743b485c0bed53cb58285	watch_01	00:06	00:06	mqtt:00:06	8A:30	39	-65.0
2026-10-09T12:16:58.045510	sess_17144b07dc6043b2a821d25a46d2f23a	watch_01	00:01	00:01	mqtt:00:01	53:F7	52	-70.5
2026-10-09T12:17:03.131832	sess_a130929c8c28486c8d349a1ffa58a768	watch_01	00:03	00:03	mqtt:00:03	2A:BC	-1	-1
2026-10-09T12:17:03.800345	sess_4bb2a04f08b44504a0d5c3ae61f717e3	watch_01	00:05	00:05	mqtt:00:05	88:89	190	-81.0
2026-10-09T12:17:04.412357	sess_05620178b6af4949b045b40f6b18c82a	watch_01	00:02	00:02	mqtt:00:02	3A:4C	39	-70.0
2026-10-09T12:17:05.182937	sess_d2f0032b433e4e8bb1878040ae047508	watch_01	00:03	00:03	mqtt:00:03	00:2B	31	-51.5
2026-10-09T12:17:06.447753	sess_29e5d100b0cf4cbb90011975e23a107b	watch_01	00:02	00:02	mqtt:00:02	69:2C	16	-59.0
2026-10-09T12:17:07.212766	sess_90d7719e600f42b98a34e71dc329e660	watch_01	00:00	00:00	mqtt:00:00	4E:C3	223	-83.5
2026-10-09T12:17:07.842419	sess_6f622f39fc964a4d9986a08afe790d81	watch_01	00:08	00:08	mqtt:00:08	4D:44	481	-84.5
2026-10-09T12:17:08.662650	sess_016dc541418848e9b3f1b721c9cf5066	watch_01	00:02	00:02	mqtt:00:02	60:3D	11	-58.0
2026-10-09T12:17:09.259610	sess_5e2e30d9c99e435e877d0c345ebe4082	watch_01	00:06	00:06	mqtt:00:06	C8:4C	33	-68.5
2026-10-09T12:17:10.007232	sess_ae67b5a65ccf4425910ad362da4d6fb6	watch_01	00:05	00:05	mqtt:00:05	35:7B	194	-82.0
2026-10-09T12:17:10.636801	sess_1b2643465cc14b4fb327e493df70f256	watch_01	00:06	00:06	mqtt:00:06	8B:38	38	-69.0
2026-10-09T12:17:15.730280	sess_516c2c1a966546b7baf69e35f705a2a5	watch_01	00:07	00:07	mqtt:00:07	65:F1	-1	-1
2026-10-09T12:17:44.498278	sess_2f981d06808d4b9fbf15f5772dc04ece	watch_01	00:05	00:05	mqtt:00:05	2D:85	187	-81.5
2026-10-09T12:17:45.223110	sess_03698a17b0884d40b69046bc0b59ef05	watch_01	00:08	00:08	mqtt:00:08	BF:DF	384	-83.5
2026-10-09T12:17:46.202242	sess_7d25936d006843549cd33e6dcf8c4045	watch_01	00:02	00:02	mqtt:00:02	5A:2F	12	-59.5
2026-10-09T12:17:47.008070	sess_1032123411b54a88be6321d9b3901754	watch_01	00:00	00:00	mqtt:00:00	60:9A	229	-83.0
2026-10-09T12:17:47.757063	sess_9fb01bfb70ac44feb29bb2964a70e116	watch_01	00:03	00:03	mqtt:00:03	A9:3B	28	-52.5
2026-10-09T12:17:48.240851	sess_5f6fa1b277a94121a99f7fc44c3d7e1f	watch_01	00:05	00:05	mqtt:00:05	58:F3	191	-81.0
2026-10-09T12:17:48.803797	sess_f2c2b91eefe943a7b949a0ad63ad1f00	watch_01	00:07	00:07	mqtt:00:07	55:1F	114	-78.5
2026-10-09T12:17:49.520843	sess_1d97db8f284c4a2d820d683c5e281968	watch_01	00:06	00:06	mqtt:00:06	AA:16	39	-67.5
2026-10-09T12:17:50.426428	sess_3f3be27d718a43eea37f4b27e5a40a7c	watch_01	00:01	00:01	mqtt:00:01	5A:B6	54	-74.0
2026-10-09T12:17:51.149200	sess_5fbfab636ca1458989e0af8bed396576	watch_01	00:08	00:08	mqtt:00:08	28:D7	387	-83.5
2026-10-09T12:17:51.927495	sess_181d2896e60d4574abc4a15686a60258	watch_01	00:08	00:08	mqtt:00:08	A3:4D	486	-83.0
2026-10-09T12:17:52.503123	sess_c5dfb4a6f182451f9b4578309586f905	watch_01	00:01	00:01	mqtt:00:01	B8:66	54	-73.0
2026-10-09T12:17:54.009158	sess_b69be8c906be4d31839d320857d923da	watch_01	00:02	00:02	mqtt:00:02	54:A8	15	-58.5
2026-10-09T12:17:59.102864	sess_5b60cfc8d8854a508e2c612f1b99fe07	watch_01	00:07	00:07	mqtt:00:07	4B:18	-1	-1
2026-10-09T12:18:24.343761	sess_e3b9be600523458eb448e30d57268c81	watch_01	00:03	00:03	mqtt:00:03	18:27	30	-52.5
2026-10-09T12:18:24.980251	sess_661ae8f20c964ce0a80cddc6444a8dd9	watch_01	00:02	00:02	mqtt:00:02	D3:AE	16	-58.0
2026-10-09T12:18:26.023422	sess_e211dd1c75b74eb7972487c16094f314	watch_01	00:00	00:00	mqtt:00:00	5D:D3	249	-89.5
2026-10-09T12:18:27.195967	sess_69ed883b9b254f279e2b3af124ce32ec	watch_01	00:01	00:01	mqtt:00:01	4B:2D	54	-75.0
2026-10-09T12:18:27.810347	sess_9963c3dfc0064269bf7b4000b51a1b52	watch_01	00:02	00:02	mqtt:00:02	51:75	16	-60.0
2026-10-09T12:18:28.584111	sess_a9aa55a656d24ed28634b96704a91746	watch_01	00:06	00:06	mqtt:00:06	3E:9A	36	-68.0
2026-10-09T12:18:29.347302	sess_a1c78d87e00341239370e152023eb027	watch_01	00:03	00:03	mqtt:00:03	61:01	29	-53.0
2026-10-09T12:18:30.532168	sess_55a4bfb6813b45ea9fa181f1389d88e8	watch_01	00:05	00:05	mqtt:00:05	8D:72	190	-80.5
2026-10-09T12:18:31.043063	sess_59d0049a67ad4b39a3571c99be8dba34	watch_01	00:00	00:00	mqtt:00:00	F1:2B	251	-88.5
2026-10-09T12:18:31.666717	sess_d7aedde9298948059620c6d84d148329	watch_01	00:06	00:06	mqtt:00:06	BF:28	39	-68.0
2026-10-09T12:18:32.453175	sess_746fbb489d354b76bbf06614fb51f33a	watch_01	00:08	00:08	mqtt:00:08	F6:41	416	-83.5
2026-10-09T12:18:35.846458	sess_ce8dad2ce00f4fec9a7587523302a802	watch_01	00:07	00:07	mqtt:00:07	E0:03	110	-77.0
2026-10-09T12:18:36.551075	sess_cea01edd0a7942b0a47b3dfa93be27ed	watch_01	00:05	00:05	mqtt:00:05	8E:8F	190	-81.5
2026-10-09T12:18:37.287155	sess_06e4904e35c24a549320728ac3a25a7c	watch_01	00:07	00:07	mqtt:00:07	E2:84	107	-78.0
2026-10-09T12:18:37.902552	sess_9288d71189cc4e8ea75d4260fb1f9b77	watch_01	00:00	00:00	mqtt:00:00	BE:50	245	-88.0
2026-10-09T12:18:38.673772	sess_5d92b6f33a6b445d99cc59e5d1b9e2ea	watch_01	00:02	00:02	mqtt:00:02	8A:F4	13	-58.5
2026-10-09T12:18:39.591910	sess_b5c6221083814088b42405a19897f386	watch_01	00:02	00:02	mqtt:00:02	84:6B	16	-58.5
2026-10-09T12:18:40.249573	sess_857676f6ff9a4268a5def4652c6c8e5d	watch_01	00:08	00:08	mqtt:00:08	82:44	415	-83.5
2026-10-09T12:18:40.885854	sess_1543c4bed2fc4758a4263bcecdbb78d8	watch_01	00:01	00:01	mqtt:00:01	9B:01	51	-73.0
2026-10-09T12:18:41.610583	sess_649c9a0506ec48cbbb64309d57b503af	watch_01	00:00	00:00	mqtt:00:00	7C:44	241	-88.0
2026-10-09T12:18:46.698063	sess_917ccaa57f4549d286a0c80105ef3afc	watch_01	00:07	00:07	mqtt:00:07	1F:D1	-1	-1
2026-10-09T12:18:48.764385	sess_604124d403764577ae57c085ab12a3f8	watch_01	00:05	00:05	mqtt:00:05	3B:9E	195	-81.0
2026-10-09T12:18:49.539733	sess_0abbc4c3bc924232bffccd0f6e51950c	watch_01	00:01	00:01	mqtt:00:01	DC:F8	55	-74.0
2026-10-09T12:18:50.938304	sess_ad847ec3a04d4d3781b0e45ba60c0830	watch_01	00:02	00:02	mqtt:00:02	E1:DE	18	-58.5
2026-10-09T12:18:51.719474	sess_5a8853a67d1b49d6a53d4daa967e7cf4	watch_01	00:00	00:00	mqtt:00:00	5E:CE	243	-88.5
2026-10-09T12:18:52.632754	sess_7fb0050c49a241e4938549648e684b1e	watch_01	00:05	00:05	mqtt:00:05	84:94	192	-81.0
2026-10-09T12:18:55.032965	sess_3dd5745cff7641c6983255bfc619b5b6	watch_01	00:06	00:06	mqtt:00:06	82:82	38	-68.0
2026-10-09T12:18:55.622328	sess_0420eec182ea4ca8834707c9025043b1	watch_01	00:02	00:02	mqtt:00:02	F9:82	20	-57.0
2026-10-09T12:18:56.334589	sess_18e398fe1c4e4441a369d61359c88a0b	watch_01	00:03	00:03	mqtt:00:03	F4:5E	29	-51.5
2026-10-09T12:18:56.912370	sess_f91f8dda75474d7da02f54fd41fee38f	watch_01	00:00	00:00	mqtt:00:00	B6:A4	238	-88.0
2026-10-09T12:18:58.168027	sess_a214116b10da4a3e9357763d8e52480e	watch_01	00:08	00:08	mqtt:00:08	63:CF	398	-83.5
2026-10-09T12:18:58.756031	sess_c41e7fb9168e4a03aee9417a72ea3aed	watch_01	00:01	00:01	mqtt:00:01	94:35	58	-73.0
2026-10-09T12:19:03.843817	sess_a3d48e29869b4c9cae4be18bd733c9d8	watch_01	00:06	00:06	mqtt:00:06	97:75	-1	-1
2026-10-09T12:19:04.817038	sess_109e852953d8483086b6f906a0c8b232	watch_01	00:08	00:08	mqtt:00:08	A8:3C	396	-84.0
2026-10-09T12:19:05.387949	sess_5ed4b33f41554817b5ceb4709bdc5b18	watch_01	00:02	00:02	mqtt:00:02	13:BB	13	-58.0
2026-10-09T12:19:05.952210	sess_7b800e7928b64712ad785c978efdaea6	watch_01	00:01	00:01	mqtt:00:01	F6:ED	53	-74.0
2026-10-09T12:19:11.221111	sess_810dd1d860e44aebad9b82822c5063da	watch_01	00:07	00:07	mqtt:00:07	2A:BA	-1	-1
2026-10-09T12:19:21.476507	sess_a335562aef814afaaabfe167706438dd	watch_01	00:05	00:05	mqtt:00:05	33:68	199	-81.0
2026-10-09T12:19:22.086963	sess_3771d5018ca0480d9c9f8a56c771676d	watch_01	00:07	00:07	mqtt:00:07	11:C9	111	-78.0
2026-10-09T12:19:22.801599	sess_5cb04c980fd64b36a7cea4b7770f451f	watch_01	00:02	00:02	mqtt:00:02	6A:CC	15	-59.5
2026-10-09T12:19:23.610735	sess_814fbdf82fc94794b342e364e5c69611	watch_01	00:03	00:03	mqtt:00:03	E8:80	31	-52.5
2026-10-09T12:19:24.294200	sess_bdc8411e7c0a4b339c92706301eae70e	watch_01	00:03	00:03	mqtt:00:03	BB:27	28	-52.5
2026-10-09T12:19:24.985239	sess_9483dff46b854f2681a294dec52ad429	watch_01	00:00	00:00	mqtt:00:00	19:C1	233	-89.5
2026-10-09T12:19:25.768623	sess_bc95439aff8044a99baa2c460a1ebea5	watch_01	00:07	00:07	mqtt:00:07	01:B0	107	-76.5
2026-10-09T12:19:26.499278	sess_5f9a4edf940847889278083e0362f169	watch_01	00:09	00:09	mqtt:00:09	49:D3	64	-68.5
2026-10-09T12:19:26.971158	sess_515e2bcbfdea4b9987397337d4187c3a	watch_01	00:05	00:05	mqtt:00:05	18:5E	192	-81.0
2026-10-09T12:19:27.550821	sess_11e866e0c96f404c86680669e5609545	watch_01	00:06	00:06	mqtt:00:06	B7:A8	37	-68.0
2026-10-09T12:19:28.451142	sess_647c221de4db41d180bc464723ba8d38	watch_01	00:03	00:03	mqtt:00:03	27:37	32	-51.5
2026-10-09T12:19:29.199391	sess_1cbb11a47a414071a79bce9b6d926c90	watch_01	00:09	00:09	mqtt:00:09	53:77	83	-70.5
2026-10-09T12:19:29.799062	sess_2edfe4fc3f07450980eb4a6f95c4b93d	watch_01	00:08	00:08	mqtt:00:08	39:93	416	-84.5
2026-10-09T12:19:30.692219	sess_dbb74b5f60e64596adba0c4eb473398b	watch_01	00:00	00:00	mqtt:00:00	DC:3F	227	-87.5
2026-10-09T12:19:31.508217	sess_38b6103b3c934e0495e56fb9256f9ab2	watch_01	00:01	00:01	mqtt:00:01	75:8C	57	-73.5
2026-10-09T12:19:32.352129	sess_118e1a02840c4f2a9d00874044a41d54	watch_01	00:07	00:07	mqtt:00:07	55:08	100	-79.0
2026-10-09T12:19:33.658433	sess_af636fc8ca3242c6a9dab220bf4df8ae	watch_01	00:06	00:06	mqtt:00:06	3D:A2	46	-63.5
2026-10-09T12:19:34.302301	sess_546e844e4e83407e8910205163a5c29d	watch_01	00:02	00:02	mqtt:00:02	19:17	19	-55.5
2026-10-09T12:19:34.981575	sess_4154ef3f6bcb4fbca51b022ff508907b	watch_01	00:05	00:05	mqtt:00:05	30:D2	181	-82.5
2026-10-09T12:19:40.072204	sess_487d301756aa4ae8a30af8d3b6dc2591	watch_01	00:07	00:07	mqtt:00:07	24:23	-1	-1
2026-10-09T12:19:41.330756	sess_c0552df3cf7b4eea97ea9829ea3ef00e	watch_01	00:09	00:09	mqtt:00:09	45:AA	14	-49.5
2026-10-09T12:19:41.896807	sess_e038813d6a3a4785a73a915face5ae03	watch_01	00:02	00:02	mqtt:00:02	40:90	19	-55.5
2026-10-09T12:19:42.655319	sess_0732558df70b434693838d22290fddb2	watch_01	00:03	00:03	mqtt:00:03	4D:FC	22	-56.5
2026-10-09T12:19:43.341363	sess_4e3a1773d0574e5f800413fceb95ff0c	watch_01	00:00	00:00	mqtt:00:00	C4:B7	240	-89.0
2026-10-09T12:19:43.980304	sess_a998c4cdb728406baee7c9d3ccdb5fa4	watch_01	00:02	00:02	mqtt:00:02	6A:1E	21	-52.5
2026-10-09T12:19:45.791242	sess_51e07c0b11fb469b83fa392e191680a7	watch_01	00:06	00:06	mqtt:00:06	86:88	44	-62.0
2026-10-09T12:19:46.458636	sess_00ea4fbe934e4d2c8bd5e717ec1a18cb	watch_01	00:01	00:01	mqtt:00:01	0A:A9	53	-69.0
2026-10-09T12:19:47.189600	sess_eb13c7df53194329a68234f624f5a886	watch_01	00:08	00:08	mqtt:00:08	5D:14	402	-83.5
2026-10-09T12:19:48.170513	sess_7c06444de83c45b1a837c08e927cd95d	watch_01	00:09	00:09	mqtt:00:09	D4:9C	12	-52.5
2026-10-09T12:19:49.528509	sess_25ddbe1a0b8b4023907d7240f1878516	watch_01	00:03	00:03	mqtt:00:03	47:48	27	-55.5
2026-10-09T12:19:50.300730	sess_f41978eb890e470fb972b9e86e4f2701	watch_01	00:06	00:06	mqtt:00:06	27:32	48	-63.5
2026-10-09T12:19:51.069488	sess_38a1301c624640e79902ff6993dcb5f1	watch_01	00:02	00:02	mqtt:00:02	42:2A	19	-51.5
2026-10-09T12:19:51.578071	sess_63b6f7af941b41da9179f6b1842f3359	watch_01	00:05	00:05	mqtt:00:05	A9:47	184	-81.0
2026-10-09T12:19:52.157043	sess_e90a29c9cc83410cb7ac805140f40be7	watch_01	00:01	00:01	mqtt:00:01	6C:18	53	-70.0
2026-10-09T12:19:52.918265	sess_de52715c5475428287749559fe279bdc	watch_01	00:01	00:01	mqtt:00:01	40:BF	53	-70.5
2026-10-09T12:19:53.510467	sess_a36e608ef7154b94a14ebb4d65cb605e	watch_01	00:00	00:00	mqtt:00:00	58:D4	236	-88.5
2026-10-09T12:19:54.288942	sess_c9318cd00fdb400ca57f320337bc559b	watch_01	00:03	00:03	mqtt:00:03	E3:95	24	-57.5
2026-10-09T12:19:55.099993	sess_caebd5b347454384a471c4aadda91037	watch_01	00:09	00:09	mqtt:00:09	FF:E2	13	-50.0
2026-10-09T12:19:55.850653	sess_cff2afd52a854f7bb0a4418195e432cf	watch_01	00:06	00:06	mqtt:00:06	32:4B	47	-62.0
2026-10-09T12:19:56.724215	sess_74ef71ccc6f84e9cb1ebca90c3993981	watch_01	00:02	00:02	mqtt:00:02	C8:1F	23	-54.0
2026-10-09T12:19:57.930418	sess_eeb7e67dbdd54d4c826fe38437692ce0	watch_01	00:05	00:05	mqtt:00:05	54:C2	186	-81.0
2026-10-09T12:19:58.644053	sess_60417d1e1564453faf0605142ff77e4f	watch_01	00:00	00:00	mqtt:00:00	DB:F8	231	-88.0
2026-10-09T12:19:59.308975	sess_47da58e0475d4b5d9172d90f46ab82e6	watch_01	00:03	00:03	mqtt:00:03	2E:61	25	-58.0
2026-10-09T12:20:00.012300	sess_d30ec5b5a94e4ca8aff6b61a08806016	watch_01	00:09	00:09	mqtt:00:09	FF:A8	15	-52.5
2026-10-09T12:20:00.714518	sess_032b164e9b234802955decda86bc2445	watch_01	00:08	00:08	mqtt:00:08	35:5E	409	-83.5
2026-10-09T12:20:01.511894	sess_28358b05a0fd49bea85b25a5a72a7647	watch_01	00:00	00:00	mqtt:00:00	60:ED	229	-88.0
2026-10-09T12:20:02.017058	sess_468c4bc9d18643eda34d6794643b5f3e	watch_01	00:01	00:01	mqtt:00:01	87:77	52	-70.0
2026-10-09T12:20:02.644628	sess_a97ef2a9267d4f1eadd6d5d2b1fd6b52	watch_01	00:03	00:03	mqtt:00:03	AC:FC	26	-56.5
2026-10-09T12:20:03.197689	sess_4523dc666b974257ad5bd719f31e3f0d	watch_01	00:02	00:02	mqtt:00:02	C9:1C	21	-54.0
2026-10-09T12:20:03.970396	sess_e5b12c1e78be469498f4d536cc956dd2	watch_01	00:09	00:09	mqtt:00:09	AE:0B	17	-51.5
2026-10-09T12:20:04.681120	sess_bdf36ccd4dc348dbb8e291d4874382e6	watch_01	00:06	00:06	mqtt:00:06	17:45	45	-63.5
2026-10-09T12:20:05.286876	sess_3044d66eab6446f798bf38e91946eb99	watch_01	00:09	00:09	mqtt:00:09	F6:57	14	-52.5
2026-10-09T12:20:05.942607	sess_0241cffe40f1474db5ece066f97d5e2f	watch_01	00:00	00:00	mqtt:00:00	B7:68	231	-88.0
2026-10-09T12:20:06.563155	sess_f1254da203c542318e6058395f007ed1	watch_01	00:06	00:06	mqtt:00:06	DD:E3	42	-63.0
2026-10-09T12:20:07.454434	sess_e39250fae29c42bab5bf5507ac35ec8f	watch_01	00:03	00:03	mqtt:00:03	86:C9	24	-57.5
2026-10-09T12:20:08.263494	sess_b1434b9ccffd4b36bbb4a82bace6b134	watch_01	00:01	00:01	mqtt:00:01	B4:0F	54	-70.0
2026-10-09T12:20:08.846230	sess_01a44fa274ba47389d812284089db195	watch_01	00:05	00:05	mqtt:00:05	28:F6	184	-82.0
2026-10-09T12:20:09.704184	sess_8ecd7a095c9c4e519d4cdabab5355113	watch_01	00:00	00:00	mqtt:00:00	0E:9E	236	-88.0
2026-10-09T12:20:10.369220	sess_dd9f463a36764ccdae712559c6ac2dba	watch_01	00:09	00:09	mqtt:00:09	20:BA	15	-51.5
2026-10-09T12:20:11.284026	sess_23201b1f08a84c99a836ddfebcca0eb2	watch_01	00:02	00:02	mqtt:00:02	2B:FE	19	-54.5
2026-10-09T12:20:12.024491	sess_149b7fa8390d41f4b748e20432ccec30	watch_01	00:08	00:08	mqtt:00:08	B3:9C	399	-83.0
2026-10-09T12:20:12.784098	sess_4647286bcecf4876881a7cf67f0eea12	watch_01	00:07	00:07	mqtt:00:07	CF:57	100	-78.0
2026-10-09T12:20:14.048768	sess_b520250c202d4b93a24fcef7fd0118a2	watch_01	00:06	00:06	mqtt:00:06	44:46	44	-63.0
2026-10-09T12:20:14.849351	sess_cffea82a6ff1417491f08cac27e16eed	watch_01	00:07	00:07	mqtt:00:07	45:DD	101	-76.5
2026-10-09T12:20:15.322200	sess_664dc1ed03e549809d84e5ca50d9e0bb	watch_01	00:08	00:08	mqtt:00:08	92:44	415	-83.5
2026-10-09T12:20:15.876499	sess_571974bc1f5f48c7970e9240860932cc	watch_01	00:03	00:03	mqtt:00:03	52:B6	24	-57.0
2026-10-09T12:20:16.543315	sess_488b8efcc6c541339f7379140606fc50	watch_01	00:09	00:09	mqtt:00:09	2D:71	14	-51.5
2026-10-09T12:20:17.281300	sess_9ee04152f6674e8ab0f014962cb2a052	watch_01	00:00	00:00	mqtt:00:00	73:32	231	-88.0
2026-10-09T12:20:17.954269	sess_a36dfd7c869241388e5f63eafad5ab7c	watch_01	00:07	00:07	mqtt:00:07	22:C1	99	-77.5
2026-10-09T12:20:18.530051	sess_095615cde7f1441a9f0b3d828a883306	watch_01	00:01	00:01	mqtt:00:01	71:06	51	-70.0
2026-10-09T12:20:19.190679	sess_b854db94aeac485b83d3d97dbbe2f947	watch_01	00:02	00:02	mqtt:00:02	25:B0	22	-51.5
2026-10-09T12:20:19.788544	sess_f752039595df485f916eb2b26b384604	watch_01	00:06	00:06	mqtt:00:06	7F:8F	48	-63.5
2026-10-09T12:20:20.547834	sess_cb42e0fea3b145e48dee29c30de652c3	watch_01	00:05	00:05	mqtt:00:05	11:9F	175	-82.5
2026-10-09T12:20:21.312648	sess_40d84bc7f258441dbff2560b2b982015	watch_01	00:03	00:03	mqtt:00:03	BF:B2	21	-56.5
2026-10-09T12:20:21.881969	sess_fbffd552adc84868b0ee15f5d44b3060	watch_01	00:08	00:08	mqtt:00:08	82:DF	415	-84.0
2026-10-09T12:20:22.802492	sess_2e41886db4c14bbfaf45725160950ffc	watch_01	00:01	00:01	mqtt:00:01	0F:FB	54	-70.0
2026-10-09T12:20:23.461379	sess_7463ab6bef814779b07a7448a19bd723	watch_01	00:02	00:02	mqtt:00:02	76:37	24	-53.0
2026-10-09T12:20:24.346617	sess_8fc1b24eae1a4aaa8c5f4dc03208121c	watch_01	00:00	00:00	mqtt:00:00	3F:7F	233	-88.0
2026-10-09T12:20:25.272741	sess_0ed593d425534c73acd092d77bb18bde	watch_01	00:09	00:09	mqtt:00:09	83:BA	15	-52.5
2026-10-09T12:20:26.910630	sess_31cb735fba9340e6beb3bbe8bcdc19ed	watch_01	00:06	00:06	mqtt:00:06	4B:0B	47	-62.5
2026-10-09T12:20:27.603020	sess_6570a50f71fa42fdbb6cb907182ba731	watch_01	00:03	00:03	mqtt:00:03	8D:C7	23	-57.5
2026-10-09T12:20:28.282372	sess_c58fdbe2d7c848c1b139f63e18b642f0	watch_01	00:05	00:05	mqtt:00:05	86:7A	178	-82.0
2026-10-09T12:20:28.989392	sess_a4ff325647b64dd5ac5a1ad1bcbb8171	watch_01	00:01	00:01	mqtt:00:01	AF:A9	52	-70.0
2026-10-09T12:20:29.708134	sess_b7adb7940f1e45cdb19a3039d6196a86	watch_01	00:01	00:01	mqtt:00:01	21:0D	52	-70.0
2026-10-09T12:20:30.391350	sess_7a1bcf2ab3ad4ecfaa46cf2572cb649c	watch_01	00:08	00:08	mqtt:00:08	06:9D	441	-83.5
2026-10-09T12:20:31.188537	sess_b91a5b2f7c484806a95153daffeb1354	watch_01	00:02	00:02	mqtt:00:02	3C:09	21	-53.0
2026-10-09T12:20:31.924319	sess_6257f74ef82a4cd588fa27fb446a7a35	watch_01	00:07	00:07	mqtt:00:07	11:AE	100	-77.0
2026-10-09T12:20:32.454661	sess_23a55f6397c94bd5ad63964ee32ca2c5	watch_01	00:09	00:09	mqtt:00:09	45:CA	13	-53.5
2026-10-09T12:20:33.342435	sess_2c98971597d14507a3c1d8559a2f66f4	watch_01	00:07	00:07	mqtt:00:07	57:F6	101	-78.0
2026-10-09T12:20:33.972492	sess_e0d5ca076fec484da749e79974cdbd47	watch_01	00:09	00:09	mqtt:00:09	56:DE	13	-52.5
2026-10-09T12:20:34.829895	sess_b580e196529942e488830a25baf76dc1	watch_01	00:08	00:08	mqtt:00:08	A0:43	421	-82.5
2026-10-09T12:20:35.454869	sess_3aba4915496b4223b49fe6c094298c7e	watch_01	00:05	00:05	mqtt:00:05	2C:D8	175	-82.0
2026-10-09T12:20:36.325278	sess_6b6eb324f9ce454586a7bfea8da547e7	watch_01	00:00	00:00	mqtt:00:00	32:1E	243	-89.5
2026-10-09T12:20:37.805797	sess_0bd071bda57a49ae8271f767cd3f79ed	watch_01	00:03	00:03	mqtt:00:03	E3:91	21	-56.0
2026-10-09T12:20:38.575211	sess_bfebddf7fd6f4b859ce9bbecdec802d6	watch_01	00:06	00:06	mqtt:00:06	5A:10	44	-63.5
2026-10-09T12:20:39.369638	sess_f78cf96b51a041f1bcd7cb18e952f6a5	watch_01	00:05	00:05	mqtt:00:05	7D:9A	182	-82.0
2026-10-09T12:20:40.257656	sess_5b9ba4ebaf67454eb45ed362d861d7d2	watch_01	00:07	00:07	mqtt:00:07	0D:1A	100	-77.5
2026-10-09T12:20:40.919855	sess_c07d1ed8c05c41aa9a57b42887d5c9e4	watch_01	00:02	00:02	mqtt:00:02	4F:FA	19	-55.0
2026-10-09T12:20:41.446549	sess_3dbec7de280d4aa4b14ed9c3592bd7df	watch_01	00:01	00:01	mqtt:00:01	28:E9	52	-70.5
2026-10-09T12:20:42.943357	sess_124dd10e0bf74a6bbbaa70ec1e205bad	watch_01	00:05	00:05	mqtt:00:05	B5:7A	177	-82.0
2026-10-09T12:20:43.606699	sess_8d0b33ca0c4b4aad8b2547fc7e2c1663	watch_01	00:09	00:09	mqtt:00:09	BB:C4	15	-53.0
2026-10-09T12:20:44.417991	sess_fdbb8da050234665957890c77aad0533	watch_01	00:00	00:00	mqtt:00:00	3F:F9	239	-88.0
2026-10-09T12:20:45.235530	sess_3b629b78ae3f46ca9be3cd3f0c2e12ba	watch_01	00:08	00:08	mqtt:00:08	74:27	410	-83.0
2026-10-09T12:20:45.851990	sess_c5ea4103f02a4d07a1691fe927a5c0e5	watch_01	00:05	00:05	mqtt:00:05	FE:8F	180	-81.5
2026-10-09T12:20:46.683733	sess_b876bed54d824d9daabea204dca4db6f	watch_01	00:07	00:07	mqtt:00:07	97:6F	102	-75.5
2026-10-09T12:20:47.372361	sess_81e2665f99af44cc9f6eb1fe65490469	watch_01	00:02	00:02	mqtt:00:02	4B:8C	22	-55.0
2026-10-09T12:20:48.102700	sess_38f8fbf9c7034b59b30e51020fd6188a	watch_01	00:08	00:08	mqtt:00:08	13:3B	434	-83.5
2026-10-09T12:20:48.748334	sess_098110a1254f4277bb9264d2167521ed	watch_01	00:02	00:02	mqtt:00:02	C7:6B	17	-51.5
2026-10-09T12:20:49.575714	sess_1239a21064e54931954b5ef9bf624c4a	watch_01	00:03	00:03	mqtt:00:03	C3:1C	20	-56.5
2026-10-09T12:20:50.356382	sess_1df827f7a22c4d7aa96148aa4aab58eb	watch_01	00:03	00:03	mqtt:00:03	60:87	22	-57.0
2026-10-09T12:20:51.079511	sess_2cd98e03fa874b02ae041612f4442e65	watch_01	00:06	00:06	mqtt:00:06	4D:23	46	-63.0
2026-10-09T12:20:51.783577	sess_279ec295d716473b8cadbe0abb171385	watch_01	00:01	00:01	mqtt:00:01	8A:1C	52	-70.5
2026-10-09T12:20:52.609792	sess_0b44c03f860745b4a0536b7dadfd6d09	watch_01	00:09	00:09	mqtt:00:09	4F:B7	11	-53.5
2026-10-09T12:20:53.288874	sess_33e4353364224622a3f53bbc3f104571	watch_01	00:03	00:03	mqtt:00:03	95:FA	24	-56.5
2026-10-09T12:20:54.107592	sess_b7048d5dd9314f66a84cc078952c2299	watch_01	00:09	00:09	mqtt:00:09	F9:AB	16	-52.5
2026-10-09T12:20:54.685087	sess_333bdd301c6b46ffb643eb79362c022a	watch_01	00:02	00:02	mqtt:00:02	DE:E8	21	-54.0
2026-10-09T12:20:55.979941	sess_1da5d49026b840af96f0a8df11ec63c3	watch_01	00:08	00:08	mqtt:00:08	2F:94	422	-83.0
2026-10-09T12:20:56.617403	sess_48f2ecc837c24036a863e67b897f9ed5	watch_01	00:05	00:05	mqtt:00:05	41:5C	184	-82.5
2026-10-09T12:20:57.511280	sess_5dc07b2a9c81460e8f09fef6196c6c4a	watch_01	00:09	00:09	mqtt:00:09	A6:CD	12	-51.5
2026-10-09T12:20:58.245449	sess_e8240b9b9ded43aea266fd0f9120bb7e	watch_01	00:02	00:02	mqtt:00:02	9C:22	21	-51.5
2026-10-09T12:20:58.942994	sess_fafe4956bf7246978836812c8e40f869	watch_01	00:00	00:00	mqtt:00:00	A6:65	254	-90.0
2026-10-09T12:21:00.388840	sess_ec7f659e3a4c4de691a701fc3c98f897	watch_01	00:07	00:07	mqtt:00:07	97:79	100	-78.5
2026-10-09T12:21:01.216858	sess_7c002c13901949b2bbe77cba7aceb8e1	watch_01	00:06	00:06	mqtt:00:06	7E:29	42	-62.5
2026-10-09T12:21:02.037387	sess_e38c2cf7137142e6bff442cf8bc5b16f	watch_01	00:05	00:05	mqtt:00:05	95:08	205	-82.0
2026-10-09T12:21:02.472835	sess_e5b85d2f4e664c6eab358206d38b9c3f	watch_01	00:01	00:01	mqtt:00:01	4E:E2	53	-70.5
2026-10-09T12:21:03.263996	sess_2298b6110ae2462e8f875a847fff8ea8	watch_01	00:02	00:02	mqtt:00:02	DB:93	23	-50.0
2026-10-09T12:21:04.037103	sess_e9a5a9591a69432790a83a336949d399	watch_01	00:08	00:08	mqtt:00:08	1C:5C	414	-83.0
2026-10-09T12:21:04.784678	sess_f5ebc7eba33441bca54bb47a8ed4bf73	watch_01	00:03	00:03	mqtt:00:03	63:70	21	-55.5
2026-10-09T12:21:05.561310	sess_06193ca078b5443f970f43f5a8af84b6	watch_01	00:09	00:09	mqtt:00:09	14:7A	14	-51.5
2026-10-09T12:21:06.494152	sess_cdaeb840c68348989910c7d224bd2eb1	watch_01	00:07	00:07	mqtt:00:07	98:7C	102	-76.0
2026-10-09T12:21:06.916836	sess_d64196e666024db2997abcb75526c2cd	watch_01	00:00	00:00	mqtt:00:00	6E:B5	234	-88.0
2026-10-09T12:21:07.708535	sess_c79b705ec13c4621a6fe8b4ca4fffd22	watch_01	00:09	00:09	mqtt:00:09	51:F5	14	-51.0
2026-10-09T12:21:09.119783	sess_596eb7ab9ec747e49241f91657ee2d02	watch_01	00:07	00:07	mqtt:00:07	22:13	102	-78.5
2026-10-09T12:21:09.662208	sess_e3c1a66265e340f88d79cfb89da32f27	watch_01	00:03	00:03	mqtt:00:03	E1:52	24	-55.5
2026-10-09T12:21:10.430357	sess_ffc25efe30a747ceb870cccbc585e78c	watch_01	00:01	00:01	mqtt:00:01	2E:5D	53	-70.5
2026-10-09T12:21:11.712633	sess_80dbc5799d714ba8953fd7e9b4e33b61	watch_01	00:06	00:06	mqtt:00:06	75:C9	47	-62.5
2026-10-09T12:21:12.376562	sess_c85934209f6b4644bb2565694a27fef8	watch_01	00:02	00:02	mqtt:00:02	6A:26	21	-54.0
2026-10-09T12:21:13.192092	sess_2f73825d3a0f40229fcae6fe8809d685	watch_01	00:02	00:02	mqtt:00:02	1D:95	19	-54.0
2026-10-09T12:21:14.009155	sess_3969f9a0ff724da2830a53789dafbe8f	watch_01	00:00	00:00	mqtt:00:00	CE:06	247	-88.0
2026-10-09T12:21:14.567618	sess_33acf05e9014405db3de9c1eb797eed7	watch_01	00:08	00:08	mqtt:00:08	CA:57	493	-83.0
2026-10-09T12:21:15.950520	sess_66d15953345440fd9a291fc4cae64e76	watch_01	00:05	00:05	mqtt:00:05	50:64	184	-82.0
2026-10-09T12:21:16.660479	sess_38634a003fae4107a66ac02a3702c2b7	watch_01	00:02	00:02	mqtt:00:02	F9:AA	21	-54.0
2026-10-09T12:21:17.463364	sess_51f5ecc128fc466eba95a61773649929	watch_01	00:08	00:08	mqtt:00:08	01:31	424	-82.5
2026-10-09T12:21:18.212329	sess_37cdd729f8c7444b9c4c955a8ebf0e4d	watch_01	00:07	00:07	mqtt:00:07	43:A5	103	-76.5
2026-10-09T12:21:18.876868	sess_56cb03c4ee7847688bfd3f855c9b6c55	watch_01	00:01	00:01	mqtt:00:01	72:AF	54	-69.5
2026-10-09T12:21:19.772020	sess_21d7402197fa496ca56d5af0d51bf3a9	watch_01	00:02	00:02	mqtt:00:02	70:E8	22	-53.0
2026-10-09T12:21:20.497618	sess_088f3759dadf4111a6b931bc6c4cb52b	watch_01	00:06	00:06	mqtt:00:06	5D:F3	41	-62.5
2026-10-09T12:21:21.116762	sess_6ac6027f8f3541e9818eae2fb77ab391	watch_01	00:09	00:09	mqtt:00:09	FD:D4	11	-51.0
2026-10-09T12:21:21.828470	sess_7eedda4e17f049739be5d97010998f0c	watch_01	00:03	00:03	mqtt:00:03	C4:7F	24	-55.5
2026-10-09T12:21:22.731479	sess_020a0839eb8f45c795026abc17070ef5	watch_01	00:05	00:05	mqtt:00:05	FA:4A	190	-81.5
2026-10-09T12:21:23.983864	sess_167f892eeb6d48fbada0ead14f6f67b9	watch_01	00:07	00:07	mqtt:00:07	24:A8	102	-76.5
2026-10-09T12:21:24.502194	sess_b4417a67391f4d5ba014a64484985282	watch_01	00:03	00:03	mqtt:00:03	C4:B3	24	-58.0
2026-10-09T12:21:25.020521	sess_42917d6d0d1b485e9d87e83ffc498b66	watch_01	00:00	00:00	mqtt:00:00	5A:63	256	-88.0
2026-10-09T12:21:25.785115	sess_74db32c5361e46ca847e2a53ff73daf1	watch_01	00:01	00:01	mqtt:00:01	95:E4	55	-70.0
2026-10-09T12:21:26.407440	sess_44632cea997f4244b6eb4576bdefd703	watch_01	00:05	00:05	mqtt:00:05	DF:EA	179	-82.0
2026-10-09T12:21:27.849307	sess_6df350e4783447489b90db55b17d063d	watch_01	00:09	00:09	mqtt:00:09	84:71	16	-48.5
2026-10-09T12:21:28.436869	sess_e213c448d7344cc2bf468cafe9de527f	watch_01	00:07	00:07	mqtt:00:07	10:D0	104	-77.5
2026-10-09T12:21:29.011161	sess_7f7b1b1f61b7461c849ce0bf51b735de	watch_01	00:03	00:03	mqtt:00:03	A2:55	24	-57.0
2026-10-09T12:21:29.537482	sess_dfd48b8a47dd472095c934a71a63cb53	watch_01	00:06	00:06	mqtt:00:06	4C:3E	43	-63.5
2026-10-09T12:21:30.298413	sess_118318de7fec400e9458d9851b834c26	watch_01	00:08	00:08	mqtt:00:08	D2:5A	407	-83.0
2026-10-09T12:21:31.140585	sess_427766bb1b6c4bae85068e2f870bca21	watch_01	00:02	00:02	mqtt:00:02	B9:FF	21	-51.5
2026-10-09T12:21:31.751460	sess_f16915c7dd1249fdbeaf85a7c87c92c7	watch_01	00:09	00:09	mqtt:00:09	F1:0F	15	-51.5
2026-10-09T12:21:33.098376	sess_a3b7965db5114b32907052ecc39043a1	watch_01	00:06	00:06	mqtt:00:06	6C:D1	44	-62.5
2026-10-09T12:21:33.925155	sess_c42b9b436b4047ffa10369e729bb407b	watch_01	00:05	00:05	mqtt:00:05	47:33	185	-80.5
2026-10-09T12:21:34.760972	sess_d7816b2c6ed44402aa59b6fbd07c34b9	watch_01	00:02	00:02	mqtt:00:02	F1:40	22	-54.5
2026-10-09T12:21:35.601404	sess_d25b722186724f5786349e910e077d9b	watch_01	00:00	00:00	mqtt:00:00	B8:4E	234	-88.0
2026-10-09T12:21:36.263110	sess_41368fe1995d48689a3ba8b98f9d57df	watch_01	00:01	00:01	mqtt:00:01	36:F9	50	-69.5
2026-10-09T12:21:36.909672	sess_46376e2ae4c84e85a46413c51ea27e54	watch_01	00:07	00:07	mqtt:00:07	34:DC	99	-76.5
2026-10-09T12:21:38.355026	sess_6039c26b03964e4e8c7c7c985e5ffb17	watch_01	00:06	00:06	mqtt:00:06	E3:35	45	-63.0
2026-10-09T12:21:38.949228	sess_3a014124768340bf968f10f968d8996c	watch_01	00:02	00:02	mqtt:00:02	F4:6E	18	-54.0
2026-10-09T12:21:39.563418	sess_4931721c4fe54766b2bb0c3ed140fb07	watch_01	00:01	00:01	mqtt:00:01	ED:CC	53	-70.0
2026-10-09T12:21:40.946394	sess_3830bd5c7d894bd299788275cde6b16b	watch_01	00:07	00:07	mqtt:00:07	CC:24	102	-77.0
2026-10-09T12:21:41.520029	sess_587aa8862d1b42219c162d5913ff76c7	watch_01	00:05	00:05	mqtt:00:05	71:29	183	-82.0
2026-10-09T12:21:42.107284	sess_e191889119534ca5a2b885829526e6f6	watch_01	00:03	00:03	mqtt:00:03	0F:EB	23	-56.0
2026-10-09T12:21:42.852749	sess_4b6b9ada32694e4bb69c32d37978b35c	watch_01	00:02	00:02	mqtt:00:02	B7:C6	15	-55.5
2026-10-09T12:21:43.698245	sess_735e54adaa1642cab1bcc2399ac890f2	watch_01	00:01	00:01	mqtt:00:01	7D:DE	54	-70.0
2026-10-09T12:21:44.418454	sess_17a127c6a56a435eb8374339c85c4646	watch_01	00:02	00:02	mqtt:00:02	CE:BC	22	-54.0
2026-10-09T12:21:45.186355	sess_05e5de20e1b8482c98eef12ad134a666	watch_01	00:06	00:06	mqtt:00:06	D6:68	45	-63.0
2026-10-09T12:21:46.079037	sess_751e6fb275364f22b0bb7ed7f7d5bc88	watch_01	00:09	00:09	mqtt:00:09	A8:EE	13	-54.5
2026-10-09T12:21:47.300242	sess_ffe988c8999c49b2ab0734d4c88f83a0	watch_01	00:00	00:00	mqtt:00:00	58:03	235	-87.0
2026-10-09T12:21:48.603331	sess_860686957aeb43aeb8f7e2b88eced075	watch_01	00:08	00:08	mqtt:00:08	00:78	400	-83.0
2026-10-09T12:21:49.302994	sess_bda27126e35342a0a6def365cf47fb59	watch_01	00:01	00:01	mqtt:00:01	44:DB	54	-70.5
2026-10-09T12:21:49.953748	sess_b5f8507d95a34cc3aab89c42fcf77ed4	watch_01	00:08	00:08	mqtt:00:08	36:79	406	-83.0
2026-10-09T12:21:50.828771	sess_e63dff67ccb94fb0b27512c9a61fd917	watch_01	00:02	00:02	mqtt:00:02	15:6C	20	-51.0
2026-10-09T12:21:51.350743	sess_24fd965ee43e4874b0491e65224cc479	watch_01	00:02	00:02	mqtt:00:02	20:44	21	-51.0
2026-10-09T12:21:52.280077	sess_e757d608d9864ebd8f1d17fa3a48f1dd	watch_01	00:05	00:05	mqtt:00:05	EA:D8	202	-81.5
2026-10-09T12:21:52.975841	sess_d693fbf461d6472a83bd83a8516eadf0	watch_01	00:02	00:02	mqtt:00:02	F8:94	18	-54.0
2026-10-09T12:21:53.703609	sess_eefca715b40f4ebebbd90778a24ae612	watch_01	00:08	00:08	mqtt:00:08	C3:99	405	-80.5
2026-10-09T12:21:54.987897	sess_ed4081f242af488599003e15cef6a776	watch_01	00:06	00:06	mqtt:00:06	48:37	45	-62.0
2026-10-09T12:21:56.177321	sess_df6b14d672094f10ac62bb3a20ba728c	watch_01	00:03	00:03	mqtt:00:03	99:33	21	-58.0
2026-10-09T12:21:56.711869	sess_5f849ac7f7ff4eb395c4553bb48c38bc	watch_01	00:09	00:09	mqtt:00:09	8D:80	14	-52.5
2026-10-09T12:21:57.454663	sess_cc06bf447d74426b8dfb9e2739ca91aa	watch_01	00:01	00:01	mqtt:00:01	CB:6C	51	-71.5
2026-10-09T12:21:58.086961	sess_5e921520ecbe4ddb97287b4a517e1242	watch_01	00:03	00:03	mqtt:00:03	F7:8A	21	-58.0
2026-10-09T12:21:58.896166	sess_29d514a7e97b49479d4b64ef5322be98	watch_01	00:07	00:07	mqtt:00:07	7C:09	100	-79.0
2026-10-09T12:21:59.771748	sess_9f574fe9bd02469587cbb6d7c26b6e93	watch_01	00:09	00:09	mqtt:00:09	E1:66	13	-52.5
2026-10-09T12:22:00.692009	sess_cac8b70fc2f7405a96ecba1e144b6561	watch_01	00:00	00:00	mqtt:00:00	C2:D6	227	-89.5
2026-10-09T12:22:01.455889	sess_8185b47ea28e4de79f03409a90b15ab9	watch_01	00:09	00:09	mqtt:00:09	E8:D6	16	-51.0
2026-10-09T12:22:02.772116	sess_8625f5160a5e412eb8e5e4f3eef460c8	watch_01	00:05	00:05	mqtt:00:05	01:43	185	-80.0
2026-10-09T12:22:03.577552	sess_f01043a6d61d413a97f14b4e55dc7cd1	watch_01	00:02	00:02	mqtt:00:02	CA:6D	19	-52.0
2026-10-09T12:22:04.147905	sess_67fcd479057b49daadea55057a09efaa	watch_01	00:01	00:01	mqtt:00:01	25:79	51	-70.5
2026-10-09T12:22:04.718362	sess_36a16845ba36405a91d204fbd7b6ce0d	watch_01	00:08	00:08	mqtt:00:08	83:85	408	-84.0
2026-10-09T12:22:05.340536	sess_ac025334649944ab8c8582f7d324264f	watch_01	00:06	00:06	mqtt:00:06	CF:13	49	-60.5
2026-10-09T12:22:06.952354	sess_2eabdc19d26943c0840894ca68844af5	watch_01	00:02	00:02	mqtt:00:02	6C:8B	22	-55.5
2026-10-09T12:22:08.116809	sess_eabedbe6b68748d4ac1f2fc2a82f3f8a	watch_01	00:03	00:03	mqtt:00:03	76:0D	23	-58.0
2026-10-09T12:22:08.876584	sess_88c4b271f6df444f9f76da86496bf225	watch_01	00:05	00:05	mqtt:00:05	E9:95	193	-81.5
2026-10-09T12:22:09.678051	sess_cec9087d96314ae6a86decc16ed04a80	watch_01	00:01	00:01	mqtt:00:01	AF:55	56	-71.0
2026-10-09T12:22:10.323716	sess_f89b62b1769548b69b2e7b8ee7bc4f95	watch_01	00:05	00:05	mqtt:00:05	AB:05	188	-80.5
2026-10-09T12:22:11.173850	sess_89862776beeb481ca416a0a9270c781f	watch_01	00:08	00:08	mqtt:00:08	58:80	407	-84.5
2026-10-09T12:22:12.431441	sess_83f1c0acba234527b5094c6e2e8432fa	watch_01	00:07	00:07	mqtt:00:07	CA:8A	100	-79.0
2026-10-09T12:22:13.123472	sess_df985e115fb840f7ad747b0e20594ada	watch_01	00:00	00:00	mqtt:00:00	8A:6D	228	-90.0
2026-10-09T12:22:13.934398	sess_1d9db4fc375648b899177a46aadd41ec	watch_01	00:06	00:06	mqtt:00:06	AA:67	48	-59.5
2026-10-09T12:22:14.652663	sess_7869866e117841f6b6d5f002b68f24ec	watch_01	00:08	00:08	mqtt:00:08	08:0E	406	-83.5
2026-10-09T12:22:15.990552	sess_84a35e49dcbb404e92dcdc054c65dbdc	watch_01	00:09	00:09	mqtt:00:09	6E:30	16	-52.5
2026-10-09T12:22:16.698446	sess_8eeb7843b32641d9ad0355cf13b11d38	watch_01	00:03	00:03	mqtt:00:03	E3:5A	24	-61.0
2026-10-09T12:22:17.313011	sess_16c748061b644b268381ef12a3c7affe	watch_01	00:00	00:00	mqtt:00:00	95:5E	227	-90.5
2026-10-09T12:22:18.012915	sess_3af45e5d9c7f497a89cdd40c272698c3	watch_01	00:02	00:02	mqtt:00:02	31:32	21	-54.5
2026-10-09T12:22:18.582696	sess_60edf7d98c1b4081880d6ca8decf9c5c	watch_01	00:05	00:05	mqtt:00:05	9A:7B	187	-80.0
2026-10-09T12:22:19.157734	sess_17b88276cf3e4c188b7361dc3b53298c	watch_01	00:09	00:09	mqtt:00:09	83:E2	63	-64.5
2026-10-09T12:22:19.950869	sess_3c2162f3850b4fcd8ce1bcdd2878f037	watch_01	00:09	00:09	mqtt:00:09	32:14	65	-60.0
2026-10-09T12:22:20.673949	sess_a96261c6e3224f69909375b2a06ec85c	watch_01	00:03	00:03	mqtt:00:03	9E:37	23	-54.0
2026-10-09T12:22:21.310897	sess_c5fb2911cec54205bb9a0a33ae4806a9	watch_01	00:08	00:08	mqtt:00:08	00:64	389	-83.0
2026-10-09T12:22:21.990462	sess_52434ce1709b40f6b8bcdadabbc0e67f	watch_01	00:00	00:00	mqtt:00:00	3D:9B	297	-89.0
2026-10-09T12:22:22.870206	sess_e0972582b2c34754a40a713351a95fe3	watch_01	00:05	00:05	mqtt:00:05	81:0C	180	-81.0
2026-10-09T12:22:23.634171	sess_360751c56694463988ee5797e28e62b4	watch_01	00:06	00:06	mqtt:00:06	F9:23	51	-62.0
2026-10-09T12:22:24.514180	sess_5a110f64823548a1856169c618b6344f	watch_01	00:07	00:07	mqtt:00:07	F0:C4	118	-73.5
2026-10-09T12:22:25.194448	sess_800b13f2636c4a00a3bcc9d67ecd69f5	watch_01	00:01	00:01	mqtt:00:01	31:2A	72	-68.0
2026-10-09T12:22:25.895008	sess_781836fb967142e6a174ea809616a1da	watch_01	00:02	00:02	mqtt:00:02	7F:5E	16	-57.0
2026-10-09T12:22:26.706583	sess_5f07f749b6fa476d93af9d934ad764c2	watch_01	00:03	00:03	mqtt:00:03	96:83	43	-58.0
2026-10-09T12:22:27.418238	sess_c92450dc08704038ba66e9ddc6b4ccf2	watch_01	00:06	00:06	mqtt:00:06	43:E6	61	-64.5
2026-10-09T12:22:28.678530	sess_e46257d6ebf84cf69a23bc5b5bdce33a	watch_01	00:08	00:08	mqtt:00:08	2D:95	433	-86.0
2026-10-09T12:22:33.797518	sess_fb402fe19cf84dbe9603d797572b3d74	watch_01	00:07	00:07	mqtt:00:07	E3:55	-1	-1
2026-10-09T12:22:34.317526	sess_c0739690c783497ea97f97b2b0dd678a	watch_01	00:01	00:01	mqtt:00:01	1C:25	49	-77.5
2026-10-09T12:22:35.057334	sess_f2beb3e87d6740efaea6b5ccb1425eb4	watch_01	00:02	00:02	mqtt:00:02	92:4C	14	-56.5
2026-10-09T12:22:35.536939	sess_6fe7440956fc4884bbf4e87a577d067d	watch_01	00:09	00:09	mqtt:00:09	EE:6F	13	-44.0
2026-10-09T12:22:36.160299	sess_31b8548538444755b3a861f83304acdc	watch_01	00:06	00:06	mqtt:00:06	EB:10	54	-65.0
2026-10-09T12:22:36.918597	sess_d482b600c9d64ad68f749da0386e752f	watch_01	00:05	00:05	mqtt:00:05	27:93	188	-81.0
2026-10-09T12:22:37.675135	sess_a41f59812e8c45cca4b671ddf67001a2	watch_01	00:09	00:09	mqtt:00:09	E5:40	9	-44.0
2026-10-09T12:22:38.238722	sess_a02d9a106cfd4893a39067ed9d315547	watch_01	00:02	00:02	mqtt:00:02	95:C4	10	-56.5
2026-10-09T12:22:39.410825	sess_d48f539735a74e64a8a590b02cffdbee	watch_01	00:05	00:05	mqtt:00:05	CD:98	186	-81.5
2026-10-09T12:22:40.237748	sess_52a7e9faf0bb4f9694d994ec23bc4670	watch_01	00:01	00:01	mqtt:00:01	94:09	50	-75.0
2026-10-09T12:22:41.377961	sess_a7ef8defe7fc43209377eeb7be7752fb	watch_01	00:00	00:00	mqtt:00:00	BF:1A	276	-92.0
2026-10-09T12:22:41.866330	sess_28b04c8008714593ad7dceee8da125f7	watch_01	00:02	00:02	mqtt:00:02	0F:F1	13	-54.5
2026-10-09T12:22:42.635815	sess_d46ff44761c54635a6489719816bab97	watch_01	00:07	00:07	mqtt:00:07	19:4E	135	-76.5
2026-10-09T12:22:43.307270	sess_47e031685613469ea0958ada63ac4b01	watch_01	00:06	00:06	mqtt:00:06	07:81	57	-65.0
2026-10-09T12:22:44.138411	sess_35d596dffbe74a48a71331cfcfb524cf	watch_01	00:08	00:08	mqtt:00:08	B7:5A	385	-84.0
2026-10-09T12:22:44.724551	sess_d4485679839b4810932260c0d221e79b	watch_01	00:02	00:02	mqtt:00:02	9E:5A	14	-56.0
2026-10-09T12:22:45.306022	sess_4875ec0eb32743aaa24ba4e90b16d2bc	watch_01	00:06	00:06	mqtt:00:06	3A:0F	55	-64.5
2026-10-09T12:22:45.936867	sess_93c0e4e63e204d47b4e2f639330f3fe7	watch_01	00:00	00:00	mqtt:00:00	3B:D6	249	-90.5
2026-10-09T12:22:46.534989	sess_3e18d07773ef4437841df31a3210c4b3	watch_01	00:01	00:01	mqtt:00:01	03:93	51	-74.0
2026-10-09T12:22:47.827546	sess_7ee4bdc7b2ad4c08986e56e77afcf8b2	watch_01	00:03	00:03	mqtt:00:03	D8:F0	39	-58.0
2026-10-09T12:22:48.479553	sess_c0dabcc246634d1692a6b6e1e187fe3e	watch_01	00:02	00:02	mqtt:00:02	72:CE	14	-56.5
2026-10-09T12:22:49.207267	sess_19bdf3ce136f408e82d8197d68528eab	watch_01	00:09	00:09	mqtt:00:09	8B:A0	9	-47.5
2026-10-09T12:22:50.027037	sess_5675b34dddca49a69651744feff8a8ef	watch_01	00:03	00:03	mqtt:00:03	ED:50	31	-59.0
2026-10-09T12:22:50.834099	sess_9ef361b0dae944f18f8bc7d33e0e7361	watch_01	00:09	00:09	mqtt:00:09	0A:8F	8	-47.0
2026-10-09T12:22:51.586043	sess_9c237baba540442aa5ff94e23be02528	watch_01	00:08	00:08	mqtt:00:08	8E:0B	417	-84.5
2026-10-09T12:22:52.271940	sess_e933bbeb25bc442ebfd6f1de458e5620	watch_01	00:02	00:02	mqtt:00:02	6A:71	11	-57.5
2026-10-09T12:22:52.975060	sess_6db0baa5c0d24c07b37afd3fcab5a633	watch_01	00:03	00:03	mqtt:00:03	D1:C4	38	-56.5
2026-10-09T12:22:53.536475	sess_829d2781c7104848a86e1114c9ff4fa2	watch_01	00:05	00:05	mqtt:00:05	24:B9	185	-81.0
2026-10-09T12:22:54.406013	sess_72cfcfb1eaef44d8866d2e48a9b8639f	watch_01	00:01	00:01	mqtt:00:01	BB:22	52	-75.5
2026-10-09T12:22:55.139493	sess_85728d14e3b44b0a928dced2e6819002	watch_01	00:02	00:02	mqtt:00:02	F3:70	11	-56.5
2026-10-09T12:22:56.448955	sess_b4ad14c0550a4145b589b4efb63d96d7	watch_01	00:00	00:00	mqtt:00:00	95:3D	258	-89.5
2026-10-09T12:22:57.309482	sess_fad1c15ed95d4f16b9478c9f55830dbd	watch_01	00:07	00:07	mqtt:00:07	13:E9	128	-79.5
2026-10-09T12:22:58.849055	sess_8977523616944c1895227bc411b80a65	watch_01	00:09	00:09	mqtt:00:09	B6:3C	10	-47.5
2026-10-09T12:22:59.632779	sess_e321539ce45c4390b90ef0eaeb37067b	watch_01	00:08	00:08	mqtt:00:08	6A:D6	420	-83.5
2026-10-09T12:23:00.450723	sess_12e316307c954d4f8c337cd5a89fbc1e	watch_01	00:09	00:09	mqtt:00:09	53:27	11	-45.5
2026-10-09T12:23:01.065291	sess_aa2ceebcba024d3a985031ce7f96daa0	watch_01	00:08	00:08	mqtt:00:08	4F:F6	410	-85.0
2026-10-09T12:23:01.867001	sess_7abb99d59df940f7982ffaa7c1f5c67c	watch_01	00:00	00:00	mqtt:00:00	EF:44	332	-92.0
2026-10-09T12:23:02.416088	sess_937c803dc8df4b4cac38bf5593794708	watch_01	00:02	00:02	mqtt:00:02	3A:BE	16	-55.0
2026-10-09T12:23:03.492973	sess_ccbaa75e726545db94b5f3ca3392b50d	watch_01	00:05	00:05	mqtt:00:05	23:21	185	-81.5
2026-10-09T12:23:04.199493	sess_ef10aa5d8db44681bfd9dacadc2112e5	watch_01	00:09	00:09	mqtt:00:09	82:2D	8	-45.5
2026-10-09T12:23:04.912232	sess_89277d7bba2b4ed382b8a4e6dcf9e145	watch_01	00:01	00:01	mqtt:00:01	1F:55	52	-78.5
2026-10-09T12:23:06.068072	sess_86a21e4cdad74fe483aa8dcf06a20d7c	watch_01	00:07	00:07	mqtt:00:07	00:6D	122	-79.5
2026-10-09T12:23:06.690117	sess_32d08a6ee4e14451859dc42b4d87df63	watch_01	00:00	00:00	mqtt:00:00	FB:70	301	-90.0
2026-10-09T12:23:07.271859	sess_3e22f21491934dfd97d766f7ffc9f1ac	watch_01	00:08	00:08	mqtt:00:08	C5:D4	417	-84.0
2026-10-09T12:23:07.974013	sess_a5692fe9861341e786a7abe08e4b76b1	watch_01	00:03	00:03	mqtt:00:03	32:C5	38	-57.5
2026-10-09T12:23:08.803428	sess_d997b3366778439eb324a0aabfccdc14	watch_01	00:00	00:00	mqtt:00:00	3A:CE	310	-90.0
2026-10-09T12:23:09.656636	sess_cc9950a87250434fbc48cda5203538fa	watch_01	00:06	00:06	mqtt:00:06	D8:A3	58	-66.0
2026-10-09T12:23:10.333599	sess_87e59dea5b2245e99bd88b9d6f702724	watch_01	00:07	00:07	mqtt:00:07	ED:F4	127	-78.0
2026-10-09T12:23:11.103768	sess_c29d0225182d4257a3f5e630ecedb444	watch_01	00:05	00:05	mqtt:00:05	53:6F	189	-80.0
2026-10-09T12:23:11.914060	sess_57284bf36cfd414c980b4d7d7ea007f4	watch_01	00:07	00:07	mqtt:00:07	8E:06	124	-79.5
2026-10-09T12:23:12.542803	sess_3af45621242e4c968de12a4f5fd08af8	watch_01	00:09	00:09	mqtt:00:09	A2:B3	9	-45.5
2026-10-09T12:23:13.140499	sess_7e618604f587417b95a49fe7debefb6a	watch_01	00:01	00:01	mqtt:00:01	0B:78	53	-77.5
2026-10-09T12:23:13.816509	sess_29bcc45f8ae240bebded3ca17cf975a7	watch_01	00:02	00:02	mqtt:00:02	CB:76	8	-56.5
2026-10-09T12:23:14.448291	sess_836b6c68277246628561ad05d149e794	watch_01	00:00	00:00	mqtt:00:00	6C:57	301	-90.0
2026-10-09T12:23:15.048292	sess_e0926d7983304c9da936377b1ea7f1a4	watch_01	00:03	00:03	mqtt:00:03	2F:26	37	-59.0
2026-10-09T12:23:19.776822	sess_a12fea9d57e647f6820a082d2b4a0c27	watch_01	00:07	00:07	mqtt:00:07	6C:E2	125	-78.0
2026-10-09T12:23:20.593205	sess_b8b8e4bee1e3461b8d6981341de32325	watch_01	00:03	00:03	mqtt:00:03	D2:27	38	-57.5
2026-10-09T12:23:21.332655	sess_01cf5bb59d024421ac1dcc89a9d927f3	watch_01	00:02	00:02	mqtt:00:02	01:92	16	-57.5
2026-10-09T12:23:22.746339	sess_40af283ba1784b30a2899d1034ddca2a	watch_01	00:06	00:06	mqtt:00:06	76:7D	53	-65.0
2026-10-09T12:23:23.801382	sess_282430f82eda4d00b9e5615e42e5c767	watch_01	00:05	00:05	mqtt:00:05	59:14	181	-81.5
2026-10-09T12:23:24.516919	sess_6caba2cb80ac4167a96bbef2841c76c9	watch_01	00:01	00:01	mqtt:00:01	7D:D5	52	-75.5
2026-10-09T12:23:25.240702	sess_a7915008cfe74f81aa7df873183b5eeb	watch_01	00:08	00:08	mqtt:00:08	95:93	415	-84.5
2026-10-09T12:23:26.015880	sess_0d6718b24eaf4c5b9d28dd75562a9f92	watch_01	00:00	00:00	mqtt:00:00	81:A9	249	-89.0
2026-10-09T12:23:26.619398	sess_ecdd823d60234fa6bb77a71f1458c01c	watch_01	00:09	00:09	mqtt:00:09	E0:17	11	-48.5
2026-10-09T12:23:27.169895	sess_cb03e97e4e424ce885f53937dd6d225b	watch_01	00:05	00:05	mqtt:00:05	22:5C	187	-81.0
2026-10-09T12:23:27.726736	sess_0800df45ca8d482082cf2be820e39394	watch_01	00:02	00:02	mqtt:00:02	F0:A8	11	-57.0
2026-10-09T12:23:28.786661	sess_773e0c72997942e1a755d229d2fb1a60	watch_01	00:03	00:03	mqtt:00:03	B9:E2	33	-58.5
2026-10-09T12:23:29.842786	sess_a31c7b21bd014dd89f5afa46a5cb0a21	watch_01	00:07	00:07	mqtt:00:07	67:00	117	-77.0
2026-10-09T12:23:30.598396	sess_ac5b083c7123490fbd4423388f73289e	watch_01	00:00	00:00	mqtt:00:00	03:F3	278	-90.5
2026-10-09T12:23:31.574112	sess_830adcfff5e9449fb5ca1a77f3977706	watch_01	00:01	00:01	mqtt:00:01	C7:6C	54	-77.0
2026-10-09T12:23:32.354529	sess_f99704d62d3149cf90a87d0a72df3613	watch_01	00:07	00:07	mqtt:00:07	C9:ED	127	-79.0
2026-10-09T12:23:32.971724	sess_12b5b8c7bbcb4fcb8c72cff15c4aa9cb	watch_01	00:01	00:01	mqtt:00:01	97:A5	48	-75.5
2026-10-09T12:23:33.510169	sess_697e662672ed4c3b8a659d82b4e4132e	watch_01	00:03	00:03	mqtt:00:03	9F:E6	38	-58.0
2026-10-09T12:23:34.923765	sess_857e60f8f0574e50a83324decf2a9239	watch_01	00:01	00:01	mqtt:00:01	E8:29	50	-76.5
2026-10-09T12:23:35.620459	sess_6ef945972ee243cf921e5fd1f92c371a	watch_01	00:06	00:06	mqtt:00:06	C7:85	53	-65.0
2026-10-09T12:23:36.210903	sess_709101923bf642c9b09a2353362360fd	watch_01	00:09	00:09	mqtt:00:09	64:19	10	-45.5
2026-10-09T12:23:37.167352	sess_94022cbeb9cb4c91a2418e8c74d25ce8	watch_01	00:01	00:01	mqtt:00:01	81:BA	52	-79.5
2026-10-09T12:23:37.850266	sess_776af677f0754723add019a44a511525	watch_01	00:08	00:08	mqtt:00:08	45:27	409	-84.0
2026-10-09T12:23:38.559996	sess_c92004c302164883bf22b785f0591005	watch_01	00:00	00:00	mqtt:00:00	67:C2	244	-90.0
2026-10-09T12:23:39.322977	sess_6e21a827953e4c179b1f87f59e5ab8fa	watch_01	00:07	00:07	mqtt:00:07	4D:2F	128	-78.0
2026-10-09T12:23:40.458196	sess_a3c5e4431335492a9f4286edc3f3965e	watch_01	00:03	00:03	mqtt:00:03	1D:C1	36	-58.5
2026-10-09T12:23:41.262425	sess_25d1dfaca3a446efaa1b7cfa2abfa56e	watch_01	00:09	00:09	mqtt:00:09	1F:52	11	-47.0
2026-10-09T12:23:41.858908	sess_f28bd1cb5e084b598b63fcb6375467b8	watch_01	00:06	00:06	mqtt:00:06	AB:35	57	-65.5
2026-10-09T12:23:42.505870	sess_401fa0f0d9da41a5b783e1b996778d60	watch_01	00:01	00:01	mqtt:00:01	8E:E9	49	-78.5
2026-10-09T12:23:43.934687	sess_0152ab0d9ab64cc999c5382a9811aa75	watch_01	00:00	00:00	mqtt:00:00	CD:1B	233	-90.5
2026-10-09T12:23:44.541761	sess_8e44af32f0e6428bbf789ba120344826	watch_01	00:03	00:03	mqtt:00:03	FC:E0	40	-58.0
2026-10-09T12:23:45.168683	sess_87a4762929e24731a440ed4c2b0adfd3	watch_01	00:06	00:06	mqtt:00:06	79:87	53	-65.0
2026-10-09T12:23:46.105476	sess_9cf9dbeab20741ae8352ca25b9ce31b5	watch_01	00:08	00:08	mqtt:00:08	68:2B	393	-84.5
2026-10-09T12:23:46.895695	sess_9616267dacf14aa0982012af211b5ede	watch_01	00:02	00:02	mqtt:00:02	BD:66	13	-56.5
2026-10-09T12:23:47.605162	sess_4696c755dc0d4343a58ac01e06d50034	watch_01	00:09	00:09	mqtt:00:09	5D:92	12	-45.5
2026-10-09T12:23:52.700218	sess_62e06529d1dd4d76817c4352a1aab2ce	watch_01	00:07	00:07	mqtt:00:07	F7:85	-1	-1
2026-10-09T12:23:56.418943	sess_83076a4b62b34d57b28b265eb6b1abf1	watch_01	00:05	00:05	mqtt:00:05	52:85	185	-80.0
2026-10-09T12:23:57.078478	sess_f9a78d6e7daf4bd98aa643c7cc62bd12	watch_01	00:01	00:01	mqtt:00:01	7E:C8	44	-75.0
2026-10-09T12:23:57.767068	sess_cee7d4019f5446cbbd0bcf523f6c6c7f	watch_01	00:03	00:03	mqtt:00:03	2B:C7	35	-58.0
2026-10-09T12:23:58.530732	sess_fca6ad99d7df44039bcdffc8dec70d8d	watch_01	00:09	00:09	mqtt:00:09	41:DB	7	-47.0
2026-10-09T12:23:59.230761	sess_2d7b1aa4f8db4e77bb1929c9f9708894	watch_01	00:00	00:00	mqtt:00:00	72:05	233	-89.5
2026-10-09T12:24:00.062411	sess_a7b6d81bda4a4199895d33e0e827b67b	watch_01	00:09	00:09	mqtt:00:09	6C:B3	8	-46.0
2026-10-09T12:24:01.644699	sess_da4b2f4d77fa49f38d14a8d93dc5682e	watch_01	00:03	00:03	mqtt:00:03	1C:C0	37	-58.0
2026-10-09T12:24:02.360250	sess_2fd80ffbc438480b864a4d9e48180d09	watch_01	00:01	00:01	mqtt:00:01	AE:3E	52	-77.0
2026-10-09T12:24:03.181769	sess_4ddada4ac76c4cdf91df3b1fe4e018a2	watch_01	00:03	00:03	mqtt:00:03	39:1A	38	-58.0
2026-10-09T12:24:04.645651	sess_b8e0004051704c4aa7315922e3fec4e9	watch_01	00:02	00:02	mqtt:00:02	9B:39	13	-56.5
2026-10-09T12:24:06.085700	sess_a70e3573ab794274a26a5fee392ad4ce	watch_01	00:06	00:06	mqtt:00:06	66:E6	53	-65.0
2026-10-09T12:24:11.175120	sess_33005d09d30648d6b49b07fe386952de	watch_01	00:07	00:07	mqtt:00:07	1D:A1	-1	-1
2026-10-09T12:24:14.802455	sess_83d136e0a6ae485c96fddcc76370dc06	watch_01	00:00	00:00	mqtt:00:00	D3:98	234	-90.0
2026-10-09T12:24:15.510206	sess_378e4da5fc5c44dab5cfe0ecc1daf352	watch_01	00:03	00:03	mqtt:00:03	62:C6	39	-58.0
2026-10-09T12:24:16.125427	sess_dd9826f92d664d45bedccb62e7056b93	watch_01	00:01	00:01	mqtt:00:01	10:0E	54	-77.0
2026-10-09T12:24:16.920363	sess_cc3516ebeb8242ca876f0534a5e4f34d	watch_01	00:00	00:00	mqtt:00:00	31:DE	228	-89.0
2026-10-09T12:24:17.577413	sess_cd49b00c08044c4f9fde852553221448	watch_01	00:05	00:05	mqtt:00:05	91:8C	186	-80.0
2026-10-09T12:24:20.694179	sess_b33fbfe645bc477889180f497d10931d	watch_01	00:07	00:07	mqtt:00:07	8F:3B	121	-80.0
2026-10-09T12:24:21.420330	sess_a788696a40b149109f0ebd0d4e3c18ef	watch_01	00:08	00:08	mqtt:00:08	31:2D	405	-84.0
2026-10-09T12:24:22.353542	sess_be7413bdd38243079d4ebc672ff99415	watch_01	00:02	00:02	mqtt:00:02	E0:D6	10	-57.5
2026-10-09T12:24:22.870371	sess_9a854b8386364285a8a58462b90ffd84	watch_01	00:09	00:09	mqtt:00:09	9A:9F	13	-48.5
2026-10-09T12:24:23.708602	sess_f8ce55a4d9a142d89241c0b5467037d0	watch_01	00:06	00:06	mqtt:00:06	F2:1D	56	-65.0
2026-10-09T12:24:24.503753	sess_350e16ff7431404d8c8973c3c8458435	watch_01	00:00	00:00	mqtt:00:00	9D:E6	241	-90.0
2026-10-09T12:24:25.315722	sess_d3612c2c54fd455188b3649b1de5363b	watch_01	00:02	00:02	mqtt:00:02	2D:D3	14	-57.0
2026-10-09T12:24:28.699281	sess_1d93abb20c2f4db2a5db58d9365cfa09	watch_01	00:03	00:03	mqtt:00:03	7F:25	41	-58.0
2026-10-09T12:24:29.267696	sess_f7a7ceeb12e84ff091bef0b24e856081	watch_01	00:02	00:02	mqtt:00:02	8D:FC	14	-56.5
2026-10-09T12:24:30.366187	sess_c938758c64f74b39b18e96f98aacd02d	watch_01	00:07	00:07	mqtt:00:07	9A:CA	132	-76.0
2026-10-09T12:24:31.077686	sess_377de37fb3eb4e19be662ee1a0dd98ec	watch_01	00:08	00:08	mqtt:00:08	6B:4F	413	-84.0
2026-10-09T12:24:31.763718	sess_976347137d714e0ea2321f6065f537ec	watch_01	00:02	00:02	mqtt:00:02	96:20	16	-54.0
2026-10-09T12:24:32.528823	sess_7d2d033deb264e28bc1fc0ad27a023de	watch_01	00:08	00:08	mqtt:00:08	88:B4	395	-84.0
2026-10-09T12:24:33.239894	sess_27318d53a4094d078f585da6b3be29ac	watch_01	00:00	00:00	mqtt:00:00	96:62	234	-90.5
2026-10-09T12:24:33.957369	sess_b727e306993540e69d61bf1ba19cfa36	watch_01	00:09	00:09	mqtt:00:09	38:8F	9	-50.5
2026-10-09T12:24:35.298650	sess_37d833a0de584ca99820a62409361a09	watch_01	00:05	00:05	mqtt:00:05	7E:C1	178	-81.0
2026-10-09T12:24:36.084383	sess_ae21a5951ee745989f0b94e42562c103	watch_01	00:03	00:03	mqtt:00:03	D8:FB	41	-58.5
2026-10-09T12:24:36.764366	sess_12976c15074c407cb83a0bd34fc8cd46	watch_01	00:06	00:06	mqtt:00:06	B2:60	51	-65.0
2026-10-09T12:24:37.636876	sess_862d4b33af014b86a4a00a5ada933bbb	watch_01	00:05	00:05	mqtt:00:05	0C:CE	174	-82.0
2026-10-09T12:24:38.224339	sess_3cd31ad03ed94f17b0d573d5cdad6546	watch_01	00:07	00:07	mqtt:00:07	A3:89	129	-76.5
2026-10-09T12:24:39.016172	sess_30b3e1b458624fe68fcd454c6492d797	watch_01	00:01	00:01	mqtt:00:01	E4:72	52	-77.5
2026-10-09T12:24:39.708420	sess_9230f07112864ad9b1a145a7c34bd134	watch_01	00:08	00:08	mqtt:00:08	4D:8C	402	-84.5
2026-10-09T12:24:40.557532	sess_601f047eb5ae416198aab351d6039095	watch_01	00:02	00:02	mqtt:00:02	56:C3	12	-57.5
2026-10-09T12:24:41.374006	sess_d6a02a670aae43559700e9899b05177a	watch_01	00:09	00:09	mqtt:00:09	13:74	10	-47.0
2026-10-09T12:24:42.672923	sess_36dc9b248042489493dd869017d0a43e	watch_01	00:00	00:00	mqtt:00:00	D1:B5	228	-90.5
2026-10-09T12:24:43.461142	sess_388229dc340e4732acfccf50988c8feb	watch_01	00:06	00:06	mqtt:00:06	6E:E5	55	-65.0
2026-10-09T12:24:44.093475	sess_84feaac82c3a4445b52e04e147cac441	watch_01	00:01	00:01	mqtt:00:01	E7:1B	52	-77.5
2026-10-09T12:24:44.713170	sess_e1b1218bf5c94e5eb374ddc5cc58528d	watch_01	00:03	00:03	mqtt:00:03	53:9D	33	-58.0
2026-10-09T12:24:45.336541	sess_dd15a255935d4b12879a6f04b1149d73	watch_01	00:02	00:02	mqtt:00:02	B4:65	15	-57.0
2026-10-09T12:24:46.039291	sess_972c1888d41d4ff9bb007893d2d299dd	watch_01	00:07	00:07	mqtt:00:07	43:8C	129	-79.5
2026-10-09T12:24:46.724369	sess_530cd1232d1c448f94716256b998e149	watch_01	00:00	00:00	mqtt:00:00	80:AE	228	-89.0
2026-10-09T12:24:47.340120	sess_14ca3c99ab654d528eb7904d871b0db4	watch_01	00:08	00:08	mqtt:00:08	8C:7D	406	-85.0
2026-10-09T12:24:48.297060	sess_c701345aed584a629c3973a6a49a219d	watch_01	00:07	00:07	mqtt:00:07	F5:5E	125	-76.5
2026-10-09T12:24:48.873218	sess_764747c309ac4a328b3db0c84cd59f01	watch_01	00:09	00:09	mqtt:00:09	98:25	11	-44.0
2026-10-09T12:24:49.400307	sess_da56dd9b5eaa41789af5c47b43e7a96e	watch_01	00:03	00:03	mqtt:00:03	3D:AA	37	-58.0
2026-10-09T12:24:50.766693	sess_1a6f3daee1cd4d76ac40763a4b10a607	watch_01	00:03	00:03	mqtt:00:03	75:B7	37	-58.0
2026-10-09T12:24:51.496452	sess_642b61cca9104e02b882f5e34c554272	watch_01	00:05	00:05	mqtt:00:05	6C:F4	181	-80.5
2026-10-09T12:24:52.085046	sess_bae466119235427daed1f56804dce97d	watch_01	00:02	00:02	mqtt:00:02	0F:5A	12	-55.5
2026-10-09T12:24:52.807235	sess_30f1e6a8b54f40b9b0742d37e6404875	watch_01	00:09	00:09	mqtt:00:09	03:7A	10	-47.0
2026-10-09T12:24:53.606055	sess_5213b015699c401aa42761ab84a279be	watch_01	00:01	00:01	mqtt:00:01	F3:D5	50	-75.0
2026-10-09T12:24:54.237688	sess_0ae7fc61c2c84b0786cf191402d581e5	watch_01	00:05	00:05	mqtt:00:05	17:6E	183	-81.5
2026-10-09T12:24:54.822076	sess_fcd9308718604034a1d509536d1969df	watch_01	00:02	00:02	mqtt:00:02	7F:E1	9	-55.5
2026-10-09T12:24:55.402713	sess_22342643ba1d45979e207a23fd1a3929	watch_01	00:06	00:06	mqtt:00:06	5F:74	56	-65.5
2026-10-09T12:24:56.054691	sess_a9aa789cb4764fd1ada7a599e542dd6c	watch_01	00:00	00:00	mqtt:00:00	2C:B1	231	-89.0
2026-10-09T12:24:56.834316	sess_4c86b92735874b7c80043c5fbf803415	watch_01	00:09	00:09	mqtt:00:09	9A:74	9	-44.0
2026-10-09T12:24:58.964584	sess_cb42a39f84c849b4a79cdb3cc23e60d2	watch_01	00:07	00:07	mqtt:00:07	EA:DB	133	-77.5
2026-10-09T12:25:00.337193	sess_11e5dcd0c2c346c89651475dc0cba3be	watch_01	00:03	00:03	mqtt:00:03	E2:2B	40	-58.5
2026-10-09T12:25:01.382067	sess_d8c67c0670354116ac5e3250be87fe60	watch_01	00:08	00:08	mqtt:00:08	B3:8E	401	-85.0
2026-10-09T12:25:02.179007	sess_9911bde800a34a558314327af3c355c0	watch_01	00:01	00:01	mqtt:00:01	4F:6D	52	-77.0
2026-10-09T12:25:02.727512	sess_c6e0225843874a6ba2430d15287adde6	watch_01	00:03	00:03	mqtt:00:03	86:17	37	-58.0
2026-10-09T12:25:03.418917	sess_304fc23bb0054d35b896f9495461d68d	watch_01	00:00	00:00	mqtt:00:00	84:47	238	-88.5
2026-10-09T12:25:04.568117	sess_4c2d24dd6dae4e4db7cd9fa8e583581b	watch_01	00:09	00:09	mqtt:00:09	E3:88	11	-44.0
2026-10-09T12:25:05.503250	sess_ef8470d3517a4a3d82e2291c4c139494	watch_01	00:02	00:02	mqtt:00:02	4D:7D	10	-57.5
2026-10-09T12:25:06.296732	sess_4337229fbff843408b0ae732fe726060	watch_01	00:07	00:07	mqtt:00:07	C8:27	121	-75.5
2026-10-09T12:25:07.008155	sess_ca610fb05eec481da90189dabfc0b88e	watch_01	00:06	00:06	mqtt:00:06	F9:DD	52	-65.0
2026-10-09T12:25:12.093185	sess_bb9b3fa94ea94862b99e6f0d643981b9	watch_01	00:02	00:02	mqtt:00:02	94:B5	-1	-1
2026-10-09T12:25:12.833506	sess_06687bde460b441bb825daea40e83722	watch_01	00:03	00:03	mqtt:00:03	25:80	37	-58.5
2026-10-09T12:25:13.475015	sess_e63d2d42565e428a8cdd1c9181688b61	watch_01	00:09	00:09	mqtt:00:09	E7:1A	11	-45.5
2026-10-09T12:25:14.083045	sess_2e4592e1af1b426d85d246e541a99346	watch_01	00:01	00:01	mqtt:00:01	7A:A8	49	-74.0
2026-10-09T12:25:15.054102	sess_7a5906b8ba39426fbb97e9a1b806bd3d	watch_01	00:02	00:02	mqtt:00:02	1B:91	13	-57.5
2026-10-09T12:25:15.728685	sess_f613cec742ea4ee48bf1402e77ce819c	watch_01	00:05	00:05	mqtt:00:05	38:DC	188	-81.0
2026-10-09T12:25:16.941715	sess_974edfbdbc854f68832e6ea3bf55dd39	watch_01	00:00	00:00	mqtt:00:00	16:81	236	-90.0
2026-10-09T12:25:17.537183	sess_43b9761c941744d3babdd58aa624acd8	watch_01	00:06	00:06	mqtt:00:06	39:CC	56	-65.0
2026-10-09T12:25:18.166535	sess_d7e787a4618c401d8df6316326ebc0bf	watch_01	00:00	00:00	mqtt:00:00	02:95	234	-90.0
2026-10-09T12:25:18.726696	sess_c48621cea9f84555a08a5d077141448d	watch_01	00:03	00:03	mqtt:00:03	24:4E	34	-57.5
2026-10-09T12:25:19.463901	sess_f13d1ccbee4b4ead96adbe72d26df9ae	watch_01	00:07	00:07	mqtt:00:07	44:BC	157	-76.0
2026-10-09T12:25:20.207058	sess_da80ddb2b7324fa2a7d2bf97dd025b36	watch_01	00:08	00:08	mqtt:00:08	67:40	394	-86.0
2026-10-09T12:25:21.027254	sess_9bba4bdd6a03483681460c2e80f41c24	watch_01	00:01	00:01	mqtt:00:01	3B:C0	51	-78.5
2026-10-09T12:25:21.789803	sess_8415c8836dd44a8ab7924f3fd4a69521	watch_01	00:05	00:05	mqtt:00:05	DF:1A	186	-81.5
2026-10-09T12:25:22.460718	sess_9cfc29dc9fcb47a597beae33d91e4ef2	watch_01	00:03	00:03	mqtt:00:03	C3:F9	38	-58.0
2026-10-09T12:25:23.301734	sess_5da4295e36b949cb931308b006268923	watch_01	00:00	00:00	mqtt:00:00	CB:DA	241	-89.5
2026-10-09T12:25:24.118371	sess_8bbf3247fc8d41179715df73ace75a19	watch_01	00:02	00:02	mqtt:00:02	08:D4	12	-56.5
2026-10-09T12:25:24.808195	sess_17d05a65edcf4d459e001bf2bf3fe5a1	watch_01	00:07	00:07	mqtt:00:07	D7:F6	102	-76.0
2026-10-09T12:25:25.318384	sess_a34a03a05f894dcfb35ed17c58a44faf	watch_01	00:06	00:06	mqtt:00:06	F4:77	56	-64.5
2026-10-09T12:25:25.922843	sess_25e43cd22acf4369a2946f0efe1a78b1	watch_01	00:05	00:05	mqtt:00:05	26:CD	183	-81.5
2026-10-09T12:25:26.789798	sess_1c379bcb29934751b72b5a65e3df2265	watch_01	00:03	00:03	mqtt:00:03	B3:C1	36	-58.0
2026-10-09T12:25:27.367545	sess_428b7adce55844dabc26c16c5816df37	watch_01	00:02	00:02	mqtt:00:02	97:7F	15	-57.0
2026-10-09T12:25:27.965450	sess_25bd5e808bef49f9ad2a5ccab4f2609c	watch_01	00:08	00:08	mqtt:00:08	19:8E	415	-83.5
2026-10-09T12:25:29.399727	sess_31b4c161f9324c42af2022b8d52dd601	watch_01	00:09	00:09	mqtt:00:09	1D:04	9	-45.5
2026-10-09T12:25:30.139299	sess_ae5efc34d8544d3fb91814538da34b49	watch_01	00:07	00:07	mqtt:00:07	EF:9C	150	-77.0
2026-10-09T12:25:30.695369	sess_8f42f0bb6b344320a4564358886a9bc6	watch_01	00:05	00:05	mqtt:00:05	B3:59	187	-80.5
2026-10-09T12:25:31.624708	sess_9217572dadf241dfb1bdec71e88c889b	watch_01	00:01	00:01	mqtt:00:01	EA:BF	54	-75.0
2026-10-09T12:25:32.230599	sess_a6f4783b7d794d61a3bd6ea57de7b1b7	watch_01	00:00	00:00	mqtt:00:00	EB:B2	234	-88.0
2026-10-09T12:25:33.562591	sess_5b0701afdcb24bb2ad1c6a33223db757	watch_01	00:08	00:08	mqtt:00:08	23:C4	433	-85.5
2026-10-09T12:25:34.328971	sess_cb6698d097b848899511e0c95ff7d375	watch_01	00:06	00:06	mqtt:00:06	6F:AE	57	-65.0
2026-10-09T12:25:35.022358	sess_08376bee343d44f6ad7821f24aea86e6	watch_01	00:05	00:05	mqtt:00:05	05:B8	190	-80.5
2026-10-09T12:25:35.647606	sess_b5af477d13044346b5fef217c3233564	watch_01	00:02	00:02	mqtt:00:02	8D:C0	14	-56.5
2026-10-09T12:25:36.372127	sess_e65c013bc2d242e0b96ef6dd4f2164e8	watch_01	00:01	00:01	mqtt:00:01	E1:ED	49	-76.5
2026-10-09T12:25:37.190418	sess_d402822eb4814159b30c6e7037c47c26	watch_01	00:09	00:09	mqtt:00:09	8A:DF	10	-49.0
2026-10-09T12:25:37.904854	sess_53812570f1274a3baec038c138df7f19	watch_01	00:03	00:03	mqtt:00:03	21:34	35	-58.0
2026-10-09T12:25:38.721902	sess_93c1c53eca964f92a78a9de62cb44395	watch_01	00:02	00:02	mqtt:00:02	CA:32	9	-55.5
2026-10-09T12:25:39.578220	sess_c30031a3a3ba4d83abb0d8c5a8f8ad99	watch_01	00:00	00:00	mqtt:00:00	1B:4A	217	-90.5
2026-10-09T12:25:41.017607	sess_b2d753c21b4544fe9db8e9d0f51b56a4	watch_01	00:07	00:07	mqtt:00:07	FF:B9	137	-76.5
2026-10-09T12:25:41.624165	sess_90aa7ce11c444d5c9ca7b063cfce4490	watch_01	00:06	00:06	mqtt:00:06	15:F1	55	-65.0
2026-10-09T12:25:42.413000	sess_50d88d7c5d914a0babe0d7e7d92932c8	watch_01	00:05	00:05	mqtt:00:05	B5:54	183	-81.5
2026-10-09T12:25:43.100796	sess_3cc699da3cd04bcf8eb3f2181588e0c7	watch_01	00:08	00:08	mqtt:00:08	1B:79	443	-83.0
2026-10-09T12:25:43.598215	sess_0bee56a788d940faa758b8c1603658f6	watch_01	00:03	00:03	mqtt:00:03	24:EF	34	-59.0
2026-10-09T12:25:44.483488	sess_585bac95a01845c48b2672dc851bf777	watch_01	00:02	00:02	mqtt:00:02	A7:EC	10	-56.5
2026-10-09T12:25:45.135758	sess_d9dfa83169c94237b66b5ec048b83354	watch_01	00:07	00:07	mqtt:00:07	02:F6	130	-79.0
2026-10-09T12:25:45.750080	sess_47493bfe43904ced84dee7ebf8c19b3a	watch_01	00:02	00:02	mqtt:00:02	C3:F8	10	-57.5
2026-10-09T12:25:47.839509	sess_8e1b02da92ec41b9af21861b9985efb6	watch_01	00:09	00:09	mqtt:00:09	68:A8	10	-50.5
2026-10-09T12:25:48.343619	sess_e14c684c33484eaa835c6d3a106b5c25	watch_01	00:06	00:06	mqtt:00:06	C1:26	54	-65.5
2026-10-09T12:25:48.858406	sess_e57a2339ccae47fb842259152ca61132	watch_01	00:06	00:06	mqtt:00:06	0D:56	54	-65.0
2026-10-09T12:25:49.411623	sess_42e8eed44cfb4ad79ef7b4064d8f3098	watch_01	00:08	00:08	mqtt:00:08	A7:78	480	-84.0
2026-10-09T12:25:50.315900	sess_e6fe2b8af5bb4733983d6f4a997f7ee4	watch_01	00:03	00:03	mqtt:00:03	1C:14	37	-58.0
2026-10-09T12:25:50.950984	sess_255a905519ad49048d53f887053fe563	watch_01	00:05	00:05	mqtt:00:05	1D:3A	186	-82.0
2026-10-09T12:25:51.622353	sess_d8cd19eacb504cdb8ee6a03142613c56	watch_01	00:00	00:00	mqtt:00:00	D2:83	223	-89.0
2026-10-09T12:25:52.252753	sess_3b2f3651708345cfa4b3249f849c0eca	watch_01	00:01	00:01	mqtt:00:01	CF:B0	53	-73.5
2026-10-09T12:25:53.210844	sess_a8e30d306e094de285cf6582e1bbdaed	watch_01	00:09	00:09	mqtt:00:09	55:D7	8	-48.5
2026-10-09T12:25:54.636966	sess_9444542dac8b42259f6ef94b3299e4ab	watch_01	00:03	00:03	mqtt:00:03	20:DA	38	-58.0
2026-10-09T12:25:55.156394	sess_f382cc33f99949d7a639452a758f7711	watch_01	00:05	00:05	mqtt:00:05	60:28	181	-82.0
2026-10-09T12:25:55.966375	sess_e13b3e79022f45468bbe16f01bae0401	watch_01	00:09	00:09	mqtt:00:09	0E:EC	8	-44.0
2026-10-09T12:25:56.793811	sess_be5c164940e84eb294718fdb7740a84f	watch_01	00:03	00:03	mqtt:00:03	2D:78	36	-58.0
2026-10-09T12:25:57.462188	sess_a6c4bae0263e49e093b7476678059b68	watch_01	00:02	00:02	mqtt:00:02	19:F6	13	-53.5
2026-10-09T12:25:58.949161	sess_a8eecaf7bee3475789dda81b0bd7c525	watch_01	00:07	00:07	mqtt:00:07	62:15	143	-75.5
2026-10-09T12:25:59.610151	sess_d575f82bcfe14eb59114c2d9ff0517b8	watch_01	00:00	00:00	mqtt:00:00	9E:C8	224	-91.0
2026-10-09T12:26:00.329250	sess_89d127c870a74158b947813993f08382	watch_01	00:00	00:00	mqtt:00:00	8D:10	232	-89.0
2026-10-09T12:26:01.043274	sess_ce305118f0414942b280703b5e60a9a9	watch_01	00:05	00:05	mqtt:00:05	20:16	186	-81.5
2026-10-09T12:26:01.797522	sess_1e77286d8c0448e8bae71cb980b0d220	watch_01	00:01	00:01	mqtt:00:01	70:F7	48	-73.0
2026-10-09T12:26:02.572096	sess_9730ed2822db450983457f55e82eff45	watch_01	00:08	00:08	mqtt:00:08	22:6A	452	-83.0
2026-10-09T12:26:03.842214	sess_401735bba2324289bbfa6ba96758d62c	watch_01	00:06	00:06	mqtt:00:06	CB:BC	58	-65.0
2026-10-09T12:26:05.141387	sess_3f43043ccf214a438f4206270c71208b	watch_01	00:01	00:01	mqtt:00:01	C2:59	49	-77.5
2026-10-09T12:26:05.873479	sess_74ec246112c64cf19d6cb3444a0b2c17	watch_01	00:09	00:09	mqtt:00:09	25:D6	8	-46.0
2026-10-09T12:26:06.569868	sess_89a83953ebbf41059be9d389aba30017	watch_01	00:07	00:07	mqtt:00:07	E7:B5	101	-63.0
2026-10-09T12:26:07.342544	sess_da49f76b30f546b09539844bcf9b3557	watch_01	00:03	00:03	mqtt:00:03	70:05	39	-58.0
2026-10-09T12:26:08.014514	sess_bdf7eaff0fb44dff979403bf3c471251	watch_01	00:05	00:05	mqtt:00:05	0C:57	187	-80.0
2026-10-09T12:26:08.619300	sess_d657022d3415408290cfd755c3369f1c	watch_01	00:00	00:00	mqtt:00:00	F4:F4	242	-88.5
2026-10-09T12:26:09.438873	sess_d38f040b14224c87acaa95b8585ae794	watch_01	00:02	00:02	mqtt:00:02	D7:43	80	-77.0
2026-10-09T12:26:10.486961	sess_9caa6032520e4185aa67490f8d1d8b70	watch_01	00:06	00:06	mqtt:00:06	F4:A9	48	-67.0
2026-10-09T12:26:11.076405	sess_e8848a4d1b354176a00f1eb7077ab794	watch_01	00:06	00:06	mqtt:00:06	B5:1C	50	-66.5
2026-10-09T12:26:11.834081	sess_70cfd20b510742699d94f6598734626c	watch_01	00:01	00:01	mqtt:00:01	8D:BF	50	-77.0
2026-10-09T12:26:12.613284	sess_35e7be84bff944f890f0e8fd67558bb2	watch_01	00:08	00:08	mqtt:00:08	C0:EF	412	-83.5
2026-10-09T12:26:13.773278	sess_d294ecb863db488eab61d630824d21f4	watch_01	00:02	00:02	mqtt:00:02	33:2A	78	-69.5
2026-10-09T12:26:14.845925	sess_f7e23531a57a4506b54d664d9f6044f7	watch_01	00:07	00:07	mqtt:00:07	40:0A	170	-77.5
2026-10-09T12:26:15.539951	sess_8f01099aac3040e1a5aa113ed564dd6a	watch_01	00:05	00:05	mqtt:00:05	CD:13	189	-79.0
2026-10-09T12:26:16.331657	sess_d63cd3ff85b64f878aabe7d75519ee70	watch_01	00:03	00:03	mqtt:00:03	B8:6E	25	-54.0
2026-10-09T12:26:17.222533	sess_caf31192358b403e99d0b3d0962ef0f1	watch_01	00:08	00:08	mqtt:00:08	C8:19	392	-84.5
2026-10-09T12:26:17.933985	sess_151ffab76e0545b99fe50bb723f23e13	watch_01	00:07	00:07	mqtt:00:07	54:EA	125	-69.0
2026-10-09T12:26:18.721386	sess_979f39bfb72c4573bfbd4e1589f5241b	watch_01	00:01	00:01	mqtt:00:01	47:5C	52	-75.0
2026-10-09T12:26:19.454950	sess_fe9e02a611c74e6b9370d9672b89dd25	watch_01	00:09	00:09	mqtt:00:09	98:C8	96	-67.5
2026-10-09T12:26:20.229460	sess_38cabb5bbab349ba97a559ceba25d06f	watch_01	00:00	00:00	mqtt:00:00	A5:C0	268	-89.5
2026-10-09T12:26:20.907602	sess_fbc3fd189bc84a50973f94b1860bf2f8	watch_01	00:06	00:06	mqtt:00:06	DB:DD	42	-64.5
2026-10-09T12:26:21.509308	sess_7930adedc8f74621a09416f188c6f9a7	watch_01	00:02	00:02	mqtt:00:02	E6:6C	273	-84.0
2026-10-09T12:26:22.068429	sess_c92abeeb8ba743a095e7364cf255e69d	watch_01	00:03	00:03	mqtt:00:03	88:29	339	-80.0
2026-10-09T12:26:22.969822	sess_fd5ddaac134a4e84b300f5337b449686	watch_01	00:09	00:09	mqtt:00:09	44:29	453	-82.0
2026-10-09T12:26:24.135738	sess_832e4ba6d0c9477db78bef2deb59cc61	watch_01	00:02	00:02	mqtt:00:02	F0:3A	568	-90.0
2026-10-09T12:26:29.550711	sess_72b730dcd4af4ad1bf338013f90a1da2	watch_01	00:07	00:07	mqtt:00:07	4E:BC	-1	-1
2026-10-09T12:26:43.043946	sess_f2e05560061f45199d76cc3589a5dea8	watch_01	00:00	00:00	mqtt:00:00	A0:1D	224	-90.0
2026-10-09T12:26:43.744148	sess_4f681c7e553e4e2ab182ddb3d93eae68	watch_01	00:06	00:06	mqtt:00:06	48:E4	47	-64.0
2026-10-09T12:26:44.541675	sess_9f395b09cdab46d8bd05fe0bacd73c26	watch_01	00:03	00:03	mqtt:00:03	D2:92	752	-82.0
2026-10-09T12:26:45.103478	sess_0b2969c494e24acb9a7650ea6885099a	watch_01	00:08	00:08	mqtt:00:08	2C:5E	450	-84.5
2026-10-09T12:26:45.911369	sess_64fafd45f4224135b1b97065239e26eb	watch_01	00:06	00:06	mqtt:00:06	3F:F3	46	-64.5
2026-10-09T12:26:47.260052	sess_cb621f16cf274fe78b4aae3c29a8584a	watch_01	00:06	00:06	mqtt:00:06	56:88	45	-63.5
2026-10-09T12:26:48.113633	sess_c0b3d07792b3421996d0b244b3de8a5d	watch_01	00:08	00:08	mqtt:00:08	1E:77	437	-85.0
2026-10-09T12:26:49.398649	sess_ff26817a9b4b4d9c93a533a936b731ff	watch_01	00:06	00:06	mqtt:00:06	63:86	45	-64.5
2026-10-09T12:26:50.215967	sess_e18614619fc2459da296e42ab970d8cd	watch_01	00:06	00:06	mqtt:00:06	99:52	45	-64.0
2026-10-09T12:26:50.758191	sess_328a4e68ed3148869766c673e97f3f1e	watch_01	00:05	00:05	mqtt:00:05	4D:62	186	-80.5
2026-10-09T12:26:55.850908	sess_123315191542422d980c9d996ab15c87	watch_01	00:02	00:02	mqtt:00:02	60:0A	-1	-1
2026-10-09T12:26:56.440225	sess_390a0b9c5cab48a3bf39b88be22d10fb	watch_01	00:00	00:00	mqtt:00:00	FE:85	246	-88.0
2026-10-09T12:26:57.671776	sess_97b535fa1d6a43ff9845a8a25a1f6cb4	watch_01	00:06	00:06	mqtt:00:06	AF:DD	118	-78.5
2026-10-09T12:27:02.758878	sess_bc15ed84092d4041b194cd0fc79aea21	watch_01	00:07	00:07	mqtt:00:07	7A:2D	-1	-1
2026-10-09T12:27:03.457653	sess_18364bfd8b764129bb9a27eaa06430e9	watch_01	00:00	00:00	mqtt:00:00	3C:35	215	-88.0
2026-10-09T12:27:08.520680	sess_a1e2d70af99246c683774008e581c200	watch_01	00:07	00:07	mqtt:00:07	57:96	-1	-1
2026-10-09T12:27:09.368452	sess_01ee57d1f26e478897a3c88543a4addf	watch_01	00:01	00:01	mqtt:00:01	29:8B	58	-65.5
2026-10-09T12:27:10.317827	sess_7937727740994ceb9b3a3ebad53f609c	watch_01	00:05	00:05	mqtt:00:05	CC:98	183	-82.0
2026-10-09T12:27:11.135912	sess_d995e622b9024c93b442fa46c3738e5b	watch_01	00:08	00:08	mqtt:00:08	B2:F6	456	-86.0
2026-10-09T12:27:11.930907	sess_e1fa36b14dbe44fcab085a9ff68715e6	watch_01	00:03	00:03	mqtt:00:03	3E:43	743	-86.0
2026-10-09T12:27:12.789244	sess_ee093d6d66f747bdb6abe2c3ca325196	watch_01	00:06	00:06	mqtt:00:06	4F:3D	258	-84.5
2026-10-09T12:27:13.583338	sess_46098cb85a5946ea86c22c902f22e45c	watch_01	00:06	00:06	mqtt:00:06	49:1C	251	-83.5
2026-10-09T12:27:14.410524	sess_7e19912cd43b4740a47b2864337d57db	watch_01	00:06	00:06	mqtt:00:06	ED:B3	313	-79.5
2026-10-09T12:27:19.499043	sess_716c8923a7bc49eba0d732ef00b90897	watch_01	00:09	00:09	mqtt:00:09	B7:A7	-1	-1
2026-10-09T12:27:21.061253	sess_e9941bcf7db146d4a183a22d243b3b33	watch_01	00:05	00:05	mqtt:00:05	FF:87	189	-80.5
2026-10-09T12:27:21.871421	sess_bff6df7556e746eaa1a4a688f078df43	watch_01	00:08	00:08	mqtt:00:08	2F:E0	432	-84.5
2026-10-09T12:27:22.575005	sess_3c700d5ebfda4222a4153b0bd25b7499	watch_01	00:00	00:00	mqtt:00:00	F2:3D	231	-88.0
2026-10-09T12:27:27.669317	sess_b9ddf93d8cd6422c8b473ec6938b7265	watch_01	00:01	00:01	mqtt:00:01	32:25	-1	-1
2026-10-09T12:27:29.055550	sess_e9ce0ad89e704cd39557605173feaaf0	watch_01	00:05	00:05	mqtt:00:05	39:14	192	-79.5
2026-10-09T12:27:29.626002	sess_b4682341af9b4ab79eefab40b80827f0	watch_01	00:00	00:00	mqtt:00:00	5E:7E	286	-90.0
2026-10-09T12:27:34.713442	sess_7c3e8f28422746e0a869ed24786aa4c2	watch_01	00:07	00:07	mqtt:00:07	57:34	-1	-1
2026-10-09T12:27:35.456678	sess_5b189e4767b748d4a9cd258c44635b61	watch_01	00:05	00:05	mqtt:00:05	72:DA	187	-82.0
2026-10-09T12:27:36.070437	sess_3ba581a556f847e1bf11e42c7c7c1ae4	watch_01	00:06	00:06	mqtt:00:06	C4:8F	517	-92.0
2026-10-09T12:27:36.645928	sess_06bc6803b68840a0be337b473972d558	watch_01	00:05	00:05	mqtt:00:05	66:24	188	-80.5
2026-10-09T12:27:37.393517	sess_182e48097f7c403bbb5fc14f01cf7845	watch_01	00:00	00:00	mqtt:00:00	90:08	290	-89.0
2026-10-09T12:27:37.850340	sess_7d702b307902447ca7040327d00a0953	watch_01	00:08	00:08	mqtt:00:08	F8:8D	440	-85.0
2026-10-09T12:27:38.735539	sess_c2fb353243664ba38b58da79f3ac2284	watch_01	00:06	00:06	mqtt:00:06	75:5C	526	-91.0
2026-10-09T12:27:43.801317	sess_ede24eafcc9140589f387301479c30e2	watch_01	00:02	00:02	mqtt:00:02	6C:C5	-1	-1
2026-10-09T12:27:44.472331	sess_ee318a1342104a10a774517732a358b7	watch_01	00:05	00:05	mqtt:00:05	A8:6A	184	-82.5
2026-10-09T12:27:45.407803	sess_db07082ec8b24080b8e3c8246a68489a	watch_01	00:08	00:08	mqtt:00:08	BB:31	406	-86.5
2026-10-09T12:27:46.353850	sess_8a7306411c19498a8802b38bfe356d5c	watch_01	00:06	00:06	mqtt:00:06	95:3B	513	-92.0
2026-10-09T12:27:51.446635	sess_4f33526c70614f2389695728560e407c	watch_01	00:09	00:09	mqtt:00:09	D8:74	-1	-1
2026-10-09T12:27:56.597095	sess_9857c64734a44bdb95922d0e753211ea	watch_01	00:07	00:07	mqtt:00:07	27:A7	-1	-1
2026-10-09T12:27:57.735982	sess_d68be86b5d68475e94abaa9ce7555a02	watch_01	00:05	00:05	mqtt:00:05	99:CA	189	-77.5
2026-10-09T12:27:58.242399	sess_f14bbdb2c7a940e3bcafff0586993fcb	watch_01	00:08	00:08	mqtt:00:08	27:8E	416	-87.5
2026-10-09T12:27:59.011276	sess_84600a85be7f40bbaaf86a10a996f8a8	watch_01	00:06	00:06	mqtt:00:06	1A:C7	518	-90.5
2026-10-09T12:28:00.501710	sess_bb51249498194261a55d87483a99e6a3	watch_01	00:05	00:05	mqtt:00:05	83:DD	263	-79.0
2026-10-09T12:28:01.419755	sess_f3df50060eb842acbdd745d326e0cf52	watch_01	00:05	00:05	mqtt:00:05	3D:AB	205	-74.0
2026-10-09T12:28:02.187192	sess_5d943e45b58a49948cfd4a31488fc9b6	watch_01	00:05	00:05	mqtt:00:05	D7:AA	161	-69.5
2026-10-09T12:28:07.278101	sess_0aba798240f34eee9e6ea400f819ec59	watch_01	00:01	00:01	mqtt:00:01	2E:0E	-1	-1
2026-10-09T12:28:12.423400	sess_87892c4f33004bcf8d51fb2f0dd35e32	watch_01	00:09	00:09	mqtt:00:09	01:A0	-1	-1
2026-10-09T12:28:15.000627	sess_9073869e442c4f9493b4b843046a40d4	watch_01	00:06	00:06	mqtt:00:06	A5:B6	515	-101.5
2026-10-09T12:28:20.073251	sess_425f8315bc8b4760832115c00b4655cc	watch_01	00:05	00:05	mqtt:00:05	36:22	-1	-1
2026-10-09T12:28:20.978577	sess_98d4895adbaa4aa7ae6c1e7052044aa1	watch_01	00:00	00:00	mqtt:00:00	CE:20	315	-89.5
2026-10-09T12:28:26.058132	sess_0d042e2226b342c698e30c99a730c182	watch_01	00:07	00:07	mqtt:00:07	E8:7E	-1	-1
2026-10-09T12:28:31.130055	sess_d94c34d721234424a47741bd4384d3cd	watch_01	00:05	00:05	mqtt:00:05	4E:DD	-1	-1
2026-10-09T12:28:36.437449	sess_f2c78e2a720f444da59991ab6f6c1543	watch_01	00:09	00:09	mqtt:00:09	72:FE	-1	-1
2026-10-09T12:28:37.238118	sess_827d4323de2f4a19b61162453fd788e9	watch_01	00:00	00:00	mqtt:00:00	3B:7F	264	-88.0
2026-10-09T12:28:37.938743	sess_ab4af3bec62a41269d4c4d852e586786	watch_01	00:03	00:03	mqtt:00:03	A1:DD	747	-83.0
2026-10-09T12:28:38.723571	sess_6e169e6c83444b95ac528187e4d6ea97	watch_01	00:00	00:00	mqtt:00:00	AC:E1	248	-90.5
2026-10-09T12:28:39.360109	sess_69dafb0e6fba44679fb5c0ef4a00bab7	watch_01	00:08	00:08	mqtt:00:08	45:89	136	-81.5
2026-10-09T12:28:40.605631	sess_22511e509747457bb4bd157e40c1a190	watch_01	00:06	00:06	mqtt:00:06	27:6E	522	-92.0
2026-10-09T12:28:41.481805	sess_7af4bf288f1448e5a87c4c7ed80e5642	watch_01	00:08	00:08	mqtt:00:08	80:47	154	-79.5
2026-10-09T12:28:42.237485	sess_463f8a514ebb4812a692d34b14e489d5	watch_01	00:00	00:00	mqtt:00:00	ED:01	316	-88.5
2026-10-09T12:28:42.843331	sess_9e64c4446f36494985c7b71676aaab3f	watch_01	00:08	00:08	mqtt:00:08	6C:8E	183	-81.0
2026-10-09T12:28:44.264105	sess_3aa6ae81270d49ec99e40c8371d63dfd	watch_01	00:08	00:08	mqtt:00:08	6F:31	152	-78.0
2026-10-09T12:28:45.116693	sess_a7a0a6ef7d32445c989d6582f5684343	watch_01	00:08	00:08	mqtt:00:08	0B:11	179	-79.0
2026-10-09T12:28:50.191552	sess_9755d58507a24b95a62170044844e33f	watch_01	00:05	00:05	mqtt:00:05	E3:B7	-1	-1
2026-10-09T12:28:55.417461	sess_d9c23d78debc4e16b73194c95703357c	watch_01	00:02	00:02	mqtt:00:02	EF:3F	-1	-1
2026-10-09T12:28:56.232067	sess_baaa9439c5864b29adb2f69992388854	watch_01	00:08	00:08	mqtt:00:08	EA:22	167	-79.0
2026-10-09T12:29:01.311140	sess_f2f1915c919d4736bebb4b653c530715	watch_01	00:00	00:00	mqtt:00:00	30:DC	-1	-1
2026-10-09T12:29:06.706337	sess_a4b66be3a19a4ffd927b202f762e4a4b	watch_01	00:01	00:01	mqtt:00:01	DC:BF	-1	-1
2026-10-09T12:29:11.800997	sess_91a02028288d47da8d42e35351faa39b	watch_01	00:07	00:07	mqtt:00:07	DD:F4	-1	-1
2026-10-09T12:29:12.677395	sess_9e54276bbdd245a4a9cbda281a4a35d9	watch_01	00:08	00:08	mqtt:00:08	E9:A8	157	-80.0
2026-10-09T12:29:17.771790	sess_4a0b69de20454cc0977f7783d03e2bd6	watch_01	00:09	00:09	mqtt:00:09	A3:DE	-1	-1
2026-10-09T12:29:22.851004	sess_a273a827008f42c085504fe3c15b8a3c	watch_01	00:02	00:02	mqtt:00:02	AD:DB	-1	-1
2026-10-09T12:29:23.550393	sess_5cb57c02c520484b826ee310d1201869	watch_01	00:08	00:08	mqtt:00:08	22:38	152	-80.5
2026-10-09T12:29:24.229127	sess_89f4e788291d4263a9e5bf9baa212b0a	watch_01	00:08	00:08	mqtt:00:08	5D:9F	155	-81.0
2026-10-09T12:29:25.093799	sess_2e5229d2a43d40d1bdfc893095e28a0e	watch_01	00:08	00:08	mqtt:00:08	A0:29	157	-78.5
2026-10-09T12:29:25.775824	sess_f739aa4fb0e448e58b58f3593b0368d8	watch_01	00:08	00:08	mqtt:00:08	F2:DD	154	-81.0
2026-10-09T12:29:30.864436	sess_b748ea7a985b4dba87436c56a351054a	watch_01	00:00	00:00	mqtt:00:00	38:90	-1	-1
2026-10-09T12:29:31.685246	sess_b86306cdcb554b9bb989abba9bf6f8a8	watch_01	00:03	00:03	mqtt:00:03	12:DA	683	-82.0
2026-10-09T12:29:32.566034	sess_183e0109737f49d98a16d94e34e64ba1	watch_01	00:08	00:08	mqtt:00:08	16:59	155	-81.0
2026-10-09T12:29:33.264930	sess_016d8b88071642b1a6291f15fd0dc071	watch_01	00:08	00:08	mqtt:00:08	DE:19	153	-81.0
2026-10-09T12:29:33.978760	sess_90d29f2be91646d697c289469d1f6c75	watch_01	00:08	00:08	mqtt:00:08	AF:AF	154	-81.5
2026-10-09T12:29:34.835846	sess_5125ce47d3b44eafb7bebbd6a5b02431	watch_01	00:08	00:08	mqtt:00:08	25:0C	154	-81.0
2026-10-09T12:29:35.545303	sess_5e6276ff1a154796a3316420b6fa5ca7	watch_01	00:08	00:08	mqtt:00:08	0A:8E	152	-81.0
2026-10-09T12:29:36.192443	sess_457d2cece53a4dd584f792900c448eff	watch_01	00:08	00:08	mqtt:00:08	D0:DF	157	-79.0
2026-10-09T12:29:41.279252	sess_8d1d2ebdd486415b8b93142791ea9a0e	watch_01	00:02	00:02	mqtt:00:02	34:6D	-1	-1
2026-10-09T12:29:41.921450	sess_3809e954fe1b484297927ac02356a329	watch_01	00:01	00:01	mqtt:00:01	77:8D	214	-82.0
2026-10-09T12:29:42.732619	sess_62d4b147cf6a45d889253cd65374fb9a	watch_01	00:06	00:06	mqtt:00:06	0F:89	506	-90.0
2026-10-09T12:29:47.823320	sess_8965e6de6c264fe3a4dd667091e6eb3f	watch_01	00:07	00:07	mqtt:00:07	E4:40	-1	-1
2026-10-09T12:29:53.030914	sess_73160b7f462d4ed7b3edcf1501a1bfef	watch_01	00:02	00:02	mqtt:00:02	20:64	-1	-1
2026-10-09T12:29:53.799940	sess_8a11c3ec3f8248bc85207707e0a575ab	watch_01	00:08	00:08	mqtt:00:08	24:FD	157	-79.5
2026-10-09T12:29:54.569213	sess_3042fe0a8a1c44e0aee17d4336cd9c34	watch_01	00:01	00:01	mqtt:00:01	86:39	220	-80.5
2026-10-09T12:29:55.173352	sess_16e979429c284843888c299a47e2fbb0	watch_01	00:08	00:08	mqtt:00:08	F2:82	177	-90.0
2026-10-09T12:29:55.788330	sess_1da0ba9247234fd28db0b9f63107fcda	watch_01	00:03	00:03	mqtt:00:03	64:0D	683	-84.5
2026-10-09T12:29:56.648672	sess_f8be12d18c234e19a8a0509a2ad88196	watch_01	00:01	00:01	mqtt:00:01	2D:B1	226	-83.0
2026-10-09T12:30:01.738522	sess_ab30213d6d0f4f3295badd7e1a39ffa2	watch_01	00:02	00:02	mqtt:00:02	01:57	-1	-1
2026-10-09T12:30:03.980114	sess_c28c4cb7a43f4c5a844d738c3d7c5daf	watch_01	00:06	00:06	mqtt:00:06	F9:D9	465	-90.0
2026-10-09T12:30:04.759714	sess_83c91e0a5cf648fdb24fc4b7bd6afb9f	watch_01	00:08	00:08	mqtt:00:08	E6:20	161	-84.5
2026-10-09T12:30:05.576998	sess_7591d5076845486c966b91a1916e43a3	watch_01	00:08	00:08	mqtt:00:08	38:12	154	-85.0
2026-10-09T12:30:06.343816	sess_4bba079564ff4799ab3d209299378b1d	watch_01	00:08	00:08	mqtt:00:08	8C:BC	124	-75.5
2026-10-09T12:30:11.431600	sess_2f7bfa6659f84bb88d280d33e842d8df	watch_01	00:00	00:00	mqtt:00:00	2E:9C	-1	-1
2026-10-09T12:30:12.228833	sess_bc6c3ed6166a456aa535bc1d32cd94a4	watch_01	00:08	00:08	mqtt:00:08	A6:5F	170	-84.0
2026-10-09T12:30:13.100525	sess_5228b49cb79646818db1a055a147f89d	watch_01	00:08	00:08	mqtt:00:08	3B:9A	145	-81.5
2026-10-09T12:30:18.169372	sess_97db4bedc97c4e0380cc51d946aebf94	watch_01	00:00	00:00	mqtt:00:00	C1:C1	-1	-1
2026-10-09T12:30:19.013943	sess_351d5ca08a7d467cb5d694f8122f0a90	watch_01	00:03	00:03	mqtt:00:03	38:F1	805	-89.5
2026-10-09T12:30:19.731244	sess_b02bd88b668040f18cf82f404201a3a5	watch_01	00:08	00:08	mqtt:00:08	4E:A6	149	-84.0
2026-10-09T12:30:20.677422	sess_4f18c8f30a4a4f10854cbcf346df2272	watch_01	00:01	00:01	mqtt:00:01	8D:1F	276	-82.0
2026-10-09T12:30:25.764108	sess_6e920dca75c948108f2af387acdd189f	watch_01	00:09	00:09	mqtt:00:09	80:03	-1	-1
2026-10-09T12:30:26.483469	sess_7e7d723d4b4b46ca99075ab146b30d25	watch_01	00:08	00:08	mqtt:00:08	2B:12	111	-78.5
2026-10-09T12:30:31.566477	sess_00131b86a46e4c249c4d759876d98114	watch_01	00:07	00:07	mqtt:00:07	BE:FA	-1	-1
2026-10-09T12:30:32.660963	sess_69a7acf407ac4b1789b6f0a1a55b8683	watch_01	00:03	00:03	mqtt:00:03	9D:BA	708	-88.5
2026-10-09T12:30:33.280729	sess_7e5b3c57049a45d095092816e6767ead	watch_01	00:08	00:08	mqtt:00:08	CB:06	142	-84.5
2026-10-09T12:30:33.920551	sess_0f9333fa87de4e00b00619c83ef477b9	watch_01	00:08	00:08	mqtt:00:08	81:DF	130	-75.5
2026-10-09T12:30:34.504383	sess_742f08dcc47d493e8e162acccdbdf771	watch_01	00:01	00:01	mqtt:00:01	AB:2F	301	-80.5
2026-10-09T12:30:35.103932	sess_bb421f791cde438081bc3dc999f3450c	watch_01	00:01	00:01	mqtt:00:01	BE:EB	293	-80.0
2026-10-09T12:30:35.867402	sess_70b1f81a3e8c4d85bc6730e5feb8b28c	watch_01	00:01	00:01	mqtt:00:01	3B:A0	304	-80.5
2026-10-09T12:30:36.723846	sess_cc4b5723241f483a84f0ebe63689d1d5	watch_01	00:03	00:03	mqtt:00:03	72:A0	713	-88.0
2026-10-09T12:30:41.805161	sess_4373ae8b83ef4907b88d1ff5748d80be	watch_01	00:09	00:09	mqtt:00:09	A3:48	-1	-1
2026-10-09T12:30:42.412510	sess_0e40c772148548d986daa8d3e5faa7ab	watch_01	00:08	00:08	mqtt:00:08	2F:DE	120	-78.0
2026-10-09T12:30:47.498641	sess_6f7be947faa6453cb70c1efe5f57b68b	watch_01	00:05	00:05	mqtt:00:05	E1:CD	-1	-1
2026-10-09T12:30:48.274222	sess_a9c373371a0c4b4eb83a098180ec7c87	watch_01	00:08	00:08	mqtt:00:08	E3:BF	122	-75.0
2026-10-09T12:30:49.867368	sess_3ee4c5f48e174177b1e920c88b173b69	watch_01	00:06	00:06	mqtt:00:06	82:A1	493	-89.0
2026-10-09T12:30:51.190106	sess_fd9ca1e6df7b4fcfbab6f474daed57e8	watch_01	00:01	00:01	mqtt:00:01	0A:CE	272	-82.0
2026-10-09T12:30:52.109568	sess_af7811e21aca4b559d34e9f986482646	watch_01	00:08	00:08	mqtt:00:08	3B:8B	84	-81.0
2026-10-09T12:30:52.763743	sess_bf732e538a47447ab6f08aad5b60b83d	watch_01	00:01	00:01	mqtt:00:01	DB:9D	259	-82.0
2026-10-09T12:30:53.608581	sess_628335eb33ab4737a12f4e78e9a600a2	watch_01	00:06	00:06	mqtt:00:06	EB:48	485	-90.5
2026-10-09T12:30:54.244456	sess_a08ee200d19c44a6b898c8361e4c0581	watch_01	00:01	00:01	mqtt:00:01	DE:4F	258	-81.5
2026-10-09T12:30:59.332637	sess_59a472b419ef4f4abd089c6c2d83de38	watch_01	00:05	00:05	mqtt:00:05	73:01	-1	-1
2026-10-09T12:31:00.671732	sess_951da91b36f541fabb80cf791642ae6f	watch_01	00:08	00:08	mqtt:00:08	60:FF	131	-76.5
2026-10-09T12:31:01.293666	sess_147932ea5a364e95852e8c409ed99666	watch_01	00:08	00:08	mqtt:00:08	D7:75	118	-76.0
2026-10-09T12:31:06.384928	sess_1322436a171b49378b97bad4066b2390	watch_01	00:07	00:07	mqtt:00:07	36:26	-1	-1
2026-10-09T12:31:09.863461	sess_1d23db8e6613442e90f8cec1dbbf0001	watch_01	00:02	00:02	mqtt:00:02	89:87	676	-110.5
2026-10-09T12:31:10.504340	sess_778ee6ceba104c2b8e2a5a5220a77ba4	watch_01	00:01	00:01	mqtt:00:01	2D:F8	279	-82.0
2026-10-09T12:31:11.144112	sess_5c6be245b4d24a28ad2f6e923b048e47	watch_01	00:03	00:03	mqtt:00:03	F0:5A	697	-89.5
2026-10-09T12:31:16.209042	sess_f4ac6e038695446b98a05b73c5c58d85	watch_01	00:02	00:02	mqtt:00:02	1C:85	-1	-1
2026-10-09T12:31:21.287627	sess_61f67f4763b34b4fae9176a3978c4666	watch_01	00:07	00:07	mqtt:00:07	15:8F	-1	-1
2026-10-09T12:31:21.765194	sess_e715e248d21b4bca9b0888dc56f4f76d	watch_01	00:03	00:03	mqtt:00:03	E4:FB	731	-85.5
2026-10-09T12:31:22.502866	sess_eab72426025c4fa2a7873fb53a8171bf	watch_01	00:08	00:08	mqtt:00:08	E2:37	107	-77.0
2026-10-09T12:31:23.207451	sess_8823dfc77eba4960ba347d17e3471a89	watch_01	00:01	00:01	mqtt:00:01	59:30	271	-82.0
2026-10-09T12:31:28.307061	sess_3c0629db3eb4454888f2b97de18b468d	watch_01	00:05	00:05	mqtt:00:05	44:36	-1	-1
2026-10-09T12:31:29.060655	sess_6d91956d8a5548dc98e12fa104d36f85	watch_01	00:08	00:08	mqtt:00:08	20:1E	125	-77.0
2026-10-09T12:31:29.603644	sess_41e31100a6f0463d80209a90a7be6abd	watch_01	00:01	00:01	mqtt:00:01	02:A5	326	-80.5
2026-10-09T12:31:30.209383	sess_091cb83f022948c58b2c7952ea1f334d	watch_01	00:01	00:01	mqtt:00:01	94:25	272	-81.0
2026-10-09T12:31:30.737706	sess_64917f107b7d4441ab2e4c414f6eab32	watch_01	00:06	00:06	mqtt:00:06	0F:65	490	-92.0
2026-10-09T12:31:31.581991	sess_827fe14000b44730b809cd3ee9345e15	watch_01	00:08	00:08	mqtt:00:08	83:39	83	-77.0
2026-10-09T12:31:32.436591	sess_8d4abff46139492eb7bf02fb66a139df	watch_01	00:08	00:08	mqtt:00:08	05:97	80	-77.0
2026-10-09T12:31:33.038053	sess_f5a6981e665149edbcbf376d6aa3396b	watch_01	00:03	00:03	mqtt:00:03	62:6E	719	-85.5
2026-10-09T12:31:35.170694	sess_cfe4c208162b4c60a5a9088ccfade8ad	watch_01	00:06	00:06	mqtt:00:06	C2:5B	486	-89.0
2026-10-09T12:31:40.265216	sess_fd3c6c96e7ce492e88de0a6893f99dd5	watch_01	00:05	00:05	mqtt:00:05	A1:1E	-1	-1
2026-10-09T12:31:45.468055	sess_74ba9d5b15df49e8830008ff004e1211	watch_01	00:07	00:07	mqtt:00:07	FE:57	-1	-1
2026-10-09T12:31:46.358534	sess_201cf15a2a0e47558cbc752c38ddbf94	watch_01	00:01	00:01	mqtt:00:01	55:4D	267	-81.0
2026-10-09T12:31:51.424399	sess_4db179af665641fe9e91a3dd03541545	watch_01	00:00	00:00	mqtt:00:00	01:89	-1	-1
2026-10-09T12:31:52.181168	sess_4697adb55139426eb245f72c004883da	watch_01	00:08	00:08	mqtt:00:08	F4:59	88	-80.5
2026-10-09T12:31:53.665271	sess_a01b1552e30343f8b1c0a99237b700f0	watch_01	00:06	00:06	mqtt:00:06	E6:DE	489	-89.5
2026-10-09T12:31:54.478170	sess_be237f01a87647c7b0edd65926e1adab	watch_01	00:08	00:08	mqtt:00:08	6C:C6	158	-77.0
2026-10-09T12:31:59.569340	sess_6fd1f85c5fb2429498bf689d1f062c98	watch_01	00:02	00:02	mqtt:00:02	26:F0	-1	-1
2026-10-09T12:32:00.074475	sess_e7fc69c762024dbbbcbb1d75de1dcd2d	watch_01	00:08	00:08	mqtt:00:08	C0:96	141	-80.0
2026-10-09T12:32:05.160503	sess_ebfe770e7d334173925c472e63c66575	watch_01	00:07	00:07	mqtt:00:07	13:AE	-1	-1
2026-10-09T12:32:06.353009	sess_374427dcf3b4423b9b10743cf895e4c6	watch_01	00:03	00:03	mqtt:00:03	4D:0E	723	-89.5
2026-10-09T12:32:07.025204	sess_ff9f1c15e9ce40f9a7f8100dd38e4071	watch_01	00:01	00:01	mqtt:00:01	C7:C1	268	-82.5
2026-10-09T12:32:07.905326	sess_b2a161aafb5340d892522a85f3255521	watch_01	00:08	00:08	mqtt:00:08	D2:EF	147	-77.5
2026-10-09T12:32:08.789553	sess_0d399c5df85c4242b73fda8df9e1094f	watch_01	00:01	00:01	mqtt:00:01	BD:CB	254	-83.0
2026-10-09T12:32:13.883683	sess_8169ea3c94dc4b27bc2f18c5cffbb740	watch_01	00:02	00:02	mqtt:00:02	60:2C	-1	-1
2026-10-09T12:32:15.004137	sess_84a31886051946ddab400c20c9752849	watch_01	00:06	00:06	mqtt:00:06	A2:94	480	-91.0
2026-10-09T12:32:19.720104	sess_b2c5588e9ad44fc08a4203f3656b920a	watch_01	00:06	00:06	mqtt:00:06	F7:60	480	-92.0
2026-10-09T12:32:24.811088	sess_6a3c8953f5634022811bf29ff9b5533b	watch_01	00:02	00:02	mqtt:00:02	FE:D0	-1	-1
2026-10-09T12:32:26.075349	sess_741d7ace51bc4287be6a76af52e87305	watch_01	00:08	00:08	mqtt:00:08	D4:0B	84	-81.0
2026-10-09T12:32:27.572719	sess_073822b179ee4944acbe4b623b6e6f94	watch_01	00:08	00:08	mqtt:00:08	26:9C	155	-74.5
2026-10-09T12:32:32.647125	sess_e9c904b45a204bc2b7698d9a0a04d708	watch_01	00:00	00:00	mqtt:00:00	5E:54	-1	-1
2026-10-09T12:32:37.732693	sess_a6dfef852eff422a888d1dfa020714b1	watch_01	00:02	00:02	mqtt:00:02	F8:B2	-1	-1
2026-10-09T12:32:42.943337	sess_ce6897af495c407999a0bbce8e3eae8a	watch_01	00:09	00:09	mqtt:00:09	9F:A3	-1	-1
2026-10-09T12:32:43.733797	sess_f78487924f5645e7a894051c618387a5	watch_01	00:08	00:08	mqtt:00:08	71:E0	146	-77.0
2026-10-09T12:32:44.544279	sess_5e10b945c47f49ada790ef8d9d77ada8	watch_01	00:01	00:01	mqtt:00:01	88:88	273	-82.0
2026-10-09T12:32:45.118166	sess_874c51062acb437882e6949916a980d0	watch_01	00:08	00:08	mqtt:00:08	9F:BE	121	-77.5
2026-10-09T12:32:46.263458	sess_de79601dfe58442c9c5887e26a29d1f3	watch_01	00:06	00:06	mqtt:00:06	50:83	485	-110.5
2026-10-09T12:32:46.809586	sess_1fa7bb4bfe4e4734984194257212506b	watch_01	00:03	00:03	mqtt:00:03	30:F7	720	-88.0
2026-10-09T12:32:48.160488	sess_249829b2ad7e4af69d490c9d836d8d93	watch_01	00:08	00:08	mqtt:00:08	99:9E	52	-78.5
2026-10-09T12:32:48.777917	sess_0e4eceb0029448fe8ea019c9491d0ca3	watch_01	00:08	00:08	mqtt:00:08	14:AF	66	-79.5
2026-10-09T12:32:53.869053	sess_c1621e401da842dda18bdcb11914cee3	watch_01	00:02	00:02	mqtt:00:02	D2:08	-1	-1
2026-10-09T12:32:59.167101	sess_28852a077ae744b7a90bd8242b8b7883	watch_01	00:05	00:05	mqtt:00:05	CA:54	-1	-1
2026-10-09T12:32:59.868327	sess_d50ed9d8cd8a4cf48e4900aa8b29013f	watch_01	00:06	00:06	mqtt:00:06	C1:80	481	-92.0
2026-10-09T12:33:00.891249	sess_25f242cab7274b938399eeb53e1ed2cc	watch_01	00:08	00:08	mqtt:00:08	90:D5	100	-78.0
2026-10-09T12:33:05.986202	sess_f3744b4ba1f14242be1b95858746cee6	watch_01	00:00	00:00	mqtt:00:00	55:E3	-1	-1
2026-10-09T12:33:06.623568	sess_065165e6c8b74d7281bfc66f9d25b837	watch_01	00:03	00:03	mqtt:00:03	42:29	751	-89.5
2026-10-09T12:33:07.180058	sess_de5dfcb34e144e4f8a24f2e11f73fb2c	watch_01	00:08	00:08	mqtt:00:08	C4:ED	80	-78.0
2026-10-09T12:33:08.001827	sess_a919373711754569b0fce63ce6e84a1c	watch_01	00:08	00:08	mqtt:00:08	74:56	121	-76.0
2026-10-09T12:33:08.849546	sess_5ef0103dd401470db30c31f01fc910f2	watch_01	00:08	00:08	mqtt:00:08	15:64	72	-76.5
2026-10-09T12:33:09.491345	sess_4705c9814c464e06a49f851d56a5adce	watch_01	00:08	00:08	mqtt:00:08	DE:25	68	-77.0
2026-10-09T12:33:10.082812	sess_fa520a194d1e4f39a53fa1ba640693c9	watch_01	00:08	00:08	mqtt:00:08	5E:98	92	-78.0
2026-10-09T12:33:10.910345	sess_e3207ac737e1480895ee46cc5b48d5bb	watch_01	00:01	00:01	mqtt:00:01	58:9A	248	-83.0
2026-10-09T12:33:12.059835	sess_dfd7cd7ec46f4a0cb94b8011d96a1ffc	watch_01	00:08	00:08	mqtt:00:08	BD:D1	108	-79.5
2026-10-09T12:33:12.993430	sess_b6955e67d95d404ab968e6a997b669b4	watch_01	00:01	00:01	mqtt:00:01	E1:95	257	-81.5
2026-10-09T12:33:15.266441	sess_dfbb417ae35c45fa97624f179639dab6	watch_01	00:02	00:02	mqtt:00:02	01:16	696	-89.5
2026-10-09T12:33:16.087795	sess_987c06b6a29d4cb8a0886317868bd888	watch_01	00:03	00:03	mqtt:00:03	7C:81	715	-83.5
2026-10-09T12:33:21.171280	sess_ec2609e555224917904002369da6280c	watch_01	00:00	00:00	mqtt:00:00	C6:96	-1	-1
2026-10-09T12:33:26.421125	sess_f711a1cb2cf24afab31d826a747519b8	watch_01	00:02	00:02	mqtt:00:02	33:94	-1	-1
2026-10-09T12:33:27.208692	sess_42fef9d266d24d8cb4bd6793645c4d88	watch_01	00:01	00:01	mqtt:00:01	2D:95	241	-82.0
2026-10-09T12:33:32.274682	sess_87e91c4a89f94884a22c886d1c9357dc	watch_01	00:07	00:07	mqtt:00:07	26:9F	-1	-1
2026-10-09T12:33:33.276742	sess_582ca4f2fbcf4dd094bae3528249b195	watch_01	00:03	00:03	mqtt:00:03	E4:39	667	-85.0
2026-10-09T12:33:34.062542	sess_f29a2646e433483491af9c1e82a22c4e	watch_01	00:08	00:08	mqtt:00:08	24:72	125	-81.0
2026-10-09T12:33:34.931216	sess_2d6c4645a3464da595732b8a2baa44f6	watch_01	00:08	00:08	mqtt:00:08	F3:FC	93	-80.5
2026-10-09T12:33:35.530340	sess_caad2b5b20f54914ac289e8cb69fa802	watch_01	00:03	00:03	mqtt:00:03	96:C3	707	-84.0
2026-10-09T12:33:40.617413	sess_fec35ee2c0794b4e9848b94cf11ae7e8	watch_01	00:09	00:09	mqtt:00:09	BF:58	-1	-1
2026-10-09T12:33:41.378841	sess_d64ed4c0e46842729fcd22612f252f80	watch_01	00:08	00:08	mqtt:00:08	95:92	92	-80.5
2026-10-09T12:33:42.122972	sess_8a77cb2b5357470aa174d21f897fa615	watch_01	00:03	00:03	mqtt:00:03	DA:5C	768	-86.0
2026-10-09T12:33:42.930344	sess_a81859ee07754c7da1defc173217d3d3	watch_01	00:01	00:01	mqtt:00:01	23:F4	307	-80.5
2026-10-09T12:33:48.022138	sess_3d63ce420d4f45ef9d8ad6d3970efdc0	watch_01	00:00	00:00	mqtt:00:00	90:4C	-1	-1
2026-10-09T12:33:48.573618	sess_90e20b1794c24916a5aabf411ecb8cd8	watch_01	00:01	00:01	mqtt:00:01	C1:0F	320	-82.0
2026-10-09T12:33:49.155882	sess_0f33c45070ef45cda8be76738224878c	watch_01	00:08	00:08	mqtt:00:08	4B:21	69	-73.0
2026-10-09T12:33:54.244431	sess_ffb47e69f77f4a4e8c1a25501c4f5a3d	watch_01	00:09	00:09	mqtt:00:09	59:99	-1	-1
2026-10-09T12:33:54.990284	sess_6b89c455130a406d84eb25466f2bb6de	watch_01	00:01	00:01	mqtt:00:01	08:47	325	-80.0
2026-10-09T12:33:55.768622	sess_ebef028320614d57beb6e968f4b7cb18	watch_01	00:01	00:01	mqtt:00:01	94:CA	130	-73.0
2026-10-09T12:33:56.522933	sess_6d84df06a0334b67a4eb38b4a346299f	watch_01	00:01	00:01	mqtt:00:01	5F:1F	126	-81.0
2026-10-09T12:33:57.272474	sess_b7aace4ed22d4a79b40436178e921bb4	watch_01	00:08	00:08	mqtt:00:08	66:90	299	-81.5
2026-10-09T12:33:58.025854	sess_0c024363e37841cc80cfb53d5a56d892	watch_01	00:08	00:08	mqtt:00:08	51:E5	326	-82.5
2026-10-09T12:33:59.055225	sess_b0196a5d121d490c9e65aa0f988c136a	watch_01	00:03	00:03	mqtt:00:03	3E:F2	410	-82.0
2026-10-09T12:33:59.607169	sess_a8483f8c2cce432eb27d63d24474c0b1	watch_01	00:08	00:08	mqtt:00:08	B1:29	422	-85.5
2026-10-09T12:34:00.134718	sess_f05de113943b4f29a9af90d01aa601a3	watch_01	00:08	00:08	mqtt:00:08	CF:DE	446	-86.0
2026-10-09T12:34:00.772084	sess_b83ef1401f9f4fcb93d673636f7c9c7e	watch_01	00:08	00:08	mqtt:00:08	64:C0	476	-82.5
2026-10-09T12:34:01.326137	sess_794525beb35a47b5bfd8ea55d6a083cc	watch_01	00:03	00:03	mqtt:00:03	D2:90	336	-84.5
2026-10-09T12:34:06.388791	sess_aeec8761a34a45b39e611f7f38787966	watch_01	00:06	00:06	mqtt:00:06	24:EA	-1	-1
2026-10-09T12:34:07.099830	sess_46b1ada511474145b3208cf6d08ff43e	watch_01	00:09	00:09	mqtt:00:09	02:DC	548	-85.0
2026-10-09T12:34:07.758073	sess_1f6bde800b26408a8fd19db2c82026c1	watch_01	00:03	00:03	mqtt:00:03	33:49	68	-71.5
2026-10-09T12:34:08.523926	sess_094e033bc5ed49459959376aee5ba195	watch_01	00:02	00:02	mqtt:00:02	A3:61	408	-87.0
2026-10-09T12:34:09.405669	sess_30fceba1caf849f1b9fd06f1153d7277	watch_01	00:01	00:01	mqtt:00:01	7F:39	581	-90.5
2026-10-09T12:34:14.496688	sess_741ec1ce960e4eb19f25b4407f855bc8	watch_01	00:00	00:00	mqtt:00:00	15:F2	-1	-1
2026-10-09T12:34:19.588919	sess_8bc550e41edd465fafae0066d7b6457f	watch_01	00:07	00:07	mqtt:00:07	D9:B1	-1	-1
2026-10-09T12:34:20.470415	sess_535d9927a7684249859ae6e4c0bad1fe	watch_01	00:02	00:02	mqtt:00:02	63:67	279	-83.0
2026-10-09T12:34:21.335338	sess_42b7feab9fc742ae8ab130772dfd6c98	watch_01	00:01	00:01	mqtt:00:01	FD:AC	491	-71.0
2026-10-09T12:34:21.808150	sess_c2ee8680d998449fac3125d5305fb9c7	watch_01	00:02	00:02	mqtt:00:02	DF:5B	284	-75.0
2026-10-09T12:34:23.120167	sess_f3e99ad51be8454490f7b7882fe9e6b6	watch_01	00:03	00:03	mqtt:00:03	80:46	258	-83.0
2026-10-09T12:34:28.040832	sess_59de47c5d49741e9b5e4830d3e3d738a	watch_01	00:01	00:01	mqtt:00:01	47:1B	613	-92.0
2026-10-09T12:34:29.685345	sess_7d59e26732184227b2b23088d80db301	watch_01	00:09	00:09	mqtt:00:09	54:93	284	-82.5
2026-10-09T12:34:30.577745	sess_ea5322f4e07547d3a64be34833738b80	watch_01	00:03	00:03	mqtt:00:03	06:10	302	-77.0
2026-10-09T12:34:31.305036	sess_ce3db92ce3624c0f9f1b781a6dd29dcf	watch_01	00:01	00:01	mqtt:00:01	46:C6	575	-119.0
2026-10-09T12:34:32.040842	sess_89787f6c32984f2eb16dfff560ea811d	watch_01	00:02	00:02	mqtt:00:02	F7:42	72	-64.0
2026-10-09T12:34:32.815400	sess_488f1029740c47999d4443570d1681b9	watch_01	00:05	00:05	mqtt:00:05	28:23	656	-92.0
2026-10-09T12:34:33.306099	sess_3010fe45b1db45b19f968080638540e6	watch_01	00:01	00:01	mqtt:00:01	2B:24	612	-101.5
2026-10-09T12:34:33.949059	sess_0290da7ac0a04b309a72892a69f167d7	watch_01	00:03	00:03	mqtt:00:03	12:27	349	-87.5
2026-10-09T12:34:34.806759	sess_8309a23878c94911b2a9da0567fbe3ba	watch_01	00:08	00:08	mqtt:00:08	26:49	739	-90.5
2026-10-09T12:34:35.960820	sess_14eb9cf58aa2483c83cd1a5ebf8b7297	watch_01	00:09	00:09	mqtt:00:09	16:5C	283	-76.5
2026-10-09T12:34:41.047385	sess_07a911f523a64a478e4087a579a471fa	watch_01	00:06	00:06	mqtt:00:06	76:D5	-1	-1
2026-10-09T12:34:42.309638	sess_6742ccda303b44699447f86d88d364ea	watch_01	00:02	00:02	mqtt:00:02	03:E3	169	-74.5
2026-10-09T12:34:43.022665	sess_e329552eed9547cabdd72d013a4b0e7f	watch_01	00:03	00:03	mqtt:00:03	FD:1A	403	-87.5
2026-10-09T12:34:43.804390	sess_6d2790e4e9af4bdb9805f2ad7eb5e2d1	watch_01	00:09	00:09	mqtt:00:09	23:5C	223	-75.0
2026-10-09T12:34:44.544590	sess_947c46d8c19d4ba7bf4b2cf8aaccec7c	watch_01	00:09	00:09	mqtt:00:09	C4:61	213	-79.5
2026-10-09T12:34:49.633616	sess_9935624ac2aa4a8cb7fc02390ea23fc8	watch_01	00:01	00:01	mqtt:00:01	03:C6	-1	-1
2026-10-09T12:34:51.529186	sess_eb444f6f3c504637a69e04e99002cc71	watch_01	00:07	00:07	mqtt:00:07	40:F1	665	-101.0
2026-10-09T12:34:55.763763	sess_c9acd23584954ae6a9559792c0786562	watch_01	00:09	00:09	mqtt:00:09	A7:80	189	-72.5
2026-10-09T12:34:57.258851	sess_83950dba620443a0bd76c31a3587728e	watch_01	00:07	00:07	mqtt:00:07	A4:61	731	-91.5
2026-10-09T12:34:59.575757	sess_6428bec5fc73485796edc61e91890a43	watch_01	00:05	00:05	mqtt:00:05	D4:9B	601	-90.0
2026-10-09T12:35:04.615879	sess_a59629c6c8a144a18cf97f8e7e8a6d88	watch_01	00:05	00:05	mqtt:00:05	38:A6	-1	-1
2026-10-09T12:35:06.225351	sess_75670445e57a48e1b446933706794997	watch_01	00:02	00:02	mqtt:00:02	74:4C	212	-82.0
2026-10-09T12:35:11.576705	sess_b5f9b155c5c74dc78eee8c2730fdbd68	watch_01	00:06	00:06	mqtt:00:06	21:0F	-1	-1
2026-10-09T12:35:16.890987	sess_84b5ff5ba57f46a18165ea72ac414f8f	watch_01	00:01	00:01	mqtt:00:01	A9:83	-1	-1
2026-10-09T12:35:17.650779	sess_3020918c91244de2b3bbbe213961f330	watch_01	00:07	00:07	mqtt:00:07	F6:6E	447	-110.5
2026-10-09T12:35:22.049924	sess_4209382efbe3483d89bbef468810d6d9	watch_01	00:09	00:09	mqtt:00:09	BB:ED	12	-68.0
2026-10-09T12:35:25.901589	sess_2d420cc0eaab4951b152b5afc98c08c4	watch_01	00:03	00:03	mqtt:00:03	B8:D9	575	-92.0
2026-10-09T12:35:28.499500	sess_1023ff66749f488b9b4a47a105670e80	watch_01	00:05	00:05	mqtt:00:05	5C:20	522	-91.0
2026-10-09T12:35:33.554364	sess_226804dbfd9f4edbb9c86d19e120a073	watch_01	00:06	00:06	mqtt:00:06	C0:B5	-1	-1
2026-10-09T12:35:34.288738	sess_1aceb36009784a4e985db3ca6eaaaa78	watch_01	00:09	00:09	mqtt:00:09	0D:48	492	-89.5
2026-10-09T12:35:39.388708	sess_d9c8cf096065495ca95d2ac1a5f6c6cf	watch_01	00:05	00:05	mqtt:00:05	0C:92	-1	-1
2026-10-09T12:35:47.456682	sess_95a3a8da8c3f4a8f842d125b39b14527	watch_01	00:02	00:02	mqtt:00:02	04:1E	-1	-1
2026-10-09T12:35:48.152131	sess_c960ba03dcde48d39467e9c17ed1bcf1	watch_01	00:08	00:08	mqtt:00:08	EF:FB	502	-91.0
2026-10-09T12:35:53.240067	sess_50e5458874f04871a260d8502c4c1435	watch_01	00:03	00:03	mqtt:00:03	28:55	-1	-1
2026-10-09T12:35:58.307729	sess_13668117b1b54548a6873931edcf751d	watch_01	00:08	00:08	mqtt:00:08	F9:83	-1	-1
2026-10-09T12:36:02.062774	sess_68396d9e09904e0d9de7489d86cc0eac	watch_01	00:01	00:01	mqtt:00:01	80:21	787	-90.5
2026-10-09T12:36:03.903009	sess_8cb0ef8898ae422a8e7c5c58a001a159	watch_01	00:00	00:00	mqtt:00:00	59:49	44	-56.5
2026-10-09T12:36:04.784581	sess_32ae1e0df82e458ca507cb50d62e63e3	watch_01	00:00	00:00	mqtt:00:00	3C:50	79	-64.5
2026-10-09T12:36:05.829068	sess_95d8b977024d406686362e7489ac6926	watch_01	00:07	00:07	mqtt:00:07	BE:A5	486	-92.0
2026-10-09T12:36:10.919929	sess_84ebded5b5c8487999a3c13bd3b42972	watch_01	00:09	00:09	mqtt:00:09	93:40	-1	-1
2026-10-09T12:36:12.981093	sess_0606790db6b64a768ca636366424cf26	watch_01	00:06	00:06	mqtt:00:06	EE:24	373	-101.0
2026-10-09T12:36:18.540048	sess_c924effd32d546f780b6ee1873389d69	watch_01	00:09	00:09	mqtt:00:09	E8:F4	-1	-1
2026-10-09T12:36:23.775446	sess_f76c3c4dcbb448819987c40b347f41a2	watch_01	00:08	00:08	mqtt:00:08	C3:8F	-1	-1
2026-10-09T12:36:24.714895	sess_ef3cc12979da47d7b39e4cc93d57bf23	watch_01	00:07	00:07	mqtt:00:07	0C:F4	489	-90.5
2026-10-09T12:36:25.494447	sess_53a43c4046724532a918d9a344dc0fd0	watch_01	00:00	00:00	mqtt:00:00	E1:8F	82	-73.5
2026-10-09T12:36:30.589310	sess_a3e7f06e836840c790e53a47c3b68f4e	watch_01	00:08	00:08	mqtt:00:08	AA:21	-1	-1
2026-10-09T12:36:31.991030	sess_df18f021dde24fd5ae30e8e040538cae	watch_01	00:00	00:00	mqtt:00:00	3F:2C	82	-69.5
2026-10-09T12:36:34.402043	sess_41371b0827e04479ba1b61c44d8c7d62	watch_01	00:07	00:07	mqtt:00:07	2B:69	463	-83.0
2026-10-09T12:36:35.881686	sess_6237fff74f0b408893d405916f028bcc	watch_01	00:06	00:06	mqtt:00:06	A5:9A	252	-87.5
2026-10-09T12:36:37.314020	sess_41cabbf1ff5b4bffa409a244b370c820	watch_01	00:05	00:05	mqtt:00:05	97:2D	196	-78.0
2026-10-09T12:36:38.088404	sess_9bb80559ff6e4a6a9f60601bef083d8e	watch_01	00:05	00:05	mqtt:00:05	E1:55	243	-84.0
2026-10-09T12:36:43.182484	sess_008d100f6bf045f4ba527eb66bdf2dd4	watch_01	00:02	00:02	mqtt:00:02	13:EC	-1	-1
2026-10-09T12:36:44.014083	sess_e1a26729b3094aaab71abacd57cba729	watch_01	00:07	00:07	mqtt:00:07	1A:8E	490	-85.5
2026-10-09T12:36:44.799514	sess_93e9747cf3b9441bbe9882181d4d1988	watch_01	00:07	00:07	mqtt:00:07	EC:43	504	-91.0
2026-10-09T12:36:45.415607	sess_f2dc43aa455049f295c633bb2e1bef8e	watch_01	00:00	00:00	mqtt:00:00	95:B8	140	-69.5
2026-10-09T12:36:46.030370	sess_3eb3feb63c144f1a999ed25c853f3d8d	watch_01	00:09	00:09	mqtt:00:09	C6:CC	366	-92.0
2026-10-09T12:36:46.607283	sess_c838b4694b6c4bd58bdd2d4ff30b1591	watch_01	00:06	00:06	mqtt:00:06	F9:77	225	-84.0
2026-10-09T12:36:47.759567	sess_b574a565436040c583f1c8eee4218998	watch_01	00:00	00:00	mqtt:00:00	CE:50	229	-83.5
2026-10-09T12:36:49.505635	sess_c679c8c3117d49cf9eeff95f55df9546	watch_01	00:05	00:05	mqtt:00:05	2D:AF	218	-75.5
2026-10-09T12:36:54.663014	sess_a3f2274b9e364746b62f31101ddc839f	watch_01	00:08	00:08	mqtt:00:08	30:CA	-1	-1
2026-10-09T12:36:55.440445	sess_7075abe1874944a48fe422fea90fa7a3	watch_01	00:05	00:05	mqtt:00:05	A1:03	173	-77.5
2026-10-09T12:36:56.599799	sess_51f74ad8be4e4797abf4739ddf52e655	watch_01	00:07	00:07	mqtt:00:07	FD:2D	76	-64.5
2026-10-09T12:37:01.693404	sess_5d0a883e2f794a22a3bb207aac0563a3	watch_01	00:07	00:07	mqtt:00:07	33:D0	-1	-1
2026-10-09T12:37:05.810337	sess_53d5cf44115948759a7bb3de0f9cba89	watch_01	00:00	00:00	mqtt:00:00	47:75	552	-92.0
2026-10-09T12:37:11.051258	sess_a81ded55f3cd4bc1acfef329321ef16e	watch_01	00:02	00:02	mqtt:00:02	49:5B	-1	-1
2026-10-09T12:37:11.907002	sess_e3ea42984dd7417fb90ef6d9dc2d37df	watch_01	00:00	00:00	mqtt:00:00	C8:C5	440	-101.5
2026-10-09T12:37:12.906543	sess_9b6b55f07bcf4048a048c78216b85e89	watch_01	00:00	00:00	mqtt:00:00	75:3D	446	-110.5
2026-10-09T12:37:18.005789	sess_b3daacd212944559ba6c2487e53a8f0f	watch_01	00:03	00:03	mqtt:00:03	8C:BB	-1	-1
2026-10-09T12:37:23.165864	sess_f5baadc004e640aa9e3163381e35038f	watch_01	00:06	00:06	mqtt:00:06	E6:BA	-1	-1
2026-10-09T12:37:28.822455	sess_a275a69d889f400c9058f8e104f0ab3d	watch_01	00:01	00:01	mqtt:00:01	AD:0B	-1	-1
2026-10-09T12:37:30.005338	sess_db2f64690e61439e9d9155bf69026d1d	watch_01	00:00	00:00	mqtt:00:00	FB:3A	425	-101.5
2026-10-09T12:37:31.074505	sess_b6f07727b79847748f26f1b1f51ca855	watch_01	00:05	00:05	mqtt:00:05	C7:1E	219	-81.0
2026-10-09T12:37:36.151276	sess_b64deed33e274e9886a5a1063f5a185a	watch_01	00:08	00:08	mqtt:00:08	F0:2B	-1	-1
2026-10-09T12:37:36.993570	sess_28b9707ac1ec4ef887653e84ec4a6bfa	watch_01	00:07	00:07	mqtt:00:07	75:20	77	-69.5
2026-10-09T12:37:42.085386	sess_aff7d973ac2f4e5cbfb1b3665df6756b	watch_01	00:03	00:03	mqtt:00:03	1F:D0	-1	-1
2026-10-09T12:37:44.148956	sess_bee7c19b684848cb978417464038d5be	watch_01	00:05	00:05	mqtt:00:05	29:DD	409	-88.0
2026-10-09T12:37:45.506895	sess_4c945fbf0b9a48b3b76159c9b29c40c5	watch_01	00:06	00:06	mqtt:00:06	D7:B7	505	-84.0
2026-10-09T12:37:50.598115	sess_98bbd49a53f24fddb499617055d0c13b	watch_01	00:08	00:08	mqtt:00:08	AC:CF	-1	-1
2026-10-09T12:37:51.738133	sess_bac0e92a29d4442eb7f1b760c0c18749	watch_01	00:00	00:00	mqtt:00:00	77:CE	336	-101.0
2026-10-09T12:37:52.946896	sess_cf969a98b2ce4015870ddfcfd3c51236	watch_01	00:07	00:07	mqtt:00:07	2C:94	243	-78.0
2026-10-09T12:37:54.418811	sess_c10f0b3704034ff5aa3d0e0a06120229	watch_01	00:07	00:07	mqtt:00:07	24:6D	240	-75.5
2026-10-09T12:38:00.060288	sess_0c282c369733437a869687ae45cacff1	watch_01	00:01	00:01	mqtt:00:01	F2:64	-1	-1
2026-10-09T12:38:01.031069	sess_805472a3b43046968d46b8439950210f	watch_01	00:09	00:09	mqtt:00:09	A1:47	420	-101.5
2026-10-09T12:38:02.454384	sess_bf990ffa421c40fa823d2819bd53281a	watch_01	00:05	00:05	mqtt:00:05	E0:AA	131	-79.0
2026-10-09T12:38:03.270160	sess_927fc308265d49b6af871d194f62d49a	watch_01	00:02	00:02	mqtt:00:02	98:A8	610	-101.0
2026-10-09T12:38:04.087000	sess_608c14937c5045178578c75731d84b28	watch_01	00:07	00:07	mqtt:00:07	7E:E7	193	-75.0
2026-10-09T12:38:05.139988	sess_b722c840bebf46bfba172256550da40b	watch_01	00:05	00:05	mqtt:00:05	D0:5E	162	-79.0
2026-10-09T12:38:05.595492	sess_0ef64fe9bf084e2b87735f731506649c	watch_01	00:00	00:00	mqtt:00:00	CF:6F	324	-83.5
2026-10-09T12:38:08.828337	sess_f076f941a53f43f0a1ec0a3fa534312a	watch_01	00:06	00:06	mqtt:00:06	2A:81	554	-101.5
2026-10-09T12:38:11.858856	sess_107c13fd2f994170a7a8aa26a70bbd04	watch_01	00:07	00:07	mqtt:00:07	43:52	211	-74.5
2026-10-09T12:38:12.696049	sess_83ca0e386a2e4b63883900b4c20259af	watch_01	00:07	00:07	mqtt:00:07	6F:61	217	-75.0
2026-10-09T12:38:13.450841	sess_3162575ccf11476c82718610eb004a55	watch_01	00:05	00:05	mqtt:00:05	D6:4C	96	-78.5
2026-10-09T12:38:18.552823	sess_904245657cde4fc28496ece61a3d3119	watch_01	00:05	00:05	mqtt:00:05	50:E2	-1	-1
2026-10-09T12:38:22.912252	sess_37af66483fd34049bf231b8ef476bbbd	watch_01	00:00	00:00	mqtt:00:00	B4:42	454	-89.0
2026-10-09T12:38:27.962515	sess_521c1ac3532e4a56971d344be5cdd735	watch_01	00:03	00:03	mqtt:00:03	CC:BA	-1	-1
2026-10-09T12:38:33.268478	sess_41cbb80c314e44469e537749cf9be0d0	watch_01	00:08	00:08	mqtt:00:08	B2:BE	-1	-1
2026-10-09T12:38:35.466776	sess_6a880fe2724347e29782fc373e80d0c9	watch_01	00:09	00:09	mqtt:00:09	39:81	413	-92.0
2026-10-09T12:38:38.023000	sess_b24f0ece4acf419a99999d9d22ce700d	watch_01	00:00	00:00	mqtt:00:00	F6:95	366	-90.5
2026-10-09T12:38:43.256775	sess_a41295aca96b4797ba11ee9337327722	watch_01	00:08	00:08	mqtt:00:08	A6:CC	-1	-1
2026-10-09T12:38:43.932254	sess_2c88d8b2382346209a0a94f57abf574e	watch_01	00:00	00:00	mqtt:00:00	16:40	316	-83.0
2026-10-09T12:38:49.172470	sess_6a2ccbff215d4b26a39aa95a903670b3	watch_01	00:03	00:03	mqtt:00:03	74:55	-1	-1
2026-10-09T12:38:50.049233	sess_0ba016ba724944a8bee43d8938c4c11c	watch_01	00:02	00:02	mqtt:00:02	73:07	571	-92.0
2026-10-09T12:38:55.365825	sess_d77e14585fba4c3eb6bb720d905bf3d0	watch_01	00:01	00:01	mqtt:00:01	E3:1C	-1	-1
2026-10-09T12:38:57.214666	sess_a7655ae468c44e6fb42f650c2fed1376	watch_01	00:06	00:06	mqtt:00:06	44:87	523	-101.5
2026-10-09T12:38:59.570879	sess_982224aa9c344edf831c2cbc3279cfe8	watch_01	00:02	00:02	mqtt:00:02	0A:53	584	-89.0
2026-10-09T12:39:01.605020	sess_461c3bb6a6e544bd9cbdbd71590f631b	watch_01	00:00	00:00	mqtt:00:00	66:CD	315	-82.5
2026-10-09T12:39:02.439245	sess_ecc6a7d6750d4226bdc27b48baf0f93c	watch_01	00:00	00:00	mqtt:00:00	9F:41	315	-83.0
2026-10-09T12:39:04.633538	sess_c65e0ec38cd74dd79c6d0562b5412854	watch_01	00:06	00:06	mqtt:00:06	CD:56	576	-119.0
2026-10-09T12:39:07.810615	sess_5975e5b859b9442fb80f76c03f358556	watch_01	00:00	00:00	mqtt:00:00	6F:55	313	-85.0
2026-10-09T12:39:08.417311	sess_e9f01fa0ef9a40f8a2c2ae57f2a21f25	watch_01	00:07	00:07	mqtt:00:07	1D:11	187	-76.5
2026-10-09T12:39:09.029759	sess_9b553c855f6244b08b73cd96a9c11b5e	watch_01	00:05	00:05	mqtt:00:05	4D:15	101	-76.0
2026-10-09T12:39:10.306619	sess_dd2f59ab9eb84a4ea3d4e3647c19a50e	watch_01	00:07	00:07	mqtt:00:07	D8:01	210	-78.0
2026-10-09T12:39:10.827826	sess_af8ab35120d04f668070c332fea7aae6	watch_01	00:09	00:09	mqtt:00:09	DE:EA	383	-92.0
2026-10-09T12:39:12.229179	sess_61785717792f4f20821cd0599f47d209	watch_01	00:02	00:02	mqtt:00:02	D2:B3	552	-88.0
2026-10-09T12:39:17.317918	sess_00acd8b0917944cb9fbae1dfbf98cda9	watch_01	00:08	00:08	mqtt:00:08	2D:89	-1	-1
2026-10-09T12:39:22.578731	sess_8dc320a7b2f3481fb9cd9ba4d61753f7	watch_01	00:08	00:08	mqtt:00:08	1D:C7	-1	-1
2026-10-09T12:39:28.015643	sess_9ac0b4637fc94ec38f833c9d0b0c0e77	watch_01	00:01	00:01	mqtt:00:01	00:73	-1	-1
2026-10-09T12:39:30.058419	sess_a15fa0747f6b48e4bd83bc6c91d79d71	watch_01	00:06	00:06	mqtt:00:06	86:E3	518	-92.0
2026-10-09T12:39:32.836834	sess_48c690dfb66943fdbfde3f7a438beaed	watch_01	00:02	00:02	mqtt:00:02	4B:27	575	-127.5
2026-10-09T12:39:33.735927	sess_2c48fafecef541f2aa83f7a5e600f3f0	watch_01	00:05	00:05	mqtt:00:05	DB:AD	135	-76.0
2026-10-09T12:39:34.760991	sess_4ae3c961fdd749ee9873ba5bc77429be	watch_01	00:07	00:07	mqtt:00:07	E4:CE	217	-75.5
2026-10-09T12:39:36.407298	sess_940a2183786d4bfbae1f71388f38f36b	watch_01	00:06	00:06	mqtt:00:06	D9:61	429	-88.0
2026-10-09T12:39:37.413857	sess_ed9430d9978843f68a7c0cf990d27f6e	watch_01	00:06	00:06	mqtt:00:06	95:11	411	-90.5
2026-10-09T12:39:38.466991	sess_ac0880e3a8674135a279e35081a15932	watch_01	00:00	00:00	mqtt:00:00	45:85	295	-88.5
2026-10-09T12:39:39.224912	sess_74765e2839a94da8b7ede77f32856d7d	watch_01	00:06	00:06	mqtt:00:06	46:3A	406	-88.0
2026-10-09T12:39:40.151508	sess_a6f3e1b61207426ab11b31172c37af40	watch_01	00:02	00:02	mqtt:00:02	D9:08	442	-86.5
2026-10-09T12:39:40.925488	sess_f72c9a7ef9334c2eb43ba0f52920bc55	watch_01	00:05	00:05	mqtt:00:05	5E:D7	217	-81.0
2026-10-09T12:39:41.900858	sess_5b06e89ca4be4da4b0b2a0d36b6b1c78	watch_01	00:03	00:03	mqtt:00:03	79:1E	764	-87.0
2026-10-09T12:39:42.887511	sess_c5e00dc1f8594443a7f30505b0c46790	watch_01	00:00	00:00	mqtt:00:00	00:22	296	-86.5
2026-10-09T12:39:46.399996	sess_9aad8e9fdb684451a5c8ff7d90f8ae01	watch_01	00:09	00:09	mqtt:00:09	A0:65	304	-90.5
2026-10-09T12:39:47.873876	sess_da53d5ed90ae402593c4d7d0fd5bb6e9	watch_01	00:06	00:06	mqtt:00:06	93:F0	466	-92.0
2026-10-09T12:39:50.707419	sess_38aa1711d077403eb340e48f923eef80	watch_01	00:07	00:07	mqtt:00:07	1F:6F	501	-85.5
2026-10-09T12:39:52.099624	sess_7830a8bf0a3b4fec839758316c5bbabb	watch_01	00:00	00:00	mqtt:00:00	06:46	245	-84.0
2026-10-09T12:39:57.151847	sess_c5bb8e0ead484fe28e2c925fe49884f1	watch_01	00:08	00:08	mqtt:00:08	55:5E	-1	-1
2026-10-09T12:39:58.490180	sess_594f3665351249bdaaac98b843ac21b4	watch_01	00:06	00:06	mqtt:00:06	24:4A	274	-82.5
2026-10-09T12:39:59.264538	sess_9f74ba31f65f49e2ae411702843fe9bc	watch_01	00:07	00:07	mqtt:00:07	DB:C8	531	-82.5
2026-10-09T12:39:59.965832	sess_098924c7731944f980b76538cbac520a	watch_01	00:05	00:05	mqtt:00:05	75:41	353	-86.0
2026-10-09T12:40:00.751238	sess_0035323d4c8349908ded5bd48e3c3ed0	watch_01	00:05	00:05	mqtt:00:05	D3:14	352	-85.0
2026-10-09T12:40:04.845206	sess_d9f6b84cd73842f8b7b304cc3af64d70	watch_01	00:09	00:09	mqtt:00:09	AE:58	493	-92.0
2026-10-09T12:40:08.156501	sess_41dd6d7d4bed4dc58c2991209428fc7b	watch_01	00:03	00:03	mqtt:00:03	1E:24	600	-127.5
2026-10-09T12:40:13.242398	sess_e5fd52c7153943f3acf004724462a574	watch_01	00:00	00:00	mqtt:00:00	BE:63	-1	-1
2026-10-09T12:40:13.921519	sess_5528003d416f44a386950af96adfffc5	watch_01	00:06	00:06	mqtt:00:06	BE:3B	541	-86.0
2026-10-09T12:40:19.014393	sess_c06a8ff8f0454ac3989c17047d35a62d	watch_01	00:05	00:05	mqtt:00:05	BB:ED	-1	-1
2026-10-09T12:40:19.735717	sess_0a4ae7dcf3084cc49ade9ebdf8d1a5aa	watch_01	00:03	00:03	mqtt:00:03	65:D5	363	-90.5
2026-10-09T12:40:24.848914	sess_37f9e91a91a54f7bbbf12f062e88417e	watch_01	00:02	00:02	mqtt:00:02	A7:79	-1	-1
2026-10-09T12:40:29.917060	sess_eab33b8883c6452b9ec9000453947c66	watch_01	00:07	00:07	mqtt:00:07	24:DF	-1	-1
2026-10-09T12:40:30.673657	sess_80eec2a254df4f3084de95408ce53700	watch_01	00:06	00:06	mqtt:00:06	6D:A5	629	-82.0
2026-10-09T12:40:31.359916	sess_bf22607ae9f74da1b483c4a3e0d3d716	watch_01	00:08	00:08	mqtt:00:08	F6:4B	593	-82.5
2026-10-09T12:40:31.958778	sess_2dcd682f0d8942cda1471edd4756e964	watch_01	00:06	00:06	mqtt:00:06	A0:6E	606	-76.5
2026-10-09T12:40:33.410015	sess_4e61ba9ae2ac42e89d04c685e129509b	watch_01	00:06	00:06	mqtt:00:06	21:18	604	-75.5
2026-10-09T12:40:34.022217	sess_2d20c3406b29485c896dd3a29dc1a81c	watch_01	00:03	00:03	mqtt:00:03	25:8A	346	-92.0
2026-10-09T12:40:34.664386	sess_820615893b6e49bfb250ebc58dcf5784	watch_01	00:06	00:06	mqtt:00:06	D5:76	601	-76.0
2026-10-09T12:40:39.729363	sess_2ab0d3a90bed432aa51abebbafc6a686	watch_01	00:02	00:02	mqtt:00:02	BF:3C	-1	-1
2026-10-09T12:40:44.827003	sess_29b9add96b2f420fb8f82c719ced2bf9	watch_01	00:09	00:09	mqtt:00:09	41:0E	-1	-1
2026-10-09T12:40:47.149386	sess_81a0879ca9df41bdbd5f13fdf17ef646	watch_01	00:03	00:03	mqtt:00:03	1A:F7	801	-101.5
2026-10-09T12:40:47.799668	sess_bf741f5f82794b61a3bf28fcdb406254	watch_01	00:08	00:08	mqtt:00:08	EF:D0	81	-69.5
2026-10-09T12:40:52.861965	sess_ddfac05bb66f4dc08220b4b5a4405cd7	watch_01	00:01	00:01	mqtt:00:01	2F:0A	-1	-1
2026-10-09T12:40:57.959497	sess_27f60a0be3654a32af3f3e4a570c7513	watch_01	00:07	00:07	mqtt:00:07	8F:8D	-1	-1
2026-10-09T12:41:03.269809	sess_0fee3f6448ac46ac8d471edbeff58d68	watch_01	00:03	00:03	mqtt:00:03	97:16	-1	-1
2026-10-09T12:41:03.937091	sess_57d47933ca124bfe82590e23625af359	watch_01	00:08	00:08	mqtt:00:08	5A:90	111	-79.0
2026-10-09T12:41:04.764644	sess_774013b38f194a68bda03f4c3959c00d	watch_01	00:08	00:08	mqtt:00:08	5F:3A	91	-70.5
2026-10-09T12:41:10.318017	sess_c24317624b86490393d33a47c84996db	watch_01	00:05	00:05	mqtt:00:05	3D:32	-1	-1
2026-10-09T12:41:15.519351	sess_74dfe99e41fd4c6fb8e35dbe74b609f8	watch_01	00:09	00:09	mqtt:00:09	38:0A	-1	-1
2026-10-09T12:41:16.119058	sess_4f14cb3d86214b0eb7e51f66cb9d0781	watch_01	00:08	00:08	mqtt:00:08	30:15	121	-82.5
2026-10-09T12:41:16.779365	sess_209028b930ef44a18611870f6db3d5f9	watch_01	00:08	00:08	mqtt:00:08	CC:BA	98	-79.0
2026-10-09T12:41:17.713057	sess_02eea6450edf4f1fad440f15321f20a0	watch_01	00:08	00:08	mqtt:00:08	00:3B	110	-69.5
2026-10-09T12:41:22.812471	sess_b547d162a59e4d18b970a81a5f8deb7a	watch_01	00:01	00:01	mqtt:00:01	8C:9A	-1	-1
2026-10-09T12:41:23.684232	sess_13a2963e392e45c8b5bdaa34caedc0bf	watch_01	00:08	00:08	mqtt:00:08	8B:23	184	-81.0
2026-10-09T12:41:24.507863	sess_cffe9b5aa0bf46e8a401e33d4354836b	watch_01	00:08	00:08	mqtt:00:08	25:8D	223	-80.0
2026-10-09T12:41:25.841523	sess_c44f116d01654c5a8880dd0c11e81a99	watch_01	00:03	00:03	mqtt:00:03	14:37	562	-84.0
2026-10-09T12:41:30.906941	sess_7b8cf32177984800bb002244abfd3b1c	watch_01	00:00	00:00	mqtt:00:00	79:D3	-1	-1
2026-10-09T12:41:34.649462	sess_921b8c3a41384679bce9818b86dc1330	watch_01	00:05	00:05	mqtt:00:05	7D:62	612	-92.0
2026-10-09T12:41:35.258467	sess_c4998158f4684a2fb12c751324744833	watch_01	00:06	00:06	mqtt:00:06	A9:ED	82	-72.5
2026-10-09T12:41:36.701618	sess_7337d74f6ac94c4aa90d30519d16e9d5	watch_01	00:06	00:06	mqtt:00:06	85:C9	40	-64.0
2026-10-09T12:41:37.541617	sess_c377e113ad364161921c0b5c76609f08	watch_01	00:06	00:06	mqtt:00:06	FC:6A	86	-68.5
2026-10-09T12:41:42.611505	sess_4c0a7868b67e42cf9c69fce1fa5264fc	watch_01	00:08	00:08	mqtt:00:08	B3:9F	-1	-1
2026-10-09T12:41:43.995849	sess_6ba76395bc2b4ec4a3faa2a61d981c9b	watch_01	00:00	00:00	mqtt:00:00	B3:A7	326	-84.0
2026-10-09T12:41:47.286909	sess_9c3c210a37e749099cb79327c0149fe6	watch_01	00:09	00:09	mqtt:00:09	A9:1E	254	-90.5
2026-10-09T12:41:48.825489	sess_62ac1680631b435fa8bb0138253159a7	watch_01	00:06	00:06	mqtt:00:06	5F:21	558	-110.0
2026-10-09T12:41:49.525874	sess_effddabda89045b892fe81b94333276c	watch_01	00:02	00:02	mqtt:00:02	8D:A2	503	-90.0
2026-10-09T12:41:54.615110	sess_513edca1072346ab9df2866f57138f2b	watch_01	00:09	00:09	mqtt:00:09	45:B4	-1	-1
2026-10-09T12:41:58.069758	sess_a0f666e1fbf54aa8bfb8d266613a7398	watch_01	00:00	00:00	mqtt:00:00	7D:DE	482	-92.0
2026-10-09T12:41:58.917372	sess_b152cf5ac80047b6a98a3c5d78075038	watch_01	00:07	00:07	mqtt:00:07	15:A7	113	-65.0
2026-10-09T12:42:04.012219	sess_ae943d50eb9f42fd8a8a8931b82bf3d0	watch_01	00:02	00:02	mqtt:00:02	63:6E	-1	-1
2026-10-09T12:42:05.061874	sess_8c4708c9aee3428a9c30a3252a2030d3	watch_01	00:07	00:07	mqtt:00:07	D2:62	124	-65.0
2026-10-09T12:42:06.523494	sess_8b3156c80f6c459dbf0c081bdb48e442	watch_01	00:06	00:06	mqtt:00:06	4F:70	674	-119.0
2026-10-09T12:42:07.269815	sess_0cbf31f144d04cd7af9a1aebde45cdd1	watch_01	00:05	00:05	mqtt:00:05	9A:0A	273	-81.5
2026-10-09T12:42:11.047534	sess_4f5c771af93446d19bed12264096bbaf	watch_01	00:09	00:09	mqtt:00:09	04:4B	283	-92.0
2026-10-09T12:42:12.148443	sess_f264599e5bdd4a85822f5fe0e6dba465	watch_01	00:05	00:05	mqtt:00:05	98:15	365	-85.0
2026-10-09T12:42:17.490064	sess_4339ce5daa8547dd98e478596583e1be	watch_01	00:08	00:08	mqtt:00:08	F8:3E	-1	-1
2026-10-09T12:42:22.610212	sess_4e2dbe4a6f574b5fb8b4ced2d0897f5d	watch_01	00:03	00:03	mqtt:00:03	5A:3D	-1	-1
2026-10-09T12:42:24.510755	sess_45a407a126b04c50b9820db13dd596a5	watch_01	00:02	00:02	mqtt:00:02	74:CB	414	-101.5
2026-10-09T12:42:25.449717	sess_e4b960d59d5a4897ae7bcc4d5ee19bc3	watch_01	00:06	00:06	mqtt:00:06	48:97	464	-77.0
2026-10-09T12:42:26.256707	sess_0a39051aaa5f4919b885e8a64cf1035d	watch_01	00:05	00:05	mqtt:00:05	A3:FE	252	-77.0
2026-10-09T12:42:28.027248	sess_09bfa4018a4e40bfac18505a72246341	watch_01	00:02	00:02	mqtt:00:02	AC:C8	453	-85.5
2026-10-09T12:42:33.291228	sess_d31f19bac3f3429cb4982ff8251be1b7	watch_01	00:05	00:05	mqtt:00:05	19:F1	-1	-1
2026-10-09T12:42:35.427910	sess_0ae69039b78246d0a5d312079bb03e02	watch_01	00:05	00:05	mqtt:00:05	48:89	273	-90.0
2026-10-09T12:42:40.495279	sess_25690fb07166457797e82d8b8ec1ddb7	watch_01	00:05	00:05	mqtt:00:05	4B:38	-1	-1
2026-10-09T12:42:45.563350	sess_fbccf1f984b8444888158ee796188e6a	watch_01	00:09	00:09	mqtt:00:09	0F:C5	-1	-1
2026-10-09T12:42:47.291898	sess_24a9d07acdb341d4818517ae3c9cd246	watch_01	00:00	00:00	mqtt:00:00	4E:EE	50	-72.0
2026-10-09T12:42:48.229179	sess_8ae4ac0db7ce43aca9cc45009ac91f5b	watch_01	00:05	00:05	mqtt:00:05	FE:8E	289	-86.0
2026-10-09T12:42:51.007144	sess_c51e0de99a7b4daf90d598bed20d2573	watch_01	00:00	00:00	mqtt:00:00	87:9F	55	-69.5
2026-10-09T12:42:56.361898	sess_563d889a1b9b4136948ac9d1cbf000a8	watch_01	00:01	00:01	mqtt:00:01	12:FF	-1	-1
2026-10-09T12:42:59.026462	sess_e74bb8258cc345279479e57a50a36dcb	watch_01	00:08	00:08	mqtt:00:08	12:69	654	-101.0
2026-10-09T12:42:59.688900	sess_f120eab450f7432f97a4e87fe633da86	watch_01	00:01	00:01	mqtt:00:01	B4:01	545	-86.5
2026-10-09T12:43:02.781645	sess_95d9e8b05d6b492ea4cd363b803eb104	watch_01	00:09	00:09	mqtt:00:09	3D:29	548	-92.0
2026-10-09T12:43:07.845311	sess_c40ca378c3a84554b4a0afb3e5457348	watch_01	00:07	00:07	mqtt:00:07	93:9F	-1	-1
2026-10-09T12:43:08.479755	sess_0405be13068f4e38ae34384605f96877	watch_01	00:08	00:08	mqtt:00:08	FD:51	410	-82.5
2026-10-09T12:43:13.565666	sess_92334cd6988f4876a93b53330604cecd	watch_01	00:00	00:00	mqtt:00:00	1A:FB	-1	-1
2026-10-09T12:43:14.267877	sess_c82c78117bd34578b57dc052b686ce2a	watch_01	00:06	00:06	mqtt:00:06	3C:31	527	-110.5
2026-10-09T12:43:19.361658	sess_b241de26962447a1a0dc91085dc0c075	watch_01	00:00	00:00	mqtt:00:00	49:CA	-1	-1
2026-10-09T12:43:24.478372	sess_66906753dbe040cb979e0df08a51008d	watch_01	00:09	00:09	mqtt:00:09	42:0F	-1	-1
2026-10-09T12:43:29.575347	sess_56cbc9817fd74c0790ac6d7b7392c239	watch_01	00:01	00:01	mqtt:00:01	3E:E0	-1	-1
2026-10-09T12:43:30.502128	sess_69ce82272d2c48e9b8a9757cb368facf	watch_01	00:05	00:05	mqtt:00:05	B0:EB	365	-81.5
2026-10-09T12:43:35.579300	sess_fb4dad57fa3e4d338ac59fbc47949839	watch_01	00:03	00:03	mqtt:00:03	58:BF	-1	-1
2026-10-09T12:43:38.089899	sess_5327bbc268fb4be9b61a436fb2c7f900	watch_01	00:02	00:02	mqtt:00:02	63:EA	464	-101.5
2026-10-09T12:43:43.354780	sess_b990d4b0aedb49c8b8e767bd7bea2559	watch_01	00:08	00:08	mqtt:00:08	77:50	-1	-1
2026-10-09T12:43:48.502114	sess_4e7f98bdaccd48bca7cf768a95d66d10	watch_01	00:00	00:00	mqtt:00:00	9B:17	-1	-1
2026-10-09T12:43:55.444945	sess_af8e426719414c6da7acce52c35439ab	watch_01	00:09	00:09	mqtt:00:09	CC:AD	-1	-1
2026-10-09T12:43:58.217364	sess_7e0948096e514ca9b4bd4c7830dfc32d	watch_01	00:00	00:00	mqtt:00:00	AB:0E	443	-101.5
2026-10-09T12:44:03.307774	sess_d5a65d31d58f4721a20d5f1594726c0e	watch_01	00:00	00:00	mqtt:00:00	EB:B1	-1	-1
2026-10-09T12:44:08.999309	sess_2173bac797d24148b1d7b4047bf18455	watch_01	00:00	00:00	mqtt:00:00	20:B1	-1	-1
2026-10-09T12:44:14.483720	sess_dbcbc3e57f874a739b230681e893e098	watch_01	00:03	00:03	mqtt:00:03	69:28	-1	-1
2026-10-09T12:44:15.159418	sess_b32550ce2fcb435f89a5ec6f33f11c5a	watch_01	00:00	00:00	mqtt:00:00	E9:7E	522	-110.5
2026-10-09T12:44:16.135415	sess_ff9fea4d1fc44ff991fead216b6787a3	watch_01	00:07	00:07	mqtt:00:07	35:1A	81	-63.0
2026-10-09T12:44:17.161866	sess_87ba784e16894323a0b43d3bf7783660	watch_01	00:09	00:09	mqtt:00:09	84:32	381	-101.5
2026-10-09T12:44:22.267866	sess_6947096c811040659728308e0d1d9dcf	watch_01	00:02	00:02	mqtt:00:02	0C:DB	-1	-1
2026-10-09T12:44:27.358793	sess_c1c178ae4e064e50a085e70a65e6d886	watch_01	00:02	00:02	mqtt:00:02	EF:20	-1	-1
2026-10-09T12:44:28.046656	sess_771b9b89a22144949b6762dba874f951	watch_01	00:05	00:05	mqtt:00:05	85:3C	176	-85.0
2026-10-09T12:44:29.142330	sess_681aeabfc4c6492599881e3446e72c19	watch_01	00:09	00:09	mqtt:00:09	CD:F0	413	-92.0
2026-10-09T12:44:34.231350	sess_2cd20a2dc559486db09edaddc07921c4	watch_01	00:05	00:05	mqtt:00:05	0B:1F	-1	-1
2026-10-09T12:44:39.504196	sess_a1df9cea01394871a95537b93af25f1b	watch_01	00:00	00:00	mqtt:00:00	AE:F4	-1	-1
2026-10-09T12:44:40.910462	sess_8d26318a80f540889cfd419765d950f5	watch_01	00:07	00:07	mqtt:00:07	F0:0A	99	-71.0
2026-10-09T12:44:46.009486	sess_ad29b0c708114750a66b9d4e616281f5	watch_01	00:06	00:06	mqtt:00:06	B4:8E	-1	-1
2026-10-09T12:44:46.658551	sess_0251a10ac16e44a9b49b5ec64391654a	watch_01	00:07	00:07	mqtt:00:07	09:D8	103	-72.5
2026-10-09T12:44:47.372391	sess_b575c58c8f0a476896ee91b8209e16d8	watch_01	00:05	00:05	mqtt:00:05	3F:A1	168	-84.0
2026-10-09T12:44:52.455946	sess_af58fe2d22734e428ad485dbe6e5f01b	watch_01	00:08	00:08	mqtt:00:08	FA:AF	-1	-1
2026-10-09T12:44:55.514644	sess_48cc6990bf754ddfaddfe6df71fa26df	watch_01	00:07	00:07	mqtt:00:07	79:64	54	-72.5
2026-10-09T12:44:56.196617	sess_009ac4ea438743b88d6bcb792eee0d9b	watch_01	00:06	00:06	mqtt:00:06	0B:84	645	-90.5
2026-10-09T12:45:00.575654	sess_b696273e359d4e8e85163e1c9ca3aedb	watch_01	00:06	00:06	mqtt:00:06	51:41	715	-119.0
2026-10-09T12:45:03.170187	sess_17e628673c4443cca9774ca0ee0345c6	watch_01	00:09	00:09	mqtt:00:09	9B:30	520	-101.5
2026-10-09T12:45:06.285770	sess_98b165df786f4a5c91682e032f84f208	watch_01	00:00	00:00	mqtt:00:00	3E:2E	419	-92.0
2026-10-09T12:45:07.030582	sess_0b841124f161437a9d07f6250249079e	watch_01	00:00	00:00	mqtt:00:00	4C:C4	418	-92.0
2026-10-09T12:45:07.596588	sess_ee9e1b451b2b46b3a2b3d8eec0e2d958	watch_01	00:05	00:05	mqtt:00:05	6F:B7	174	-82.5
2026-10-09T12:45:09.229981	sess_ee42d39e2319453c94c5ee654a33c12e	watch_01	00:07	00:07	mqtt:00:07	72:0C	69	-64.5
2026-10-09T12:45:14.324457	sess_32f32b8fcf5a4bb181ab7bc49530acf1	watch_01	00:08	00:08	mqtt:00:08	A2:60	-1	-1
2026-10-09T12:45:15.669876	sess_f5ce6b5b52484f66bb5b22d2790a6d28	watch_01	00:06	00:06	mqtt:00:06	DF:7B	521	-83.5
2026-10-09T12:45:20.764810	sess_15c4594bffae4b2d9f2df9581445ed37	watch_01	00:08	00:08	mqtt:00:08	42:82	-1	-1
2026-10-09T12:45:21.370238	sess_0231742963254c69a30d1a882d7a5dda	watch_01	00:06	00:06	mqtt:00:06	33:66	489	-78.5
2026-10-09T12:45:26.468303	sess_bc244155b9fb4e67873a37dda2befb24	watch_01	00:03	00:03	mqtt:00:03	21:3B	-1	-1
2026-10-09T12:45:27.355210	sess_44ba957ff1114a4086c6181385ed9272	watch_01	00:09	00:09	mqtt:00:09	7B:07	206	-90.0
2026-10-09T12:45:28.227362	sess_e80b9d7a9a6043b98cbef811ef08b544	watch_01	00:00	00:00	mqtt:00:00	21:58	378	-86.0
2026-10-09T12:45:28.862202	sess_1c23c8537ca144aa8b282ee3c2e80393	watch_01	00:02	00:02	mqtt:00:02	75:3B	472	-91.0
2026-10-09T12:45:29.605222	sess_05a80afe70414df88a5e611671e51f09	watch_01	00:00	00:00	mqtt:00:00	2D:FA	356	-88.5
2026-10-09T12:45:30.360998	sess_3fed2f93776b42f29ea0a4835ee84eca	watch_01	00:06	00:06	mqtt:00:06	DE:AF	499	-79.5
2026-10-09T12:45:31.167474	sess_8b3d393bb4a24816b91062ac6c2aae54	watch_01	00:07	00:07	mqtt:00:07	71:27	238	-82.5
2026-10-09T12:45:32.557183	sess_699236d35fca44e0953abf706df871f4	watch_01	00:05	00:05	mqtt:00:05	8F:6B	289	-80.0
2026-10-09T12:45:37.649620	sess_ce2b8debe9644e4da3ac7a9105e8ba9e	watch_01	00:08	00:08	mqtt:00:08	0E:C9	-1	-1
2026-10-09T12:45:39.953537	sess_7b7156b174ea4938bc5503d8bd432253	watch_01	00:07	00:07	mqtt:00:07	BC:60	305	-86.0
2026-10-09T12:45:42.506942	sess_daed92e2bf174c59aff432e094c504cc	watch_01	00:05	00:05	mqtt:00:05	54:59	299	-78.5
2026-10-09T12:45:43.711584	sess_763c7a8c7a0c4c9a966c041a808e26a5	watch_01	00:00	00:00	mqtt:00:00	25:D3	377	-86.5
2026-10-09T12:45:45.267326	sess_0fe21dfc78644e12bffe543fa125c7cc	watch_01	00:06	00:06	mqtt:00:06	80:51	501	-76.5
2026-10-09T12:45:50.364361	sess_a13e9e55d0634852b47d5ab81023664b	watch_01	00:00	00:00	mqtt:00:00	38:18	-1	-1
2026-10-09T12:45:55.593394	sess_9fcfb725ec6c42f491df5da0b6d2c9f1	watch_01	00:01	00:01	mqtt:00:01	A9:4F	-1	-1
2026-10-09T12:46:01.608548	sess_df1ec40c3cdc4e119ce00cda297d6961	watch_01	00:06	00:06	mqtt:00:06		-1	-1
2026-10-09T12:46:06.205930	sess_e660a05431bc4a579bbc44507857df49	watch_01	00:00	00:00	mqtt:00:00	7D:1C	262	-89.0
2026-10-09T12:46:09.380552	sess_38ffc7dc39a64665878a7c11976c6219	watch_01	00:07	00:07	mqtt:00:07	33:E1	243	-78.5
2026-10-09T12:46:15.411738	sess_58dffa564e064a0bad26ff7459573818	watch_01	00:07	00:07	mqtt:00:07	8A:62	-1	-1
2026-10-09T12:46:16.684782	sess_8680fd31ab52485eaa4be8fdf00bf288	watch_01	00:07	00:07	mqtt:00:07	55:B3	669	-101.0
2026-10-09T12:46:17.386661	sess_f694a9ebba4b4277a37b358dbf334006	watch_01	00:06	00:06	mqtt:00:06	D0:F3	106	-70.5
2026-10-09T12:46:17.801310	sess_c6db20eebed84606be99848a8bfbacfe	watch_01	00:09	00:09	mqtt:00:09	AD:32	529	-89.0
2026-10-09T12:46:18.408900	sess_5e53dc4f3f434adebd89be87076b85f0	watch_01	00:00	00:00	mqtt:00:00	BC:21	331	-91.0
2026-10-09T12:46:19.122418	sess_1635cbb280ee46938128c9c31d5f8a92	watch_01	00:08	00:08	mqtt:00:08	1F:4F	524	-90.5
2026-10-09T12:46:21.135920	sess_ad048313ed954a259f3c40779deb751b	watch_01	00:02	00:02	mqtt:00:02	82:33	306	-87.5
2026-10-09T12:46:21.771611	sess_fb7673febd4544f2aac85af119c4072e	watch_01	00:06	00:06	mqtt:00:06	D5:5E	378	-78.0
2026-10-09T12:46:22.467019	sess_70231cc8114b4c51a431124c48cc7b30	watch_01	00:02	00:02	mqtt:00:02	90:BD	352	-86.5
2026-10-09T12:46:23.210545	sess_f354b3c806e14075bc0ff6ceba0c3af7	watch_01	00:03	00:03	mqtt:00:03	5A:B6	344	-82.0
2026-10-09T12:46:24.028300	sess_82fb0aa3b84840c0af33753ea7691691	watch_01	00:03	00:03	mqtt:00:03	0B:A7	280	-81.0
2026-10-09T12:46:24.866758	sess_20d733d115bf48cab487b5d860b2e8b9	watch_01	00:01	00:01	mqtt:00:01	5C:E8	285	-83.0
2026-10-09T12:46:29.978533	sess_5c2783358c3e42a3b111c008a918581f	watch_01	00:00	00:00	mqtt:00:00	8D:C9	-1	-1
2026-10-09T12:46:30.692700	sess_43034abdb4434abeb0771e24d9c42105	watch_01	00:08	00:08	mqtt:00:08	F2:87	729	-86.0
2026-10-09T12:46:35.778880	sess_199da6f50fd747efa3ac2ae084fe0a0a	watch_01	00:07	00:07	mqtt:00:07	64:09	-1	-1
2026-10-09T12:46:36.458355	sess_2794bb1699c7414695bb569ac21069e2	watch_01	00:02	00:02	mqtt:00:02	96:35	89	-64.0
2026-10-09T12:46:41.546459	sess_15afe28066084c9fa15a97c8f73eceed	watch_01	00:08	00:08	mqtt:00:08	7C:7E	-1	-1
2026-10-09T12:46:42.942401	sess_88bb8fc08ca34ede9e83bd372a9f4ea4	watch_01	00:03	00:03	mqtt:00:03	0C:45	512	-92.0
2026-10-09T12:46:43.870816	sess_349fe21ed70b4743b86672419e06798a	watch_01	00:02	00:02	mqtt:00:02	A1:EB	225	-82.0
2026-10-09T12:46:49.073578	sess_5b2055def277482aa5cef296889f29a6	watch_01	00:06	00:06	mqtt:00:06	C5:EF	-1	-1
2026-10-09T12:46:49.764119	sess_0ee329bc4b104544a5547fdea896bdd4	watch_01	00:02	00:02	mqtt:00:02	9B:C5	323	-81.0
2026-10-09T12:46:50.571647	sess_31261e8bd91347868a77e6cc2f0aefb0	watch_01	00:02	00:02	mqtt:00:02	2D:95	325	-86.0
2026-10-09T12:46:51.591134	sess_8cd8621a92f54648a9515bba75c84248	watch_01	00:02	00:02	mqtt:00:02	74:32	269	-85.5
2026-10-09T12:46:52.635962	sess_a61a99599c0b4aa39293fd70878db272	watch_01	00:03	00:03	mqtt:00:03	68:86	545	-87.0
2026-10-09T12:46:57.767125	sess_2d182a60c76c409aad293d6432a9db27	watch_01	00:01	00:01	mqtt:00:01	46:46	-1	-1
2026-10-09T12:46:59.524621	sess_128e8dbd737d4a50acc85a4129df5fec	watch_01	00:00	00:00	mqtt:00:00	F9:D7	451	-92.0
2026-10-09T12:47:04.581115	sess_a20493df69dd499b96ccc31a35e89fc1	watch_01	00:06	00:06	mqtt:00:06	BB:B1	-1	-1
2026-10-09T12:47:09.668273	sess_dc7f1132f59647788198b6317b8d7b92	watch_01	00:05	00:05	mqtt:00:05	C7:44	-1	-1
2026-10-09T12:47:12.196512	sess_f70e41961eff4a96aa38d9bfdf0cfa65	watch_01	00:01	00:01	mqtt:00:01	A3:86	641	-110.0
2026-10-09T12:47:12.988771	sess_b138e5e175314428a55c57b776f670b1	watch_01	00:02	00:02	mqtt:00:02	5A:4F	104	-65.5
2026-10-09T12:47:18.096927	sess_cab79078d73a47668d125e2484d0569d	watch_01	00:00	00:00	mqtt:00:00	FB:E2	-1	-1
2026-10-09T12:47:18.610635	sess_f7a09346a76a4e5ea9382c9f661f4e36	watch_01	00:03	00:03	mqtt:00:03	2C:D1	320	-73.5
2026-10-09T12:47:19.365654	sess_f56d6ca56f394623804d6557bf60a53f	watch_01	00:02	00:02	mqtt:00:02	E7:F9	103	-65.0
2026-10-09T12:47:19.991462	sess_d3c73fed8c8c4a038e297453729a0a74	watch_01	00:02	00:02	mqtt:00:02	7E:43	101	-65.0
2026-10-09T12:47:21.207069	sess_53be4bb7af1b43f99fde3b357f2f340f	watch_01	00:02	00:02	mqtt:00:02	6C:BD	102	-65.0
2026-10-09T12:47:21.918380	sess_4db35e4be54640d7b0af7d0a1218435b	watch_01	00:09	00:09	mqtt:00:09	F5:29	300	-82.5
2026-10-09T12:47:22.690486	sess_229f732b121c4e85ab0926543cb2ba11	watch_01	00:02	00:02	mqtt:00:02	24:3E	89	-68.5
2026-10-09T12:47:27.775665	sess_10f38fca53f940c996ad9c832f76eb01	watch_01	00:08	00:08	mqtt:00:08	E5:F2	-1	-1
2026-10-09T12:47:28.601494	sess_0f58869322ba4997b022f321f4b5789e	watch_01	00:02	00:02	mqtt:00:02	72:11	152	-71.0
2026-10-09T12:47:30.328908	sess_b11f76bf101444dd82420b60c853de31	watch_01	00:01	00:01	mqtt:00:01	B3:EE	459	-86.5
2026-10-09T12:47:31.252566	sess_886382edd87a4c8d803757068abfd9c6	watch_01	00:03	00:03	mqtt:00:03	B4:5C	129	-73.5
2026-10-09T12:47:32.990262	sess_6b563d3f2e694919b6c9131e035d25e1	watch_01	00:02	00:02	mqtt:00:02	0F:6D	358	-90.5
2026-10-09T12:47:38.232841	sess_517389c362a2432d8d6bc9534046d064	watch_01	00:03	00:03	mqtt:00:03	1A:2C	-1	-1
2026-10-09T12:47:41.502433	sess_a7a76c64830541d397d54dbef16da2e4	watch_01	00:07	00:07	mqtt:00:07	29:5D	713	-92.0
2026-10-09T12:47:42.290602	sess_6a00191086d04146983f4e21d7032991	watch_01	00:05	00:05	mqtt:00:05	C3:EB	413	-89.5
2026-10-09T12:47:42.788626	sess_929ea074e8b548faa08c236eb6cc0608	watch_01	00:06	00:06	mqtt:00:06	9C:1E	152	-82.0
2026-10-09T12:47:43.520472	sess_3639096834024411a58e410b04e6f6fb	watch_01	00:09	00:09	mqtt:00:09	6E:F9	358	-90.5
2026-10-09T12:47:45.957541	sess_e5048be4e20647e8aa025f1bae6c81fe	watch_01	00:00	00:00	mqtt:00:00	48:64	222	-82.0
2026-10-09T12:47:51.381941	sess_e8df21b1efd540069d6b6a2b8761e0c2	watch_01	00:00	00:00	mqtt:00:00	08:44	-1	-1
2026-10-09T12:47:56.503701	sess_a8b0660080c647489574dd040e907481	watch_01	00:03	00:03	mqtt:00:03	44:07	-1	-1
2026-10-09T12:48:01.595775	sess_35c4f2038ed440f7866e5747054a4926	watch_01	00:08	00:08	mqtt:00:08	BA:91	-1	-1
2026-10-09T12:48:03.091279	sess_48d3d7991b0b43e491f7ea760604d7ba	watch_01	00:06	00:06	mqtt:00:06	CF:20	527	-101.5
2026-10-09T12:48:08.188423	sess_2735ec2226aa44e0be1f6cb906d30d0c	watch_01	00:08	00:08	mqtt:00:08	75:33	-1	-1
2026-10-09T12:48:09.018407	sess_44e5b1210f4943c3ba9505f8f070591f	watch_01	00:05	00:05	mqtt:00:05	B0:3F	183	-83.5
2026-10-09T12:48:09.668463	sess_8a14f554a2a0438d96f63cdf494fe3f9	watch_01	00:00	00:00	mqtt:00:00	8A:F6	318	-82.0
2026-10-09T12:48:10.459230	sess_7dc7d1e9e4624da09dfb461ebf90d389	watch_01	00:06	00:06	mqtt:00:06	F1:9B	553	-92.0
2026-10-09T12:48:11.022464	sess_50ff003425984c4a866acfe33d4ffdd9	watch_01	00:05	00:05	mqtt:00:05	02:26	186	-85.0
2026-10-09T12:48:11.844846	sess_a8e5d38f43c44aaabcf5b5f8f43909bd	watch_01	00:06	00:06	mqtt:00:06	E9:F8	549	-92.0
2026-10-09T12:48:13.561874	sess_4b45bd8c4dc448e185d907308a4f393e	watch_01	00:09	00:09	mqtt:00:09	8D:8B	297	-90.5
2026-10-09T12:48:16.392019	sess_631e99d07bd141f0b733b8e0ec1808ef	watch_01	00:05	00:05	mqtt:00:05	4D:FA	183	-86.0
2026-10-09T12:48:17.198633	sess_a02f537c426240288f61606b3ab159b1	watch_01	00:02	00:02	mqtt:00:02	F8:2D	494	-89.0
2026-10-09T12:48:18.091250	sess_f8e28c2b0b7e4428a4e6c2bdaa0b5202	watch_01	00:07	00:07	mqtt:00:07	34:E7	242	-76.0
2026-10-09T12:48:18.948034	sess_4431f3253e774114bae6eb4a28881e8b	watch_01	00:00	00:00	mqtt:00:00	7D:20	330	-83.5
2026-10-09T12:48:20.614337	sess_f85a34ca42504ec9925ef174a49cead3	watch_01	00:00	00:00	mqtt:00:00	39:8C	328	-84.0
2026-10-09T12:48:25.713408	sess_de5c5de6301247b3b041cb3de88ce155	watch_01	00:05	00:05	mqtt:00:05	FB:38	-1	-1
2026-10-09T12:48:29.601838	sess_0e13a32237e84c1c81a26b7a32dcfb15	watch_01	00:07	00:07	mqtt:00:07	84:11	256	-76.0
2026-10-09T12:48:34.698907	sess_70547565e9ba4519a6b4e3a227da2fd3	watch_01	00:01	00:01	mqtt:00:01	42:D1	-1	-1
2026-10-09T12:48:35.844913	sess_40aa2d7092f34638bb9102a050d526de	watch_01	00:09	00:09	mqtt:00:09	41:3B	331	-101.5
2026-10-09T12:48:40.926050	sess_0f00dfa59b284d42bb42f769d0dafb19	watch_01	00:03	00:03	mqtt:00:03	3C:23	-1	-1
2026-10-09T12:48:41.823986	sess_8b5dd56027e24b22894be9a5f8b932f1	watch_01	00:05	00:05	mqtt:00:05	C9:FB	208	-85.5
2026-10-09T12:48:46.716196	sess_f7dfcd1e377743af932e93f2d10e1eba	watch_01	00:06	00:06	mqtt:00:06	A0:4D	499	-92.0
2026-10-09T12:48:47.767806	sess_a6f773bec02a485989d1fba8acb4fbfb	watch_01	00:09	00:09	mqtt:00:09	2A:0B	309	-90.5
2026-10-09T12:48:49.642801	sess_e6a26f19572842be8e262f612fbf1723	watch_01	00:00	00:00	mqtt:00:00	1F:30	303	-84.0
2026-10-09T12:48:50.582623	sess_eca031c7c75b475ba419d72008ead8e5	watch_01	00:07	00:07	mqtt:00:07	D8:A8	249	-79.5
2026-10-09T12:48:52.951448	sess_b2e8c03fc52e478380596937299e9546	watch_01	00:07	00:07	mqtt:00:07	01:35	248	-80.0
2026-10-09T12:48:58.045255	sess_b9a6e394fd064d6c811763352be26fd8	watch_01	00:07	00:07	mqtt:00:07	99:7E	-1	-1
2026-10-09T12:49:04.833044	sess_ac7a691ae0774886bd464844ec4af613	watch_01	00:08	00:08	mqtt:00:08	76:C0	-1	-1
2026-10-09T12:49:08.804606	sess_00fa57ca8afd4fa896f7d4f01bbbcafb	watch_01	00:05	00:05	mqtt:00:05	DA:16	268	-87.0
2026-10-09T12:49:10.839939	sess_e699f322bf7c47a99de9e662d7c928e6	watch_01	00:02	00:02	mqtt:00:02	A0:7E	478	-101.0
2026-10-09T12:49:12.416892	sess_b52d55587abf4871843df42b72d8d7aa	watch_01	00:06	00:06	mqtt:00:06	E7:5B	548	-91.0
2026-10-09T12:49:13.698384	sess_ab67f33e34b34db4aaa6d63e81c02981	watch_01	00:00	00:00	mqtt:00:00	5F:E5	296	-84.0
2026-10-09T12:49:18.771864	sess_ed5242f5ede44643b2d66e7fc7ebe410	watch_01	00:01	00:01	mqtt:00:01	95:09	-1	-1
2026-10-09T12:49:21.942542	sess_ff701ca1d39d4b3b82fbe6e57259309c	watch_01	00:09	00:09	mqtt:00:09	1D:5B	323	-91.5
2026-10-09T12:49:24.853315	sess_2a07d5573c9b49bba7984f8eded6c2f7	watch_01	00:07	00:07	mqtt:00:07	13:8B	237	-73.0
2026-10-09T12:49:25.722346	sess_fdf527526b484bb5b4f6037e189c2581	watch_01	00:05	00:05	mqtt:00:05	4F:87	187	-85.0
2026-10-09T12:49:27.963782	sess_b7bfa971d790488c8963961f2d1c7e56	watch_01	00:00	00:00	mqtt:00:00	19:33	350	-89.5
2026-10-09T12:49:33.070359	sess_6e7d9fc33aca428ea3735c9d13c2b1de	watch_01	00:08	00:08	mqtt:00:08	AB:6A	-1	-1
2026-10-09T12:49:34.011448	sess_d103969faf9144a3a44a11160adb942c	watch_01	00:02	00:02	mqtt:00:02	BD:7D	467	-85.0
2026-10-09T12:49:35.681879	sess_6dc5a60f857a4fce8b6f78d80d55788d	watch_01	00:05	00:05	mqtt:00:05	0E:33	174	-83.0
2026-10-09T12:49:40.758894	sess_e07eed81c3f44f9392072779ee43876f	watch_01	00:08	00:08	mqtt:00:08	94:1D	-1	-1
2026-10-09T12:49:41.496011	sess_70bd1650985a44edb212b14ebba78d64	watch_01	00:09	00:09	mqtt:00:09	66:16	267	-90.5
2026-10-09T12:49:46.586709	sess_4860e607126a49cd88636063c344b178	watch_01	00:00	00:00	mqtt:00:00	36:10	-1	-1
