label,timestamp_inicio,timestamp_fin,x,y,anchor_00:00_distance_cm_median,anchor_00:00_rssi_dbm_median,anchor_00:01_distance_cm_median,anchor_00:01_rssi_dbm_median,anchor_00:02_distance_cm_median,anchor_00:02_rssi_dbm_median,anchor_00:03_distance_cm_median,anchor_00:03_rssi_dbm_median,anchor_00:05_distance_cm_median,anchor_00:05_rssi_dbm_median,anchor_00:06_distance_cm_median,anchor_00:06_rssi_dbm_median,anchor_00:07_distance_cm_median,anchor_00:07_rssi_dbm_median,anchor_00:08_distance_cm_median,anchor_00:08_rssi_dbm_median,anchor_00:09_distance_cm_median,anchor_00:09_rssi_dbm_median,data
escena_1,2026-10-09T12:33:43.0000,2026-10-09T12:33:44.0000,0.3587,0.8024,-1.0000,-1.0000,-1.0000,-1.0000,-1.0000,-1.0000,-1.0000,-1.0000,-1.0000,-1.0000,-1.0000,-1.0000,-1.0000,-1.0000,-1.0000,-1.0000,-1.0000,-1.0000,NO-data
escena_1,2026-10-09T12:33:44.0000,2026-10-09T12:33:45.0000,0.3423,0.8121,-1.0000,-1.0000,-1.0000,-1.0000,-1.0000,-1.0000,-1.0000,-1.0000,-1.0000,-1.0000,-1.0000,-1.0000,-1.0000,-1.0000,-1.0000,-1.0000,-1.0000,-1.0000,NO-data
escena_1,2026-10-09T12:33:45.0000,2026-10-09T12:33:46.0000,0.3260,0.8219,-1.0000,-1.0000,-1.0000,-1.0000,-1.0000,-1.0000,-1.0000,-1.0000,-1.0000,-1.0000,-1.0000,-1.0000,-1.0000,-1.0000,-1.0000,-1.0000,-1.0000,-1.0000,NO-data
escena_1,2026-10-09T12:33:46.0000,2026-10-09T12:33:47.0000,0.3097,0.8316,-1.0000,-1.0000,-1.0000,-1.0000,-1.0000,-1.0000,-1.0000,-1.0000,-1.0000,-1.0000,-1.0000,-1.0000,-1.0000,-1.0000,-1.0000,-1.0000,-1.0000,-1.0000,NO-data
escena_1,2026-10-09T12:33:47.0000,2026-10-09T12:33:48.0000,0.2934,0.8414,-1.0000,-1.0000,-1.0000,-1.0000,-1.0000,-1.0000,-1.0000,-1.0000,-1.0000,-1.0000,-1.0000,-1.0000,-1.0000,-1.0000,-1.0000,-1.0000,-1.0000,-1.0000,NO-data
escena_1,2026-10-09T12:33:48.0000,2026-10-09T12:33:49.0000,0.2771,0.8511,-1.0000,-1.0000,320.0000,-82.0000,-1.0000,-1.0000,-1.0000,-1.0000,-1.0000,-1.0000,-1.0000,-1.0000,-1.0000,-1.0000,-1.0000,-1.0000,-1.0000,-1.0000,data
escena_1,2026-10-09T12:33:49.0000,2026-10-09T12:33:50.0000,0.2509,0.8400,-1.0000,-1.0000,-1.0000,-1.0000,-1.0000,-1.0000,-1.0000,-1.0000,-1.0000,-1.0000,-1.0000,-1.0000,-1.0000,-1.0000,69.0000,-73.0000,-1.0000,-1.0000,data
escena_1,2026-10-09T12:33:50.0000,2026-10-09T12:33:51.0000,0.2186,0.8158,-1.0000,-1.0000,-1.0000,-1.0000,-1.0000,-1.0000,-1.0000,-1.0000,-1.0000,-1.0000,-1.0000,-1.0000,-1.0000,-1.0000,-1.0000,-1.0000,-1.0000,-1.0000,NO-data
escena_1,2026-10-09T12:33:51.0000,2026-10-09T12:33:52.0000,0.1863,0.7917,-1.0000,-1.0000,-1.0000,-1.0000,-1.0000,-1.0000,-1.0000,-1.0000,-1.0000,-1.0000,-1.0000,-1.0000,-1.0000,-1.0000,-1.0000,-1.0000,-1.0000,-1.0000,NO-data
escena_1,2026-10-09T12:33:52.0000,2026-10-09T12:33:53.0000,0.1540,0.7675,-1.0000,-1.0000,-1.0000,-1.0000,-1.0000,-1.0000,-1.0000,-1.0000,-1.0000,-1.0000,-1.0000,-1.0000,-1.0000,-1.0000,-1.0000,-1.0000,-1.0000,-1.0000,NO-data
escena_1,2026-10-09T12:33:53.0000,2026-10-09T12:33:54.0000,0.1228,0.7430,-1.0000,-1.0000,-1.0000,-1.0000,-1.0000,-1.0000,-1.0000,-1.0000,-1.0000,-1.0000,-1.0000,-1.0000,-1.0000,-1.0000,-1.0000,-1.0000,-1.0000,-1.0000,NO-data
escena_1,2026-10-09T12:33:54.0000,2026-10-09T12:33:55.0000,0.1226,0.7082,-1.0000,-1.0000,-1.0000,-1.0000,-1.0000,-1.0000,-1.0000,-1.0000,-1.0000,-1.0000,-1.0000,-1.0000,-1.0000,-1.0000,-1.0000,-1.0000,-1.0000,-1.0000,NO-data
escena_1,2026-10-09T12:33:55.0000,2026-10-09T12:33:56.0000,0.1223,0.6734,-1.0000,-1.0000,227.5000,-76.5000,-1.0000,-1.0000,-1.0000,-1.0000,-1.0000,-1.0000,-1.0000,-1.0000,-1.0000,-1.0000,-1.0000,-1.0000,-1.0000,-1.0000,data
escena_1,2026-10-09T12:33:56.0000,2026-10-09T12:33:57.0000,0.1221,0.6386,-1.0000,-1.0000,126.0000,-81.0000,-1.0000,-1.0000,-1.0000,-1.0000,-1.0000,-1.0000,-1.0000,-1.0000,-1.0000,-1.0000,-1.0000,-1.0000,-1.0000,-1.0000,data
escena_1,2026-10-09T12:33:57.0000,2026-10-09T12:33:58.0000,0.1218,0.6038,-1.0000,-1.0000,-1.0000,-1.0000,-1.0000,-1.0000,-1.0000,-1.0000,-1.0000,-1.0000,-1.0000,-1.0000,-1.0000,-1.0000,299.0000,-81.5000,-1.0000,-1.0000,data
escena_1,2026-10-09T12:33:58.0000,2026-10-09T12:33:59.0000,0.1216,0.5690,-1.0000,-1.0000,-1.0000,-1.0000,-1.0000,-1.0000,-1.0000,-1.0000,-1.0000,-1.0000,-1.0000,-1.0000,-1.0000,-1.0000,326.0000,-82.5000,-1.0000,-1.0000,data
escena_1,2026-10-09T12:33:59.0000,2026-10-09T12:34:00.0000,0.1213,0.5343,-1.0000,-1.0000,-1.0000,-1.0000,-1.0000,-1.0000,410.0000,-82.0000,-1.0000,-1.0000,-1.0000,-1.0000,-1.0000,-1.0000,422.0000,-85.5000,-1.0000,-1.0000,data
escena_1,2026-10-09T12:34:00.0000,2026-10-09T12:34:01.0000,0.1211,0.4995,-1.0000,-1.0000,-1.0000,-1.0000,-1.0000,-1.0000,-1.0000,-1.0000,-1.0000,-1.0000,-1.0000,-1.0000,-1.0000,-1.0000,461.0000,-84.2500,-1.0000,-1.0000,data
escena_1,2026-10-09T12:34:01.0000,2026-10-09T12:34:02.0000,0.1212,0.4640,-1.0000,-1.0000,-1.0000,-1.0000,-1.0000,-1.0000,336.0000,-84.5000,-1.0000,-1.0000,-1.0000,-1.0000,-1.0000,-1.0000,-1.0000,-1.0000,-1.0000,-1.0000,data
escena_1,2026-10-09T12:34:02.0000,2026-10-09T12:34:03.0000,0.1363,0.4000,-1.0000,-1.0000,-1.0000,-1.0000,-1.0000,-1.0000,-1.0000,-1.0000,-1.0000,-1.0000,-1.0000,-1.0000,-1.0000,-1.0000,-1.0000,-1.0000,-1.0000,-1.0000,NO-data
escena_1,2026-10-09T12:34:03.0000,2026-10-09T12:34:04.0000,0.1482,0.3337,-1.0000,-1.0000,-1.0000,-1.0000,-1.0000,-1.0000,-1.0000,-1.0000,-1.0000,-1.0000,-1.0000,-1.0000,-1.0000,-1.0000,-1.0000,-1.0000,-1.0000,-1.0000,NO-data
escena_1,2026-10-09T12:34:04.0000,2026-10-09T12:34:05.0000,0.1329,0.2471,-1.0000,-1.0000,-1.0000,-1.0000,-1.0000,-1.0000,-1.0000,-1.0000,-1.0000,-1.0000,-1.0000,-1.0000,-1.0000,-1.0000,-1.0000,-1.0000,-1.0000,-1.0000,NO-data
escena_1,2026-10-09T12:34:05.0000,2026-10-09T12:34:06.0000,0.1179,0.1615,-1.0000,-1.0000,-1.0000,-1.0000,-1.0000,-1.0000,-1.0000,-1.0000,-1.0000,-1.0000,-1.0000,-1.0000,-1.0000,-1.0000,-1.0000,-1.0000,-1.0000,-1.0000,NO-data
escena_1,2026-10-09T12:34:06.0000,2026-10-09T12:34:07.0000,0.1238,0.1579,-1.0000,-1.0000,-1.0000,-1.0000,-1.0000,-1.0000,-1.0000,-1.0000,-1.0000,-1.0000,-1.0000,-1.0000,-1.0000,-1.0000,-1.0000,-1.0000,-1.0000,-1.0000,NO-data
escena_1,2026-10-09T12:34:07.0000,2026-10-09T12:34:08.0000,0.1298,0.1543,-1.0000,-1.0000,-1.0000,-1.0000,-1.0000,-1.0000,68.0000,-71.5000,-1.0000,-1.0000,-1.0000,-1.0000,-1.0000,-1.0000,-1.0000,-1.0000,548.0000,-85.0000,data
escena_1,2026-10-09T12:34:08.0000,2026-10-09T12:34:09.0000,0.1357,0.1507,-1.0000,-1.0000,-1.0000,-1.0000,408.0000,-87.0000,-1.0000,-1.0000,-1.0000,-1.0000,-1.0000,-1.0000,-1.0000,-1.0000,-1.0000,-1.0000,-1.0000,-1.0000,data
escena_1,2026-10-09T12:34:09.0000,2026-10-09T12:34:10.0000,0.1417,0.1471,-1.0000,-1.0000,581.0000,-90.5000,-1.0000,-1.0000,-1.0000,-1.0000,-1.0000,-1.0000,-1.0000,-1.0000,-1.0000,-1.0000,-1.0000,-1.0000,-1.0000,-1.0000,data
escena_1,2026-10-09T12:34:10.0000,2026-10-09T12:34:11.0000,0.1476,0.1436,-1.0000,-1.0000,-1.0000,-1.0000,-1.0000,-1.0000,-1.0000,-1.0000,-1.0000,-1.0000,-1.0000,-1.0000,-1.0000,-1.0000,-1.0000,-1.0000,-1.0000,-1.0000,NO-data
escena_1,2026-10-09T12:34:11.0000,2026-10-09T12:34:12.0000,0.1488,0.1428,-1.0000,-1.0000,-1.0000,-1.0000,-1.0000,-1.0000,-1.0000,-1.0000,-1.0000,-1.0000,-1.0000,-1.0000,-1.0000,-1.0000,-1.0000,-1.0000,-1.0000,-1.0000,NO-data
escena_1,2026-10-09T12:34:12.0000,2026-10-09T12:34:13.0000,0.1488,0.1428,-1.0000,-1.0000,-1.0000,-1.0000,-1.0000,-1.0000,-1.0000,-1.0000,-1.0000,-1.0000,-1.0000,-1.0000,-1.0000,-1.0000,-1.0000,-1.0000,-1.0000,-1.0000,NO-data
escena_1,2026-10-09T12:34:13.0000,2026-10-09T12:34:14.0000,0.1488,0.1428,-1.0000,-1.0000,-1.0000,-1.0000,-1.0000,-1.0000,-1.0000,-1.0000,-1.0000,-1.0000,-1.0000,-1.0000,-1.0000,-1.0000,-1.0000,-1.0000,-1.0000,-1.0000,NO-data
escena_1,2026-10-09T12:34:14.0000,2026-10-09T12:34:15.0000,0.1488,0.1428,-1.0000,-1.0000,-1.0000,-1.0000,-1.0000,-1.0000,-1.0000,-1.0000,-1.0000,-1.0000,-1.0000,-1.0000,-1.0000,-1.0000,-1.0000,-1.0000,-1.0000,-1.0000,NO-data
escena_1,2026-10-09T12:34:15.0000,2026-10-09T12:34:16.0000,0.1488,0.1428,-1.0000,-1.0000,-1.0000,-1.0000,-1.0000,-1.0000,-1.0000,-1.0000,-1.0000,-1.0000,-1.0000,-1.0000,-1.0000,-1.0000,-1.0000,-1.0000,-1.0000,-1.0000,NO-data
escena_1,2026-10-09T12:34:16.0000,2026-10-09T12:34:17.0000,0.1488,0.1428,-1.0000,-1.0000,-1.0000,-1.0000,-1.0000,-1.0000,-1.0000,-1.0000,-1.0000,-1.0000,-1.0000,-1.0000,-1.0000,-1.0000,-1.0000,-1.0000,-1.0000,-1.0000,NO-data
escena_1,2026-10-09T12:34:17.0000,2026-10-09T12:34:18.0000,0.1500,0.1490,-1.0000,-1.0000,-1.0000,-1.0000,-1.0000,-1.0000,-1.0000,-1.0000,-1.0000,-1.0000,-1.0000,-1.0000,-1.0000,-1.0000,-1.0000,-1.0000,-1.0000,-1.0000,NO-data
escena_1,2026-10-09T12:34:18.0000,2026-10-09T12:34:19.0000,0.1534,0.1670,-1.0000,-1.0000,-1.0000,-1.0000,-1.0000,-1.0000,-1.0000,-1.0000,-1.0000,-1.0000,-1.0000,-1.0000,-1.0000,-1.0000,-1.0000,-1.0000,-1.0000,-1.0000,NO-data
escena_1,2026-10-09T12:34:19.0000,2026-10-09T12:34:20.0000,0.1823,0.1788,-1.0000,-1.0000,-1.0000,-1.0000,-1.0000,-1.0000,-1.0000,-1.0000,-1.0000,-1.0000,-1.0000,-1.0000,-1.0000,-1.0000,-1.0000,-1.0000,-1.0000,-1.0000,NO-data
escena_1,2026-10-09T12:34:20.0000,2026-10-09T12:34:21.0000,0.2309,0.1857,-1.0000,-1.0000,-1.0000,-1.0000,279.0000,-83.0000,-1.0000,-1.0000,-1.0000,-1.0000,-1.0000,-1.0000,-1.0000,-1.0000,-1.0000,-1.0000,-1.0000,-1.0000,data
escena_1,2026-10-09T12:34:21.0000,2026-10-09T12:34:22.0000,0.2795,0.1926,-1.0000,-1.0000,491.0000,-71.0000,284.0000,-75.0000,-1.0000,-1.0000,-1.0000,-1.0000,-1.0000,-1.0000,-1.0000,-1.0000,-1.0000,-1.0000,-1.0000,-1.0000,data
escena_1,2026-10-09T12:34:22.0000,2026-10-09T12:34:23.0000,0.3281,0.1996,-1.0000,-1.0000,-1.0000,-1.0000,-1.0000,-1.0000,-1.0000,-1.0000,-1.0000,-1.0000,-1.0000,-1.0000,-1.0000,-1.0000,-1.0000,-1.0000,-1.0000,-1.0000,NO-data
escena_1,2026-10-09T12:34:23.0000,2026-10-09T12:34:24.0000,0.3766,0.2065,-1.0000,-1.0000,-1.0000,-1.0000,-1.0000,-1.0000,258.0000,-83.0000,-1.0000,-1.0000,-1.0000,-1.0000,-1.0000,-1.0000,-1.0000,-1.0000,-1.0000,-1.0000,data
escena_1,2026-10-09T12:34:24.0000,2026-10-09T12:34:25.0000,0.3788,0.2068,-1.0000,-1.0000,-1.0000,-1.0000,-1.0000,-1.0000,-1.0000,-1.0000,-1.0000,-1.0000,-1.0000,-1.0000,-1.0000,-1.0000,-1.0000,-1.0000,-1.0000,-1.0000,NO-data
escena_1,2026-10-09T12:34:25.0000,2026-10-09T12:34:26.0000,0.3788,0.2068,-1.0000,-1.0000,-1.0000,-1.0000,-1.0000,-1.0000,-1.0000,-1.0000,-1.0000,-1.0000,-1.0000,-1.0000,-1.0000,-1.0000,-1.0000,-1.0000,-1.0000,-1.0000,NO-data
escena_1,2026-10-09T12:34:26.0000,2026-10-09T12:34:27.0000,0.3788,0.2068,-1.0000,-1.0000,-1.0000,-1.0000,-1.0000,-1.0000,-1.0000,-1.0000,-1.0000,-1.0000,-1.0000,-1.0000,-1.0000,-1.0000,-1.0000,-1.0000,-1.0000,-1.0000,NO-data
escena_1,2026-10-09T12:34:27.0000,2026-10-09T12:34:28.0000,0.3788,0.2068,-1.0000,-1.0000,-1.0000,-1.0000,-1.0000,-1.0000,-1.0000,-1.0000,-1.0000,-1.0000,-1.0000,-1.0000,-1.0000,-1.0000,-1.0000,-1.0000,-1.0000,-1.0000,NO-data
escena_1,2026-10-09T12:34:28.0000,2026-10-09T12:34:29.0000,0.3788,0.2068,-1.0000,-1.0000,613.0000,-92.0000,-1.0000,-1.0000,-1.0000,-1.0000,-1.0000,-1.0000,-1.0000,-1.0000,-1.0000,-1.0000,-1.0000,-1.0000,-1.0000,-1.0000,data
escena_1,2026-10-09T12:34:29.0000,2026-10-09T12:34:30.0000,0.3788,0.2068,-1.0000,-1.0000,-1.0000,-1.0000,-1.0000,-1.0000,-1.0000,-1.0000,-1.0000,-1.0000,-1.0000,-1.0000,-1.0000,-1.0000,-1.0000,-1.0000,284.0000,-82.5000,data
escena_1,2026-10-09T12:34:30.0000,2026-10-09T12:34:31.0000,0.3788,0.2068,-1.0000,-1.0000,-1.0000,-1.0000,-1.0000,-1.0000,302.0000,-77.0000,-1.0000,-1.0000,-1.0000,-1.0000,-1.0000,-1.0000,-1.0000,-1.0000,-1.0000,-1.0000,data
escena_1,2026-10-09T12:34:31.0000,2026-10-09T12:34:32.0000,0.3788,0.2068,-1.0000,-1.0000,575.0000,-119.0000,-1.0000,-1.0000,-1.0000,-1.0000,-1.0000,-1.0000,-1.0000,-1.0000,-1.0000,-1.0000,-1.0000,-1.0000,-1.0000,-1.0000,data
escena_1,2026-10-09T12:34:32.0000,2026-10-09T12:34:33.0000,0.3788,0.2068,-1.0000,-1.0000,-1.0000,-1.0000,72.0000,-64.0000,-1.0000,-1.0000,656.0000,-92.0000,-1.0000,-1.0000,-1.0000,-1.0000,-1.0000,-1.0000,-1.0000,-1.0000,data
escena_1,2026-10-09T12:34:33.0000,2026-10-09T12:34:34.0000,0.3788,0.2068,-1.0000,-1.0000,612.0000,-101.5000,-1.0000,-1.0000,-1.0000,-1.0000,-1.0000,-1.0000,-1.0000,-1.0000,-1.0000,-1.0000,-1.0000,-1.0000,-1.0000,-1.0000,data
escena_1,2026-10-09T12:34:34.0000,2026-10-09T12:34:35.0000,0.3788,0.2068,-1.0000,-1.0000,-1.0000,-1.0000,-1.0000,-1.0000,349.0000,-87.5000,-1.0000,-1.0000,-1.0000,-1.0000,-1.0000,-1.0000,739.0000,-90.5000,-1.0000,-1.0000,data
escena_1,2026-10-09T12:34:35.0000,2026-10-09T12:34:36.0000,0.3785,0.2014,-1.0000,-1.0000,-1.0000,-1.0000,-1.0000,-1.0000,-1.0000,-1.0000,-1.0000,-1.0000,-1.0000,-1.0000,-1.0000,-1.0000,-1.0000,-1.0000,-1.0000,-1.0000,NO-data
escena_1,2026-10-09T12:34:36.0000,2026-10-09T12:34:37.0000,0.3780,0.1930,-1.0000,-1.0000,-1.0000,-1.0000,-1.0000,-1.0000,-1.0000,-1.0000,-1.0000,-1.0000,-1.0000,-1.0000,-1.0000,-1.0000,-1.0000,-1.0000,283.0000,-76.5000,data
escena_1,2026-10-09T12:34:37.0000,2026-10-09T12:34:38.0000,0.3775,0.1847,-1.0000,-1.0000,-1.0000,-1.0000,-1.0000,-1.0000,-1.0000,-1.0000,-1.0000,-1.0000,-1.0000,-1.0000,-1.0000,-1.0000,-1.0000,-1.0000,-1.0000,-1.0000,NO-data
escena_1,2026-10-09T12:34:38.0000,2026-10-09T12:34:39.0000,0.3771,0.1763,-1.0000,-1.0000,-1.0000,-1.0000,-1.0000,-1.0000,-1.0000,-1.0000,-1.0000,-1.0000,-1.0000,-1.0000,-1.0000,-1.0000,-1.0000,-1.0000,-1.0000,-1.0000,NO-data
escena_1,2026-10-09T12:34:39.0000,2026-10-09T12:34:40.0000,0.3765,0.1722,-1.0000,-1.0000,-1.0000,-1.0000,-1.0000,-1.0000,-1.0000,-1.0000,-1.0000,-1.0000,-1.0000,-1.0000,-1.0000,-1.0000,-1.0000,-1.0000,-1.0000,-1.0000,NO-data
escena_1,2026-10-09T12:34:40.0000,2026-10-09T12:34:41.0000,0.3758,0.1722,-1.0000,-1.0000,-1.0000,-1.0000,-1.0000,-1.0000,-1.0000,-1.0000,-1.0000,-1.0000,-1.0000,-1.0000,-1.0000,-1.0000,-1.0000,-1.0000,-1.0000,-1.0000,NO-data
escena_1,2026-10-09T12:34:41.0000,2026-10-09T12:34:42.0000,0.3751,0.1722,-1.0000,-1.0000,-1.0000,-1.0000,-1.0000,-1.0000,-1.0000,-1.0000,-1.0000,-1.0000,-1.0000,-1.0000,-1.0000,-1.0000,-1.0000,-1.0000,-1.0000,-1.0000,NO-data
escena_1,2026-10-09T12:34:42.0000,2026-10-09T12:34:43.0000,0.3744,0.1722,-1.0000,-1.0000,-1.0000,-1.0000,169.0000,-74.5000,-1.0000,-1.0000,-1.0000,-1.0000,-1.0000,-1.0000,-1.0000,-1.0000,-1.0000,-1.0000,-1.0000,-1.0000,data
escena_1,2026-10-09T12:34:43.0000,2026-10-09T12:34:44.0000,0.3737,0.1722,-1.0000,-1.0000,-1.0000,-1.0000,-1.0000,-1.0000,403.0000,-87.5000,-1.0000,-1.0000,-1.0000,-1.0000,-1.0000,-1.0000,-1.0000,-1.0000,223.0000,-75.0000,data
escena_1,2026-10-09T12:34:44.0000,2026-10-09T12:34:45.0000,0.3730,0.1722,-1.0000,-1.0000,-1.0000,-1.0000,-1.0000,-1.0000,-1.0000,-1.0000,-1.0000,-1.0000,-1.0000,-1.0000,-1.0000,-1.0000,-1.0000,-1.0000,213.0000,-79.5000,data
escena_1,2026-10-09T12:34:45.0000,2026-10-09T12:34:46.0000,0.3723,0.1722,-1.0000,-1.0000,-1.0000,-1.0000,-1.0000,-1.0000,-1.0000,-1.0000,-1.0000,-1.0000,-1.0000,-1.0000,-1.0000,-1.0000,-1.0000,-1.0000,-1.0000,-1.0000,NO-data
escena_1,2026-10-09T12:34:46.0000,2026-10-09T12:34:47.0000,0.3716,0.1722,-1.0000,-1.0000,-1.0000,-1.0000,-1.0000,-1.0000,-1.0000,-1.0000,-1.0000,-1.0000,-1.0000,-1.0000,-1.0000,-1.0000,-1.0000,-1.0000,-1.0000,-1.0000,NO-data
escena_1,2026-10-09T12:34:47.0000,2026-10-09T12:34:48.0000,0.3709,0.1722,-1.0000,-1.0000,-1.0000,-1.0000,-1.0000,-1.0000,-1.0000,-1.0000,-1.0000,-1.0000,-1.0000,-1.0000,-1.0000,-1.0000,-1.0000,-1.0000,-1.0000,-1.0000,NO-data
escena_1,2026-10-09T12:34:48.0000,2026-10-09T12:34:49.0000,0.3702,0.1722,-1.0000,-1.0000,-1.0000,-1.0000,-1.0000,-1.0000,-1.0000,-1.0000,-1.0000,-1.0000,-1.0000,-1.0000,-1.0000,-1.0000,-1.0000,-1.0000,-1.0000,-1.0000,NO-data
escena_1,2026-10-09T12:34:49.0000,2026-10-09T12:34:50.0000,0.3685,0.1771,-1.0000,-1.0000,-1.0000,-1.0000,-1.0000,-1.0000,-1.0000,-1.0000,-1.0000,-1.0000,-1.0000,-1.0000,-1.0000,-1.0000,-1.0000,-1.0000,-1.0000,-1.0000,NO-data
escena_1,2026-10-09T12:34:50.0000,2026-10-09T12:34:51.0000,0.3660,0.1867,-1.0000,-1.0000,-1.0000,-1.0000,-1.0000,-1.0000,-1.0000,-1.0000,-1.0000,-1.0000,-1.0000,-1.0000,-1.0000,-1.0000,-1.0000,-1.0000,-1.0000,-1.0000,NO-data
escena_1,2026-10-09T12:34:51.0000,2026-10-09T12:34:52.0000,0.3634,0.1962,-1.0000,-1.0000,-1.0000,-1.0000,-1.0000,-1.0000,-1.0000,-1.0000,-1.0000,-1.0000,-1.0000,-1.0000,665.0000,-101.0000,-1.0000,-1.0000,-1.0000,-1.0000,data
escena_1,2026-10-09T12:34:52.0000,2026-10-09T12:34:53.0000,0.3609,0.2058,-1.0000,-1.0000,-1.0000,-1.0000,-1.0000,-1.0000,-1.0000,-1.0000,-1.0000,-1.0000,-1.0000,-1.0000,-1.0000,-1.0000,-1.0000,-1.0000,-1.0000,-1.0000,NO-data
escena_1,2026-10-09T12:34:53.0000,2026-10-09T12:34:54.0000,0.3583,0.2154,-1.0000,-1.0000,-1.0000,-1.0000,-1.0000,-1.0000,-1.0000,-1.0000,-1.0000,-1.0000,-1.0000,-1.0000,-1.0000,-1.0000,-1.0000,-1.0000,-1.0000,-1.0000,NO-data
escena_1,2026-10-09T12:34:54.0000,2026-10-09T12:34:55.0000,0.3558,0.2250,-1.0000,-1.0000,-1.0000,-1.0000,-1.0000,-1.0000,-1.0000,-1.0000,-1.0000,-1.0000,-1.0000,-1.0000,-1.0000,-1.0000,-1.0000,-1.0000,-1.0000,-1.0000,NO-data
escena_1,2026-10-09T12:34:55.0000,2026-10-09T12:34:56.0000,0.3532,0.2345,-1.0000,-1.0000,-1.0000,-1.0000,-1.0000,-1.0000,-1.0000,-1.0000,-1.0000,-1.0000,-1.0000,-1.0000,-1.0000,-1.0000,-1.0000,-1.0000,189.0000,-72.5000,data
escena_1,2026-10-09T12:34:56.0000,2026-10-09T12:34:57.0000,0.3507,0.2441,-1.0000,-1.0000,-1.0000,-1.0000,-1.0000,-1.0000,-1.0000,-1.0000,-1.0000,-1.0000,-1.0000,-1.0000,-1.0000,-1.0000,-1.0000,-1.0000,-1.0000,-1.0000,NO-data
escena_1,2026-10-09T12:34:57.0000,2026-10-09T12:34:58.0000,0.3481,0.2537,-1.0000,-1.0000,-1.0000,-1.0000,-1.0000,-1.0000,-1.0000,-1.0000,-1.0000,-1.0000,-1.0000,-1.0000,731.0000,-91.5000,-1.0000,-1.0000,-1.0000,-1.0000,data
escena_1,2026-10-09T12:34:58.0000,2026-10-09T12:34:59.0000,0.3785,0.2435,-1.0000,-1.0000,-1.0000,-1.0000,-1.0000,-1.0000,-1.0000,-1.0000,-1.0000,-1.0000,-1.0000,-1.0000,-1.0000,-1.0000,-1.0000,-1.0000,-1.0000,-1.0000,NO-data
escena_1,2026-10-09T12:34:59.0000,2026-10-09T12:35:00.0000,0.4133,0.2306,-1.0000,-1.0000,-1.0000,-1.0000,-1.0000,-1.0000,-1.0000,-1.0000,601.0000,-90.0000,-1.0000,-1.0000,-1.0000,-1.0000,-1.0000,-1.0000,-1.0000,-1.0000,data
escena_1,2026-10-09T12:35:00.0000,2026-10-09T12:35:01.0000,0.4481,0.2178,-1.0000,-1.0000,-1.0000,-1.0000,-1.0000,-1.0000,-1.0000,-1.0000,-1.0000,-1.0000,-1.0000,-1.0000,-1.0000,-1.0000,-1.0000,-1.0000,-1.0000,-1.0000,NO-data
escena_1,2026-10-09T12:35:01.0000,2026-10-09T12:35:02.0000,0.4829,0.2049,-1.0000,-1.0000,-1.0000,-1.0000,-1.0000,-1.0000,-1.0000,-1.0000,-1.0000,-1.0000,-1.0000,-1.0000,-1.0000,-1.0000,-1.0000,-1.0000,-1.0000,-1.0000,NO-data
escena_1,2026-10-09T12:35:02.0000,2026-10-09T12:35:03.0000,0.5178,0.1920,-1.0000,-1.0000,-1.0000,-1.0000,-1.0000,-1.0000,-1.0000,-1.0000,-1.0000,-1.0000,-1.0000,-1.0000,-1.0000,-1.0000,-1.0000,-1.0000,-1.0000,-1.0000,NO-data
escena_1,2026-10-09T12:35:03.0000,2026-10-09T12:35:04.0000,0.5498,0.1802,-1.0000,-1.0000,-1.0000,-1.0000,-1.0000,-1.0000,-1.0000,-1.0000,-1.0000,-1.0000,-1.0000,-1.0000,-1.0000,-1.0000,-1.0000,-1.0000,-1.0000,-1.0000,NO-data
escena_1,2026-10-09T12:35:04.0000,2026-10-09T12:35:05.0000,0.5498,0.1802,-1.0000,-1.0000,-1.0000,-1.0000,-1.0000,-1.0000,-1.0000,-1.0000,-1.0000,-1.0000,-1.0000,-1.0000,-1.0000,-1.0000,-1.0000,-1.0000,-1.0000,-1.0000,NO-data
escena_1,2026-10-09T12:35:05.0000,2026-10-09T12:35:06.0000,0.5498,0.1802,-1.0000,-1.0000,-1.0000,-1.0000,-1.0000,-1.0000,-1.0000,-1.0000,-1.0000,-1.0000,-1.0000,-1.0000,-1.0000,-1.0000,-1.0000,-1.0000,-1.0000,-1.0000,NO-data
escena_1,2026-10-09T12:35:06.0000,2026-10-09T12:35:07.0000,0.5498,0.1802,-1.0000,-1.0000,-1.0000,-1.0000,212.0000,-82.0000,-1.0000,-1.0000,-1.0000,-1.0000,-1.0000,-1.0000,-1.0000,-1.0000,-1.0000,-1.0000,-1.0000,-1.0000,data
escena_1,2026-10-09T12:35:07.0000,2026-10-09T12:35:08.0000,0.5498,0.1802,-1.0000,-1.0000,-1.0000,-1.0000,-1.0000,-1.0000,-1.0000,-1.0000,-1.0000,-1.0000,-1.0000,-1.0000,-1.0000,-1.0000,-1.0000,-1.0000,-1.0000,-1.0000,NO-data
escena_1,2026-10-09T12:35:08.0000,2026-10-09T12:35:09.0000,0.5498,0.1802,-1.0000,-1.0000,-1.0000,-1.0000,-1.0000,-1.0000,-1.0000,-1.0000,-1.0000,-1.0000,-1.0000,-1.0000,-1.0000,-1.0000,-1.0000,-1.0000,-1.0000,-1.0000,NO-data
escena_1,2026-10-09T12:35:09.0000,2026-10-09T12:35:10.0000,0.5498,0.1802,-1.0000,-1.0000,-1.0000,-1.0000,-1.0000,-1.0000,-1.0000,-1.0000,-1.0000,-1.0000,-1.0000,-1.0000,-1.0000,-1.0000,-1.0000,-1.0000,-1.0000,-1.0000,NO-data
escena_1,2026-10-09T12:35:10.0000,2026-10-09T12:35:11.0000,0.5498,0.1802,-1.0000,-1.0000,-1.0000,-1.0000,-1.0000,-1.0000,-1.0000,-1.0000,-1.0000,-1.0000,-1.0000,-1.0000,-1.0000,-1.0000,-1.0000,-1.0000,-1.0000,-1.0000,NO-data
escena_1,2026-10-09T12:35:11.0000,2026-10-09T12:35:12.0000,0.5501,0.1807,-1.0000,-1.0000,-1.0000,-1.0000,-1.0000,-1.0000,-1.0000,-1.0000,-1.0000,-1.0000,-1.0000,-1.0000,-1.0000,-1.0000,-1.0000,-1.0000,-1.0000,-1.0000,NO-data
escena_1,2026-10-09T12:35:12.0000,2026-10-09T12:35:13.0000,0.5546,0.1910,-1.0000,-1.0000,-1.0000,-1.0000,-1.0000,-1.0000,-1.0000,-1.0000,-1.0000,-1.0000,-1.0000,-1.0000,-1.0000,-1.0000,-1.0000,-1.0000,-1.0000,-1.0000,NO-data
escena_1,2026-10-09T12:35:13.0000,2026-10-09T12:35:14.0000,0.5592,0.2013,-1.0000,-1.0000,-1.0000,-1.0000,-1.0000,-1.0000,-1.0000,-1.0000,-1.0000,-1.0000,-1.0000,-1.0000,-1.0000,-1.0000,-1.0000,-1.0000,-1.0000,-1.0000,NO-data
escena_1,2026-10-09T12:35:14.0000,2026-10-09T12:35:15.0000,0.5637,0.2116,-1.0000,-1.0000,-1.0000,-1.0000,-1.0000,-1.0000,-1.0000,-1.0000,-1.0000,-1.0000,-1.0000,-1.0000,-1.0000,-1.0000,-1.0000,-1.0000,-1.0000,-1.0000,NO-data
escena_1,2026-10-09T12:35:15.0000,2026-10-09T12:35:16.0000,0.5683,0.2219,-1.0000,-1.0000,-1.0000,-1.0000,-1.0000,-1.0000,-1.0000,-1.0000,-1.0000,-1.0000,-1.0000,-1.0000,-1.0000,-1.0000,-1.0000,-1.0000,-1.0000,-1.0000,NO-data
escena_1,2026-10-09T12:35:16.0000,2026-10-09T12:35:17.0000,0.5728,0.2320,-1.0000,-1.0000,-1.0000,-1.0000,-1.0000,-1.0000,-1.0000,-1.0000,-1.0000,-1.0000,-1.0000,-1.0000,-1.0000,-1.0000,-1.0000,-1.0000,-1.0000,-1.0000,NO-data
escena_1,2026-10-09T12:35:17.0000,2026-10-09T12:35:18.0000,0.5733,0.2069,-1.0000,-1.0000,-1.0000,-1.0000,-1.0000,-1.0000,-1.0000,-1.0000,-1.0000,-1.0000,-1.0000,-1.0000,447.0000,-110.5000,-1.0000,-1.0000,-1.0000,-1.0000,data
escena_1,2026-10-09T12:35:18.0000,2026-10-09T12:35:19.0000,0.5737,0.1819,-1.0000,-1.0000,-1.0000,-1.0000,-1.0000,-1.0000,-1.0000,-1.0000,-1.0000,-1.0000,-1.0000,-1.0000,-1.0000,-1.0000,-1.0000,-1.0000,-1.0000,-1.0000,NO-data
escena_1,2026-10-09T12:35:19.0000,2026-10-09T12:35:20.0000,0.5739,0.1753,-1.0000,-1.0000,-1.0000,-1.0000,-1.0000,-1.0000,-1.0000,-1.0000,-1.0000,-1.0000,-1.0000,-1.0000,-1.0000,-1.0000,-1.0000,-1.0000,-1.0000,-1.0000,NO-data
escena_1,2026-10-09T12:35:20.0000,2026-10-09T12:35:21.0000,0.5741,0.1758,-1.0000,-1.0000,-1.0000,-1.0000,-1.0000,-1.0000,-1.0000,-1.0000,-1.0000,-1.0000,-1.0000,-1.0000,-1.0000,-1.0000,-1.0000,-1.0000,-1.0000,-1.0000,NO-data
escena_1,2026-10-09T12:35:21.0000,2026-10-09T12:35:22.0000,0.5742,0.1764,-1.0000,-1.0000,-1.0000,-1.0000,-1.0000,-1.0000,-1.0000,-1.0000,-1.0000,-1.0000,-1.0000,-1.0000,-1.0000,-1.0000,-1.0000,-1.0000,-1.0000,-1.0000,NO-data
escena_1,2026-10-09T12:35:22.0000,2026-10-09T12:35:23.0000,0.5744,0.1770,-1.0000,-1.0000,-1.0000,-1.0000,-1.0000,-1.0000,-1.0000,-1.0000,-1.0000,-1.0000,-1.0000,-1.0000,-1.0000,-1.0000,-1.0000,-1.0000,12.0000,-68.0000,data
escena_1,2026-10-09T12:35:23.0000,2026-10-09T12:35:24.0000,0.5745,0.1776,-1.0000,-1.0000,-1.0000,-1.0000,-1.0000,-1.0000,-1.0000,-1.0000,-1.0000,-1.0000,-1.0000,-1.0000,-1.0000,-1.0000,-1.0000,-1.0000,-1.0000,-1.0000,NO-data
escena_1,2026-10-09T12:35:24.0000,2026-10-09T12:35:25.0000,0.5747,0.1782,-1.0000,-1.0000,-1.0000,-1.0000,-1.0000,-1.0000,-1.0000,-1.0000,-1.0000,-1.0000,-1.0000,-1.0000,-1.0000,-1.0000,-1.0000,-1.0000,-1.0000,-1.0000,NO-data
escena_1,2026-10-09T12:35:25.0000,2026-10-09T12:35:26.0000,0.5748,0.1788,-1.0000,-1.0000,-1.0000,-1.0000,-1.0000,-1.0000,575.0000,-92.0000,-1.0000,-1.0000,-1.0000,-1.0000,-1.0000,-1.0000,-1.0000,-1.0000,-1.0000,-1.0000,data
escena_1,2026-10-09T12:35:26.0000,2026-10-09T12:35:27.0000,0.5546,0.1799,-1.0000,-1.0000,-1.0000,-1.0000,-1.0000,-1.0000,-1.0000,-1.0000,-1.0000,-1.0000,-1.0000,-1.0000,-1.0000,-1.0000,-1.0000,-1.0000,-1.0000,-1.0000,NO-data
escena_1,2026-10-09T12:35:27.0000,2026-10-09T12:35:28.0000,0.5313,0.1810,-1.0000,-1.0000,-1.0000,-1.0000,-1.0000,-1.0000,-1.0000,-1.0000,-1.0000,-1.0000,-1.0000,-1.0000,-1.0000,-1.0000,-1.0000,-1.0000,-1.0000,-1.0000,NO-data
escena_1,2026-10-09T12:35:28.0000,2026-10-09T12:35:29.0000,0.5080,0.1822,-1.0000,-1.0000,-1.0000,-1.0000,-1.0000,-1.0000,-1.0000,-1.0000,522.0000,-91.0000,-1.0000,-1.0000,-1.0000,-1.0000,-1.0000,-1.0000,-1.0000,-1.0000,data
escena_1,2026-10-09T12:35:29.0000,2026-10-09T12:35:30.0000,0.4847,0.1834,-1.0000,-1.0000,-1.0000,-1.0000,-1.0000,-1.0000,-1.0000,-1.0000,-1.0000,-1.0000,-1.0000,-1.0000,-1.0000,-1.0000,-1.0000,-1.0000,-1.0000,-1.0000,NO-data
escena_1,2026-10-09T12:35:30.0000,2026-10-09T12:35:31.0000,0.4457,0.1857,-1.0000,-1.0000,-1.0000,-1.0000,-1.0000,-1.0000,-1.0000,-1.0000,-1.0000,-1.0000,-1.0000,-1.0000,-1.0000,-1.0000,-1.0000,-1.0000,-1.0000,-1.0000,NO-data
escena_1,2026-10-09T12:35:31.0000,2026-10-09T12:35:32.0000,0.3736,0.1905,-1.0000,-1.0000,-1.0000,-1.0000,-1.0000,-1.0000,-1.0000,-1.0000,-1.0000,-1.0000,-1.0000,-1.0000,-1.0000,-1.0000,-1.0000,-1.0000,-1.0000,-1.0000,NO-data
escena_1,2026-10-09T12:35:32.0000,2026-10-09T12:35:33.0000,0.3014,0.1953,-1.0000,-1.0000,-1.0000,-1.0000,-1.0000,-1.0000,-1.0000,-1.0000,-1.0000,-1.0000,-1.0000,-1.0000,-1.0000,-1.0000,-1.0000,-1.0000,-1.0000,-1.0000,NO-data
escena_1,2026-10-09T12:35:33.0000,2026-10-09T12:35:34.0000,0.2592,0.2391,-1.0000,-1.0000,-1.0000,-1.0000,-1.0000,-1.0000,-1.0000,-1.0000,-1.0000,-1.0000,-1.0000,-1.0000,-1.0000,-1.0000,-1.0000,-1.0000,-1.0000,-1.0000,NO-data
escena_1,2026-10-09T12:35:34.0000,2026-10-09T12:35:35.0000,0.2234,0.2911,-1.0000,-1.0000,-1.0000,-1.0000,-1.0000,-1.0000,-1.0000,-1.0000,-1.0000,-1.0000,-1.0000,-1.0000,-1.0000,-1.0000,-1.0000,-1.0000,492.0000,-89.5000,data
escena_1,2026-10-09T12:35:35.0000,2026-10-09T12:35:36.0000,0.1876,0.3431,-1.0000,-1.0000,-1.0000,-1.0000,-1.0000,-1.0000,-1.0000,-1.0000,-1.0000,-1.0000,-1.0000,-1.0000,-1.0000,-1.0000,-1.0000,-1.0000,-1.0000,-1.0000,NO-data
escena_1,2026-10-09T12:35:36.0000,2026-10-09T12:35:37.0000,0.1966,0.3610,-1.0000,-1.0000,-1.0000,-1.0000,-1.0000,-1.0000,-1.0000,-1.0000,-1.0000,-1.0000,-1.0000,-1.0000,-1.0000,-1.0000,-1.0000,-1.0000,-1.0000,-1.0000,NO-data
escena_1,2026-10-09T12:35:37.0000,2026-10-09T12:35:38.0000,0.2066,0.3781,-1.0000,-1.0000,-1.0000,-1.0000,-1.0000,-1.0000,-1.0000,-1.0000,-1.0000,-1.0000,-1.0000,-1.0000,-1.0000,-1.0000,-1.0000,-1.0000,-1.0000,-1.0000,NO-data
escena_1,2026-10-09T12:35:38.0000,2026-10-09T12:35:39.0000,0.2166,0.3952,-1.0000,-1.0000,-1.0000,-1.0000,-1.0000,-1.0000,-1.0000,-1.0000,-1.0000,-1.0000,-1.0000,-1.0000,-1.0000,-1.0000,-1.0000,-1.0000,-1.0000,-1.0000,NO-data
escena_1,2026-10-09T12:35:39.0000,2026-10-09T12:35:40.0000,0.2444,0.4273,-1.0000,-1.0000,-1.0000,-1.0000,-1.0000,-1.0000,-1.0000,-1.0000,-1.0000,-1.0000,-1.0000,-1.0000,-1.0000,-1.0000,-1.0000,-1.0000,-1.0000,-1.0000,NO-data
escena_1,2026-10-09T12:35:40.0000,2026-10-09T12:35:41.0000,0.2917,0.4757,-1.0000,-1.0000,-1.0000,-1.0000,-1.0000,-1.0000,-1.0000,-1.0000,-1.0000,-1.0000,-1.0000,-1.0000,-1.0000,-1.0000,-1.0000,-1.0000,-1.0000,-1.0000,NO-data
escena_1,2026-10-09T12:35:41.0000,2026-10-09T12:35:42.0000,0.3585,0.5137,-1.0000,-1.0000,-1.0000,-1.0000,-1.0000,-1.0000,-1.0000,-1.0000,-1.0000,-1.0000,-1.0000,-1.0000,-1.0000,-1.0000,-1.0000,-1.0000,-1.0000,-1.0000,NO-data
escena_1,2026-10-09T12:35:42.0000,2026-10-09T12:35:43.0000,0.4568,0.5351,-1.0000,-1.0000,-1.0000,-1.0000,-1.0000,-1.0000,-1.0000,-1.0000,-1.0000,-1.0000,-1.0000,-1.0000,-1.0000,-1.0000,-1.0000,-1.0000,-1.0000,-1.0000,NO-data
escena_1,2026-10-09T12:35:43.0000,2026-10-09T12:35:44.0000,0.5026,0.5332,-1.0000,-1.0000,-1.0000,-1.0000,-1.0000,-1.0000,-1.0000,-1.0000,-1.0000,-1.0000,-1.0000,-1.0000,-1.0000,-1.0000,-1.0000,-1.0000,-1.0000,-1.0000,NO-data
escena_1,2026-10-09T12:35:44.0000,2026-10-09T12:35:45.0000,0.5539,0.5315,-1.0000,-1.0000,-1.0000,-1.0000,-1.0000,-1.0000,-1.0000,-1.0000,-1.0000,-1.0000,-1.0000,-1.0000,-1.0000,-1.0000,-1.0000,-1.0000,-1.0000,-1.0000,NO-data
escena_1,2026-10-09T12:35:45.0000,2026-10-09T12:35:46.0000,0.6229,0.5334,-1.0000,-1.0000,-1.0000,-1.0000,-1.0000,-1.0000,-1.0000,-1.0000,-1.0000,-1.0000,-1.0000,-1.0000,-1.0000,-1.0000,-1.0000,-1.0000,-1.0000,-1.0000,NO-data
escena_1,2026-10-09T12:35:46.0000,2026-10-09T12:35:47.0000,0.6685,0.5327,-1.0000,-1.0000,-1.0000,-1.0000,-1.0000,-1.0000,-1.0000,-1.0000,-1.0000,-1.0000,-1.0000,-1.0000,-1.0000,-1.0000,-1.0000,-1.0000,-1.0000,-1.0000,NO-data
escena_1,2026-10-09T12:35:47.0000,2026-10-09T12:35:48.0000,0.7041,0.5322,-1.0000,-1.0000,-1.0000,-1.0000,-1.0000,-1.0000,-1.0000,-1.0000,-1.0000,-1.0000,-1.0000,-1.0000,-1.0000,-1.0000,-1.0000,-1.0000,-1.0000,-1.0000,NO-data
escena_1,2026-10-09T12:35:48.0000,2026-10-09T12:35:49.0000,0.7151,0.5322,-1.0000,-1.0000,-1.0000,-1.0000,-1.0000,-1.0000,-1.0000,-1.0000,-1.0000,-1.0000,-1.0000,-1.0000,-1.0000,-1.0000,502.0000,-91.0000,-1.0000,-1.0000,data
escena_1,2026-10-09T12:35:49.0000,2026-10-09T12:35:50.0000,0.7198,0.5322,-1.0000,-1.0000,-1.0000,-1.0000,-1.0000,-1.0000,-1.0000,-1.0000,-1.0000,-1.0000,-1.0000,-1.0000,-1.0000,-1.0000,-1.0000,-1.0000,-1.0000,-1.0000,NO-data
escena_1,2026-10-09T12:35:50.0000,2026-10-09T12:35:51.0000,0.7197,0.5304,-1.0000,-1.0000,-1.0000,-1.0000,-1.0000,-1.0000,-1.0000,-1.0000,-1.0000,-1.0000,-1.0000,-1.0000,-1.0000,-1.0000,-1.0000,-1.0000,-1.0000,-1.0000,NO-data
escena_1,2026-10-09T12:35:51.0000,2026-10-09T12:35:52.0000,0.7187,0.5088,-1.0000,-1.0000,-1.0000,-1.0000,-1.0000,-1.0000,-1.0000,-1.0000,-1.0000,-1.0000,-1.0000,-1.0000,-1.0000,-1.0000,-1.0000,-1.0000,-1.0000,-1.0000,NO-data
escena_1,2026-10-09T12:35:52.0000,2026-10-09T12:35:53.0000,0.7176,0.4872,-1.0000,-1.0000,-1.0000,-1.0000,-1.0000,-1.0000,-1.0000,-1.0000,-1.0000,-1.0000,-1.0000,-1.0000,-1.0000,-1.0000,-1.0000,-1.0000,-1.0000,-1.0000,NO-data
escena_1,2026-10-09T12:35:53.0000,2026-10-09T12:35:54.0000,0.7192,0.4690,-1.0000,-1.0000,-1.0000,-1.0000,-1.0000,-1.0000,-1.0000,-1.0000,-1.0000,-1.0000,-1.0000,-1.0000,-1.0000,-1.0000,-1.0000,-1.0000,-1.0000,-1.0000,NO-data
escena_1,2026-10-09T12:35:54.0000,2026-10-09T12:35:55.0000,0.7290,0.4614,-1.0000,-1.0000,-1.0000,-1.0000,-1.0000,-1.0000,-1.0000,-1.0000,-1.0000,-1.0000,-1.0000,-1.0000,-1.0000,-1.0000,-1.0000,-1.0000,-1.0000,-1.0000,NO-data
escena_1,2026-10-09T12:35:55.0000,2026-10-09T12:35:56.0000,0.7388,0.4538,-1.0000,-1.0000,-1.0000,-1.0000,-1.0000,-1.0000,-1.0000,-1.0000,-1.0000,-1.0000,-1.0000,-1.0000,-1.0000,-1.0000,-1.0000,-1.0000,-1.0000,-1.0000,NO-data
escena_1,2026-10-09T12:35:56.0000,2026-10-09T12:35:57.0000,0.7485,0.4462,-1.0000,-1.0000,-1.0000,-1.0000,-1.0000,-1.0000,-1.0000,-1.0000,-1.0000,-1.0000,-1.0000,-1.0000,-1.0000,-1.0000,-1.0000,-1.0000,-1.0000,-1.0000,NO-data
escena_1,2026-10-09T12:35:57.0000,2026-10-09T12:35:58.0000,0.7583,0.4386,-1.0000,-1.0000,-1.0000,-1.0000,-1.0000,-1.0000,-1.0000,-1.0000,-1.0000,-1.0000,-1.0000,-1.0000,-1.0000,-1.0000,-1.0000,-1.0000,-1.0000,-1.0000,NO-data
escena_1,2026-10-09T12:35:58.0000,2026-10-09T12:35:59.0000,0.7740,0.4189,-1.0000,-1.0000,-1.0000,-1.0000,-1.0000,-1.0000,-1.0000,-1.0000,-1.0000,-1.0000,-1.0000,-1.0000,-1.0000,-1.0000,-1.0000,-1.0000,-1.0000,-1.0000,NO-data
escena_1,2026-10-09T12:35:59.0000,2026-10-09T12:36:00.0000,0.8130,0.3867,-1.0000,-1.0000,-1.0000,-1.0000,-1.0000,-1.0000,-1.0000,-1.0000,-1.0000,-1.0000,-1.0000,-1.0000,-1.0000,-1.0000,-1.0000,-1.0000,-1.0000,-1.0000,NO-data
escena_1,2026-10-09T12:36:00.0000,2026-10-09T12:36:01.0000,0.8668,0.3735,-1.0000,-1.0000,-1.0000,-1.0000,-1.0000,-1.0000,-1.0000,-1.0000,-1.0000,-1.0000,-1.0000,-1.0000,-1.0000,-1.0000,-1.0000,-1.0000,-1.0000,-1.0000,NO-data
escena_1,2026-10-09T12:36:01.0000,2026-10-09T12:36:02.0000,0.8668,0.3735,-1.0000,-1.0000,-1.0000,-1.0000,-1.0000,-1.0000,-1.0000,-1.0000,-1.0000,-1.0000,-1.0000,-1.0000,-1.0000,-1.0000,-1.0000,-1.0000,-1.0000,-1.0000,NO-data
escena_1,2026-10-09T12:36:02.0000,2026-10-09T12:36:03.0000,0.8668,0.3735,-1.0000,-1.0000,787.0000,-90.5000,-1.0000,-1.0000,-1.0000,-1.0000,-1.0000,-1.0000,-1.0000,-1.0000,-1.0000,-1.0000,-1.0000,-1.0000,-1.0000,-1.0000,data
escena_1,2026-10-09T12:36:03.0000,2026-10-09T12:36:04.0000,0.8668,0.3735,44.0000,-56.5000,-1.0000,-1.0000,-1.0000,-1.0000,-1.0000,-1.0000,-1.0000,-1.0000,-1.0000,-1.0000,-1.0000,-1.0000,-1.0000,-1.0000,-1.0000,-1.0000,data
escena_1,2026-10-09T12:36:04.0000,2026-10-09T12:36:05.0000,0.8668,0.3735,79.0000,-64.5000,-1.0000,-1.0000,-1.0000,-1.0000,-1.0000,-1.0000,-1.0000,-1.0000,-1.0000,-1.0000,-1.0000,-1.0000,-1.0000,-1.0000,-1.0000,-1.0000,data
escena_1,2026-10-09T12:36:05.0000,2026-10-09T12:36:06.0000,0.8668,0.3735,-1.0000,-1.0000,-1.0000,-1.0000,-1.0000,-1.0000,-1.0000,-1.0000,-1.0000,-1.0000,-1.0000,-1.0000,486.0000,-92.0000,-1.0000,-1.0000,-1.0000,-1.0000,data
escena_1,2026-10-09T12:36:06.0000,2026-10-09T12:36:07.0000,0.8668,0.3735,-1.0000,-1.0000,-1.0000,-1.0000,-1.0000,-1.0000,-1.0000,-1.0000,-1.0000,-1.0000,-1.0000,-1.0000,-1.0000,-1.0000,-1.0000,-1.0000,-1.0000,-1.0000,NO-data
escena_1,2026-10-09T12:36:07.0000,2026-10-09T12:36:08.0000,0.8668,0.3735,-1.0000,-1.0000,-1.0000,-1.0000,-1.0000,-1.0000,-1.0000,-1.0000,-1.0000,-1.0000,-1.0000,-1.0000,-1.0000,-1.0000,-1.0000,-1.0000,-1.0000,-1.0000,NO-data
escena_1,2026-10-09T12:36:08.0000,2026-10-09T12:36:09.0000,0.8668,0.3735,-1.0000,-1.0000,-1.0000,-1.0000,-1.0000,-1.0000,-1.0000,-1.0000,-1.0000,-1.0000,-1.0000,-1.0000,-1.0000,-1.0000,-1.0000,-1.0000,-1.0000,-1.0000,NO-data
escena_1,2026-10-09T12:36:09.0000,2026-10-09T12:36:10.0000,0.8668,0.3735,-1.0000,-1.0000,-1.0000,-1.0000,-1.0000,-1.0000,-1.0000,-1.0000,-1.0000,-1.0000,-1.0000,-1.0000,-1.0000,-1.0000,-1.0000,-1.0000,-1.0000,-1.0000,NO-data
escena_1,2026-10-09T12:36:10.0000,2026-10-09T12:36:11.0000,0.8559,0.4225,-1.0000,-1.0000,-1.0000,-1.0000,-1.0000,-1.0000,-1.0000,-1.0000,-1.0000,-1.0000,-1.0000,-1.0000,-1.0000,-1.0000,-1.0000,-1.0000,-1.0000,-1.0000,NO-data
escena_1,2026-10-09T12:36:11.0000,2026-10-09T12:36:12.0000,0.8570,0.4183,-1.0000,-1.0000,-1.0000,-1.0000,-1.0000,-1.0000,-1.0000,-1.0000,-1.0000,-1.0000,-1.0000,-1.0000,-1.0000,-1.0000,-1.0000,-1.0000,-1.0000,-1.0000,NO-data
escena_1,2026-10-09T12:36:12.0000,2026-10-09T12:36:13.0000,0.8580,0.4141,-1.0000,-1.0000,-1.0000,-1.0000,-1.0000,-1.0000,-1.0000,-1.0000,-1.0000,-1.0000,-1.0000,-1.0000,-1.0000,-1.0000,-1.0000,-1.0000,-1.0000,-1.0000,NO-data
escena_1,2026-10-09T12:36:13.0000,2026-10-09T12:36:14.0000,0.8591,0.4099,-1.0000,-1.0000,-1.0000,-1.0000,-1.0000,-1.0000,-1.0000,-1.0000,-1.0000,-1.0000,373.0000,-101.0000,-1.0000,-1.0000,-1.0000,-1.0000,-1.0000,-1.0000,data
escena_1,2026-10-09T12:36:14.0000,2026-10-09T12:36:15.0000,0.8601,0.4057,-1.0000,-1.0000,-1.0000,-1.0000,-1.0000,-1.0000,-1.0000,-1.0000,-1.0000,-1.0000,-1.0000,-1.0000,-1.0000,-1.0000,-1.0000,-1.0000,-1.0000,-1.0000,NO-data
escena_1,2026-10-09T12:36:15.0000,2026-10-09T12:36:16.0000,0.8612,0.4015,-1.0000,-1.0000,-1.0000,-1.0000,-1.0000,-1.0000,-1.0000,-1.0000,-1.0000,-1.0000,-1.0000,-1.0000,-1.0000,-1.0000,-1.0000,-1.0000,-1.0000,-1.0000,NO-data
escena_1,2026-10-09T12:36:16.0000,2026-10-09T12:36:17.0000,0.8622,0.3973,-1.0000,-1.0000,-1.0000,-1.0000,-1.0000,-1.0000,-1.0000,-1.0000,-1.0000,-1.0000,-1.0000,-1.0000,-1.0000,-1.0000,-1.0000,-1.0000,-1.0000,-1.0000,NO-data
escena_1,2026-10-09T12:36:17.0000,2026-10-09T12:36:18.0000,0.8633,0.3931,-1.0000,-1.0000,-1.0000,-1.0000,-1.0000,-1.0000,-1.0000,-1.0000,-1.0000,-1.0000,-1.0000,-1.0000,-1.0000,-1.0000,-1.0000,-1.0000,-1.0000,-1.0000,NO-data
escena_1,2026-10-09T12:36:18.0000,2026-10-09T12:36:19.0000,0.8643,0.3889,-1.0000,-1.0000,-1.0000,-1.0000,-1.0000,-1.0000,-1.0000,-1.0000,-1.0000,-1.0000,-1.0000,-1.0000,-1.0000,-1.0000,-1.0000,-1.0000,-1.0000,-1.0000,NO-data
escena_1,2026-10-09T12:36:19.0000,2026-10-09T12:36:20.0000,0.8634,0.3851,-1.0000,-1.0000,-1.0000,-1.0000,-1.0000,-1.0000,-1.0000,-1.0000,-1.0000,-1.0000,-1.0000,-1.0000,-1.0000,-1.0000,-1.0000,-1.0000,-1.0000,-1.0000,NO-data
escena_1,2026-10-09T12:36:20.0000,2026-10-09T12:36:21.0000,0.8608,0.3817,-1.0000,-1.0000,-1.0000,-1.0000,-1.0000,-1.0000,-1.0000,-1.0000,-1.0000,-1.0000,-1.0000,-1.0000,-1.0000,-1.0000,-1.0000,-1.0000,-1.0000,-1.0000,NO-data
escena_1,2026-10-09T12:36:21.0000,2026-10-09T12:36:22.0000,0.8581,0.3783,-1.0000,-1.0000,-1.0000,-1.0000,-1.0000,-1.0000,-1.0000,-1.0000,-1.0000,-1.0000,-1.0000,-1.0000,-1.0000,-1.0000,-1.0000,-1.0000,-1.0000,-1.0000,NO-data
escena_1,2026-10-09T12:36:22.0000,2026-10-09T12:36:23.0000,0.8554,0.3749,-1.0000,-1.0000,-1.0000,-1.0000,-1.0000,-1.0000,-1.0000,-1.0000,-1.0000,-1.0000,-1.0000,-1.0000,-1.0000,-1.0000,-1.0000,-1.0000,-1.0000,-1.0000,NO-data
escena_1,2026-10-09T12:36:23.0000,2026-10-09T12:36:24.0000,0.8527,0.3716,-1.0000,-1.0000,-1.0000,-1.0000,-1.0000,-1.0000,-1.0000,-1.0000,-1.0000,-1.0000,-1.0000,-1.0000,-1.0000,-1.0000,-1.0000,-1.0000,-1.0000,-1.0000,NO-data
escena_1,2026-10-09T12:36:24.0000,2026-10-09T12:36:25.0000,0.8501,0.3682,-1.0000,-1.0000,-1.0000,-1.0000,-1.0000,-1.0000,-1.0000,-1.0000,-1.0000,-1.0000,-1.0000,-1.0000,489.0000,-90.5000,-1.0000,-1.0000,-1.0000,-1.0000,data
escena_1,2026-10-09T12:36:25.0000,2026-10-09T12:36:26.0000,0.8474,0.3648,82.0000,-73.5000,-1.0000,-1.0000,-1.0000,-1.0000,-1.0000,-1.0000,-1.0000,-1.0000,-1.0000,-1.0000,-1.0000,-1.0000,-1.0000,-1.0000,-1.0000,-1.0000,data
escena_1,2026-10-09T12:36:26.0000,2026-10-09T12:36:27.0000,0.8467,0.3619,-1.0000,-1.0000,-1.0000,-1.0000,-1.0000,-1.0000,-1.0000,-1.0000,-1.0000,-1.0000,-1.0000,-1.0000,-1.0000,-1.0000,-1.0000,-1.0000,-1.0000,-1.0000,NO-data
escena_1,2026-10-09T12:36:27.0000,2026-10-09T12:36:28.0000,0.8488,0.3598,-1.0000,-1.0000,-1.0000,-1.0000,-1.0000,-1.0000,-1.0000,-1.0000,-1.0000,-1.0000,-1.0000,-1.0000,-1.0000,-1.0000,-1.0000,-1.0000,-1.0000,-1.0000,NO-data
escena_1,2026-10-09T12:36:28.0000,2026-10-09T12:36:29.0000,0.8508,0.3577,-1.0000,-1.0000,-1.0000,-1.0000,-1.0000,-1.0000,-1.0000,-1.0000,-1.0000,-1.0000,-1.0000,-1.0000,-1.0000,-1.0000,-1.0000,-1.0000,-1.0000,-1.0000,NO-data
escena_1,2026-10-09T12:36:29.0000,2026-10-09T12:36:30.0000,0.8529,0.3556,-1.0000,-1.0000,-1.0000,-1.0000,-1.0000,-1.0000,-1.0000,-1.0000,-1.0000,-1.0000,-1.0000,-1.0000,-1.0000,-1.0000,-1.0000,-1.0000,-1.0000,-1.0000,NO-data
escena_1,2026-10-09T12:36:30.0000,2026-10-09T12:36:31.0000,0.8550,0.3535,-1.0000,-1.0000,-1.0000,-1.0000,-1.0000,-1.0000,-1.0000,-1.0000,-1.0000,-1.0000,-1.0000,-1.0000,-1.0000,-1.0000,-1.0000,-1.0000,-1.0000,-1.0000,NO-data
escena_1,2026-10-09T12:36:31.0000,2026-10-09T12:36:32.0000,0.8570,0.3514,-1.0000,-1.0000,-1.0000,-1.0000,-1.0000,-1.0000,-1.0000,-1.0000,-1.0000,-1.0000,-1.0000,-1.0000,-1.0000,-1.0000,-1.0000,-1.0000,-1.0000,-1.0000,NO-data
escena_1,2026-10-09T12:36:32.0000,2026-10-09T12:36:33.0000,0.8592,0.3502,82.0000,-69.5000,-1.0000,-1.0000,-1.0000,-1.0000,-1.0000,-1.0000,-1.0000,-1.0000,-1.0000,-1.0000,-1.0000,-1.0000,-1.0000,-1.0000,-1.0000,-1.0000,data
escena_1,2026-10-09T12:36:33.0000,2026-10-09T12:36:34.0000,0.8620,0.3565,-1.0000,-1.0000,-1.0000,-1.0000,-1.0000,-1.0000,-1.0000,-1.0000,-1.0000,-1.0000,-1.0000,-1.0000,-1.0000,-1.0000,-1.0000,-1.0000,-1.0000,-1.0000,NO-data
escena_1,2026-10-09T12:36:34.0000,2026-10-09T12:36:35.0000,0.8648,0.3628,-1.0000,-1.0000,-1.0000,-1.0000,-1.0000,-1.0000,-1.0000,-1.0000,-1.0000,-1.0000,-1.0000,-1.0000,463.0000,-83.0000,-1.0000,-1.0000,-1.0000,-1.0000,data
escena_1,2026-10-09T12:36:35.0000,2026-10-09T12:36:36.0000,0.8676,0.3690,-1.0000,-1.0000,-1.0000,-1.0000,-1.0000,-1.0000,-1.0000,-1.0000,-1.0000,-1.0000,252.0000,-87.5000,-1.0000,-1.0000,-1.0000,-1.0000,-1.0000,-1.0000,data
escena_1,2026-10-09T12:36:36.0000,2026-10-09T12:36:37.0000,0.8705,0.3753,-1.0000,-1.0000,-1.0000,-1.0000,-1.0000,-1.0000,-1.0000,-1.0000,-1.0000,-1.0000,-1.0000,-1.0000,-1.0000,-1.0000,-1.0000,-1.0000,-1.0000,-1.0000,NO-data
escena_1,2026-10-09T12:36:37.0000,2026-10-09T12:36:38.0000,0.8733,0.3816,-1.0000,-1.0000,-1.0000,-1.0000,-1.0000,-1.0000,-1.0000,-1.0000,196.0000,-78.0000,-1.0000,-1.0000,-1.0000,-1.0000,-1.0000,-1.0000,-1.0000,-1.0000,data
escena_1,2026-10-09T12:36:38.0000,2026-10-09T12:36:39.0000,0.8761,0.3879,-1.0000,-1.0000,-1.0000,-1.0000,-1.0000,-1.0000,-1.0000,-1.0000,243.0000,-84.0000,-1.0000,-1.0000,-1.0000,-1.0000,-1.0000,-1.0000,-1.0000,-1.0000,data
escena_1,2026-10-09T12:36:39.0000,2026-10-09T12:36:40.0000,0.8645,0.3851,-1.0000,-1.0000,-1.0000,-1.0000,-1.0000,-1.0000,-1.0000,-1.0000,-1.0000,-1.0000,-1.0000,-1.0000,-1.0000,-1.0000,-1.0000,-1.0000,-1.0000,-1.0000,NO-data
escena_1,2026-10-09T12:36:40.0000,2026-10-09T12:36:41.0000,0.8479,0.3792,-1.0000,-1.0000,-1.0000,-1.0000,-1.0000,-1.0000,-1.0000,-1.0000,-1.0000,-1.0000,-1.0000,-1.0000,-1.0000,-1.0000,-1.0000,-1.0000,-1.0000,-1.0000,NO-data
escena_1,2026-10-09T12:36:41.0000,2026-10-09T12:36:42.0000,0.8312,0.3732,-1.0000,-1.0000,-1.0000,-1.0000,-1.0000,-1.0000,-1.0000,-1.0000,-1.0000,-1.0000,-1.0000,-1.0000,-1.0000,-1.0000,-1.0000,-1.0000,-1.0000,-1.0000,NO-data
escena_1,2026-10-09T12:36:42.0000,2026-10-09T12:36:43.0000,0.8146,0.3673,-1.0000,-1.0000,-1.0000,-1.0000,-1.0000,-1.0000,-1.0000,-1.0000,-1.0000,-1.0000,-1.0000,-1.0000,-1.0000,-1.0000,-1.0000,-1.0000,-1.0000,-1.0000,NO-data
escena_1,2026-10-09T12:36:43.0000,2026-10-09T12:36:44.0000,0.7980,0.3614,-1.0000,-1.0000,-1.0000,-1.0000,-1.0000,-1.0000,-1.0000,-1.0000,-1.0000,-1.0000,-1.0000,-1.0000,-1.0000,-1.0000,-1.0000,-1.0000,-1.0000,-1.0000,NO-data
escena_1,2026-10-09T12:36:44.0000,2026-10-09T12:36:45.0000,0.7781,0.3599,-1.0000,-1.0000,-1.0000,-1.0000,-1.0000,-1.0000,-1.0000,-1.0000,-1.0000,-1.0000,-1.0000,-1.0000,497.0000,-88.2500,-1.0000,-1.0000,-1.0000,-1.0000,data
escena_1,2026-10-09T12:36:45.0000,2026-10-09T12:36:46.0000,0.7559,0.3619,140.0000,-69.5000,-1.0000,-1.0000,-1.0000,-1.0000,-1.0000,-1.0000,-1.0000,-1.0000,-1.0000,-1.0000,-1.0000,-1.0000,-1.0000,-1.0000,-1.0000,-1.0000,data
escena_1,2026-10-09T12:36:46.0000,2026-10-09T12:36:47.0000,0.7402,0.3499,-1.0000,-1.0000,-1.0000,-1.0000,-1.0000,-1.0000,-1.0000,-1.0000,-1.0000,-1.0000,225.0000,-84.0000,-1.0000,-1.0000,-1.0000,-1.0000,366.0000,-92.0000,data
escena_1,2026-10-09T12:36:47.0000,2026-10-09T12:36:48.0000,0.7314,0.3225,229.0000,-83.5000,-1.0000,-1.0000,-1.0000,-1.0000,-1.0000,-1.0000,-1.0000,-1.0000,-1.0000,-1.0000,-1.0000,-1.0000,-1.0000,-1.0000,-1.0000,-1.0000,data
escena_1,2026-10-09T12:36:48.0000,2026-10-09T12:36:49.0000,0.7280,0.2832,-1.0000,-1.0000,-1.0000,-1.0000,-1.0000,-1.0000,-1.0000,-1.0000,-1.0000,-1.0000,-1.0000,-1.0000,-1.0000,-1.0000,-1.0000,-1.0000,-1.0000,-1.0000,NO-data
escena_1,2026-10-09T12:36:49.0000,2026-10-09T12:36:50.0000,0.7251,0.2393,-1.0000,-1.0000,-1.0000,-1.0000,-1.0000,-1.0000,-1.0000,-1.0000,218.0000,-75.5000,-1.0000,-1.0000,-1.0000,-1.0000,-1.0000,-1.0000,-1.0000,-1.0000,data
escena_1,2026-10-09T12:36:50.0000,2026-10-09T12:36:51.0000,0.7231,0.1881,-1.0000,-1.0000,-1.0000,-1.0000,-1.0000,-1.0000,-1.0000,-1.0000,-1.0000,-1.0000,-1.0000,-1.0000,-1.0000,-1.0000,-1.0000,-1.0000,-1.0000,-1.0000,NO-data
escena_1,2026-10-09T12:36:51.0000,2026-10-09T12:36:52.0000,0.7263,0.1660,-1.0000,-1.0000,-1.0000,-1.0000,-1.0000,-1.0000,-1.0000,-1.0000,-1.0000,-1.0000,-1.0000,-1.0000,-1.0000,-1.0000,-1.0000,-1.0000,-1.0000,-1.0000,NO-data
escena_1,2026-10-09T12:36:52.0000,2026-10-09T12:36:53.0000,0.7304,0.1483,-1.0000,-1.0000,-1.0000,-1.0000,-1.0000,-1.0000,-1.0000,-1.0000,-1.0000,-1.0000,-1.0000,-1.0000,-1.0000,-1.0000,-1.0000,-1.0000,-1.0000,-1.0000,NO-data
escena_1,2026-10-09T12:36:53.0000,2026-10-09T12:36:54.0000,0.7393,0.1380,-1.0000,-1.0000,-1.0000,-1.0000,-1.0000,-1.0000,-1.0000,-1.0000,-1.0000,-1.0000,-1.0000,-1.0000,-1.0000,-1.0000,-1.0000,-1.0000,-1.0000,-1.0000,NO-data
escena_1,2026-10-09T12:36:54.0000,2026-10-09T12:36:55.0000,0.7558,0.1394,-1.0000,-1.0000,-1.0000,-1.0000,-1.0000,-1.0000,-1.0000,-1.0000,-1.0000,-1.0000,-1.0000,-1.0000,-1.0000,-1.0000,-1.0000,-1.0000,-1.0000,-1.0000,NO-data
escena_1,2026-10-09T12:36:55.0000,2026-10-09T12:36:56.0000,0.7723,0.1408,-1.0000,-1.0000,-1.0000,-1.0000,-1.0000,-1.0000,-1.0000,-1.0000,173.0000,-77.5000,-1.0000,-1.0000,-1.0000,-1.0000,-1.0000,-1.0000,-1.0000,-1.0000,data
escena_1,2026-10-09T12:36:56.0000,2026-10-09T12:36:57.0000,0.7888,0.1422,-1.0000,-1.0000,-1.0000,-1.0000,-1.0000,-1.0000,-1.0000,-1.0000,-1.0000,-1.0000,-1.0000,-1.0000,76.0000,-64.5000,-1.0000,-1.0000,-1.0000,-1.0000,data
escena_1,2026-10-09T12:36:57.0000,2026-10-09T12:36:58.0000,0.8186,0.1423,-1.0000,-1.0000,-1.0000,-1.0000,-1.0000,-1.0000,-1.0000,-1.0000,-1.0000,-1.0000,-1.0000,-1.0000,-1.0000,-1.0000,-1.0000,-1.0000,-1.0000,-1.0000,NO-data
escena_1,2026-10-09T12:36:58.0000,2026-10-09T12:36:59.0000,0.8478,0.1415,-1.0000,-1.0000,-1.0000,-1.0000,-1.0000,-1.0000,-1.0000,-1.0000,-1.0000,-1.0000,-1.0000,-1.0000,-1.0000,-1.0000,-1.0000,-1.0000,-1.0000,-1.0000,NO-data
escena_1,2026-10-09T12:36:59.0000,2026-10-09T12:37:00.0000,0.8478,0.1415,-1.0000,-1.0000,-1.0000,-1.0000,-1.0000,-1.0000,-1.0000,-1.0000,-1.0000,-1.0000,-1.0000,-1.0000,-1.0000,-1.0000,-1.0000,-1.0000,-1.0000,-1.0000,NO-data
escena_1,2026-10-09T12:37:00.0000,2026-10-09T12:37:01.0000,0.8478,0.1415,-1.0000,-1.0000,-1.0000,-1.0000,-1.0000,-1.0000,-1.0000,-1.0000,-1.0000,-1.0000,-1.0000,-1.0000,-1.0000,-1.0000,-1.0000,-1.0000,-1.0000,-1.0000,NO-data
escena_1,2026-10-09T12:37:01.0000,2026-10-09T12:37:02.0000,0.8492,0.1400,-1.0000,-1.0000,-1.0000,-1.0000,-1.0000,-1.0000,-1.0000,-1.0000,-1.0000,-1.0000,-1.0000,-1.0000,-1.0000,-1.0000,-1.0000,-1.0000,-1.0000,-1.0000,NO-data
escena_1,2026-10-09T12:37:02.0000,2026-10-09T12:37:03.0000,0.8512,0.1378,-1.0000,-1.0000,-1.0000,-1.0000,-1.0000,-1.0000,-1.0000,-1.0000,-1.0000,-1.0000,-1.0000,-1.0000,-1.0000,-1.0000,-1.0000,-1.0000,-1.0000,-1.0000,NO-data
escena_1,2026-10-09T12:37:03.0000,2026-10-09T12:37:04.0000,0.8531,0.1356,-1.0000,-1.0000,-1.0000,-1.0000,-1.0000,-1.0000,-1.0000,-1.0000,-1.0000,-1.0000,-1.0000,-1.0000,-1.0000,-1.0000,-1.0000,-1.0000,-1.0000,-1.0000,NO-data
escena_1,2026-10-09T12:37:04.0000,2026-10-09T12:37:05.0000,0.8551,0.1335,-1.0000,-1.0000,-1.0000,-1.0000,-1.0000,-1.0000,-1.0000,-1.0000,-1.0000,-1.0000,-1.0000,-1.0000,-1.0000,-1.0000,-1.0000,-1.0000,-1.0000,-1.0000,NO-data
escena_1,2026-10-09T12:37:05.0000,2026-10-09T12:37:06.0000,0.8570,0.1313,552.0000,-92.0000,-1.0000,-1.0000,-1.0000,-1.0000,-1.0000,-1.0000,-1.0000,-1.0000,-1.0000,-1.0000,-1.0000,-1.0000,-1.0000,-1.0000,-1.0000,-1.0000,data
escena_1,2026-10-09T12:37:06.0000,2026-10-09T12:37:07.0000,0.8590,0.1291,-1.0000,-1.0000,-1.0000,-1.0000,-1.0000,-1.0000,-1.0000,-1.0000,-1.0000,-1.0000,-1.0000,-1.0000,-1.0000,-1.0000,-1.0000,-1.0000,-1.0000,-1.0000,NO-data
escena_1,2026-10-09T12:37:07.0000,2026-10-09T12:37:08.0000,0.8612,0.1303,-1.0000,-1.0000,-1.0000,-1.0000,-1.0000,-1.0000,-1.0000,-1.0000,-1.0000,-1.0000,-1.0000,-1.0000,-1.0000,-1.0000,-1.0000,-1.0000,-1.0000,-1.0000,NO-data
escena_1,2026-10-09T12:37:08.0000,2026-10-09T12:37:09.0000,0.8637,0.1343,-1.0000,-1.0000,-1.0000,-1.0000,-1.0000,-1.0000,-1.0000,-1.0000,-1.0000,-1.0000,-1.0000,-1.0000,-1.0000,-1.0000,-1.0000,-1.0000,-1.0000,-1.0000,NO-data
escena_1,2026-10-09T12:37:09.0000,2026-10-09T12:37:10.0000,0.8661,0.1382,-1.0000,-1.0000,-1.0000,-1.0000,-1.0000,-1.0000,-1.0000,-1.0000,-1.0000,-1.0000,-1.0000,-1.0000,-1.0000,-1.0000,-1.0000,-1.0000,-1.0000,-1.0000,NO-data
escena_1,2026-10-09T12:37:10.0000,2026-10-09T12:37:11.0000,0.8686,0.1421,-1.0000,-1.0000,-1.0000,-1.0000,-1.0000,-1.0000,-1.0000,-1.0000,-1.0000,-1.0000,-1.0000,-1.0000,-1.0000,-1.0000,-1.0000,-1.0000,-1.0000,-1.0000,NO-data
escena_1,2026-10-09T12:37:11.0000,2026-10-09T12:37:12.0000,0.8697,0.1426,440.0000,-101.5000,-1.0000,-1.0000,-1.0000,-1.0000,-1.0000,-1.0000,-1.0000,-1.0000,-1.0000,-1.0000,-1.0000,-1.0000,-1.0000,-1.0000,-1.0000,-1.0000,data
escena_1,2026-10-09T12:37:12.0000,2026-10-09T12:37:13.0000,0.8694,0.1393,446.0000,-110.5000,-1.0000,-1.0000,-1.0000,-1.0000,-1.0000,-1.0000,-1.0000,-1.0000,-1.0000,-1.0000,-1.0000,-1.0000,-1.0000,-1.0000,-1.0000,-1.0000,data
escena_1,2026-10-09T12:37:13.0000,2026-10-09T12:37:14.0000,0.8692,0.1360,-1.0000,-1.0000,-1.0000,-1.0000,-1.0000,-1.0000,-1.0000,-1.0000,-1.0000,-1.0000,-1.0000,-1.0000,-1.0000,-1.0000,-1.0000,-1.0000,-1.0000,-1.0000,NO-data
escena_1,2026-10-09T12:37:14.0000,2026-10-09T12:37:15.0000,0.8689,0.1327,-1.0000,-1.0000,-1.0000,-1.0000,-1.0000,-1.0000,-1.0000,-1.0000,-1.0000,-1.0000,-1.0000,-1.0000,-1.0000,-1.0000,-1.0000,-1.0000,-1.0000,-1.0000,NO-data
escena_1,2026-10-09T12:37:15.0000,2026-10-09T12:37:16.0000,0.8708,0.1331,-1.0000,-1.0000,-1.0000,-1.0000,-1.0000,-1.0000,-1.0000,-1.0000,-1.0000,-1.0000,-1.0000,-1.0000,-1.0000,-1.0000,-1.0000,-1.0000,-1.0000,-1.0000,NO-data
escena_1,2026-10-09T12:37:16.0000,2026-10-09T12:37:17.0000,0.8730,0.1342,-1.0000,-1.0000,-1.0000,-1.0000,-1.0000,-1.0000,-1.0000,-1.0000,-1.0000,-1.0000,-1.0000,-1.0000,-1.0000,-1.0000,-1.0000,-1.0000,-1.0000,-1.0000,NO-data
escena_1,2026-10-09T12:37:17.0000,2026-10-09T12:37:18.0000,0.8753,0.1352,-1.0000,-1.0000,-1.0000,-1.0000,-1.0000,-1.0000,-1.0000,-1.0000,-1.0000,-1.0000,-1.0000,-1.0000,-1.0000,-1.0000,-1.0000,-1.0000,-1.0000,-1.0000,NO-data
escena_1,2026-10-09T12:37:18.0000,2026-10-09T12:37:19.0000,0.8776,0.1363,-1.0000,-1.0000,-1.0000,-1.0000,-1.0000,-1.0000,-1.0000,-1.0000,-1.0000,-1.0000,-1.0000,-1.0000,-1.0000,-1.0000,-1.0000,-1.0000,-1.0000,-1.0000,NO-data
escena_1,2026-10-09T12:37:19.0000,2026-10-09T12:37:20.0000,0.8798,0.1374,-1.0000,-1.0000,-1.0000,-1.0000,-1.0000,-1.0000,-1.0000,-1.0000,-1.0000,-1.0000,-1.0000,-1.0000,-1.0000,-1.0000,-1.0000,-1.0000,-1.0000,-1.0000,NO-data
escena_1,2026-10-09T12:37:20.0000,2026-10-09T12:37:21.0000,0.8821,0.1385,-1.0000,-1.0000,-1.0000,-1.0000,-1.0000,-1.0000,-1.0000,-1.0000,-1.0000,-1.0000,-1.0000,-1.0000,-1.0000,-1.0000,-1.0000,-1.0000,-1.0000,-1.0000,NO-data
escena_1,2026-10-09T12:37:21.0000,2026-10-09T12:37:22.0000,0.8820,0.1398,-1.0000,-1.0000,-1.0000,-1.0000,-1.0000,-1.0000,-1.0000,-1.0000,-1.0000,-1.0000,-1.0000,-1.0000,-1.0000,-1.0000,-1.0000,-1.0000,-1.0000,-1.0000,NO-data
escena_1,2026-10-09T12:37:22.0000,2026-10-09T12:37:23.0000,0.8808,0.1412,-1.0000,-1.0000,-1.0000,-1.0000,-1.0000,-1.0000,-1.0000,-1.0000,-1.0000,-1.0000,-1.0000,-1.0000,-1.0000,-1.0000,-1.0000,-1.0000,-1.0000,-1.0000,NO-data
escena_1,2026-10-09T12:37:23.0000,2026-10-09T12:37:24.0000,0.8797,0.1426,-1.0000,-1.0000,-1.0000,-1.0000,-1.0000,-1.0000,-1.0000,-1.0000,-1.0000,-1.0000,-1.0000,-1.0000,-1.0000,-1.0000,-1.0000,-1.0000,-1.0000,-1.0000,NO-data
escena_1,2026-10-09T12:37:24.0000,2026-10-09T12:37:25.0000,0.8785,0.1440,-1.0000,-1.0000,-1.0000,-1.0000,-1.0000,-1.0000,-1.0000,-1.0000,-1.0000,-1.0000,-1.0000,-1.0000,-1.0000,-1.0000,-1.0000,-1.0000,-1.0000,-1.0000,NO-data
escena_1,2026-10-09T12:37:25.0000,2026-10-09T12:37:26.0000,0.8773,0.1454,-1.0000,-1.0000,-1.0000,-1.0000,-1.0000,-1.0000,-1.0000,-1.0000,-1.0000,-1.0000,-1.0000,-1.0000,-1.0000,-1.0000,-1.0000,-1.0000,-1.0000,-1.0000,NO-data
escena_1,2026-10-09T12:37:26.0000,2026-10-09T12:37:27.0000,0.8761,0.1468,-1.0000,-1.0000,-1.0000,-1.0000,-1.0000,-1.0000,-1.0000,-1.0000,-1.0000,-1.0000,-1.0000,-1.0000,-1.0000,-1.0000,-1.0000,-1.0000,-1.0000,-1.0000,NO-data
escena_1,2026-10-09T12:37:27.0000,2026-10-09T12:37:28.0000,0.8749,0.1482,-1.0000,-1.0000,-1.0000,-1.0000,-1.0000,-1.0000,-1.0000,-1.0000,-1.0000,-1.0000,-1.0000,-1.0000,-1.0000,-1.0000,-1.0000,-1.0000,-1.0000,-1.0000,NO-data
escena_1,2026-10-09T12:37:28.0000,2026-10-09T12:37:29.0000,0.8734,0.1495,-1.0000,-1.0000,-1.0000,-1.0000,-1.0000,-1.0000,-1.0000,-1.0000,-1.0000,-1.0000,-1.0000,-1.0000,-1.0000,-1.0000,-1.0000,-1.0000,-1.0000,-1.0000,NO-data
escena_1,2026-10-09T12:37:29.0000,2026-10-09T12:37:30.0000,0.8693,0.1499,-1.0000,-1.0000,-1.0000,-1.0000,-1.0000,-1.0000,-1.0000,-1.0000,-1.0000,-1.0000,-1.0000,-1.0000,-1.0000,-1.0000,-1.0000,-1.0000,-1.0000,-1.0000,NO-data
escena_1,2026-10-09T12:37:30.0000,2026-10-09T12:37:31.0000,0.8651,0.1502,425.0000,-101.5000,-1.0000,-1.0000,-1.0000,-1.0000,-1.0000,-1.0000,-1.0000,-1.0000,-1.0000,-1.0000,-1.0000,-1.0000,-1.0000,-1.0000,-1.0000,-1.0000,data
escena_1,2026-10-09T12:37:31.0000,2026-10-09T12:37:32.0000,0.8610,0.1505,-1.0000,-1.0000,-1.0000,-1.0000,-1.0000,-1.0000,-1.0000,-1.0000,219.0000,-81.0000,-1.0000,-1.0000,-1.0000,-1.0000,-1.0000,-1.0000,-1.0000,-1.0000,data
escena_1,2026-10-09T12:37:32.0000,2026-10-09T12:37:33.0000,0.8569,0.1508,-1.0000,-1.0000,-1.0000,-1.0000,-1.0000,-1.0000,-1.0000,-1.0000,-1.0000,-1.0000,-1.0000,-1.0000,-1.0000,-1.0000,-1.0000,-1.0000,-1.0000,-1.0000,NO-data
escena_1,2026-10-09T12:37:33.0000,2026-10-09T12:37:34.0000,0.8504,0.1494,-1.0000,-1.0000,-1.0000,-1.0000,-1.0000,-1.0000,-1.0000,-1.0000,-1.0000,-1.0000,-1.0000,-1.0000,-1.0000,-1.0000,-1.0000,-1.0000,-1.0000,-1.0000,NO-data
escena_1,2026-10-09T12:37:34.0000,2026-10-09T12:37:35.0000,0.8439,0.1480,-1.0000,-1.0000,-1.0000,-1.0000,-1.0000,-1.0000,-1.0000,-1.0000,-1.0000,-1.0000,-1.0000,-1.0000,-1.0000,-1.0000,-1.0000,-1.0000,-1.0000,-1.0000,NO-data
escena_1,2026-10-09T12:37:35.0000,2026-10-09T12:37:36.0000,0.8374,0.1465,-1.0000,-1.0000,-1.0000,-1.0000,-1.0000,-1.0000,-1.0000,-1.0000,-1.0000,-1.0000,-1.0000,-1.0000,-1.0000,-1.0000,-1.0000,-1.0000,-1.0000,-1.0000,NO-data
escena_1,2026-10-09T12:37:36.0000,2026-10-09T12:37:37.0000,0.8309,0.1451,-1.0000,-1.0000,-1.0000,-1.0000,-1.0000,-1.0000,-1.0000,-1.0000,-1.0000,-1.0000,-1.0000,-1.0000,-1.0000,-1.0000,-1.0000,-1.0000,-1.0000,-1.0000,NO-data
escena_1,2026-10-09T12:37:37.0000,2026-10-09T12:37:38.0000,0.8244,0.1436,-1.0000,-1.0000,-1.0000,-1.0000,-1.0000,-1.0000,-1.0000,-1.0000,-1.0000,-1.0000,-1.0000,-1.0000,77.0000,-69.5000,-1.0000,-1.0000,-1.0000,-1.0000,data
escena_1,2026-10-09T12:37:38.0000,2026-10-09T12:37:39.0000,0.8179,0.1422,-1.0000,-1.0000,-1.0000,-1.0000,-1.0000,-1.0000,-1.0000,-1.0000,-1.0000,-1.0000,-1.0000,-1.0000,-1.0000,-1.0000,-1.0000,-1.0000,-1.0000,-1.0000,NO-data
escena_1,2026-10-09T12:37:39.0000,2026-10-09T12:37:40.0000,0.8115,0.1407,-1.0000,-1.0000,-1.0000,-1.0000,-1.0000,-1.0000,-1.0000,-1.0000,-1.0000,-1.0000,-1.0000,-1.0000,-1.0000,-1.0000,-1.0000,-1.0000,-1.0000,-1.0000,NO-data
escena_1,2026-10-09T12:37:40.0000,2026-10-09T12:37:41.0000,0.8050,0.1393,-1.0000,-1.0000,-1.0000,-1.0000,-1.0000,-1.0000,-1.0000,-1.0000,-1.0000,-1.0000,-1.0000,-1.0000,-1.0000,-1.0000,-1.0000,-1.0000,-1.0000,-1.0000,NO-data
escena_1,2026-10-09T12:37:41.0000,2026-10-09T12:37:42.0000,0.7985,0.1379,-1.0000,-1.0000,-1.0000,-1.0000,-1.0000,-1.0000,-1.0000,-1.0000,-1.0000,-1.0000,-1.0000,-1.0000,-1.0000,-1.0000,-1.0000,-1.0000,-1.0000,-1.0000,NO-data
escena_1,2026-10-09T12:37:42.0000,2026-10-09T12:37:43.0000,0.7920,0.1364,-1.0000,-1.0000,-1.0000,-1.0000,-1.0000,-1.0000,-1.0000,-1.0000,-1.0000,-1.0000,-1.0000,-1.0000,-1.0000,-1.0000,-1.0000,-1.0000,-1.0000,-1.0000,NO-data
escena_1,2026-10-09T12:37:43.0000,2026-10-09T12:37:44.0000,0.7855,0.1350,-1.0000,-1.0000,-1.0000,-1.0000,-1.0000,-1.0000,-1.0000,-1.0000,-1.0000,-1.0000,-1.0000,-1.0000,-1.0000,-1.0000,-1.0000,-1.0000,-1.0000,-1.0000,NO-data
escena_1,2026-10-09T12:37:44.0000,2026-10-09T12:37:45.0000,0.7625,0.1397,-1.0000,-1.0000,-1.0000,-1.0000,-1.0000,-1.0000,-1.0000,-1.0000,409.0000,-88.0000,-1.0000,-1.0000,-1.0000,-1.0000,-1.0000,-1.0000,-1.0000,-1.0000,data
escena_1,2026-10-09T12:37:45.0000,2026-10-09T12:37:46.0000,0.7375,0.1451,-1.0000,-1.0000,-1.0000,-1.0000,-1.0000,-1.0000,-1.0000,-1.0000,-1.0000,-1.0000,505.0000,-84.0000,-1.0000,-1.0000,-1.0000,-1.0000,-1.0000,-1.0000,data
escena_1,2026-10-09T12:37:46.0000,2026-10-09T12:37:47.0000,0.7126,0.1505,-1.0000,-1.0000,-1.0000,-1.0000,-1.0000,-1.0000,-1.0000,-1.0000,-1.0000,-1.0000,-1.0000,-1.0000,-1.0000,-1.0000,-1.0000,-1.0000,-1.0000,-1.0000,NO-data
escena_1,2026-10-09T12:37:47.0000,2026-10-09T12:37:48.0000,0.7336,0.1989,-1.0000,-1.0000,-1.0000,-1.0000,-1.0000,-1.0000,-1.0000,-1.0000,-1.0000,-1.0000,-1.0000,-1.0000,-1.0000,-1.0000,-1.0000,-1.0000,-1.0000,-1.0000,NO-data
escena_1,2026-10-09T12:37:48.0000,2026-10-09T12:37:49.0000,0.7834,0.2375,-1.0000,-1.0000,-1.0000,-1.0000,-1.0000,-1.0000,-1.0000,-1.0000,-1.0000,-1.0000,-1.0000,-1.0000,-1.0000,-1.0000,-1.0000,-1.0000,-1.0000,-1.0000,NO-data
escena_1,2026-10-09T12:37:49.0000,2026-10-09T12:37:50.0000,0.8900,0.2376,-1.0000,-1.0000,-1.0000,-1.0000,-1.0000,-1.0000,-1.0000,-1.0000,-1.0000,-1.0000,-1.0000,-1.0000,-1.0000,-1.0000,-1.0000,-1.0000,-1.0000,-1.0000,NO-data
escena_1,2026-10-09T12:37:50.0000,2026-10-09T12:37:51.0000,0.8980,0.2386,-1.0000,-1.0000,-1.0000,-1.0000,-1.0000,-1.0000,-1.0000,-1.0000,-1.0000,-1.0000,-1.0000,-1.0000,-1.0000,-1.0000,-1.0000,-1.0000,-1.0000,-1.0000,NO-data
escena_1,2026-10-09T12:37:51.0000,2026-10-09T12:37:52.0000,0.9004,0.2548,336.0000,-101.0000,-1.0000,-1.0000,-1.0000,-1.0000,-1.0000,-1.0000,-1.0000,-1.0000,-1.0000,-1.0000,-1.0000,-1.0000,-1.0000,-1.0000,-1.0000,-1.0000,data
escena_1,2026-10-09T12:37:52.0000,2026-10-09T12:37:53.0000,0.8994,0.2647,-1.0000,-1.0000,-1.0000,-1.0000,-1.0000,-1.0000,-1.0000,-1.0000,-1.0000,-1.0000,-1.0000,-1.0000,-1.0000,-1.0000,-1.0000,-1.0000,-1.0000,-1.0000,NO-data
escena_1,2026-10-09T12:37:53.0000,2026-10-09T12:37:54.0000,0.8953,0.2551,-1.0000,-1.0000,-1.0000,-1.0000,-1.0000,-1.0000,-1.0000,-1.0000,-1.0000,-1.0000,-1.0000,-1.0000,243.0000,-78.0000,-1.0000,-1.0000,-1.0000,-1.0000,data
escena_1,2026-10-09T12:37:54.0000,2026-10-09T12:37:55.0000,0.8925,0.2496,-1.0000,-1.0000,-1.0000,-1.0000,-1.0000,-1.0000,-1.0000,-1.0000,-1.0000,-1.0000,-1.0000,-1.0000,240.0000,-75.5000,-1.0000,-1.0000,-1.0000,-1.0000,data
escena_1,2026-10-09T12:37:55.0000,2026-10-09T12:37:56.0000,0.8918,0.2497,-1.0000,-1.0000,-1.0000,-1.0000,-1.0000,-1.0000,-1.0000,-1.0000,-1.0000,-1.0000,-1.0000,-1.0000,-1.0000,-1.0000,-1.0000,-1.0000,-1.0000,-1.0000,NO-data
escena_1,2026-10-09T12:37:56.0000,2026-10-09T12:37:57.0000,0.8911,0.2499,-1.0000,-1.0000,-1.0000,-1.0000,-1.0000,-1.0000,-1.0000,-1.0000,-1.0000,-1.0000,-1.0000,-1.0000,-1.0000,-1.0000,-1.0000,-1.0000,-1.0000,-1.0000,NO-data
escena_1,2026-10-09T12:37:57.0000,2026-10-09T12:37:58.0000,0.8904,0.2500,-1.0000,-1.0000,-1.0000,-1.0000,-1.0000,-1.0000,-1.0000,-1.0000,-1.0000,-1.0000,-1.0000,-1.0000,-1.0000,-1.0000,-1.0000,-1.0000,-1.0000,-1.0000,NO-data
escena_1,2026-10-09T12:37:58.0000,2026-10-09T12:37:59.0000,0.8897,0.2502,-1.0000,-1.0000,-1.0000,-1.0000,-1.0000,-1.0000,-1.0000,-1.0000,-1.0000,-1.0000,-1.0000,-1.0000,-1.0000,-1.0000,-1.0000,-1.0000,-1.0000,-1.0000,NO-data
escena_1,2026-10-09T12:37:59.0000,2026-10-09T12:38:00.0000,0.8889,0.2504,-1.0000,-1.0000,-1.0000,-1.0000,-1.0000,-1.0000,-1.0000,-1.0000,-1.0000,-1.0000,-1.0000,-1.0000,-1.0000,-1.0000,-1.0000,-1.0000,-1.0000,-1.0000,NO-data
escena_1,2026-10-09T12:38:00.0000,2026-10-09T12:38:01.0000,0.8882,0.2505,-1.0000,-1.0000,-1.0000,-1.0000,-1.0000,-1.0000,-1.0000,-1.0000,-1.0000,-1.0000,-1.0000,-1.0000,-1.0000,-1.0000,-1.0000,-1.0000,-1.0000,-1.0000,NO-data
escena_1,2026-10-09T12:38:01.0000,2026-10-09T12:38:02.0000,0.8875,0.2507,-1.0000,-1.0000,-1.0000,-1.0000,-1.0000,-1.0000,-1.0000,-1.0000,-1.0000,-1.0000,-1.0000,-1.0000,-1.0000,-1.0000,-1.0000,-1.0000,420.0000,-101.5000,data
escena_1,2026-10-09T12:38:02.0000,2026-10-09T12:38:03.0000,0.8867,0.2504,-1.0000,-1.0000,-1.0000,-1.0000,-1.0000,-1.0000,-1.0000,-1.0000,131.0000,-79.0000,-1.0000,-1.0000,-1.0000,-1.0000,-1.0000,-1.0000,-1.0000,-1.0000,data
escena_1,2026-10-09T12:38:03.0000,2026-10-09T12:38:04.0000,0.8847,0.2459,-1.0000,-1.0000,-1.0000,-1.0000,610.0000,-101.0000,-1.0000,-1.0000,-1.0000,-1.0000,-1.0000,-1.0000,-1.0000,-1.0000,-1.0000,-1.0000,-1.0000,-1.0000,data
escena_1,2026-10-09T12:38:04.0000,2026-10-09T12:38:05.0000,0.8829,0.2415,-1.0000,-1.0000,-1.0000,-1.0000,-1.0000,-1.0000,-1.0000,-1.0000,-1.0000,-1.0000,-1.0000,-1.0000,193.0000,-75.0000,-1.0000,-1.0000,-1.0000,-1.0000,data
escena_1,2026-10-09T12:38:05.0000,2026-10-09T12:38:06.0000,0.8836,0.2425,324.0000,-83.5000,-1.0000,-1.0000,-1.0000,-1.0000,-1.0000,-1.0000,162.0000,-79.0000,-1.0000,-1.0000,-1.0000,-1.0000,-1.0000,-1.0000,-1.0000,-1.0000,data
escena_1,2026-10-09T12:38:06.0000,2026-10-09T12:38:07.0000,0.8843,0.2435,-1.0000,-1.0000,-1.0000,-1.0000,-1.0000,-1.0000,-1.0000,-1.0000,-1.0000,-1.0000,-1.0000,-1.0000,-1.0000,-1.0000,-1.0000,-1.0000,-1.0000,-1.0000,NO-data
escena_1,2026-10-09T12:38:07.0000,2026-10-09T12:38:08.0000,0.8851,0.2445,-1.0000,-1.0000,-1.0000,-1.0000,-1.0000,-1.0000,-1.0000,-1.0000,-1.0000,-1.0000,-1.0000,-1.0000,-1.0000,-1.0000,-1.0000,-1.0000,-1.0000,-1.0000,NO-data
escena_1,2026-10-09T12:38:08.0000,2026-10-09T12:38:09.0000,0.8858,0.2455,-1.0000,-1.0000,-1.0000,-1.0000,-1.0000,-1.0000,-1.0000,-1.0000,-1.0000,-1.0000,554.0000,-101.5000,-1.0000,-1.0000,-1.0000,-1.0000,-1.0000,-1.0000,data
escena_1,2026-10-09T12:38:09.0000,2026-10-09T12:38:10.0000,0.8858,0.2455,-1.0000,-1.0000,-1.0000,-1.0000,-1.0000,-1.0000,-1.0000,-1.0000,-1.0000,-1.0000,-1.0000,-1.0000,-1.0000,-1.0000,-1.0000,-1.0000,-1.0000,-1.0000,NO-data
escena_1,2026-10-09T12:38:10.0000,2026-10-09T12:38:11.0000,0.8858,0.2455,-1.0000,-1.0000,-1.0000,-1.0000,-1.0000,-1.0000,-1.0000,-1.0000,-1.0000,-1.0000,-1.0000,-1.0000,-1.0000,-1.0000,-1.0000,-1.0000,-1.0000,-1.0000,NO-data
escena_1,2026-10-09T12:38:11.0000,2026-10-09T12:38:12.0000,0.8858,0.2455,-1.0000,-1.0000,-1.0000,-1.0000,-1.0000,-1.0000,-1.0000,-1.0000,-1.0000,-1.0000,-1.0000,-1.0000,211.0000,-74.5000,-1.0000,-1.0000,-1.0000,-1.0000,data
escena_1,2026-10-09T12:38:12.0000,2026-10-09T12:38:13.0000,0.8858,0.2455,-1.0000,-1.0000,-1.0000,-1.0000,-1.0000,-1.0000,-1.0000,-1.0000,-1.0000,-1.0000,-1.0000,-1.0000,217.0000,-75.0000,-1.0000,-1.0000,-1.0000,-1.0000,data
escena_1,2026-10-09T12:38:13.0000,2026-10-09T12:38:14.0000,0.8858,0.2455,-1.0000,-1.0000,-1.0000,-1.0000,-1.0000,-1.0000,-1.0000,-1.0000,96.0000,-78.5000,-1.0000,-1.0000,-1.0000,-1.0000,-1.0000,-1.0000,-1.0000,-1.0000,data
escena_1,2026-10-09T12:38:14.0000,2026-10-09T12:38:15.0000,0.8858,0.2455,-1.0000,-1.0000,-1.0000,-1.0000,-1.0000,-1.0000,-1.0000,-1.0000,-1.0000,-1.0000,-1.0000,-1.0000,-1.0000,-1.0000,-1.0000,-1.0000,-1.0000,-1.0000,NO-data
escena_1,2026-10-09T12:38:15.0000,2026-10-09T12:38:16.0000,0.8858,0.2455,-1.0000,-1.0000,-1.0000,-1.0000,-1.0000,-1.0000,-1.0000,-1.0000,-1.0000,-1.0000,-1.0000,-1.0000,-1.0000,-1.0000,-1.0000,-1.0000,-1.0000,-1.0000,NO-data
escena_1,2026-10-09T12:38:16.0000,2026-10-09T12:38:17.0000,0.8855,0.2455,-1.0000,-1.0000,-1.0000,-1.0000,-1.0000,-1.0000,-1.0000,-1.0000,-1.0000,-1.0000,-1.0000,-1.0000,-1.0000,-1.0000,-1.0000,-1.0000,-1.0000,-1.0000,NO-data
escena_1,2026-10-09T12:38:17.0000,2026-10-09T12:38:18.0000,0.8750,0.2466,-1.0000,-1.0000,-1.0000,-1.0000,-1.0000,-1.0000,-1.0000,-1.0000,-1.0000,-1.0000,-1.0000,-1.0000,-1.0000,-1.0000,-1.0000,-1.0000,-1.0000,-1.0000,NO-data
escena_1,2026-10-09T12:38:18.0000,2026-10-09T12:38:19.0000,0.8646,0.2477,-1.0000,-1.0000,-1.0000,-1.0000,-1.0000,-1.0000,-1.0000,-1.0000,-1.0000,-1.0000,-1.0000,-1.0000,-1.0000,-1.0000,-1.0000,-1.0000,-1.0000,-1.0000,NO-data
escena_1,2026-10-09T12:38:19.0000,2026-10-09T12:38:20.0000,0.8542,0.2488,-1.0000,-1.0000,-1.0000,-1.0000,-1.0000,-1.0000,-1.0000,-1.0000,-1.0000,-1.0000,-1.0000,-1.0000,-1.0000,-1.0000,-1.0000,-1.0000,-1.0000,-1.0000,NO-data
escena_1,2026-10-09T12:38:20.0000,2026-10-09T12:38:21.0000,0.8438,0.2499,-1.0000,-1.0000,-1.0000,-1.0000,-1.0000,-1.0000,-1.0000,-1.0000,-1.0000,-1.0000,-1.0000,-1.0000,-1.0000,-1.0000,-1.0000,-1.0000,-1.0000,-1.0000,NO-data
escena_1,2026-10-09T12:38:21.0000,2026-10-09T12:38:22.0000,0.8334,0.2510,-1.0000,-1.0000,-1.0000,-1.0000,-1.0000,-1.0000,-1.0000,-1.0000,-1.0000,-1.0000,-1.0000,-1.0000,-1.0000,-1.0000,-1.0000,-1.0000,-1.0000,-1.0000,NO-data
escena_1,2026-10-09T12:38:22.0000,2026-10-09T12:38:23.0000,0.8229,0.2520,454.0000,-89.0000,-1.0000,-1.0000,-1.0000,-1.0000,-1.0000,-1.0000,-1.0000,-1.0000,-1.0000,-1.0000,-1.0000,-1.0000,-1.0000,-1.0000,-1.0000,-1.0000,data
escena_1,2026-10-09T12:38:23.0000,2026-10-09T12:38:24.0000,0.8125,0.2531,-1.0000,-1.0000,-1.0000,-1.0000,-1.0000,-1.0000,-1.0000,-1.0000,-1.0000,-1.0000,-1.0000,-1.0000,-1.0000,-1.0000,-1.0000,-1.0000,-1.0000,-1.0000,NO-data
escena_1,2026-10-09T12:38:24.0000,2026-10-09T12:38:25.0000,0.7428,0.2002,-1.0000,-1.0000,-1.0000,-1.0000,-1.0000,-1.0000,-1.0000,-1.0000,-1.0000,-1.0000,-1.0000,-1.0000,-1.0000,-1.0000,-1.0000,-1.0000,-1.0000,-1.0000,NO-data
escena_1,2026-10-09T12:38:25.0000,2026-10-09T12:38:26.0000,0.7321,0.1897,-1.0000,-1.0000,-1.0000,-1.0000,-1.0000,-1.0000,-1.0000,-1.0000,-1.0000,-1.0000,-1.0000,-1.0000,-1.0000,-1.0000,-1.0000,-1.0000,-1.0000,-1.0000,NO-data
escena_1,2026-10-09T12:38:26.0000,2026-10-09T12:38:27.0000,0.7370,0.1915,-1.0000,-1.0000,-1.0000,-1.0000,-1.0000,-1.0000,-1.0000,-1.0000,-1.0000,-1.0000,-1.0000,-1.0000,-1.0000,-1.0000,-1.0000,-1.0000,-1.0000,-1.0000,NO-data
escena_1,2026-10-09T12:38:27.0000,2026-10-09T12:38:28.0000,0.7420,0.1933,-1.0000,-1.0000,-1.0000,-1.0000,-1.0000,-1.0000,-1.0000,-1.0000,-1.0000,-1.0000,-1.0000,-1.0000,-1.0000,-1.0000,-1.0000,-1.0000,-1.0000,-1.0000,NO-data
escena_1,2026-10-09T12:38:28.0000,2026-10-09T12:38:29.0000,0.7469,0.1950,-1.0000,-1.0000,-1.0000,-1.0000,-1.0000,-1.0000,-1.0000,-1.0000,-1.0000,-1.0000,-1.0000,-1.0000,-1.0000,-1.0000,-1.0000,-1.0000,-1.0000,-1.0000,NO-data
escena_1,2026-10-09T12:38:29.0000,2026-10-09T12:38:30.0000,0.7519,0.1968,-1.0000,-1.0000,-1.0000,-1.0000,-1.0000,-1.0000,-1.0000,-1.0000,-1.0000,-1.0000,-1.0000,-1.0000,-1.0000,-1.0000,-1.0000,-1.0000,-1.0000,-1.0000,NO-data
escena_1,2026-10-09T12:38:30.0000,2026-10-09T12:38:31.0000,0.7568,0.1986,-1.0000,-1.0000,-1.0000,-1.0000,-1.0000,-1.0000,-1.0000,-1.0000,-1.0000,-1.0000,-1.0000,-1.0000,-1.0000,-1.0000,-1.0000,-1.0000,-1.0000,-1.0000,NO-data
escena_1,2026-10-09T12:38:31.0000,2026-10-09T12:38:32.0000,0.7618,0.2004,-1.0000,-1.0000,-1.0000,-1.0000,-1.0000,-1.0000,-1.0000,-1.0000,-1.0000,-1.0000,-1.0000,-1.0000,-1.0000,-1.0000,-1.0000,-1.0000,-1.0000,-1.0000,NO-data
escena_1,2026-10-09T12:38:32.0000,2026-10-09T12:38:33.0000,0.7668,0.2022,-1.0000,-1.0000,-1.0000,-1.0000,-1.0000,-1.0000,-1.0000,-1.0000,-1.0000,-1.0000,-1.0000,-1.0000,-1.0000,-1.0000,-1.0000,-1.0000,-1.0000,-1.0000,NO-data
escena_1,2026-10-09T12:38:33.0000,2026-10-09T12:38:34.0000,0.7717,0.2039,-1.0000,-1.0000,-1.0000,-1.0000,-1.0000,-1.0000,-1.0000,-1.0000,-1.0000,-1.0000,-1.0000,-1.0000,-1.0000,-1.0000,-1.0000,-1.0000,-1.0000,-1.0000,NO-data
escena_1,2026-10-09T12:38:34.0000,2026-10-09T12:38:35.0000,0.7767,0.2057,-1.0000,-1.0000,-1.0000,-1.0000,-1.0000,-1.0000,-1.0000,-1.0000,-1.0000,-1.0000,-1.0000,-1.0000,-1.0000,-1.0000,-1.0000,-1.0000,-1.0000,-1.0000,NO-data
escena_1,2026-10-09T12:38:35.0000,2026-10-09T12:38:36.0000,0.7816,0.2075,-1.0000,-1.0000,-1.0000,-1.0000,-1.0000,-1.0000,-1.0000,-1.0000,-1.0000,-1.0000,-1.0000,-1.0000,-1.0000,-1.0000,-1.0000,-1.0000,413.0000,-92.0000,data
escena_1,2026-10-09T12:38:36.0000,2026-10-09T12:38:37.0000,0.7866,0.2093,-1.0000,-1.0000,-1.0000,-1.0000,-1.0000,-1.0000,-1.0000,-1.0000,-1.0000,-1.0000,-1.0000,-1.0000,-1.0000,-1.0000,-1.0000,-1.0000,-1.0000,-1.0000,NO-data
escena_1,2026-10-09T12:38:37.0000,2026-10-09T12:38:38.0000,0.7915,0.2111,-1.0000,-1.0000,-1.0000,-1.0000,-1.0000,-1.0000,-1.0000,-1.0000,-1.0000,-1.0000,-1.0000,-1.0000,-1.0000,-1.0000,-1.0000,-1.0000,-1.0000,-1.0000,NO-data
escena_1,2026-10-09T12:38:38.0000,2026-10-09T12:38:39.0000,0.7965,0.2129,366.0000,-90.5000,-1.0000,-1.0000,-1.0000,-1.0000,-1.0000,-1.0000,-1.0000,-1.0000,-1.0000,-1.0000,-1.0000,-1.0000,-1.0000,-1.0000,-1.0000,-1.0000,data
escena_1,2026-10-09T12:38:39.0000,2026-10-09T12:38:40.0000,0.8014,0.2146,-1.0000,-1.0000,-1.0000,-1.0000,-1.0000,-1.0000,-1.0000,-1.0000,-1.0000,-1.0000,-1.0000,-1.0000,-1.0000,-1.0000,-1.0000,-1.0000,-1.0000,-1.0000,NO-data
escena_1,2026-10-09T12:38:40.0000,2026-10-09T12:38:41.0000,0.8064,0.2164,-1.0000,-1.0000,-1.0000,-1.0000,-1.0000,-1.0000,-1.0000,-1.0000,-1.0000,-1.0000,-1.0000,-1.0000,-1.0000,-1.0000,-1.0000,-1.0000,-1.0000,-1.0000,NO-data
escena_1,2026-10-09T12:38:41.0000,2026-10-09T12:38:42.0000,0.8114,0.2182,-1.0000,-1.0000,-1.0000,-1.0000,-1.0000,-1.0000,-1.0000,-1.0000,-1.0000,-1.0000,-1.0000,-1.0000,-1.0000,-1.0000,-1.0000,-1.0000,-1.0000,-1.0000,NO-data
escena_1,2026-10-09T12:38:42.0000,2026-10-09T12:38:43.0000,0.8163,0.2200,-1.0000,-1.0000,-1.0000,-1.0000,-1.0000,-1.0000,-1.0000,-1.0000,-1.0000,-1.0000,-1.0000,-1.0000,-1.0000,-1.0000,-1.0000,-1.0000,-1.0000,-1.0000,NO-data
escena_1,2026-10-09T12:38:43.0000,2026-10-09T12:38:44.0000,0.8213,0.2218,316.0000,-83.0000,-1.0000,-1.0000,-1.0000,-1.0000,-1.0000,-1.0000,-1.0000,-1.0000,-1.0000,-1.0000,-1.0000,-1.0000,-1.0000,-1.0000,-1.0000,-1.0000,data
escena_1,2026-10-09T12:38:44.0000,2026-10-09T12:38:45.0000,0.8262,0.2236,-1.0000,-1.0000,-1.0000,-1.0000,-1.0000,-1.0000,-1.0000,-1.0000,-1.0000,-1.0000,-1.0000,-1.0000,-1.0000,-1.0000,-1.0000,-1.0000,-1.0000,-1.0000,NO-data
escena_1,2026-10-09T12:38:45.0000,2026-10-09T12:38:46.0000,0.8312,0.2253,-1.0000,-1.0000,-1.0000,-1.0000,-1.0000,-1.0000,-1.0000,-1.0000,-1.0000,-1.0000,-1.0000,-1.0000,-1.0000,-1.0000,-1.0000,-1.0000,-1.0000,-1.0000,NO-data
escena_1,2026-10-09T12:38:46.0000,2026-10-09T12:38:47.0000,0.8361,0.2271,-1.0000,-1.0000,-1.0000,-1.0000,-1.0000,-1.0000,-1.0000,-1.0000,-1.0000,-1.0000,-1.0000,-1.0000,-1.0000,-1.0000,-1.0000,-1.0000,-1.0000,-1.0000,NO-data
escena_1,2026-10-09T12:38:47.0000,2026-10-09T12:38:48.0000,0.8411,0.2289,-1.0000,-1.0000,-1.0000,-1.0000,-1.0000,-1.0000,-1.0000,-1.0000,-1.0000,-1.0000,-1.0000,-1.0000,-1.0000,-1.0000,-1.0000,-1.0000,-1.0000,-1.0000,NO-data
escena_1,2026-10-09T12:38:48.0000,2026-10-09T12:38:49.0000,0.8460,0.2307,-1.0000,-1.0000,-1.0000,-1.0000,-1.0000,-1.0000,-1.0000,-1.0000,-1.0000,-1.0000,-1.0000,-1.0000,-1.0000,-1.0000,-1.0000,-1.0000,-1.0000,-1.0000,NO-data
escena_1,2026-10-09T12:38:49.0000,2026-10-09T12:38:50.0000,0.8510,0.2325,-1.0000,-1.0000,-1.0000,-1.0000,-1.0000,-1.0000,-1.0000,-1.0000,-1.0000,-1.0000,-1.0000,-1.0000,-1.0000,-1.0000,-1.0000,-1.0000,-1.0000,-1.0000,NO-data
escena_1,2026-10-09T12:38:50.0000,2026-10-09T12:38:51.0000,0.8560,0.2342,-1.0000,-1.0000,-1.0000,-1.0000,571.0000,-92.0000,-1.0000,-1.0000,-1.0000,-1.0000,-1.0000,-1.0000,-1.0000,-1.0000,-1.0000,-1.0000,-1.0000,-1.0000,data
escena_1,2026-10-09T12:38:51.0000,2026-10-09T12:38:52.0000,0.8609,0.2360,-1.0000,-1.0000,-1.0000,-1.0000,-1.0000,-1.0000,-1.0000,-1.0000,-1.0000,-1.0000,-1.0000,-1.0000,-1.0000,-1.0000,-1.0000,-1.0000,-1.0000,-1.0000,NO-data
escena_1,2026-10-09T12:38:52.0000,2026-10-09T12:38:53.0000,0.8659,0.2378,-1.0000,-1.0000,-1.0000,-1.0000,-1.0000,-1.0000,-1.0000,-1.0000,-1.0000,-1.0000,-1.0000,-1.0000,-1.0000,-1.0000,-1.0000,-1.0000,-1.0000,-1.0000,NO-data
escena_1,2026-10-09T12:38:53.0000,2026-10-09T12:38:54.0000,0.8708,0.2396,-1.0000,-1.0000,-1.0000,-1.0000,-1.0000,-1.0000,-1.0000,-1.0000,-1.0000,-1.0000,-1.0000,-1.0000,-1.0000,-1.0000,-1.0000,-1.0000,-1.0000,-1.0000,NO-data
escena_1,2026-10-09T12:38:54.0000,2026-10-09T12:38:55.0000,0.8758,0.2414,-1.0000,-1.0000,-1.0000,-1.0000,-1.0000,-1.0000,-1.0000,-1.0000,-1.0000,-1.0000,-1.0000,-1.0000,-1.0000,-1.0000,-1.0000,-1.0000,-1.0000,-1.0000,NO-data
escena_1,2026-10-09T12:38:55.0000,2026-10-09T12:38:55.0000,0.8790,0.2426,-1.0000,-1.0000,-1.0000,-1.0000,-1.0000,-1.0000,-1.0000,-1.0000,-1.0000,-1.0000,-1.0000,-1.0000,-1.0000,-1.0000,-1.0000,-1.0000,-1.0000,-1.0000,NO-data
escena_2,2026-10-09T12:39:09.0000,2026-10-09T12:39:10.0000,0.8836,0.2455,-1.0000,-1.0000,-1.0000,-1.0000,-1.0000,-1.0000,-1.0000,-1.0000,101.0000,-76.0000,-1.0000,-1.0000,-1.0000,-1.0000,-1.0000,-1.0000,-1.0000,-1.0000,data
escena_2,2026-10-09T12:39:10.0000,2026-10-09T12:39:11.0000,0.8831,0.2456,-1.0000,-1.0000,-1.0000,-1.0000,-1.0000,-1.0000,-1.0000,-1.0000,-1.0000,-1.0000,-1.0000,-1.0000,210.0000,-78.0000,-1.0000,-1.0000,383.0000,-92.0000,data
escena_2,2026-10-09T12:39:11.0000,2026-10-09T12:39:12.0000,0.8826,0.2457,-1.0000,-1.0000,-1.0000,-1.0000,-1.0000,-1.0000,-1.0000,-1.0000,-1.0000,-1.0000,-1.0000,-1.0000,-1.0000,-1.0000,-1.0000,-1.0000,-1.0000,-1.0000,NO-data
escena_2,2026-10-09T12:39:12.0000,2026-10-09T12:39:13.0000,0.8822,0.2458,-1.0000,-1.0000,-1.0000,-1.0000,552.0000,-88.0000,-1.0000,-1.0000,-1.0000,-1.0000,-1.0000,-1.0000,-1.0000,-1.0000,-1.0000,-1.0000,-1.0000,-1.0000,data
escena_2,2026-10-09T12:39:13.0000,2026-10-09T12:39:14.0000,0.8817,0.2459,-1.0000,-1.0000,-1.0000,-1.0000,-1.0000,-1.0000,-1.0000,-1.0000,-1.0000,-1.0000,-1.0000,-1.0000,-1.0000,-1.0000,-1.0000,-1.0000,-1.0000,-1.0000,NO-data
escena_2,2026-10-09T12:39:14.0000,2026-10-09T12:39:15.0000,0.8812,0.2460,-1.0000,-1.0000,-1.0000,-1.0000,-1.0000,-1.0000,-1.0000,-1.0000,-1.0000,-1.0000,-1.0000,-1.0000,-1.0000,-1.0000,-1.0000,-1.0000,-1.0000,-1.0000,NO-data
escena_2,2026-10-09T12:39:15.0000,2026-10-09T12:39:16.0000,0.8807,0.2461,-1.0000,-1.0000,-1.0000,-1.0000,-1.0000,-1.0000,-1.0000,-1.0000,-1.0000,-1.0000,-1.0000,-1.0000,-1.0000,-1.0000,-1.0000,-1.0000,-1.0000,-1.0000,NO-data
escena_2,2026-10-09T12:39:16.0000,2026-10-09T12:39:17.0000,0.8802,0.2462,-1.0000,-1.0000,-1.0000,-1.0000,-1.0000,-1.0000,-1.0000,-1.0000,-1.0000,-1.0000,-1.0000,-1.0000,-1.0000,-1.0000,-1.0000,-1.0000,-1.0000,-1.0000,NO-data
escena_2,2026-10-09T12:39:17.0000,2026-10-09T12:39:18.0000,0.8798,0.2463,-1.0000,-1.0000,-1.0000,-1.0000,-1.0000,-1.0000,-1.0000,-1.0000,-1.0000,-1.0000,-1.0000,-1.0000,-1.0000,-1.0000,-1.0000,-1.0000,-1.0000,-1.0000,NO-data
escena_2,2026-10-09T12:39:18.0000,2026-10-09T12:39:19.0000,0.8793,0.2464,-1.0000,-1.0000,-1.0000,-1.0000,-1.0000,-1.0000,-1.0000,-1.0000,-1.0000,-1.0000,-1.0000,-1.0000,-1.0000,-1.0000,-1.0000,-1.0000,-1.0000,-1.0000,NO-data
escena_2,2026-10-09T12:39:19.0000,2026-10-09T12:39:20.0000,0.8788,0.2465,-1.0000,-1.0000,-1.0000,-1.0000,-1.0000,-1.0000,-1.0000,-1.0000,-1.0000,-1.0000,-1.0000,-1.0000,-1.0000,-1.0000,-1.0000,-1.0000,-1.0000,-1.0000,NO-data
escena_2,2026-10-09T12:39:20.0000,2026-10-09T12:39:21.0000,0.8783,0.2466,-1.0000,-1.0000,-1.0000,-1.0000,-1.0000,-1.0000,-1.0000,-1.0000,-1.0000,-1.0000,-1.0000,-1.0000,-1.0000,-1.0000,-1.0000,-1.0000,-1.0000,-1.0000,NO-data
escena_2,2026-10-09T12:39:21.0000,2026-10-09T12:39:22.0000,0.8778,0.2466,-1.0000,-1.0000,-1.0000,-1.0000,-1.0000,-1.0000,-1.0000,-1.0000,-1.0000,-1.0000,-1.0000,-1.0000,-1.0000,-1.0000,-1.0000,-1.0000,-1.0000,-1.0000,NO-data
escena_2,2026-10-09T12:39:22.0000,2026-10-09T12:39:23.0000,0.8774,0.2467,-1.0000,-1.0000,-1.0000,-1.0000,-1.0000,-1.0000,-1.0000,-1.0000,-1.0000,-1.0000,-1.0000,-1.0000,-1.0000,-1.0000,-1.0000,-1.0000,-1.0000,-1.0000,NO-data
escena_2,2026-10-09T12:39:23.0000,2026-10-09T12:39:24.0000,0.8769,0.2468,-1.0000,-1.0000,-1.0000,-1.0000,-1.0000,-1.0000,-1.0000,-1.0000,-1.0000,-1.0000,-1.0000,-1.0000,-1.0000,-1.0000,-1.0000,-1.0000,-1.0000,-1.0000,NO-data
escena_2,2026-10-09T12:39:24.0000,2026-10-09T12:39:25.0000,0.8764,0.2442,-1.0000,-1.0000,-1.0000,-1.0000,-1.0000,-1.0000,-1.0000,-1.0000,-1.0000,-1.0000,-1.0000,-1.0000,-1.0000,-1.0000,-1.0000,-1.0000,-1.0000,-1.0000,NO-data
escena_2,2026-10-09T12:39:25.0000,2026-10-09T12:39:26.0000,0.8759,0.2414,-1.0000,-1.0000,-1.0000,-1.0000,-1.0000,-1.0000,-1.0000,-1.0000,-1.0000,-1.0000,-1.0000,-1.0000,-1.0000,-1.0000,-1.0000,-1.0000,-1.0000,-1.0000,NO-data
escena_2,2026-10-09T12:39:26.0000,2026-10-09T12:39:27.0000,0.8755,0.2386,-1.0000,-1.0000,-1.0000,-1.0000,-1.0000,-1.0000,-1.0000,-1.0000,-1.0000,-1.0000,-1.0000,-1.0000,-1.0000,-1.0000,-1.0000,-1.0000,-1.0000,-1.0000,NO-data
escena_2,2026-10-09T12:39:27.0000,2026-10-09T12:39:28.0000,0.8750,0.2358,-1.0000,-1.0000,-1.0000,-1.0000,-1.0000,-1.0000,-1.0000,-1.0000,-1.0000,-1.0000,-1.0000,-1.0000,-1.0000,-1.0000,-1.0000,-1.0000,-1.0000,-1.0000,NO-data
escena_2,2026-10-09T12:39:28.0000,2026-10-09T12:39:29.0000,0.8835,0.2401,-1.0000,-1.0000,-1.0000,-1.0000,-1.0000,-1.0000,-1.0000,-1.0000,-1.0000,-1.0000,-1.0000,-1.0000,-1.0000,-1.0000,-1.0000,-1.0000,-1.0000,-1.0000,NO-data
escena_2,2026-10-09T12:39:29.0000,2026-10-09T12:39:30.0000,0.8968,0.2481,-1.0000,-1.0000,-1.0000,-1.0000,-1.0000,-1.0000,-1.0000,-1.0000,-1.0000,-1.0000,-1.0000,-1.0000,-1.0000,-1.0000,-1.0000,-1.0000,-1.0000,-1.0000,NO-data
escena_2,2026-10-09T12:39:30.0000,2026-10-09T12:39:31.0000,0.8899,0.2482,-1.0000,-1.0000,-1.0000,-1.0000,-1.0000,-1.0000,-1.0000,-1.0000,-1.0000,-1.0000,518.0000,-92.0000,-1.0000,-1.0000,-1.0000,-1.0000,-1.0000,-1.0000,data
escena_2,2026-10-09T12:39:31.0000,2026-10-09T12:39:32.0000,0.8829,0.2482,-1.0000,-1.0000,-1.0000,-1.0000,-1.0000,-1.0000,-1.0000,-1.0000,-1.0000,-1.0000,-1.0000,-1.0000,-1.0000,-1.0000,-1.0000,-1.0000,-1.0000,-1.0000,NO-data
escena_2,2026-10-09T12:39:32.0000,2026-10-09T12:39:33.0000,0.8759,0.2482,-1.0000,-1.0000,-1.0000,-1.0000,575.0000,-127.5000,-1.0000,-1.0000,-1.0000,-1.0000,-1.0000,-1.0000,-1.0000,-1.0000,-1.0000,-1.0000,-1.0000,-1.0000,data
escena_2,2026-10-09T12:39:33.0000,2026-10-09T12:39:34.0000,0.8689,0.2482,-1.0000,-1.0000,-1.0000,-1.0000,-1.0000,-1.0000,-1.0000,-1.0000,135.0000,-76.0000,-1.0000,-1.0000,-1.0000,-1.0000,-1.0000,-1.0000,-1.0000,-1.0000,data
escena_2,2026-10-09T12:39:34.0000,2026-10-09T12:39:35.0000,0.8620,0.2482,-1.0000,-1.0000,-1.0000,-1.0000,-1.0000,-1.0000,-1.0000,-1.0000,-1.0000,-1.0000,-1.0000,-1.0000,217.0000,-75.5000,-1.0000,-1.0000,-1.0000,-1.0000,data
escena_2,2026-10-09T12:39:35.0000,2026-10-09T12:39:36.0000,0.8550,0.2482,-1.0000,-1.0000,-1.0000,-1.0000,-1.0000,-1.0000,-1.0000,-1.0000,-1.0000,-1.0000,-1.0000,-1.0000,-1.0000,-1.0000,-1.0000,-1.0000,-1.0000,-1.0000,NO-data
escena_2,2026-10-09T12:39:36.0000,2026-10-09T12:39:37.0000,0.8385,0.2484,-1.0000,-1.0000,-1.0000,-1.0000,-1.0000,-1.0000,-1.0000,-1.0000,-1.0000,-1.0000,429.0000,-88.0000,-1.0000,-1.0000,-1.0000,-1.0000,-1.0000,-1.0000,data
escena_2,2026-10-09T12:39:37.0000,2026-10-09T12:39:38.0000,0.8083,0.2490,-1.0000,-1.0000,-1.0000,-1.0000,-1.0000,-1.0000,-1.0000,-1.0000,-1.0000,-1.0000,411.0000,-90.5000,-1.0000,-1.0000,-1.0000,-1.0000,-1.0000,-1.0000,data
escena_2,2026-10-09T12:39:38.0000,2026-10-09T12:39:39.0000,0.7798,0.2495,295.0000,-88.5000,-1.0000,-1.0000,-1.0000,-1.0000,-1.0000,-1.0000,-1.0000,-1.0000,-1.0000,-1.0000,-1.0000,-1.0000,-1.0000,-1.0000,-1.0000,-1.0000,data
escena_2,2026-10-09T12:39:39.0000,2026-10-09T12:39:40.0000,0.7798,0.2495,-1.0000,-1.0000,-1.0000,-1.0000,-1.0000,-1.0000,-1.0000,-1.0000,-1.0000,-1.0000,406.0000,-88.0000,-1.0000,-1.0000,-1.0000,-1.0000,-1.0000,-1.0000,data
escena_2,2026-10-09T12:39:40.0000,2026-10-09T12:39:41.0000,0.7798,0.2495,-1.0000,-1.0000,-1.0000,-1.0000,442.0000,-86.5000,-1.0000,-1.0000,-1.0000,-1.0000,-1.0000,-1.0000,-1.0000,-1.0000,-1.0000,-1.0000,-1.0000,-1.0000,data
escena_2,2026-10-09T12:39:41.0000,2026-10-09T12:39:42.0000,0.7798,0.2495,-1.0000,-1.0000,-1.0000,-1.0000,-1.0000,-1.0000,764.0000,-87.0000,217.0000,-81.0000,-1.0000,-1.0000,-1.0000,-1.0000,-1.0000,-1.0000,-1.0000,-1.0000,data
escena_2,2026-10-09T12:39:42.0000,2026-10-09T12:39:43.0000,0.7798,0.2495,296.0000,-86.5000,-1.0000,-1.0000,-1.0000,-1.0000,-1.0000,-1.0000,-1.0000,-1.0000,-1.0000,-1.0000,-1.0000,-1.0000,-1.0000,-1.0000,-1.0000,-1.0000,data
escena_2,2026-10-09T12:39:43.0000,2026-10-09T12:39:44.0000,0.7798,0.2495,-1.0000,-1.0000,-1.0000,-1.0000,-1.0000,-1.0000,-1.0000,-1.0000,-1.0000,-1.0000,-1.0000,-1.0000,-1.0000,-1.0000,-1.0000,-1.0000,-1.0000,-1.0000,NO-data
escena_2,2026-10-09T12:39:44.0000,2026-10-09T12:39:45.0000,0.7798,0.2495,-1.0000,-1.0000,-1.0000,-1.0000,-1.0000,-1.0000,-1.0000,-1.0000,-1.0000,-1.0000,-1.0000,-1.0000,-1.0000,-1.0000,-1.0000,-1.0000,-1.0000,-1.0000,NO-data
escena_2,2026-10-09T12:39:45.0000,2026-10-09T12:39:46.0000,0.7798,0.2495,-1.0000,-1.0000,-1.0000,-1.0000,-1.0000,-1.0000,-1.0000,-1.0000,-1.0000,-1.0000,-1.0000,-1.0000,-1.0000,-1.0000,-1.0000,-1.0000,-1.0000,-1.0000,NO-data
escena_2,2026-10-09T12:39:46.0000,2026-10-09T12:39:47.0000,0.7798,0.2495,-1.0000,-1.0000,-1.0000,-1.0000,-1.0000,-1.0000,-1.0000,-1.0000,-1.0000,-1.0000,-1.0000,-1.0000,-1.0000,-1.0000,-1.0000,-1.0000,304.0000,-90.5000,data
escena_2,2026-10-09T12:39:47.0000,2026-10-09T12:39:48.0000,0.7668,0.2669,-1.0000,-1.0000,-1.0000,-1.0000,-1.0000,-1.0000,-1.0000,-1.0000,-1.0000,-1.0000,466.0000,-92.0000,-1.0000,-1.0000,-1.0000,-1.0000,-1.0000,-1.0000,data
escena_2,2026-10-09T12:39:48.0000,2026-10-09T12:39:49.0000,0.7469,0.2974,-1.0000,-1.0000,-1.0000,-1.0000,-1.0000,-1.0000,-1.0000,-1.0000,-1.0000,-1.0000,-1.0000,-1.0000,-1.0000,-1.0000,-1.0000,-1.0000,-1.0000,-1.0000,NO-data
escena_2,2026-10-09T12:39:49.0000,2026-10-09T12:39:50.0000,0.7477,0.3514,-1.0000,-1.0000,-1.0000,-1.0000,-1.0000,-1.0000,-1.0000,-1.0000,-1.0000,-1.0000,-1.0000,-1.0000,-1.0000,-1.0000,-1.0000,-1.0000,-1.0000,-1.0000,NO-data
escena_2,2026-10-09T12:39:50.0000,2026-10-09T12:39:51.0000,0.7478,0.3588,-1.0000,-1.0000,-1.0000,-1.0000,-1.0000,-1.0000,-1.0000,-1.0000,-1.0000,-1.0000,-1.0000,-1.0000,501.0000,-85.5000,-1.0000,-1.0000,-1.0000,-1.0000,data
escena_2,2026-10-09T12:39:51.0000,2026-10-09T12:39:52.0000,0.7478,0.3588,-1.0000,-1.0000,-1.0000,-1.0000,-1.0000,-1.0000,-1.0000,-1.0000,-1.0000,-1.0000,-1.0000,-1.0000,-1.0000,-1.0000,-1.0000,-1.0000,-1.0000,-1.0000,NO-data
escena_2,2026-10-09T12:39:52.0000,2026-10-09T12:39:53.0000,0.7478,0.3588,245.0000,-84.0000,-1.0000,-1.0000,-1.0000,-1.0000,-1.0000,-1.0000,-1.0000,-1.0000,-1.0000,-1.0000,-1.0000,-1.0000,-1.0000,-1.0000,-1.0000,-1.0000,data
escena_2,2026-10-09T12:39:53.0000,2026-10-09T12:39:54.0000,0.7478,0.3588,-1.0000,-1.0000,-1.0000,-1.0000,-1.0000,-1.0000,-1.0000,-1.0000,-1.0000,-1.0000,-1.0000,-1.0000,-1.0000,-1.0000,-1.0000,-1.0000,-1.0000,-1.0000,NO-data
escena_2,2026-10-09T12:39:54.0000,2026-10-09T12:39:55.0000,0.7478,0.3588,-1.0000,-1.0000,-1.0000,-1.0000,-1.0000,-1.0000,-1.0000,-1.0000,-1.0000,-1.0000,-1.0000,-1.0000,-1.0000,-1.0000,-1.0000,-1.0000,-1.0000,-1.0000,NO-data
escena_2,2026-10-09T12:39:55.0000,2026-10-09T12:39:56.0000,0.7478,0.3588,-1.0000,-1.0000,-1.0000,-1.0000,-1.0000,-1.0000,-1.0000,-1.0000,-1.0000,-1.0000,-1.0000,-1.0000,-1.0000,-1.0000,-1.0000,-1.0000,-1.0000,-1.0000,NO-data
escena_2,2026-10-09T12:39:56.0000,2026-10-09T12:39:57.0000,0.7556,0.3624,-1.0000,-1.0000,-1.0000,-1.0000,-1.0000,-1.0000,-1.0000,-1.0000,-1.0000,-1.0000,-1.0000,-1.0000,-1.0000,-1.0000,-1.0000,-1.0000,-1.0000,-1.0000,NO-data
escena_2,2026-10-09T12:39:57.0000,2026-10-09T12:39:58.0000,0.7654,0.3669,-1.0000,-1.0000,-1.0000,-1.0000,-1.0000,-1.0000,-1.0000,-1.0000,-1.0000,-1.0000,-1.0000,-1.0000,-1.0000,-1.0000,-1.0000,-1.0000,-1.0000,-1.0000,NO-data
escena_2,2026-10-09T12:39:58.0000,2026-10-09T12:39:59.0000,0.7752,0.3714,-1.0000,-1.0000,-1.0000,-1.0000,-1.0000,-1.0000,-1.0000,-1.0000,-1.0000,-1.0000,274.0000,-82.5000,-1.0000,-1.0000,-1.0000,-1.0000,-1.0000,-1.0000,data
escena_2,2026-10-09T12:39:59.0000,2026-10-09T12:40:00.0000,0.7750,0.3880,-1.0000,-1.0000,-1.0000,-1.0000,-1.0000,-1.0000,-1.0000,-1.0000,-1.0000,-1.0000,-1.0000,-1.0000,531.0000,-82.5000,-1.0000,-1.0000,-1.0000,-1.0000,data
escena_2,2026-10-09T12:40:00.0000,2026-10-09T12:40:01.0000,0.7728,0.4071,-1.0000,-1.0000,-1.0000,-1.0000,-1.0000,-1.0000,-1.0000,-1.0000,352.5000,-85.5000,-1.0000,-1.0000,-1.0000,-1.0000,-1.0000,-1.0000,-1.0000,-1.0000,data
escena_2,2026-10-09T12:40:01.0000,2026-10-09T12:40:02.0000,0.7705,0.4262,-1.0000,-1.0000,-1.0000,-1.0000,-1.0000,-1.0000,-1.0000,-1.0000,-1.0000,-1.0000,-1.0000,-1.0000,-1.0000,-1.0000,-1.0000,-1.0000,-1.0000,-1.0000,NO-data
escena_2,2026-10-09T12:40:02.0000,2026-10-09T12:40:03.0000,0.7683,0.4453,-1.0000,-1.0000,-1.0000,-1.0000,-1.0000,-1.0000,-1.0000,-1.0000,-1.0000,-1.0000,-1.0000,-1.0000,-1.0000,-1.0000,-1.0000,-1.0000,-1.0000,-1.0000,NO-data
escena_2,2026-10-09T12:40:03.0000,2026-10-09T12:40:04.0000,0.7636,0.4915,-1.0000,-1.0000,-1.0000,-1.0000,-1.0000,-1.0000,-1.0000,-1.0000,-1.0000,-1.0000,-1.0000,-1.0000,-1.0000,-1.0000,-1.0000,-1.0000,-1.0000,-1.0000,NO-data
escena_2,2026-10-09T12:40:04.0000,2026-10-09T12:40:05.0000,0.7026,0.5114,-1.0000,-1.0000,-1.0000,-1.0000,-1.0000,-1.0000,-1.0000,-1.0000,-1.0000,-1.0000,-1.0000,-1.0000,-1.0000,-1.0000,-1.0000,-1.0000,493.0000,-92.0000,data
escena_2,2026-10-09T12:40:05.0000,2026-10-09T12:40:06.0000,0.6139,0.5196,-1.0000,-1.0000,-1.0000,-1.0000,-1.0000,-1.0000,-1.0000,-1.0000,-1.0000,-1.0000,-1.0000,-1.0000,-1.0000,-1.0000,-1.0000,-1.0000,-1.0000,-1.0000,NO-data
escena_2,2026-10-09T12:40:06.0000,2026-10-09T12:40:07.0000,0.5311,0.5177,-1.0000,-1.0000,-1.0000,-1.0000,-1.0000,-1.0000,-1.0000,-1.0000,-1.0000,-1.0000,-1.0000,-1.0000,-1.0000,-1.0000,-1.0000,-1.0000,-1.0000,-1.0000,NO-data
escena_2,2026-10-09T12:40:07.0000,2026-10-09T12:40:08.0000,0.4649,0.5208,-1.0000,-1.0000,-1.0000,-1.0000,-1.0000,-1.0000,-1.0000,-1.0000,-1.0000,-1.0000,-1.0000,-1.0000,-1.0000,-1.0000,-1.0000,-1.0000,-1.0000,-1.0000,NO-data
escena_2,2026-10-09T12:40:08.0000,2026-10-09T12:40:09.0000,0.4275,0.5252,-1.0000,-1.0000,-1.0000,-1.0000,-1.0000,-1.0000,600.0000,-127.5000,-1.0000,-1.0000,-1.0000,-1.0000,-1.0000,-1.0000,-1.0000,-1.0000,-1.0000,-1.0000,data
escena_2,2026-10-09T12:40:09.0000,2026-10-09T12:40:10.0000,0.3976,0.5279,-1.0000,-1.0000,-1.0000,-1.0000,-1.0000,-1.0000,-1.0000,-1.0000,-1.0000,-1.0000,-1.0000,-1.0000,-1.0000,-1.0000,-1.0000,-1.0000,-1.0000,-1.0000,NO-data
escena_2,2026-10-09T12:40:10.0000,2026-10-09T12:40:11.0000,0.3661,0.5119,-1.0000,-1.0000,-1.0000,-1.0000,-1.0000,-1.0000,-1.0000,-1.0000,-1.0000,-1.0000,-1.0000,-1.0000,-1.0000,-1.0000,-1.0000,-1.0000,-1.0000,-1.0000,NO-data
escena_2,2026-10-09T12:40:11.0000,2026-10-09T12:40:12.0000,0.3345,0.4959,-1.0000,-1.0000,-1.0000,-1.0000,-1.0000,-1.0000,-1.0000,-1.0000,-1.0000,-1.0000,-1.0000,-1.0000,-1.0000,-1.0000,-1.0000,-1.0000,-1.0000,-1.0000,NO-data
escena_2,2026-10-09T12:40:12.0000,2026-10-09T12:40:13.0000,0.2917,0.4784,-1.0000,-1.0000,-1.0000,-1.0000,-1.0000,-1.0000,-1.0000,-1.0000,-1.0000,-1.0000,-1.0000,-1.0000,-1.0000,-1.0000,-1.0000,-1.0000,-1.0000,-1.0000,NO-data
escena_2,2026-10-09T12:40:13.0000,2026-10-09T12:40:14.0000,0.2416,0.4549,-1.0000,-1.0000,-1.0000,-1.0000,-1.0000,-1.0000,-1.0000,-1.0000,-1.0000,-1.0000,541.0000,-86.0000,-1.0000,-1.0000,-1.0000,-1.0000,-1.0000,-1.0000,data
escena_2,2026-10-09T12:40:14.0000,2026-10-09T12:40:15.0000,0.1930,0.4078,-1.0000,-1.0000,-1.0000,-1.0000,-1.0000,-1.0000,-1.0000,-1.0000,-1.0000,-1.0000,-1.0000,-1.0000,-1.0000,-1.0000,-1.0000,-1.0000,-1.0000,-1.0000,NO-data
escena_2,2026-10-09T12:40:15.0000,2026-10-09T12:40:16.0000,0.1658,0.3815,-1.0000,-1.0000,-1.0000,-1.0000,-1.0000,-1.0000,-1.0000,-1.0000,-1.0000,-1.0000,-1.0000,-1.0000,-1.0000,-1.0000,-1.0000,-1.0000,-1.0000,-1.0000,NO-data
escena_2,2026-10-09T12:40:16.0000,2026-10-09T12:40:17.0000,0.1658,0.3815,-1.0000,-1.0000,-1.0000,-1.0000,-1.0000,-1.0000,-1.0000,-1.0000,-1.0000,-1.0000,-1.0000,-1.0000,-1.0000,-1.0000,-1.0000,-1.0000,-1.0000,-1.0000,NO-data
escena_2,2026-10-09T12:40:17.0000,2026-10-09T12:40:18.0000,0.1658,0.3815,-1.0000,-1.0000,-1.0000,-1.0000,-1.0000,-1.0000,-1.0000,-1.0000,-1.0000,-1.0000,-1.0000,-1.0000,-1.0000,-1.0000,-1.0000,-1.0000,-1.0000,-1.0000,NO-data
escena_2,2026-10-09T12:40:18.0000,2026-10-09T12:40:19.0000,0.1658,0.3815,-1.0000,-1.0000,-1.0000,-1.0000,-1.0000,-1.0000,-1.0000,-1.0000,-1.0000,-1.0000,-1.0000,-1.0000,-1.0000,-1.0000,-1.0000,-1.0000,-1.0000,-1.0000,NO-data
escena_2,2026-10-09T12:40:19.0000,2026-10-09T12:40:20.0000,0.1658,0.3815,-1.0000,-1.0000,-1.0000,-1.0000,-1.0000,-1.0000,363.0000,-90.5000,-1.0000,-1.0000,-1.0000,-1.0000,-1.0000,-1.0000,-1.0000,-1.0000,-1.0000,-1.0000,data
escena_2,2026-10-09T12:40:20.0000,2026-10-09T12:40:21.0000,0.1658,0.3815,-1.0000,-1.0000,-1.0000,-1.0000,-1.0000,-1.0000,-1.0000,-1.0000,-1.0000,-1.0000,-1.0000,-1.0000,-1.0000,-1.0000,-1.0000,-1.0000,-1.0000,-1.0000,NO-data
escena_2,2026-10-09T12:40:21.0000,2026-10-09T12:40:22.0000,0.1658,0.3815,-1.0000,-1.0000,-1.0000,-1.0000,-1.0000,-1.0000,-1.0000,-1.0000,-1.0000,-1.0000,-1.0000,-1.0000,-1.0000,-1.0000,-1.0000,-1.0000,-1.0000,-1.0000,NO-data
escena_2,2026-10-09T12:40:22.0000,2026-10-09T12:40:23.0000,0.1658,0.3815,-1.0000,-1.0000,-1.0000,-1.0000,-1.0000,-1.0000,-1.0000,-1.0000,-1.0000,-1.0000,-1.0000,-1.0000,-1.0000,-1.0000,-1.0000,-1.0000,-1.0000,-1.0000,NO-data
escena_2,2026-10-09T12:40:23.0000,2026-10-09T12:40:24.0000,0.1658,0.3815,-1.0000,-1.0000,-1.0000,-1.0000,-1.0000,-1.0000,-1.0000,-1.0000,-1.0000,-1.0000,-1.0000,-1.0000,-1.0000,-1.0000,-1.0000,-1.0000,-1.0000,-1.0000,NO-data
escena_2,2026-10-09T12:40:24.0000,2026-10-09T12:40:25.0000,0.1658,0.3815,-1.0000,-1.0000,-1.0000,-1.0000,-1.0000,-1.0000,-1.0000,-1.0000,-1.0000,-1.0000,-1.0000,-1.0000,-1.0000,-1.0000,-1.0000,-1.0000,-1.0000,-1.0000,NO-data
escena_2,2026-10-09T12:40:25.0000,2026-10-09T12:40:26.0000,0.1658,0.3815,-1.0000,-1.0000,-1.0000,-1.0000,-1.0000,-1.0000,-1.0000,-1.0000,-1.0000,-1.0000,-1.0000,-1.0000,-1.0000,-1.0000,-1.0000,-1.0000,-1.0000,-1.0000,NO-data
escena_2,2026-10-09T12:40:26.0000,2026-10-09T12:40:27.0000,0.1658,0.3815,-1.0000,-1.0000,-1.0000,-1.0000,-1.0000,-1.0000,-1.0000,-1.0000,-1.0000,-1.0000,-1.0000,-1.0000,-1.0000,-1.0000,-1.0000,-1.0000,-1.0000,-1.0000,NO-data
escena_2,2026-10-09T12:40:27.0000,2026-10-09T12:40:28.0000,0.1658,0.3815,-1.0000,-1.0000,-1.0000,-1.0000,-1.0000,-1.0000,-1.0000,-1.0000,-1.0000,-1.0000,-1.0000,-1.0000,-1.0000,-1.0000,-1.0000,-1.0000,-1.0000,-1.0000,NO-data
escena_2,2026-10-09T12:40:28.0000,2026-10-09T12:40:29.0000,0.1658,0.3815,-1.0000,-1.0000,-1.0000,-1.0000,-1.0000,-1.0000,-1.0000,-1.0000,-1.0000,-1.0000,-1.0000,-1.0000,-1.0000,-1.0000,-1.0000,-1.0000,-1.0000,-1.0000,NO-data
escena_2,2026-10-09T12:40:29.0000,2026-10-09T12:40:30.0000,0.1658,0.3815,-1.0000,-1.0000,-1.0000,-1.0000,-1.0000,-1.0000,-1.0000,-1.0000,-1.0000,-1.0000,-1.0000,-1.0000,-1.0000,-1.0000,-1.0000,-1.0000,-1.0000,-1.0000,NO-data
escena_2,2026-10-09T12:40:30.0000,2026-10-09T12:40:31.0000,0.1658,0.3815,-1.0000,-1.0000,-1.0000,-1.0000,-1.0000,-1.0000,-1.0000,-1.0000,-1.0000,-1.0000,629.0000,-82.0000,-1.0000,-1.0000,-1.0000,-1.0000,-1.0000,-1.0000,data
escena_2,2026-10-09T12:40:31.0000,2026-10-09T12:40:32.0000,0.1658,0.3815,-1.0000,-1.0000,-1.0000,-1.0000,-1.0000,-1.0000,-1.0000,-1.0000,-1.0000,-1.0000,-1.0000,-1.0000,-1.0000,-1.0000,593.0000,-82.5000,-1.0000,-1.0000,data
escena_2,2026-10-09T12:40:32.0000,2026-10-09T12:40:33.0000,0.1658,0.3815,-1.0000,-1.0000,-1.0000,-1.0000,-1.0000,-1.0000,-1.0000,-1.0000,-1.0000,-1.0000,606.0000,-76.5000,-1.0000,-1.0000,-1.0000,-1.0000,-1.0000,-1.0000,data
escena_2,2026-10-09T12:40:33.0000,2026-10-09T12:40:34.0000,0.1658,0.3815,-1.0000,-1.0000,-1.0000,-1.0000,-1.0000,-1.0000,-1.0000,-1.0000,-1.0000,-1.0000,604.0000,-75.5000,-1.0000,-1.0000,-1.0000,-1.0000,-1.0000,-1.0000,data
escena_2,2026-10-09T12:40:34.0000,2026-10-09T12:40:35.0000,0.1644,0.3904,-1.0000,-1.0000,-1.0000,-1.0000,-1.0000,-1.0000,346.0000,-92.0000,-1.0000,-1.0000,601.0000,-76.0000,-1.0000,-1.0000,-1.0000,-1.0000,-1.0000,-1.0000,data
escena_2,2026-10-09T12:40:35.0000,2026-10-09T12:40:36.0000,0.1582,0.4284,-1.0000,-1.0000,-1.0000,-1.0000,-1.0000,-1.0000,-1.0000,-1.0000,-1.0000,-1.0000,-1.0000,-1.0000,-1.0000,-1.0000,-1.0000,-1.0000,-1.0000,-1.0000,NO-data
escena_2,2026-10-09T12:40:36.0000,2026-10-09T12:40:37.0000,0.1519,0.4663,-1.0000,-1.0000,-1.0000,-1.0000,-1.0000,-1.0000,-1.0000,-1.0000,-1.0000,-1.0000,-1.0000,-1.0000,-1.0000,-1.0000,-1.0000,-1.0000,-1.0000,-1.0000,NO-data
escena_2,2026-10-09T12:40:37.0000,2026-10-09T12:40:38.0000,0.1497,0.5085,-1.0000,-1.0000,-1.0000,-1.0000,-1.0000,-1.0000,-1.0000,-1.0000,-1.0000,-1.0000,-1.0000,-1.0000,-1.0000,-1.0000,-1.0000,-1.0000,-1.0000,-1.0000,NO-data
escena_2,2026-10-09T12:40:38.0000,2026-10-09T12:40:39.0000,0.1516,0.5551,-1.0000,-1.0000,-1.0000,-1.0000,-1.0000,-1.0000,-1.0000,-1.0000,-1.0000,-1.0000,-1.0000,-1.0000,-1.0000,-1.0000,-1.0000,-1.0000,-1.0000,-1.0000,NO-data
escena_2,2026-10-09T12:40:39.0000,2026-10-09T12:40:40.0000,0.1534,0.5986,-1.0000,-1.0000,-1.0000,-1.0000,-1.0000,-1.0000,-1.0000,-1.0000,-1.0000,-1.0000,-1.0000,-1.0000,-1.0000,-1.0000,-1.0000,-1.0000,-1.0000,-1.0000,NO-data
escena_2,2026-10-09T12:40:40.0000,2026-10-09T12:40:41.0000,0.1552,0.6357,-1.0000,-1.0000,-1.0000,-1.0000,-1.0000,-1.0000,-1.0000,-1.0000,-1.0000,-1.0000,-1.0000,-1.0000,-1.0000,-1.0000,-1.0000,-1.0000,-1.0000,-1.0000,NO-data
escena_2,2026-10-09T12:40:41.0000,2026-10-09T12:40:42.0000,0.1569,0.6727,-1.0000,-1.0000,-1.0000,-1.0000,-1.0000,-1.0000,-1.0000,-1.0000,-1.0000,-1.0000,-1.0000,-1.0000,-1.0000,-1.0000,-1.0000,-1.0000,-1.0000,-1.0000,NO-data
escena_2,2026-10-09T12:40:42.0000,2026-10-09T12:40:43.0000,0.1574,0.7089,-1.0000,-1.0000,-1.0000,-1.0000,-1.0000,-1.0000,-1.0000,-1.0000,-1.0000,-1.0000,-1.0000,-1.0000,-1.0000,-1.0000,-1.0000,-1.0000,-1.0000,-1.0000,NO-data
escena_2,2026-10-09T12:40:43.0000,2026-10-09T12:40:44.0000,0.1565,0.7441,-1.0000,-1.0000,-1.0000,-1.0000,-1.0000,-1.0000,-1.0000,-1.0000,-1.0000,-1.0000,-1.0000,-1.0000,-1.0000,-1.0000,-1.0000,-1.0000,-1.0000,-1.0000,NO-data
escena_2,2026-10-09T12:40:44.0000,2026-10-09T12:40:45.0000,0.1561,0.7750,-1.0000,-1.0000,-1.0000,-1.0000,-1.0000,-1.0000,-1.0000,-1.0000,-1.0000,-1.0000,-1.0000,-1.0000,-1.0000,-1.0000,-1.0000,-1.0000,-1.0000,-1.0000,NO-data
escena_2,2026-10-09T12:40:45.0000,2026-10-09T12:40:46.0000,0.1572,0.7943,-1.0000,-1.0000,-1.0000,-1.0000,-1.0000,-1.0000,-1.0000,-1.0000,-1.0000,-1.0000,-1.0000,-1.0000,-1.0000,-1.0000,-1.0000,-1.0000,-1.0000,-1.0000,NO-data
escena_2,2026-10-09T12:40:46.0000,2026-10-09T12:40:47.0000,0.1583,0.8137,-1.0000,-1.0000,-1.0000,-1.0000,-1.0000,-1.0000,-1.0000,-1.0000,-1.0000,-1.0000,-1.0000,-1.0000,-1.0000,-1.0000,-1.0000,-1.0000,-1.0000,-1.0000,NO-data
escena_2,2026-10-09T12:40:47.0000,2026-10-09T12:40:48.0000,0.1594,0.8331,-1.0000,-1.0000,-1.0000,-1.0000,-1.0000,-1.0000,801.0000,-101.5000,-1.0000,-1.0000,-1.0000,-1.0000,-1.0000,-1.0000,81.0000,-69.5000,-1.0000,-1.0000,data
escena_2,2026-10-09T12:40:48.0000,2026-10-09T12:40:49.0000,0.1598,0.8402,-1.0000,-1.0000,-1.0000,-1.0000,-1.0000,-1.0000,-1.0000,-1.0000,-1.0000,-1.0000,-1.0000,-1.0000,-1.0000,-1.0000,-1.0000,-1.0000,-1.0000,-1.0000,NO-data
escena_2,2026-10-09T12:40:49.0000,2026-10-09T12:40:50.0000,0.1598,0.8402,-1.0000,-1.0000,-1.0000,-1.0000,-1.0000,-1.0000,-1.0000,-1.0000,-1.0000,-1.0000,-1.0000,-1.0000,-1.0000,-1.0000,-1.0000,-1.0000,-1.0000,-1.0000,NO-data
escena_2,2026-10-09T12:40:50.0000,2026-10-09T12:40:51.0000,0.1598,0.8402,-1.0000,-1.0000,-1.0000,-1.0000,-1.0000,-1.0000,-1.0000,-1.0000,-1.0000,-1.0000,-1.0000,-1.0000,-1.0000,-1.0000,-1.0000,-1.0000,-1.0000,-1.0000,NO-data
escena_2,2026-10-09T12:40:51.0000,2026-10-09T12:40:52.0000,0.1598,0.8402,-1.0000,-1.0000,-1.0000,-1.0000,-1.0000,-1.0000,-1.0000,-1.0000,-1.0000,-1.0000,-1.0000,-1.0000,-1.0000,-1.0000,-1.0000,-1.0000,-1.0000,-1.0000,NO-data
escena_2,2026-10-09T12:40:52.0000,2026-10-09T12:40:53.0000,0.1598,0.8402,-1.0000,-1.0000,-1.0000,-1.0000,-1.0000,-1.0000,-1.0000,-1.0000,-1.0000,-1.0000,-1.0000,-1.0000,-1.0000,-1.0000,-1.0000,-1.0000,-1.0000,-1.0000,NO-data
escena_2,2026-10-09T12:40:53.0000,2026-10-09T12:40:54.0000,0.1598,0.8402,-1.0000,-1.0000,-1.0000,-1.0000,-1.0000,-1.0000,-1.0000,-1.0000,-1.0000,-1.0000,-1.0000,-1.0000,-1.0000,-1.0000,-1.0000,-1.0000,-1.0000,-1.0000,NO-data
escena_2,2026-10-09T12:40:54.0000,2026-10-09T12:40:55.0000,0.1598,0.8402,-1.0000,-1.0000,-1.0000,-1.0000,-1.0000,-1.0000,-1.0000,-1.0000,-1.0000,-1.0000,-1.0000,-1.0000,-1.0000,-1.0000,-1.0000,-1.0000,-1.0000,-1.0000,NO-data
escena_2,2026-10-09T12:40:55.0000,2026-10-09T12:40:56.0000,0.1598,0.8402,-1.0000,-1.0000,-1.0000,-1.0000,-1.0000,-1.0000,-1.0000,-1.0000,-1.0000,-1.0000,-1.0000,-1.0000,-1.0000,-1.0000,-1.0000,-1.0000,-1.0000,-1.0000,NO-data
escena_2,2026-10-09T12:40:56.0000,2026-10-09T12:40:57.0000,0.1598,0.8402,-1.0000,-1.0000,-1.0000,-1.0000,-1.0000,-1.0000,-1.0000,-1.0000,-1.0000,-1.0000,-1.0000,-1.0000,-1.0000,-1.0000,-1.0000,-1.0000,-1.0000,-1.0000,NO-data
escena_2,2026-10-09T12:40:57.0000,2026-10-09T12:40:58.0000,0.1598,0.8402,-1.0000,-1.0000,-1.0000,-1.0000,-1.0000,-1.0000,-1.0000,-1.0000,-1.0000,-1.0000,-1.0000,-1.0000,-1.0000,-1.0000,-1.0000,-1.0000,-1.0000,-1.0000,NO-data
escena_2,2026-10-09T12:40:58.0000,2026-10-09T12:40:59.0000,0.1598,0.8402,-1.0000,-1.0000,-1.0000,-1.0000,-1.0000,-1.0000,-1.0000,-1.0000,-1.0000,-1.0000,-1.0000,-1.0000,-1.0000,-1.0000,-1.0000,-1.0000,-1.0000,-1.0000,NO-data
escena_2,2026-10-09T12:40:59.0000,2026-10-09T12:41:00.0000,0.1598,0.8402,-1.0000,-1.0000,-1.0000,-1.0000,-1.0000,-1.0000,-1.0000,-1.0000,-1.0000,-1.0000,-1.0000,-1.0000,-1.0000,-1.0000,-1.0000,-1.0000,-1.0000,-1.0000,NO-data
escena_2,2026-10-09T12:41:00.0000,2026-10-09T12:41:01.0000,0.1598,0.8402,-1.0000,-1.0000,-1.0000,-1.0000,-1.0000,-1.0000,-1.0000,-1.0000,-1.0000,-1.0000,-1.0000,-1.0000,-1.0000,-1.0000,-1.0000,-1.0000,-1.0000,-1.0000,NO-data
escena_2,2026-10-09T12:41:01.0000,2026-10-09T12:41:02.0000,0.1598,0.8402,-1.0000,-1.0000,-1.0000,-1.0000,-1.0000,-1.0000,-1.0000,-1.0000,-1.0000,-1.0000,-1.0000,-1.0000,-1.0000,-1.0000,-1.0000,-1.0000,-1.0000,-1.0000,NO-data
escena_2,2026-10-09T12:41:02.0000,2026-10-09T12:41:03.0000,0.1598,0.8402,-1.0000,-1.0000,-1.0000,-1.0000,-1.0000,-1.0000,-1.0000,-1.0000,-1.0000,-1.0000,-1.0000,-1.0000,-1.0000,-1.0000,-1.0000,-1.0000,-1.0000,-1.0000,NO-data
escena_2,2026-10-09T12:41:03.0000,2026-10-09T12:41:04.0000,0.1598,0.8402,-1.0000,-1.0000,-1.0000,-1.0000,-1.0000,-1.0000,-1.0000,-1.0000,-1.0000,-1.0000,-1.0000,-1.0000,-1.0000,-1.0000,-1.0000,-1.0000,-1.0000,-1.0000,NO-data
escena_2,2026-10-09T12:41:04.0000,2026-10-09T12:41:05.0000,0.1598,0.8402,-1.0000,-1.0000,-1.0000,-1.0000,-1.0000,-1.0000,-1.0000,-1.0000,-1.0000,-1.0000,-1.0000,-1.0000,-1.0000,-1.0000,101.0000,-74.7500,-1.0000,-1.0000,data
escena_2,2026-10-09T12:41:05.0000,2026-10-09T12:41:06.0000,0.1598,0.8402,-1.0000,-1.0000,-1.0000,-1.0000,-1.0000,-1.0000,-1.0000,-1.0000,-1.0000,-1.0000,-1.0000,-1.0000,-1.0000,-1.0000,-1.0000,-1.0000,-1.0000,-1.0000,NO-data
escena_2,2026-10-09T12:41:06.0000,2026-10-09T12:41:07.0000,0.1598,0.8402,-1.0000,-1.0000,-1.0000,-1.0000,-1.0000,-1.0000,-1.0000,-1.0000,-1.0000,-1.0000,-1.0000,-1.0000,-1.0000,-1.0000,-1.0000,-1.0000,-1.0000,-1.0000,NO-data
escena_2,2026-10-09T12:41:07.0000,2026-10-09T12:41:08.0000,0.1598,0.8402,-1.0000,-1.0000,-1.0000,-1.0000,-1.0000,-1.0000,-1.0000,-1.0000,-1.0000,-1.0000,-1.0000,-1.0000,-1.0000,-1.0000,-1.0000,-1.0000,-1.0000,-1.0000,NO-data
escena_2,2026-10-09T12:41:08.0000,2026-10-09T12:41:09.0000,0.1598,0.8402,-1.0000,-1.0000,-1.0000,-1.0000,-1.0000,-1.0000,-1.0000,-1.0000,-1.0000,-1.0000,-1.0000,-1.0000,-1.0000,-1.0000,-1.0000,-1.0000,-1.0000,-1.0000,NO-data
escena_2,2026-10-09T12:41:09.0000,2026-10-09T12:41:10.0000,0.1598,0.8402,-1.0000,-1.0000,-1.0000,-1.0000,-1.0000,-1.0000,-1.0000,-1.0000,-1.0000,-1.0000,-1.0000,-1.0000,-1.0000,-1.0000,-1.0000,-1.0000,-1.0000,-1.0000,NO-data
escena_2,2026-10-09T12:41:10.0000,2026-10-09T12:41:11.0000,0.1598,0.8402,-1.0000,-1.0000,-1.0000,-1.0000,-1.0000,-1.0000,-1.0000,-1.0000,-1.0000,-1.0000,-1.0000,-1.0000,-1.0000,-1.0000,-1.0000,-1.0000,-1.0000,-1.0000,NO-data
escena_2,2026-10-09T12:41:11.0000,2026-10-09T12:41:12.0000,0.1598,0.8402,-1.0000,-1.0000,-1.0000,-1.0000,-1.0000,-1.0000,-1.0000,-1.0000,-1.0000,-1.0000,-1.0000,-1.0000,-1.0000,-1.0000,-1.0000,-1.0000,-1.0000,-1.0000,NO-data
escena_2,2026-10-09T12:41:12.0000,2026-10-09T12:41:13.0000,0.1598,0.8402,-1.0000,-1.0000,-1.0000,-1.0000,-1.0000,-1.0000,-1.0000,-1.0000,-1.0000,-1.0000,-1.0000,-1.0000,-1.0000,-1.0000,-1.0000,-1.0000,-1.0000,-1.0000,NO-data
escena_2,2026-10-09T12:41:13.0000,2026-10-09T12:41:14.0000,0.1598,0.8402,-1.0000,-1.0000,-1.0000,-1.0000,-1.0000,-1.0000,-1.0000,-1.0000,-1.0000,-1.0000,-1.0000,-1.0000,-1.0000,-1.0000,-1.0000,-1.0000,-1.0000,-1.0000,NO-data
escena_2,2026-10-09T12:41:14.0000,2026-10-09T12:41:15.0000,0.1823,0.8408,-1.0000,-1.0000,-1.0000,-1.0000,-1.0000,-1.0000,-1.0000,-1.0000,-1.0000,-1.0000,-1.0000,-1.0000,-1.0000,-1.0000,-1.0000,-1.0000,-1.0000,-1.0000,NO-data
escena_2,2026-10-09T12:41:15.0000,2026-10-09T12:41:16.0000,0.2077,0.8415,-1.0000,-1.0000,-1.0000,-1.0000,-1.0000,-1.0000,-1.0000,-1.0000,-1.0000,-1.0000,-1.0000,-1.0000,-1.0000,-1.0000,-1.0000,-1.0000,-1.0000,-1.0000,NO-data
escena_2,2026-10-09T12:41:16.0000,2026-10-09T12:41:17.0000,0.2332,0.8423,-1.0000,-1.0000,-1.0000,-1.0000,-1.0000,-1.0000,-1.0000,-1.0000,-1.0000,-1.0000,-1.0000,-1.0000,-1.0000,-1.0000,109.5000,-80.7500,-1.0000,-1.0000,data
escena_2,2026-10-09T12:41:17.0000,2026-10-09T12:41:18.0000,0.2586,0.8430,-1.0000,-1.0000,-1.0000,-1.0000,-1.0000,-1.0000,-1.0000,-1.0000,-1.0000,-1.0000,-1.0000,-1.0000,-1.0000,-1.0000,110.0000,-69.5000,-1.0000,-1.0000,data
escena_2,2026-10-09T12:41:18.0000,2026-10-09T12:41:19.0000,0.2840,0.8437,-1.0000,-1.0000,-1.0000,-1.0000,-1.0000,-1.0000,-1.0000,-1.0000,-1.0000,-1.0000,-1.0000,-1.0000,-1.0000,-1.0000,-1.0000,-1.0000,-1.0000,-1.0000,NO-data
escena_2,2026-10-09T12:41:19.0000,2026-10-09T12:41:20.0000,0.3050,0.8259,-1.0000,-1.0000,-1.0000,-1.0000,-1.0000,-1.0000,-1.0000,-1.0000,-1.0000,-1.0000,-1.0000,-1.0000,-1.0000,-1.0000,-1.0000,-1.0000,-1.0000,-1.0000,NO-data
escena_2,2026-10-09T12:41:20.0000,2026-10-09T12:41:21.0000,0.3164,0.7735,-1.0000,-1.0000,-1.0000,-1.0000,-1.0000,-1.0000,-1.0000,-1.0000,-1.0000,-1.0000,-1.0000,-1.0000,-1.0000,-1.0000,-1.0000,-1.0000,-1.0000,-1.0000,NO-data
escena_2,2026-10-09T12:41:21.0000,2026-10-09T12:41:22.0000,0.3241,0.7273,-1.0000,-1.0000,-1.0000,-1.0000,-1.0000,-1.0000,-1.0000,-1.0000,-1.0000,-1.0000,-1.0000,-1.0000,-1.0000,-1.0000,-1.0000,-1.0000,-1.0000,-1.0000,NO-data
escena_2,2026-10-09T12:41:22.0000,2026-10-09T12:41:23.0000,0.3268,0.6968,-1.0000,-1.0000,-1.0000,-1.0000,-1.0000,-1.0000,-1.0000,-1.0000,-1.0000,-1.0000,-1.0000,-1.0000,-1.0000,-1.0000,-1.0000,-1.0000,-1.0000,-1.0000,NO-data
escena_2,2026-10-09T12:41:23.0000,2026-10-09T12:41:24.0000,0.3268,0.6749,-1.0000,-1.0000,-1.0000,-1.0000,-1.0000,-1.0000,-1.0000,-1.0000,-1.0000,-1.0000,-1.0000,-1.0000,-1.0000,-1.0000,184.0000,-81.0000,-1.0000,-1.0000,data
escena_2,2026-10-09T12:41:24.0000,2026-10-09T12:41:25.0000,0.3298,0.6428,-1.0000,-1.0000,-1.0000,-1.0000,-1.0000,-1.0000,-1.0000,-1.0000,-1.0000,-1.0000,-1.0000,-1.0000,-1.0000,-1.0000,223.0000,-80.0000,-1.0000,-1.0000,data
escena_2,2026-10-09T12:41:25.0000,2026-10-09T12:41:26.0000,0.3364,0.5995,-1.0000,-1.0000,-1.0000,-1.0000,-1.0000,-1.0000,562.0000,-84.0000,-1.0000,-1.0000,-1.0000,-1.0000,-1.0000,-1.0000,-1.0000,-1.0000,-1.0000,-1.0000,data
escena_2,2026-10-09T12:41:26.0000,2026-10-09T12:41:27.0000,0.3566,0.5528,-1.0000,-1.0000,-1.0000,-1.0000,-1.0000,-1.0000,-1.0000,-1.0000,-1.0000,-1.0000,-1.0000,-1.0000,-1.0000,-1.0000,-1.0000,-1.0000,-1.0000,-1.0000,NO-data
escena_2,2026-10-09T12:41:27.0000,2026-10-09T12:41:28.0000,0.3941,0.5382,-1.0000,-1.0000,-1.0000,-1.0000,-1.0000,-1.0000,-1.0000,-1.0000,-1.0000,-1.0000,-1.0000,-1.0000,-1.0000,-1.0000,-1.0000,-1.0000,-1.0000,-1.0000,NO-data
escena_2,2026-10-09T12:41:28.0000,2026-10-09T12:41:29.0000,0.4069,0.5347,-1.0000,-1.0000,-1.0000,-1.0000,-1.0000,-1.0000,-1.0000,-1.0000,-1.0000,-1.0000,-1.0000,-1.0000,-1.0000,-1.0000,-1.0000,-1.0000,-1.0000,-1.0000,NO-data
escena_2,2026-10-09T12:41:29.0000,2026-10-09T12:41:30.0000,0.4196,0.5312,-1.0000,-1.0000,-1.0000,-1.0000,-1.0000,-1.0000,-1.0000,-1.0000,-1.0000,-1.0000,-1.0000,-1.0000,-1.0000,-1.0000,-1.0000,-1.0000,-1.0000,-1.0000,NO-data
escena_2,2026-10-09T12:41:30.0000,2026-10-09T12:41:31.0000,0.4510,0.5282,-1.0000,-1.0000,-1.0000,-1.0000,-1.0000,-1.0000,-1.0000,-1.0000,-1.0000,-1.0000,-1.0000,-1.0000,-1.0000,-1.0000,-1.0000,-1.0000,-1.0000,-1.0000,NO-data
escena_2,2026-10-09T12:41:31.0000,2026-10-09T12:41:32.0000,0.4651,0.5309,-1.0000,-1.0000,-1.0000,-1.0000,-1.0000,-1.0000,-1.0000,-1.0000,-1.0000,-1.0000,-1.0000,-1.0000,-1.0000,-1.0000,-1.0000,-1.0000,-1.0000,-1.0000,NO-data
escena_2,2026-10-09T12:41:32.0000,2026-10-09T12:41:33.0000,0.4792,0.5336,-1.0000,-1.0000,-1.0000,-1.0000,-1.0000,-1.0000,-1.0000,-1.0000,-1.0000,-1.0000,-1.0000,-1.0000,-1.0000,-1.0000,-1.0000,-1.0000,-1.0000,-1.0000,NO-data
escena_2,2026-10-09T12:41:33.0000,2026-10-09T12:41:34.0000,0.5211,0.5348,-1.0000,-1.0000,-1.0000,-1.0000,-1.0000,-1.0000,-1.0000,-1.0000,-1.0000,-1.0000,-1.0000,-1.0000,-1.0000,-1.0000,-1.0000,-1.0000,-1.0000,-1.0000,NO-data
escena_2,2026-10-09T12:41:34.0000,2026-10-09T12:41:35.0000,0.5915,0.5393,-1.0000,-1.0000,-1.0000,-1.0000,-1.0000,-1.0000,-1.0000,-1.0000,612.0000,-92.0000,-1.0000,-1.0000,-1.0000,-1.0000,-1.0000,-1.0000,-1.0000,-1.0000,data
escena_2,2026-10-09T12:41:35.0000,2026-10-09T12:41:36.0000,0.6618,0.5277,-1.0000,-1.0000,-1.0000,-1.0000,-1.0000,-1.0000,-1.0000,-1.0000,-1.0000,-1.0000,82.0000,-72.5000,-1.0000,-1.0000,-1.0000,-1.0000,-1.0000,-1.0000,data
escena_2,2026-10-09T12:41:36.0000,2026-10-09T12:41:37.0000,0.7088,0.4956,-1.0000,-1.0000,-1.0000,-1.0000,-1.0000,-1.0000,-1.0000,-1.0000,-1.0000,-1.0000,40.0000,-64.0000,-1.0000,-1.0000,-1.0000,-1.0000,-1.0000,-1.0000,data
escena_2,2026-10-09T12:41:37.0000,2026-10-09T12:41:38.0000,0.7138,0.4448,-1.0000,-1.0000,-1.0000,-1.0000,-1.0000,-1.0000,-1.0000,-1.0000,-1.0000,-1.0000,86.0000,-68.5000,-1.0000,-1.0000,-1.0000,-1.0000,-1.0000,-1.0000,data
escena_2,2026-10-09T12:41:38.0000,2026-10-09T12:41:39.0000,0.7088,0.3882,-1.0000,-1.0000,-1.0000,-1.0000,-1.0000,-1.0000,-1.0000,-1.0000,-1.0000,-1.0000,-1.0000,-1.0000,-1.0000,-1.0000,-1.0000,-1.0000,-1.0000,-1.0000,NO-data
escena_2,2026-10-09T12:41:39.0000,2026-10-09T12:41:40.0000,0.7016,0.3205,-1.0000,-1.0000,-1.0000,-1.0000,-1.0000,-1.0000,-1.0000,-1.0000,-1.0000,-1.0000,-1.0000,-1.0000,-1.0000,-1.0000,-1.0000,-1.0000,-1.0000,-1.0000,NO-data
escena_2,2026-10-09T12:41:40.0000,2026-10-09T12:41:41.0000,0.7059,0.2249,-1.0000,-1.0000,-1.0000,-1.0000,-1.0000,-1.0000,-1.0000,-1.0000,-1.0000,-1.0000,-1.0000,-1.0000,-1.0000,-1.0000,-1.0000,-1.0000,-1.0000,-1.0000,NO-data
escena_2,2026-10-09T12:41:41.0000,2026-10-09T12:41:42.0000,0.7301,0.1712,-1.0000,-1.0000,-1.0000,-1.0000,-1.0000,-1.0000,-1.0000,-1.0000,-1.0000,-1.0000,-1.0000,-1.0000,-1.0000,-1.0000,-1.0000,-1.0000,-1.0000,-1.0000,NO-data
escena_2,2026-10-09T12:41:42.0000,2026-10-09T12:41:43.0000,0.7523,0.1562,-1.0000,-1.0000,-1.0000,-1.0000,-1.0000,-1.0000,-1.0000,-1.0000,-1.0000,-1.0000,-1.0000,-1.0000,-1.0000,-1.0000,-1.0000,-1.0000,-1.0000,-1.0000,NO-data
escena_2,2026-10-09T12:41:43.0000,2026-10-09T12:41:44.0000,0.7744,0.1413,-1.0000,-1.0000,-1.0000,-1.0000,-1.0000,-1.0000,-1.0000,-1.0000,-1.0000,-1.0000,-1.0000,-1.0000,-1.0000,-1.0000,-1.0000,-1.0000,-1.0000,-1.0000,NO-data
escena_2,2026-10-09T12:41:44.0000,2026-10-09T12:41:45.0000,0.8035,0.1284,326.0000,-84.0000,-1.0000,-1.0000,-1.0000,-1.0000,-1.0000,-1.0000,-1.0000,-1.0000,-1.0000,-1.0000,-1.0000,-1.0000,-1.0000,-1.0000,-1.0000,-1.0000,data
escena_2,2026-10-09T12:41:45.0000,2026-10-09T12:41:46.0000,0.8511,0.1240,-1.0000,-1.0000,-1.0000,-1.0000,-1.0000,-1.0000,-1.0000,-1.0000,-1.0000,-1.0000,-1.0000,-1.0000,-1.0000,-1.0000,-1.0000,-1.0000,-1.0000,-1.0000,NO-data
escena_2,2026-10-09T12:41:46.0000,2026-10-09T12:41:47.0000,0.8597,0.1229,-1.0000,-1.0000,-1.0000,-1.0000,-1.0000,-1.0000,-1.0000,-1.0000,-1.0000,-1.0000,-1.0000,-1.0000,-1.0000,-1.0000,-1.0000,-1.0000,-1.0000,-1.0000,NO-data
escena_2,2026-10-09T12:41:47.0000,2026-10-09T12:41:48.0000,0.8682,0.1218,-1.0000,-1.0000,-1.0000,-1.0000,-1.0000,-1.0000,-1.0000,-1.0000,-1.0000,-1.0000,-1.0000,-1.0000,-1.0000,-1.0000,-1.0000,-1.0000,254.0000,-90.5000,data
escena_2,2026-10-09T12:41:48.0000,2026-10-09T12:41:49.0000,0.8767,0.1207,-1.0000,-1.0000,-1.0000,-1.0000,-1.0000,-1.0000,-1.0000,-1.0000,-1.0000,-1.0000,558.0000,-110.0000,-1.0000,-1.0000,-1.0000,-1.0000,-1.0000,-1.0000,data
escena_2,2026-10-09T12:41:49.0000,2026-10-09T12:41:50.0000,0.8853,0.1197,-1.0000,-1.0000,-1.0000,-1.0000,503.0000,-90.0000,-1.0000,-1.0000,-1.0000,-1.0000,-1.0000,-1.0000,-1.0000,-1.0000,-1.0000,-1.0000,-1.0000,-1.0000,data
escena_2,2026-10-09T12:41:50.0000,2026-10-09T12:41:51.0000,0.8938,0.1186,-1.0000,-1.0000,-1.0000,-1.0000,-1.0000,-1.0000,-1.0000,-1.0000,-1.0000,-1.0000,-1.0000,-1.0000,-1.0000,-1.0000,-1.0000,-1.0000,-1.0000,-1.0000,NO-data
escena_2,2026-10-09T12:41:51.0000,2026-10-09T12:41:52.0000,0.9024,0.1175,-1.0000,-1.0000,-1.0000,-1.0000,-1.0000,-1.0000,-1.0000,-1.0000,-1.0000,-1.0000,-1.0000,-1.0000,-1.0000,-1.0000,-1.0000,-1.0000,-1.0000,-1.0000,NO-data
escena_2,2026-10-09T12:41:52.0000,2026-10-09T12:41:53.0000,0.9109,0.1164,-1.0000,-1.0000,-1.0000,-1.0000,-1.0000,-1.0000,-1.0000,-1.0000,-1.0000,-1.0000,-1.0000,-1.0000,-1.0000,-1.0000,-1.0000,-1.0000,-1.0000,-1.0000,NO-data
escena_2,2026-10-09T12:41:53.0000,2026-10-09T12:41:54.0000,0.9128,0.1162,-1.0000,-1.0000,-1.0000,-1.0000,-1.0000,-1.0000,-1.0000,-1.0000,-1.0000,-1.0000,-1.0000,-1.0000,-1.0000,-1.0000,-1.0000,-1.0000,-1.0000,-1.0000,NO-data
escena_2,2026-10-09T12:41:54.0000,2026-10-09T12:41:55.0000,0.9128,0.1162,-1.0000,-1.0000,-1.0000,-1.0000,-1.0000,-1.0000,-1.0000,-1.0000,-1.0000,-1.0000,-1.0000,-1.0000,-1.0000,-1.0000,-1.0000,-1.0000,-1.0000,-1.0000,NO-data
escena_2,2026-10-09T12:41:55.0000,2026-10-09T12:41:56.0000,0.9128,0.1162,-1.0000,-1.0000,-1.0000,-1.0000,-1.0000,-1.0000,-1.0000,-1.0000,-1.0000,-1.0000,-1.0000,-1.0000,-1.0000,-1.0000,-1.0000,-1.0000,-1.0000,-1.0000,NO-data
escena_2,2026-10-09T12:41:56.0000,2026-10-09T12:41:57.0000,0.9128,0.1162,-1.0000,-1.0000,-1.0000,-1.0000,-1.0000,-1.0000,-1.0000,-1.0000,-1.0000,-1.0000,-1.0000,-1.0000,-1.0000,-1.0000,-1.0000,-1.0000,-1.0000,-1.0000,NO-data
escena_2,2026-10-09T12:41:57.0000,2026-10-09T12:41:58.0000,0.9135,0.1252,-1.0000,-1.0000,-1.0000,-1.0000,-1.0000,-1.0000,-1.0000,-1.0000,-1.0000,-1.0000,-1.0000,-1.0000,-1.0000,-1.0000,-1.0000,-1.0000,-1.0000,-1.0000,NO-data
escena_2,2026-10-09T12:41:58.0000,2026-10-09T12:41:59.0000,0.9138,0.1295,482.0000,-92.0000,-1.0000,-1.0000,-1.0000,-1.0000,-1.0000,-1.0000,-1.0000,-1.0000,-1.0000,-1.0000,113.0000,-65.0000,-1.0000,-1.0000,-1.0000,-1.0000,data
escena_2,2026-10-09T12:41:59.0000,2026-10-09T12:42:00.0000,0.9138,0.1295,-1.0000,-1.0000,-1.0000,-1.0000,-1.0000,-1.0000,-1.0000,-1.0000,-1.0000,-1.0000,-1.0000,-1.0000,-1.0000,-1.0000,-1.0000,-1.0000,-1.0000,-1.0000,NO-data
escena_2,2026-10-09T12:42:00.0000,2026-10-09T12:42:01.0000,0.9138,0.1295,-1.0000,-1.0000,-1.0000,-1.0000,-1.0000,-1.0000,-1.0000,-1.0000,-1.0000,-1.0000,-1.0000,-1.0000,-1.0000,-1.0000,-1.0000,-1.0000,-1.0000,-1.0000,NO-data
escena_2,2026-10-09T12:42:01.0000,2026-10-09T12:42:02.0000,0.9138,0.1295,-1.0000,-1.0000,-1.0000,-1.0000,-1.0000,-1.0000,-1.0000,-1.0000,-1.0000,-1.0000,-1.0000,-1.0000,-1.0000,-1.0000,-1.0000,-1.0000,-1.0000,-1.0000,NO-data
escena_2,2026-10-09T12:42:02.0000,2026-10-09T12:42:03.0000,0.9138,0.1295,-1.0000,-1.0000,-1.0000,-1.0000,-1.0000,-1.0000,-1.0000,-1.0000,-1.0000,-1.0000,-1.0000,-1.0000,-1.0000,-1.0000,-1.0000,-1.0000,-1.0000,-1.0000,NO-data
escena_2,2026-10-09T12:42:03.0000,2026-10-09T12:42:04.0000,0.9126,0.1280,-1.0000,-1.0000,-1.0000,-1.0000,-1.0000,-1.0000,-1.0000,-1.0000,-1.0000,-1.0000,-1.0000,-1.0000,-1.0000,-1.0000,-1.0000,-1.0000,-1.0000,-1.0000,NO-data
escena_2,2026-10-09T12:42:04.0000,2026-10-09T12:42:05.0000,0.9108,0.1259,-1.0000,-1.0000,-1.0000,-1.0000,-1.0000,-1.0000,-1.0000,-1.0000,-1.0000,-1.0000,-1.0000,-1.0000,-1.0000,-1.0000,-1.0000,-1.0000,-1.0000,-1.0000,NO-data
escena_2,2026-10-09T12:42:05.0000,2026-10-09T12:42:06.0000,0.9090,0.1239,-1.0000,-1.0000,-1.0000,-1.0000,-1.0000,-1.0000,-1.0000,-1.0000,-1.0000,-1.0000,-1.0000,-1.0000,124.0000,-65.0000,-1.0000,-1.0000,-1.0000,-1.0000,data
escena_2,2026-10-09T12:42:06.0000,2026-10-09T12:42:07.0000,0.9072,0.1218,-1.0000,-1.0000,-1.0000,-1.0000,-1.0000,-1.0000,-1.0000,-1.0000,-1.0000,-1.0000,674.0000,-119.0000,-1.0000,-1.0000,-1.0000,-1.0000,-1.0000,-1.0000,data
escena_2,2026-10-09T12:42:07.0000,2026-10-09T12:42:08.0000,0.9037,0.1201,-1.0000,-1.0000,-1.0000,-1.0000,-1.0000,-1.0000,-1.0000,-1.0000,273.0000,-81.5000,-1.0000,-1.0000,-1.0000,-1.0000,-1.0000,-1.0000,-1.0000,-1.0000,data
escena_2,2026-10-09T12:42:08.0000,2026-10-09T12:42:09.0000,0.8938,0.1197,-1.0000,-1.0000,-1.0000,-1.0000,-1.0000,-1.0000,-1.0000,-1.0000,-1.0000,-1.0000,-1.0000,-1.0000,-1.0000,-1.0000,-1.0000,-1.0000,-1.0000,-1.0000,NO-data
escena_2,2026-10-09T12:42:09.0000,2026-10-09T12:42:10.0000,0.8838,0.1192,-1.0000,-1.0000,-1.0000,-1.0000,-1.0000,-1.0000,-1.0000,-1.0000,-1.0000,-1.0000,-1.0000,-1.0000,-1.0000,-1.0000,-1.0000,-1.0000,-1.0000,-1.0000,NO-data
escena_2,2026-10-09T12:42:10.0000,2026-10-09T12:42:11.0000,0.8739,0.1188,-1.0000,-1.0000,-1.0000,-1.0000,-1.0000,-1.0000,-1.0000,-1.0000,-1.0000,-1.0000,-1.0000,-1.0000,-1.0000,-1.0000,-1.0000,-1.0000,-1.0000,-1.0000,NO-data
escena_2,2026-10-09T12:42:11.0000,2026-10-09T12:42:12.0000,0.7912,0.1415,-1.0000,-1.0000,-1.0000,-1.0000,-1.0000,-1.0000,-1.0000,-1.0000,-1.0000,-1.0000,-1.0000,-1.0000,-1.0000,-1.0000,-1.0000,-1.0000,283.0000,-92.0000,data
escena_2,2026-10-09T12:42:12.0000,2026-10-09T12:42:13.0000,0.7082,0.1643,-1.0000,-1.0000,-1.0000,-1.0000,-1.0000,-1.0000,-1.0000,-1.0000,365.0000,-85.0000,-1.0000,-1.0000,-1.0000,-1.0000,-1.0000,-1.0000,-1.0000,-1.0000,data
escena_2,2026-10-09T12:42:13.0000,2026-10-09T12:42:14.0000,0.6934,0.1746,-1.0000,-1.0000,-1.0000,-1.0000,-1.0000,-1.0000,-1.0000,-1.0000,-1.0000,-1.0000,-1.0000,-1.0000,-1.0000,-1.0000,-1.0000,-1.0000,-1.0000,-1.0000,NO-data
escena_2,2026-10-09T12:42:14.0000,2026-10-09T12:42:15.0000,0.6873,0.1834,-1.0000,-1.0000,-1.0000,-1.0000,-1.0000,-1.0000,-1.0000,-1.0000,-1.0000,-1.0000,-1.0000,-1.0000,-1.0000,-1.0000,-1.0000,-1.0000,-1.0000,-1.0000,NO-data
escena_2,2026-10-09T12:42:15.0000,2026-10-09T12:42:16.0000,0.6853,0.1884,-1.0000,-1.0000,-1.0000,-1.0000,-1.0000,-1.0000,-1.0000,-1.0000,-1.0000,-1.0000,-1.0000,-1.0000,-1.0000,-1.0000,-1.0000,-1.0000,-1.0000,-1.0000,NO-data
escena_2,2026-10-09T12:42:16.0000,2026-10-09T12:42:17.0000,0.6846,0.1922,-1.0000,-1.0000,-1.0000,-1.0000,-1.0000,-1.0000,-1.0000,-1.0000,-1.0000,-1.0000,-1.0000,-1.0000,-1.0000,-1.0000,-1.0000,-1.0000,-1.0000,-1.0000,NO-data
escena_2,2026-10-09T12:42:17.0000,2026-10-09T12:42:18.0000,0.6838,0.1961,-1.0000,-1.0000,-1.0000,-1.0000,-1.0000,-1.0000,-1.0000,-1.0000,-1.0000,-1.0000,-1.0000,-1.0000,-1.0000,-1.0000,-1.0000,-1.0000,-1.0000,-1.0000,NO-data
escena_2,2026-10-09T12:42:18.0000,2026-10-09T12:42:19.0000,0.6838,0.1962,-1.0000,-1.0000,-1.0000,-1.0000,-1.0000,-1.0000,-1.0000,-1.0000,-1.0000,-1.0000,-1.0000,-1.0000,-1.0000,-1.0000,-1.0000,-1.0000,-1.0000,-1.0000,NO-data
escena_3,2026-10-09T12:42:43.0000,2026-10-09T12:42:44.0000,0.8713,0.3706,-1.0000,-1.0000,-1.0000,-1.0000,-1.0000,-1.0000,-1.0000,-1.0000,-1.0000,-1.0000,-1.0000,-1.0000,-1.0000,-1.0000,-1.0000,-1.0000,-1.0000,-1.0000,NO-data
escena_3,2026-10-09T12:42:44.0000,2026-10-09T12:42:45.0000,0.8703,0.3755,-1.0000,-1.0000,-1.0000,-1.0000,-1.0000,-1.0000,-1.0000,-1.0000,-1.0000,-1.0000,-1.0000,-1.0000,-1.0000,-1.0000,-1.0000,-1.0000,-1.0000,-1.0000,NO-data
escena_3,2026-10-09T12:42:45.0000,2026-10-09T12:42:46.0000,0.8694,0.3803,-1.0000,-1.0000,-1.0000,-1.0000,-1.0000,-1.0000,-1.0000,-1.0000,-1.0000,-1.0000,-1.0000,-1.0000,-1.0000,-1.0000,-1.0000,-1.0000,-1.0000,-1.0000,NO-data
escena_3,2026-10-09T12:42:46.0000,2026-10-09T12:42:47.0000,0.8661,0.3724,-1.0000,-1.0000,-1.0000,-1.0000,-1.0000,-1.0000,-1.0000,-1.0000,-1.0000,-1.0000,-1.0000,-1.0000,-1.0000,-1.0000,-1.0000,-1.0000,-1.0000,-1.0000,NO-data
escena_3,2026-10-09T12:42:47.0000,2026-10-09T12:42:48.0000,0.8605,0.3507,50.0000,-72.0000,-1.0000,-1.0000,-1.0000,-1.0000,-1.0000,-1.0000,-1.0000,-1.0000,-1.0000,-1.0000,-1.0000,-1.0000,-1.0000,-1.0000,-1.0000,-1.0000,data
escena_3,2026-10-09T12:42:48.0000,2026-10-09T12:42:49.0000,0.8541,0.3657,-1.0000,-1.0000,-1.0000,-1.0000,-1.0000,-1.0000,-1.0000,-1.0000,289.0000,-86.0000,-1.0000,-1.0000,-1.0000,-1.0000,-1.0000,-1.0000,-1.0000,-1.0000,data
escena_3,2026-10-09T12:42:49.0000,2026-10-09T12:42:50.0000,0.8612,0.3791,-1.0000,-1.0000,-1.0000,-1.0000,-1.0000,-1.0000,-1.0000,-1.0000,-1.0000,-1.0000,-1.0000,-1.0000,-1.0000,-1.0000,-1.0000,-1.0000,-1.0000,-1.0000,NO-data
escena_3,2026-10-09T12:42:50.0000,2026-10-09T12:42:51.0000,0.8755,0.3835,-1.0000,-1.0000,-1.0000,-1.0000,-1.0000,-1.0000,-1.0000,-1.0000,-1.0000,-1.0000,-1.0000,-1.0000,-1.0000,-1.0000,-1.0000,-1.0000,-1.0000,-1.0000,NO-data
escena_3,2026-10-09T12:42:51.0000,2026-10-09T12:42:52.0000,0.8775,0.3844,55.0000,-69.5000,-1.0000,-1.0000,-1.0000,-1.0000,-1.0000,-1.0000,-1.0000,-1.0000,-1.0000,-1.0000,-1.0000,-1.0000,-1.0000,-1.0000,-1.0000,-1.0000,data
escena_3,2026-10-09T12:42:52.0000,2026-10-09T12:42:53.0000,0.8698,0.3825,-1.0000,-1.0000,-1.0000,-1.0000,-1.0000,-1.0000,-1.0000,-1.0000,-1.0000,-1.0000,-1.0000,-1.0000,-1.0000,-1.0000,-1.0000,-1.0000,-1.0000,-1.0000,NO-data
escena_3,2026-10-09T12:42:53.0000,2026-10-09T12:42:54.0000,0.8620,0.3806,-1.0000,-1.0000,-1.0000,-1.0000,-1.0000,-1.0000,-1.0000,-1.0000,-1.0000,-1.0000,-1.0000,-1.0000,-1.0000,-1.0000,-1.0000,-1.0000,-1.0000,-1.0000,NO-data
escena_3,2026-10-09T12:42:54.0000,2026-10-09T12:42:55.0000,0.8543,0.3789,-1.0000,-1.0000,-1.0000,-1.0000,-1.0000,-1.0000,-1.0000,-1.0000,-1.0000,-1.0000,-1.0000,-1.0000,-1.0000,-1.0000,-1.0000,-1.0000,-1.0000,-1.0000,NO-data
escena_3,2026-10-09T12:42:55.0000,2026-10-09T12:42:56.0000,0.8467,0.3793,-1.0000,-1.0000,-1.0000,-1.0000,-1.0000,-1.0000,-1.0000,-1.0000,-1.0000,-1.0000,-1.0000,-1.0000,-1.0000,-1.0000,-1.0000,-1.0000,-1.0000,-1.0000,NO-data
escena_3,2026-10-09T12:42:56.0000,2026-10-09T12:42:57.0000,0.8392,0.3797,-1.0000,-1.0000,-1.0000,-1.0000,-1.0000,-1.0000,-1.0000,-1.0000,-1.0000,-1.0000,-1.0000,-1.0000,-1.0000,-1.0000,-1.0000,-1.0000,-1.0000,-1.0000,NO-data
escena_3,2026-10-09T12:42:57.0000,2026-10-09T12:42:58.0000,0.8317,0.3801,-1.0000,-1.0000,-1.0000,-1.0000,-1.0000,-1.0000,-1.0000,-1.0000,-1.0000,-1.0000,-1.0000,-1.0000,-1.0000,-1.0000,-1.0000,-1.0000,-1.0000,-1.0000,NO-data
escena_3,2026-10-09T12:42:58.0000,2026-10-09T12:42:59.0000,0.7964,0.3650,-1.0000,-1.0000,-1.0000,-1.0000,-1.0000,-1.0000,-1.0000,-1.0000,-1.0000,-1.0000,-1.0000,-1.0000,-1.0000,-1.0000,-1.0000,-1.0000,-1.0000,-1.0000,NO-data
escena_3,2026-10-09T12:42:59.0000,2026-10-09T12:43:00.0000,0.7153,0.3745,-1.0000,-1.0000,-1.0000,-1.0000,-1.0000,-1.0000,-1.0000,-1.0000,-1.0000,-1.0000,-1.0000,-1.0000,-1.0000,-1.0000,654.0000,-101.0000,-1.0000,-1.0000,data
escena_3,2026-10-09T12:43:00.0000,2026-10-09T12:43:01.0000,0.6848,0.4063,-1.0000,-1.0000,545.0000,-86.5000,-1.0000,-1.0000,-1.0000,-1.0000,-1.0000,-1.0000,-1.0000,-1.0000,-1.0000,-1.0000,-1.0000,-1.0000,-1.0000,-1.0000,data
escena_3,2026-10-09T12:43:01.0000,2026-10-09T12:43:02.0000,0.6903,0.4790,-1.0000,-1.0000,-1.0000,-1.0000,-1.0000,-1.0000,-1.0000,-1.0000,-1.0000,-1.0000,-1.0000,-1.0000,-1.0000,-1.0000,-1.0000,-1.0000,-1.0000,-1.0000,NO-data
escena_3,2026-10-09T12:43:02.0000,2026-10-09T12:43:03.0000,0.6918,0.5090,-1.0000,-1.0000,-1.0000,-1.0000,-1.0000,-1.0000,-1.0000,-1.0000,-1.0000,-1.0000,-1.0000,-1.0000,-1.0000,-1.0000,-1.0000,-1.0000,-1.0000,-1.0000,NO-data
escena_3,2026-10-09T12:43:03.0000,2026-10-09T12:43:04.0000,0.6509,0.5221,-1.0000,-1.0000,-1.0000,-1.0000,-1.0000,-1.0000,-1.0000,-1.0000,-1.0000,-1.0000,-1.0000,-1.0000,-1.0000,-1.0000,-1.0000,-1.0000,548.0000,-92.0000,data
escena_3,2026-10-09T12:43:04.0000,2026-10-09T12:43:05.0000,0.5604,0.5168,-1.0000,-1.0000,-1.0000,-1.0000,-1.0000,-1.0000,-1.0000,-1.0000,-1.0000,-1.0000,-1.0000,-1.0000,-1.0000,-1.0000,-1.0000,-1.0000,-1.0000,-1.0000,NO-data
escena_3,2026-10-09T12:43:05.0000,2026-10-09T12:43:06.0000,0.3961,0.4840,-1.0000,-1.0000,-1.0000,-1.0000,-1.0000,-1.0000,-1.0000,-1.0000,-1.0000,-1.0000,-1.0000,-1.0000,-1.0000,-1.0000,-1.0000,-1.0000,-1.0000,-1.0000,NO-data
escena_3,2026-10-09T12:43:06.0000,2026-10-09T12:43:07.0000,0.2989,0.5111,-1.0000,-1.0000,-1.0000,-1.0000,-1.0000,-1.0000,-1.0000,-1.0000,-1.0000,-1.0000,-1.0000,-1.0000,-1.0000,-1.0000,-1.0000,-1.0000,-1.0000,-1.0000,NO-data
escena_3,2026-10-09T12:43:07.0000,2026-10-09T12:43:08.0000,0.2264,0.5302,-1.0000,-1.0000,-1.0000,-1.0000,-1.0000,-1.0000,-1.0000,-1.0000,-1.0000,-1.0000,-1.0000,-1.0000,-1.0000,-1.0000,-1.0000,-1.0000,-1.0000,-1.0000,NO-data
escena_3,2026-10-09T12:43:08.0000,2026-10-09T12:43:09.0000,0.1760,0.5345,-1.0000,-1.0000,-1.0000,-1.0000,-1.0000,-1.0000,-1.0000,-1.0000,-1.0000,-1.0000,-1.0000,-1.0000,-1.0000,-1.0000,410.0000,-82.5000,-1.0000,-1.0000,data
escena_3,2026-10-09T12:43:09.0000,2026-10-09T12:43:10.0000,0.1753,0.5652,-1.0000,-1.0000,-1.0000,-1.0000,-1.0000,-1.0000,-1.0000,-1.0000,-1.0000,-1.0000,-1.0000,-1.0000,-1.0000,-1.0000,-1.0000,-1.0000,-1.0000,-1.0000,NO-data
escena_3,2026-10-09T12:43:10.0000,2026-10-09T12:43:11.0000,0.1791,0.5983,-1.0000,-1.0000,-1.0000,-1.0000,-1.0000,-1.0000,-1.0000,-1.0000,-1.0000,-1.0000,-1.0000,-1.0000,-1.0000,-1.0000,-1.0000,-1.0000,-1.0000,-1.0000,NO-data
escena_3,2026-10-09T12:43:11.0000,2026-10-09T12:43:12.0000,0.1808,0.6601,-1.0000,-1.0000,-1.0000,-1.0000,-1.0000,-1.0000,-1.0000,-1.0000,-1.0000,-1.0000,-1.0000,-1.0000,-1.0000,-1.0000,-1.0000,-1.0000,-1.0000,-1.0000,NO-data
escena_3,2026-10-09T12:43:12.0000,2026-10-09T12:43:13.0000,0.1807,0.7376,-1.0000,-1.0000,-1.0000,-1.0000,-1.0000,-1.0000,-1.0000,-1.0000,-1.0000,-1.0000,-1.0000,-1.0000,-1.0000,-1.0000,-1.0000,-1.0000,-1.0000,-1.0000,NO-data
escena_3,2026-10-09T12:43:13.0000,2026-10-09T12:43:14.0000,0.1792,0.7228,-1.0000,-1.0000,-1.0000,-1.0000,-1.0000,-1.0000,-1.0000,-1.0000,-1.0000,-1.0000,-1.0000,-1.0000,-1.0000,-1.0000,-1.0000,-1.0000,-1.0000,-1.0000,NO-data
escena_3,2026-10-09T12:43:14.0000,2026-10-09T12:43:15.0000,0.1777,0.7080,-1.0000,-1.0000,-1.0000,-1.0000,-1.0000,-1.0000,-1.0000,-1.0000,-1.0000,-1.0000,527.0000,-110.5000,-1.0000,-1.0000,-1.0000,-1.0000,-1.0000,-1.0000,data
escena_3,2026-10-09T12:43:15.0000,2026-10-09T12:43:16.0000,0.1762,0.6933,-1.0000,-1.0000,-1.0000,-1.0000,-1.0000,-1.0000,-1.0000,-1.0000,-1.0000,-1.0000,-1.0000,-1.0000,-1.0000,-1.0000,-1.0000,-1.0000,-1.0000,-1.0000,NO-data
escena_3,2026-10-09T12:43:16.0000,2026-10-09T12:43:17.0000,0.1747,0.6785,-1.0000,-1.0000,-1.0000,-1.0000,-1.0000,-1.0000,-1.0000,-1.0000,-1.0000,-1.0000,-1.0000,-1.0000,-1.0000,-1.0000,-1.0000,-1.0000,-1.0000,-1.0000,NO-data
escena_3,2026-10-09T12:43:17.0000,2026-10-09T12:43:18.0000,0.1732,0.6637,-1.0000,-1.0000,-1.0000,-1.0000,-1.0000,-1.0000,-1.0000,-1.0000,-1.0000,-1.0000,-1.0000,-1.0000,-1.0000,-1.0000,-1.0000,-1.0000,-1.0000,-1.0000,NO-data
escena_3,2026-10-09T12:43:18.0000,2026-10-09T12:43:19.0000,0.1717,0.6489,-1.0000,-1.0000,-1.0000,-1.0000,-1.0000,-1.0000,-1.0000,-1.0000,-1.0000,-1.0000,-1.0000,-1.0000,-1.0000,-1.0000,-1.0000,-1.0000,-1.0000,-1.0000,NO-data
escena_3,2026-10-09T12:43:19.0000,2026-10-09T12:43:20.0000,0.1702,0.6342,-1.0000,-1.0000,-1.0000,-1.0000,-1.0000,-1.0000,-1.0000,-1.0000,-1.0000,-1.0000,-1.0000,-1.0000,-1.0000,-1.0000,-1.0000,-1.0000,-1.0000,-1.0000,NO-data
escena_3,2026-10-09T12:43:20.0000,2026-10-09T12:43:21.0000,0.1624,0.5497,-1.0000,-1.0000,-1.0000,-1.0000,-1.0000,-1.0000,-1.0000,-1.0000,-1.0000,-1.0000,-1.0000,-1.0000,-1.0000,-1.0000,-1.0000,-1.0000,-1.0000,-1.0000,NO-data
escena_3,2026-10-09T12:43:21.0000,2026-10-09T12:43:22.0000,0.2665,0.5222,-1.0000,-1.0000,-1.0000,-1.0000,-1.0000,-1.0000,-1.0000,-1.0000,-1.0000,-1.0000,-1.0000,-1.0000,-1.0000,-1.0000,-1.0000,-1.0000,-1.0000,-1.0000,NO-data
escena_3,2026-10-09T12:43:22.0000,2026-10-09T12:43:23.0000,0.3617,0.5099,-1.0000,-1.0000,-1.0000,-1.0000,-1.0000,-1.0000,-1.0000,-1.0000,-1.0000,-1.0000,-1.0000,-1.0000,-1.0000,-1.0000,-1.0000,-1.0000,-1.0000,-1.0000,NO-data
escena_3,2026-10-09T12:43:23.0000,2026-10-09T12:43:24.0000,0.4246,0.5111,-1.0000,-1.0000,-1.0000,-1.0000,-1.0000,-1.0000,-1.0000,-1.0000,-1.0000,-1.0000,-1.0000,-1.0000,-1.0000,-1.0000,-1.0000,-1.0000,-1.0000,-1.0000,NO-data
escena_3,2026-10-09T12:43:24.0000,2026-10-09T12:43:25.0000,0.4894,0.5162,-1.0000,-1.0000,-1.0000,-1.0000,-1.0000,-1.0000,-1.0000,-1.0000,-1.0000,-1.0000,-1.0000,-1.0000,-1.0000,-1.0000,-1.0000,-1.0000,-1.0000,-1.0000,NO-data
escena_3,2026-10-09T12:43:25.0000,2026-10-09T12:43:26.0000,0.5706,0.5255,-1.0000,-1.0000,-1.0000,-1.0000,-1.0000,-1.0000,-1.0000,-1.0000,-1.0000,-1.0000,-1.0000,-1.0000,-1.0000,-1.0000,-1.0000,-1.0000,-1.0000,-1.0000,NO-data
escena_3,2026-10-09T12:43:26.0000,2026-10-09T12:43:27.0000,0.6467,0.5223,-1.0000,-1.0000,-1.0000,-1.0000,-1.0000,-1.0000,-1.0000,-1.0000,-1.0000,-1.0000,-1.0000,-1.0000,-1.0000,-1.0000,-1.0000,-1.0000,-1.0000,-1.0000,NO-data
escena_3,2026-10-09T12:43:27.0000,2026-10-09T12:43:28.0000,0.7024,0.4842,-1.0000,-1.0000,-1.0000,-1.0000,-1.0000,-1.0000,-1.0000,-1.0000,-1.0000,-1.0000,-1.0000,-1.0000,-1.0000,-1.0000,-1.0000,-1.0000,-1.0000,-1.0000,NO-data
escena_3,2026-10-09T12:43:28.0000,2026-10-09T12:43:29.0000,0.7010,0.3828,-1.0000,-1.0000,-1.0000,-1.0000,-1.0000,-1.0000,-1.0000,-1.0000,-1.0000,-1.0000,-1.0000,-1.0000,-1.0000,-1.0000,-1.0000,-1.0000,-1.0000,-1.0000,NO-data
escena_3,2026-10-09T12:43:29.0000,2026-10-09T12:43:30.0000,0.6926,0.3281,-1.0000,-1.0000,-1.0000,-1.0000,-1.0000,-1.0000,-1.0000,-1.0000,-1.0000,-1.0000,-1.0000,-1.0000,-1.0000,-1.0000,-1.0000,-1.0000,-1.0000,-1.0000,NO-data
escena_3,2026-10-09T12:43:30.0000,2026-10-09T12:43:31.0000,0.6869,0.2815,-1.0000,-1.0000,-1.0000,-1.0000,-1.0000,-1.0000,-1.0000,-1.0000,365.0000,-81.5000,-1.0000,-1.0000,-1.0000,-1.0000,-1.0000,-1.0000,-1.0000,-1.0000,data
escena_3,2026-10-09T12:43:31.0000,2026-10-09T12:43:32.0000,0.6923,0.2678,-1.0000,-1.0000,-1.0000,-1.0000,-1.0000,-1.0000,-1.0000,-1.0000,-1.0000,-1.0000,-1.0000,-1.0000,-1.0000,-1.0000,-1.0000,-1.0000,-1.0000,-1.0000,NO-data
escena_3,2026-10-09T12:43:32.0000,2026-10-09T12:43:33.0000,0.6976,0.2542,-1.0000,-1.0000,-1.0000,-1.0000,-1.0000,-1.0000,-1.0000,-1.0000,-1.0000,-1.0000,-1.0000,-1.0000,-1.0000,-1.0000,-1.0000,-1.0000,-1.0000,-1.0000,NO-data
escena_3,2026-10-09T12:43:33.0000,2026-10-09T12:43:34.0000,0.7030,0.2406,-1.0000,-1.0000,-1.0000,-1.0000,-1.0000,-1.0000,-1.0000,-1.0000,-1.0000,-1.0000,-1.0000,-1.0000,-1.0000,-1.0000,-1.0000,-1.0000,-1.0000,-1.0000,NO-data
escena_3,2026-10-09T12:43:34.0000,2026-10-09T12:43:35.0000,0.7084,0.2269,-1.0000,-1.0000,-1.0000,-1.0000,-1.0000,-1.0000,-1.0000,-1.0000,-1.0000,-1.0000,-1.0000,-1.0000,-1.0000,-1.0000,-1.0000,-1.0000,-1.0000,-1.0000,NO-data
escena_3,2026-10-09T12:43:35.0000,2026-10-09T12:43:36.0000,0.7138,0.2133,-1.0000,-1.0000,-1.0000,-1.0000,-1.0000,-1.0000,-1.0000,-1.0000,-1.0000,-1.0000,-1.0000,-1.0000,-1.0000,-1.0000,-1.0000,-1.0000,-1.0000,-1.0000,NO-data
escena_3,2026-10-09T12:43:36.0000,2026-10-09T12:43:37.0000,0.7192,0.1997,-1.0000,-1.0000,-1.0000,-1.0000,-1.0000,-1.0000,-1.0000,-1.0000,-1.0000,-1.0000,-1.0000,-1.0000,-1.0000,-1.0000,-1.0000,-1.0000,-1.0000,-1.0000,NO-data
escena_3,2026-10-09T12:43:37.0000,2026-10-09T12:43:38.0000,0.7245,0.1860,-1.0000,-1.0000,-1.0000,-1.0000,-1.0000,-1.0000,-1.0000,-1.0000,-1.0000,-1.0000,-1.0000,-1.0000,-1.0000,-1.0000,-1.0000,-1.0000,-1.0000,-1.0000,NO-data
escena_3,2026-10-09T12:43:38.0000,2026-10-09T12:43:39.0000,0.7299,0.1724,-1.0000,-1.0000,-1.0000,-1.0000,464.0000,-101.5000,-1.0000,-1.0000,-1.0000,-1.0000,-1.0000,-1.0000,-1.0000,-1.0000,-1.0000,-1.0000,-1.0000,-1.0000,data
escena_3,2026-10-09T12:43:39.0000,2026-10-09T12:43:40.0000,0.7353,0.1587,-1.0000,-1.0000,-1.0000,-1.0000,-1.0000,-1.0000,-1.0000,-1.0000,-1.0000,-1.0000,-1.0000,-1.0000,-1.0000,-1.0000,-1.0000,-1.0000,-1.0000,-1.0000,NO-data
escena_3,2026-10-09T12:43:40.0000,2026-10-09T12:43:41.0000,0.7557,0.1444,-1.0000,-1.0000,-1.0000,-1.0000,-1.0000,-1.0000,-1.0000,-1.0000,-1.0000,-1.0000,-1.0000,-1.0000,-1.0000,-1.0000,-1.0000,-1.0000,-1.0000,-1.0000,NO-data
escena_3,2026-10-09T12:43:41.0000,2026-10-09T12:43:42.0000,0.7822,0.1297,-1.0000,-1.0000,-1.0000,-1.0000,-1.0000,-1.0000,-1.0000,-1.0000,-1.0000,-1.0000,-1.0000,-1.0000,-1.0000,-1.0000,-1.0000,-1.0000,-1.0000,-1.0000,NO-data
escena_3,2026-10-09T12:43:42.0000,2026-10-09T12:43:43.0000,0.8180,0.1208,-1.0000,-1.0000,-1.0000,-1.0000,-1.0000,-1.0000,-1.0000,-1.0000,-1.0000,-1.0000,-1.0000,-1.0000,-1.0000,-1.0000,-1.0000,-1.0000,-1.0000,-1.0000,NO-data
escena_3,2026-10-09T12:43:43.0000,2026-10-09T12:43:44.0000,0.8771,0.1285,-1.0000,-1.0000,-1.0000,-1.0000,-1.0000,-1.0000,-1.0000,-1.0000,-1.0000,-1.0000,-1.0000,-1.0000,-1.0000,-1.0000,-1.0000,-1.0000,-1.0000,-1.0000,NO-data
escena_3,2026-10-09T12:43:44.0000,2026-10-09T12:43:45.0000,0.8819,0.1340,-1.0000,-1.0000,-1.0000,-1.0000,-1.0000,-1.0000,-1.0000,-1.0000,-1.0000,-1.0000,-1.0000,-1.0000,-1.0000,-1.0000,-1.0000,-1.0000,-1.0000,-1.0000,NO-data
escena_3,2026-10-09T12:43:45.0000,2026-10-09T12:43:46.0000,0.8866,0.1395,-1.0000,-1.0000,-1.0000,-1.0000,-1.0000,-1.0000,-1.0000,-1.0000,-1.0000,-1.0000,-1.0000,-1.0000,-1.0000,-1.0000,-1.0000,-1.0000,-1.0000,-1.0000,NO-data
escena_3,2026-10-09T12:43:46.0000,2026-10-09T12:43:47.0000,0.8914,0.1450,-1.0000,-1.0000,-1.0000,-1.0000,-1.0000,-1.0000,-1.0000,-1.0000,-1.0000,-1.0000,-1.0000,-1.0000,-1.0000,-1.0000,-1.0000,-1.0000,-1.0000,-1.0000,NO-data
escena_3,2026-10-09T12:43:47.0000,2026-10-09T12:43:48.0000,0.8918,0.1455,-1.0000,-1.0000,-1.0000,-1.0000,-1.0000,-1.0000,-1.0000,-1.0000,-1.0000,-1.0000,-1.0000,-1.0000,-1.0000,-1.0000,-1.0000,-1.0000,-1.0000,-1.0000,NO-data
escena_3,2026-10-09T12:43:48.0000,2026-10-09T12:43:49.0000,0.8918,0.1455,-1.0000,-1.0000,-1.0000,-1.0000,-1.0000,-1.0000,-1.0000,-1.0000,-1.0000,-1.0000,-1.0000,-1.0000,-1.0000,-1.0000,-1.0000,-1.0000,-1.0000,-1.0000,NO-data
escena_3,2026-10-09T12:43:49.0000,2026-10-09T12:43:50.0000,0.8918,0.1455,-1.0000,-1.0000,-1.0000,-1.0000,-1.0000,-1.0000,-1.0000,-1.0000,-1.0000,-1.0000,-1.0000,-1.0000,-1.0000,-1.0000,-1.0000,-1.0000,-1.0000,-1.0000,NO-data
escena_3,2026-10-09T12:43:50.0000,2026-10-09T12:43:51.0000,0.8918,0.1455,-1.0000,-1.0000,-1.0000,-1.0000,-1.0000,-1.0000,-1.0000,-1.0000,-1.0000,-1.0000,-1.0000,-1.0000,-1.0000,-1.0000,-1.0000,-1.0000,-1.0000,-1.0000,NO-data
escena_3,2026-10-09T12:43:51.0000,2026-10-09T12:43:52.0000,0.8898,0.1295,-1.0000,-1.0000,-1.0000,-1.0000,-1.0000,-1.0000,-1.0000,-1.0000,-1.0000,-1.0000,-1.0000,-1.0000,-1.0000,-1.0000,-1.0000,-1.0000,-1.0000,-1.0000,NO-data
escena_3,2026-10-09T12:43:52.0000,2026-10-09T12:43:53.0000,0.8898,0.1295,-1.0000,-1.0000,-1.0000,-1.0000,-1.0000,-1.0000,-1.0000,-1.0000,-1.0000,-1.0000,-1.0000,-1.0000,-1.0000,-1.0000,-1.0000,-1.0000,-1.0000,-1.0000,NO-data
escena_3,2026-10-09T12:43:53.0000,2026-10-09T12:43:54.0000,0.8898,0.1295,-1.0000,-1.0000,-1.0000,-1.0000,-1.0000,-1.0000,-1.0000,-1.0000,-1.0000,-1.0000,-1.0000,-1.0000,-1.0000,-1.0000,-1.0000,-1.0000,-1.0000,-1.0000,NO-data
escena_3,2026-10-09T12:43:54.0000,2026-10-09T12:43:55.0000,0.8891,0.1286,-1.0000,-1.0000,-1.0000,-1.0000,-1.0000,-1.0000,-1.0000,-1.0000,-1.0000,-1.0000,-1.0000,-1.0000,-1.0000,-1.0000,-1.0000,-1.0000,-1.0000,-1.0000,NO-data
escena_3,2026-10-09T12:43:55.0000,2026-10-09T12:43:56.0000,0.8865,0.1250,-1.0000,-1.0000,-1.0000,-1.0000,-1.0000,-1.0000,-1.0000,-1.0000,-1.0000,-1.0000,-1.0000,-1.0000,-1.0000,-1.0000,-1.0000,-1.0000,-1.0000,-1.0000,NO-data
escena_3,2026-10-09T12:43:56.0000,2026-10-09T12:43:57.0000,0.8838,0.1215,-1.0000,-1.0000,-1.0000,-1.0000,-1.0000,-1.0000,-1.0000,-1.0000,-1.0000,-1.0000,-1.0000,-1.0000,-1.0000,-1.0000,-1.0000,-1.0000,-1.0000,-1.0000,NO-data
escena_3,2026-10-09T12:43:57.0000,2026-10-09T12:43:58.0000,0.8811,0.1179,-1.0000,-1.0000,-1.0000,-1.0000,-1.0000,-1.0000,-1.0000,-1.0000,-1.0000,-1.0000,-1.0000,-1.0000,-1.0000,-1.0000,-1.0000,-1.0000,-1.0000,-1.0000,NO-data
escena_3,2026-10-09T12:43:58.0000,2026-10-09T12:43:59.0000,0.8803,0.1240,443.0000,-101.5000,-1.0000,-1.0000,-1.0000,-1.0000,-1.0000,-1.0000,-1.0000,-1.0000,-1.0000,-1.0000,-1.0000,-1.0000,-1.0000,-1.0000,-1.0000,-1.0000,data
escena_3,2026-10-09T12:43:59.0000,2026-10-09T12:44:00.0000,0.8796,0.1314,-1.0000,-1.0000,-1.0000,-1.0000,-1.0000,-1.0000,-1.0000,-1.0000,-1.0000,-1.0000,-1.0000,-1.0000,-1.0000,-1.0000,-1.0000,-1.0000,-1.0000,-1.0000,NO-data
escena_3,2026-10-09T12:44:00.0000,2026-10-09T12:44:01.0000,0.8790,0.1388,-1.0000,-1.0000,-1.0000,-1.0000,-1.0000,-1.0000,-1.0000,-1.0000,-1.0000,-1.0000,-1.0000,-1.0000,-1.0000,-1.0000,-1.0000,-1.0000,-1.0000,-1.0000,NO-data
escena_3,2026-10-09T12:44:01.0000,2026-10-09T12:44:02.0000,0.8845,0.1369,-1.0000,-1.0000,-1.0000,-1.0000,-1.0000,-1.0000,-1.0000,-1.0000,-1.0000,-1.0000,-1.0000,-1.0000,-1.0000,-1.0000,-1.0000,-1.0000,-1.0000,-1.0000,NO-data
escena_3,2026-10-09T12:44:02.0000,2026-10-09T12:44:03.0000,0.8915,0.1328,-1.0000,-1.0000,-1.0000,-1.0000,-1.0000,-1.0000,-1.0000,-1.0000,-1.0000,-1.0000,-1.0000,-1.0000,-1.0000,-1.0000,-1.0000,-1.0000,-1.0000,-1.0000,NO-data
escena_3,2026-10-09T12:44:03.0000,2026-10-09T12:44:04.0000,0.8976,0.1306,-1.0000,-1.0000,-1.0000,-1.0000,-1.0000,-1.0000,-1.0000,-1.0000,-1.0000,-1.0000,-1.0000,-1.0000,-1.0000,-1.0000,-1.0000,-1.0000,-1.0000,-1.0000,NO-data
escena_3,2026-10-09T12:44:04.0000,2026-10-09T12:44:05.0000,0.9030,0.1302,-1.0000,-1.0000,-1.0000,-1.0000,-1.0000,-1.0000,-1.0000,-1.0000,-1.0000,-1.0000,-1.0000,-1.0000,-1.0000,-1.0000,-1.0000,-1.0000,-1.0000,-1.0000,NO-data
escena_3,2026-10-09T12:44:05.0000,2026-10-09T12:44:06.0000,0.9084,0.1298,-1.0000,-1.0000,-1.0000,-1.0000,-1.0000,-1.0000,-1.0000,-1.0000,-1.0000,-1.0000,-1.0000,-1.0000,-1.0000,-1.0000,-1.0000,-1.0000,-1.0000,-1.0000,NO-data
escena_3,2026-10-09T12:44:06.0000,2026-10-09T12:44:07.0000,0.9128,0.1295,-1.0000,-1.0000,-1.0000,-1.0000,-1.0000,-1.0000,-1.0000,-1.0000,-1.0000,-1.0000,-1.0000,-1.0000,-1.0000,-1.0000,-1.0000,-1.0000,-1.0000,-1.0000,NO-data
escena_3,2026-10-09T12:44:07.0000,2026-10-09T12:44:08.0000,0.9128,0.1295,-1.0000,-1.0000,-1.0000,-1.0000,-1.0000,-1.0000,-1.0000,-1.0000,-1.0000,-1.0000,-1.0000,-1.0000,-1.0000,-1.0000,-1.0000,-1.0000,-1.0000,-1.0000,NO-data
escena_3,2026-10-09T12:44:08.0000,2026-10-09T12:44:09.0000,0.9097,0.1333,-1.0000,-1.0000,-1.0000,-1.0000,-1.0000,-1.0000,-1.0000,-1.0000,-1.0000,-1.0000,-1.0000,-1.0000,-1.0000,-1.0000,-1.0000,-1.0000,-1.0000,-1.0000,NO-data
escena_3,2026-10-09T12:44:09.0000,2026-10-09T12:44:10.0000,0.8985,0.1430,-1.0000,-1.0000,-1.0000,-1.0000,-1.0000,-1.0000,-1.0000,-1.0000,-1.0000,-1.0000,-1.0000,-1.0000,-1.0000,-1.0000,-1.0000,-1.0000,-1.0000,-1.0000,NO-data
escena_3,2026-10-09T12:44:10.0000,2026-10-09T12:44:11.0000,0.8917,0.1394,-1.0000,-1.0000,-1.0000,-1.0000,-1.0000,-1.0000,-1.0000,-1.0000,-1.0000,-1.0000,-1.0000,-1.0000,-1.0000,-1.0000,-1.0000,-1.0000,-1.0000,-1.0000,NO-data
escena_3,2026-10-09T12:44:11.0000,2026-10-09T12:44:12.0000,0.8850,0.1359,-1.0000,-1.0000,-1.0000,-1.0000,-1.0000,-1.0000,-1.0000,-1.0000,-1.0000,-1.0000,-1.0000,-1.0000,-1.0000,-1.0000,-1.0000,-1.0000,-1.0000,-1.0000,NO-data
escena_3,2026-10-09T12:44:12.0000,2026-10-09T12:44:13.0000,0.8830,0.1315,-1.0000,-1.0000,-1.0000,-1.0000,-1.0000,-1.0000,-1.0000,-1.0000,-1.0000,-1.0000,-1.0000,-1.0000,-1.0000,-1.0000,-1.0000,-1.0000,-1.0000,-1.0000,NO-data
escena_3,2026-10-09T12:44:13.0000,2026-10-09T12:44:14.0000,0.8833,0.1267,-1.0000,-1.0000,-1.0000,-1.0000,-1.0000,-1.0000,-1.0000,-1.0000,-1.0000,-1.0000,-1.0000,-1.0000,-1.0000,-1.0000,-1.0000,-1.0000,-1.0000,-1.0000,NO-data
escena_3,2026-10-09T12:44:14.0000,2026-10-09T12:44:15.0000,0.8836,0.1218,-1.0000,-1.0000,-1.0000,-1.0000,-1.0000,-1.0000,-1.0000,-1.0000,-1.0000,-1.0000,-1.0000,-1.0000,-1.0000,-1.0000,-1.0000,-1.0000,-1.0000,-1.0000,NO-data
escena_3,2026-10-09T12:44:15.0000,2026-10-09T12:44:16.0000,0.8840,0.1170,522.0000,-110.5000,-1.0000,-1.0000,-1.0000,-1.0000,-1.0000,-1.0000,-1.0000,-1.0000,-1.0000,-1.0000,-1.0000,-1.0000,-1.0000,-1.0000,-1.0000,-1.0000,data
escena_3,2026-10-09T12:44:16.0000,2026-10-09T12:44:17.0000,0.8843,0.1121,-1.0000,-1.0000,-1.0000,-1.0000,-1.0000,-1.0000,-1.0000,-1.0000,-1.0000,-1.0000,-1.0000,-1.0000,81.0000,-63.0000,-1.0000,-1.0000,-1.0000,-1.0000,data
escena_3,2026-10-09T12:44:17.0000,2026-10-09T12:44:18.0000,0.8846,0.1073,-1.0000,-1.0000,-1.0000,-1.0000,-1.0000,-1.0000,-1.0000,-1.0000,-1.0000,-1.0000,-1.0000,-1.0000,-1.0000,-1.0000,-1.0000,-1.0000,381.0000,-101.5000,data
escena_3,2026-10-09T12:44:18.0000,2026-10-09T12:44:19.0000,0.8849,0.1037,-1.0000,-1.0000,-1.0000,-1.0000,-1.0000,-1.0000,-1.0000,-1.0000,-1.0000,-1.0000,-1.0000,-1.0000,-1.0000,-1.0000,-1.0000,-1.0000,-1.0000,-1.0000,NO-data
escena_3,2026-10-09T12:44:19.0000,2026-10-09T12:44:20.0000,0.8862,0.1138,-1.0000,-1.0000,-1.0000,-1.0000,-1.0000,-1.0000,-1.0000,-1.0000,-1.0000,-1.0000,-1.0000,-1.0000,-1.0000,-1.0000,-1.0000,-1.0000,-1.0000,-1.0000,NO-data
escena_3,2026-10-09T12:44:20.0000,2026-10-09T12:44:21.0000,0.8875,0.1239,-1.0000,-1.0000,-1.0000,-1.0000,-1.0000,-1.0000,-1.0000,-1.0000,-1.0000,-1.0000,-1.0000,-1.0000,-1.0000,-1.0000,-1.0000,-1.0000,-1.0000,-1.0000,NO-data
escena_3,2026-10-09T12:44:21.0000,2026-10-09T12:44:22.0000,0.8888,0.1340,-1.0000,-1.0000,-1.0000,-1.0000,-1.0000,-1.0000,-1.0000,-1.0000,-1.0000,-1.0000,-1.0000,-1.0000,-1.0000,-1.0000,-1.0000,-1.0000,-1.0000,-1.0000,NO-data
escena_3,2026-10-09T12:44:22.0000,2026-10-09T12:44:23.0000,0.8901,0.1440,-1.0000,-1.0000,-1.0000,-1.0000,-1.0000,-1.0000,-1.0000,-1.0000,-1.0000,-1.0000,-1.0000,-1.0000,-1.0000,-1.0000,-1.0000,-1.0000,-1.0000,-1.0000,NO-data
escena_3,2026-10-09T12:44:23.0000,2026-10-09T12:44:24.0000,0.8882,0.1449,-1.0000,-1.0000,-1.0000,-1.0000,-1.0000,-1.0000,-1.0000,-1.0000,-1.0000,-1.0000,-1.0000,-1.0000,-1.0000,-1.0000,-1.0000,-1.0000,-1.0000,-1.0000,NO-data
escena_3,2026-10-09T12:44:24.0000,2026-10-09T12:44:25.0000,0.8823,0.1349,-1.0000,-1.0000,-1.0000,-1.0000,-1.0000,-1.0000,-1.0000,-1.0000,-1.0000,-1.0000,-1.0000,-1.0000,-1.0000,-1.0000,-1.0000,-1.0000,-1.0000,-1.0000,NO-data
escena_3,2026-10-09T12:44:25.0000,2026-10-09T12:44:26.0000,0.8765,0.1249,-1.0000,-1.0000,-1.0000,-1.0000,-1.0000,-1.0000,-1.0000,-1.0000,-1.0000,-1.0000,-1.0000,-1.0000,-1.0000,-1.0000,-1.0000,-1.0000,-1.0000,-1.0000,NO-data
escena_3,2026-10-09T12:44:26.0000,2026-10-09T12:44:27.0000,0.8707,0.1150,-1.0000,-1.0000,-1.0000,-1.0000,-1.0000,-1.0000,-1.0000,-1.0000,-1.0000,-1.0000,-1.0000,-1.0000,-1.0000,-1.0000,-1.0000,-1.0000,-1.0000,-1.0000,NO-data
escena_3,2026-10-09T12:44:27.0000,2026-10-09T12:44:28.0000,0.8901,0.1127,-1.0000,-1.0000,-1.0000,-1.0000,-1.0000,-1.0000,-1.0000,-1.0000,-1.0000,-1.0000,-1.0000,-1.0000,-1.0000,-1.0000,-1.0000,-1.0000,-1.0000,-1.0000,NO-data
escena_3,2026-10-09T12:44:28.0000,2026-10-09T12:44:29.0000,0.9057,0.1202,-1.0000,-1.0000,-1.0000,-1.0000,-1.0000,-1.0000,-1.0000,-1.0000,176.0000,-85.0000,-1.0000,-1.0000,-1.0000,-1.0000,-1.0000,-1.0000,-1.0000,-1.0000,data
escena_3,2026-10-09T12:44:29.0000,2026-10-09T12:44:30.0000,0.9099,0.1386,-1.0000,-1.0000,-1.0000,-1.0000,-1.0000,-1.0000,-1.0000,-1.0000,-1.0000,-1.0000,-1.0000,-1.0000,-1.0000,-1.0000,-1.0000,-1.0000,413.0000,-92.0000,data
escena_3,2026-10-09T12:44:30.0000,2026-10-09T12:44:31.0000,0.9116,0.1316,-1.0000,-1.0000,-1.0000,-1.0000,-1.0000,-1.0000,-1.0000,-1.0000,-1.0000,-1.0000,-1.0000,-1.0000,-1.0000,-1.0000,-1.0000,-1.0000,-1.0000,-1.0000,NO-data
escena_3,2026-10-09T12:44:31.0000,2026-10-09T12:44:32.0000,0.9132,0.1245,-1.0000,-1.0000,-1.0000,-1.0000,-1.0000,-1.0000,-1.0000,-1.0000,-1.0000,-1.0000,-1.0000,-1.0000,-1.0000,-1.0000,-1.0000,-1.0000,-1.0000,-1.0000,NO-data
escena_3,2026-10-09T12:44:32.0000,2026-10-09T12:44:33.0000,0.9149,0.1175,-1.0000,-1.0000,-1.0000,-1.0000,-1.0000,-1.0000,-1.0000,-1.0000,-1.0000,-1.0000,-1.0000,-1.0000,-1.0000,-1.0000,-1.0000,-1.0000,-1.0000,-1.0000,NO-data
escena_3,2026-10-09T12:44:33.0000,2026-10-09T12:44:34.0000,0.9141,0.1172,-1.0000,-1.0000,-1.0000,-1.0000,-1.0000,-1.0000,-1.0000,-1.0000,-1.0000,-1.0000,-1.0000,-1.0000,-1.0000,-1.0000,-1.0000,-1.0000,-1.0000,-1.0000,NO-data
escena_3,2026-10-09T12:44:34.0000,2026-10-09T12:44:35.0000,0.9102,0.1256,-1.0000,-1.0000,-1.0000,-1.0000,-1.0000,-1.0000,-1.0000,-1.0000,-1.0000,-1.0000,-1.0000,-1.0000,-1.0000,-1.0000,-1.0000,-1.0000,-1.0000,-1.0000,NO-data
escena_3,2026-10-09T12:44:35.0000,2026-10-09T12:44:36.0000,0.9063,0.1341,-1.0000,-1.0000,-1.0000,-1.0000,-1.0000,-1.0000,-1.0000,-1.0000,-1.0000,-1.0000,-1.0000,-1.0000,-1.0000,-1.0000,-1.0000,-1.0000,-1.0000,-1.0000,NO-data
escena_3,2026-10-09T12:44:36.0000,2026-10-09T12:44:37.0000,0.9018,0.1401,-1.0000,-1.0000,-1.0000,-1.0000,-1.0000,-1.0000,-1.0000,-1.0000,-1.0000,-1.0000,-1.0000,-1.0000,-1.0000,-1.0000,-1.0000,-1.0000,-1.0000,-1.0000,NO-data
escena_3,2026-10-09T12:44:37.0000,2026-10-09T12:44:38.0000,0.8935,0.1290,-1.0000,-1.0000,-1.0000,-1.0000,-1.0000,-1.0000,-1.0000,-1.0000,-1.0000,-1.0000,-1.0000,-1.0000,-1.0000,-1.0000,-1.0000,-1.0000,-1.0000,-1.0000,NO-data
escena_3,2026-10-09T12:44:38.0000,2026-10-09T12:44:39.0000,0.8851,0.1179,-1.0000,-1.0000,-1.0000,-1.0000,-1.0000,-1.0000,-1.0000,-1.0000,-1.0000,-1.0000,-1.0000,-1.0000,-1.0000,-1.0000,-1.0000,-1.0000,-1.0000,-1.0000,NO-data
escena_3,2026-10-09T12:44:39.0000,2026-10-09T12:44:40.0000,0.8841,0.1179,-1.0000,-1.0000,-1.0000,-1.0000,-1.0000,-1.0000,-1.0000,-1.0000,-1.0000,-1.0000,-1.0000,-1.0000,-1.0000,-1.0000,-1.0000,-1.0000,-1.0000,-1.0000,NO-data
escena_3,2026-10-09T12:44:40.0000,2026-10-09T12:44:41.0000,0.8844,0.1200,-1.0000,-1.0000,-1.0000,-1.0000,-1.0000,-1.0000,-1.0000,-1.0000,-1.0000,-1.0000,-1.0000,-1.0000,-1.0000,-1.0000,-1.0000,-1.0000,-1.0000,-1.0000,NO-data
escena_3,2026-10-09T12:44:41.0000,2026-10-09T12:44:42.0000,0.8847,0.1221,-1.0000,-1.0000,-1.0000,-1.0000,-1.0000,-1.0000,-1.0000,-1.0000,-1.0000,-1.0000,-1.0000,-1.0000,99.0000,-71.0000,-1.0000,-1.0000,-1.0000,-1.0000,data
escena_3,2026-10-09T12:44:42.0000,2026-10-09T12:44:43.0000,0.8850,0.1242,-1.0000,-1.0000,-1.0000,-1.0000,-1.0000,-1.0000,-1.0000,-1.0000,-1.0000,-1.0000,-1.0000,-1.0000,-1.0000,-1.0000,-1.0000,-1.0000,-1.0000,-1.0000,NO-data
escena_3,2026-10-09T12:44:43.0000,2026-10-09T12:44:44.0000,0.8854,0.1263,-1.0000,-1.0000,-1.0000,-1.0000,-1.0000,-1.0000,-1.0000,-1.0000,-1.0000,-1.0000,-1.0000,-1.0000,-1.0000,-1.0000,-1.0000,-1.0000,-1.0000,-1.0000,NO-data
escena_3,2026-10-09T12:44:44.0000,2026-10-09T12:44:45.0000,0.8857,0.1284,-1.0000,-1.0000,-1.0000,-1.0000,-1.0000,-1.0000,-1.0000,-1.0000,-1.0000,-1.0000,-1.0000,-1.0000,-1.0000,-1.0000,-1.0000,-1.0000,-1.0000,-1.0000,NO-data
escena_3,2026-10-09T12:44:45.0000,2026-10-09T12:44:46.0000,0.8876,0.1279,-1.0000,-1.0000,-1.0000,-1.0000,-1.0000,-1.0000,-1.0000,-1.0000,-1.0000,-1.0000,-1.0000,-1.0000,-1.0000,-1.0000,-1.0000,-1.0000,-1.0000,-1.0000,NO-data
escena_3,2026-10-09T12:44:46.0000,2026-10-09T12:44:47.0000,0.8916,0.1243,-1.0000,-1.0000,-1.0000,-1.0000,-1.0000,-1.0000,-1.0000,-1.0000,-1.0000,-1.0000,-1.0000,-1.0000,-1.0000,-1.0000,-1.0000,-1.0000,-1.0000,-1.0000,NO-data
escena_3,2026-10-09T12:44:47.0000,2026-10-09T12:44:48.0000,0.8956,0.1207,-1.0000,-1.0000,-1.0000,-1.0000,-1.0000,-1.0000,-1.0000,-1.0000,168.0000,-84.0000,-1.0000,-1.0000,103.0000,-72.5000,-1.0000,-1.0000,-1.0000,-1.0000,data
escena_3,2026-10-09T12:44:48.0000,2026-10-09T12:44:49.0000,0.8995,0.1171,-1.0000,-1.0000,-1.0000,-1.0000,-1.0000,-1.0000,-1.0000,-1.0000,-1.0000,-1.0000,-1.0000,-1.0000,-1.0000,-1.0000,-1.0000,-1.0000,-1.0000,-1.0000,NO-data
escena_3,2026-10-09T12:44:49.0000,2026-10-09T12:44:50.0000,0.9035,0.1135,-1.0000,-1.0000,-1.0000,-1.0000,-1.0000,-1.0000,-1.0000,-1.0000,-1.0000,-1.0000,-1.0000,-1.0000,-1.0000,-1.0000,-1.0000,-1.0000,-1.0000,-1.0000,NO-data
escena_3,2026-10-09T12:44:50.0000,2026-10-09T12:44:51.0000,0.9075,0.1099,-1.0000,-1.0000,-1.0000,-1.0000,-1.0000,-1.0000,-1.0000,-1.0000,-1.0000,-1.0000,-1.0000,-1.0000,-1.0000,-1.0000,-1.0000,-1.0000,-1.0000,-1.0000,NO-data
escena_3,2026-10-09T12:44:51.0000,2026-10-09T12:44:52.0000,0.9108,0.1075,-1.0000,-1.0000,-1.0000,-1.0000,-1.0000,-1.0000,-1.0000,-1.0000,-1.0000,-1.0000,-1.0000,-1.0000,-1.0000,-1.0000,-1.0000,-1.0000,-1.0000,-1.0000,NO-data
escena_3,2026-10-09T12:44:52.0000,2026-10-09T12:44:53.0000,0.9104,0.1120,-1.0000,-1.0000,-1.0000,-1.0000,-1.0000,-1.0000,-1.0000,-1.0000,-1.0000,-1.0000,-1.0000,-1.0000,-1.0000,-1.0000,-1.0000,-1.0000,-1.0000,-1.0000,NO-data
escena_3,2026-10-09T12:44:53.0000,2026-10-09T12:44:54.0000,0.9101,0.1165,-1.0000,-1.0000,-1.0000,-1.0000,-1.0000,-1.0000,-1.0000,-1.0000,-1.0000,-1.0000,-1.0000,-1.0000,-1.0000,-1.0000,-1.0000,-1.0000,-1.0000,-1.0000,NO-data
escena_3,2026-10-09T12:44:54.0000,2026-10-09T12:44:55.0000,0.9098,0.1210,-1.0000,-1.0000,-1.0000,-1.0000,-1.0000,-1.0000,-1.0000,-1.0000,-1.0000,-1.0000,-1.0000,-1.0000,-1.0000,-1.0000,-1.0000,-1.0000,-1.0000,-1.0000,NO-data
escena_3,2026-10-09T12:44:55.0000,2026-10-09T12:44:56.0000,0.9094,0.1255,-1.0000,-1.0000,-1.0000,-1.0000,-1.0000,-1.0000,-1.0000,-1.0000,-1.0000,-1.0000,-1.0000,-1.0000,54.0000,-72.5000,-1.0000,-1.0000,-1.0000,-1.0000,data
escena_3,2026-10-09T12:44:56.0000,2026-10-09T12:44:57.0000,0.9091,0.1300,-1.0000,-1.0000,-1.0000,-1.0000,-1.0000,-1.0000,-1.0000,-1.0000,-1.0000,-1.0000,645.0000,-90.5000,-1.0000,-1.0000,-1.0000,-1.0000,-1.0000,-1.0000,data
escena_3,2026-10-09T12:44:57.0000,2026-10-09T12:44:58.0000,0.9088,0.1346,-1.0000,-1.0000,-1.0000,-1.0000,-1.0000,-1.0000,-1.0000,-1.0000,-1.0000,-1.0000,-1.0000,-1.0000,-1.0000,-1.0000,-1.0000,-1.0000,-1.0000,-1.0000,NO-data
escena_3,2026-10-09T12:44:58.0000,2026-10-09T12:44:59.0000,0.9084,0.1391,-1.0000,-1.0000,-1.0000,-1.0000,-1.0000,-1.0000,-1.0000,-1.0000,-1.0000,-1.0000,-1.0000,-1.0000,-1.0000,-1.0000,-1.0000,-1.0000,-1.0000,-1.0000,NO-data
escena_3,2026-10-09T12:44:59.0000,2026-10-09T12:45:00.0000,0.9081,0.1436,-1.0000,-1.0000,-1.0000,-1.0000,-1.0000,-1.0000,-1.0000,-1.0000,-1.0000,-1.0000,-1.0000,-1.0000,-1.0000,-1.0000,-1.0000,-1.0000,-1.0000,-1.0000,NO-data
escena_3,2026-10-09T12:45:00.0000,2026-10-09T12:45:01.0000,0.9059,0.1464,-1.0000,-1.0000,-1.0000,-1.0000,-1.0000,-1.0000,-1.0000,-1.0000,-1.0000,-1.0000,-1.0000,-1.0000,-1.0000,-1.0000,-1.0000,-1.0000,-1.0000,-1.0000,NO-data
escena_3,2026-10-09T12:45:01.0000,2026-10-09T12:45:02.0000,0.8987,0.1447,-1.0000,-1.0000,-1.0000,-1.0000,-1.0000,-1.0000,-1.0000,-1.0000,-1.0000,-1.0000,715.0000,-119.0000,-1.0000,-1.0000,-1.0000,-1.0000,-1.0000,-1.0000,data
escena_3,2026-10-09T12:45:02.0000,2026-10-09T12:45:03.0000,0.8915,0.1430,-1.0000,-1.0000,-1.0000,-1.0000,-1.0000,-1.0000,-1.0000,-1.0000,-1.0000,-1.0000,-1.0000,-1.0000,-1.0000,-1.0000,-1.0000,-1.0000,-1.0000,-1.0000,NO-data
escena_3,2026-10-09T12:45:03.0000,2026-10-09T12:45:04.0000,0.8844,0.1413,-1.0000,-1.0000,-1.0000,-1.0000,-1.0000,-1.0000,-1.0000,-1.0000,-1.0000,-1.0000,-1.0000,-1.0000,-1.0000,-1.0000,-1.0000,-1.0000,520.0000,-101.5000,data
escena_3,2026-10-09T12:45:04.0000,2026-10-09T12:45:05.0000,0.8772,0.1397,-1.0000,-1.0000,-1.0000,-1.0000,-1.0000,-1.0000,-1.0000,-1.0000,-1.0000,-1.0000,-1.0000,-1.0000,-1.0000,-1.0000,-1.0000,-1.0000,-1.0000,-1.0000,NO-data
escena_3,2026-10-09T12:45:05.0000,2026-10-09T12:45:06.0000,0.8701,0.1380,-1.0000,-1.0000,-1.0000,-1.0000,-1.0000,-1.0000,-1.0000,-1.0000,-1.0000,-1.0000,-1.0000,-1.0000,-1.0000,-1.0000,-1.0000,-1.0000,-1.0000,-1.0000,NO-data
escena_3,2026-10-09T12:45:06.0000,2026-10-09T12:45:07.0000,0.8629,0.1363,419.0000,-92.0000,-1.0000,-1.0000,-1.0000,-1.0000,-1.0000,-1.0000,-1.0000,-1.0000,-1.0000,-1.0000,-1.0000,-1.0000,-1.0000,-1.0000,-1.0000,-1.0000,data
escena_3,2026-10-09T12:45:07.0000,2026-10-09T12:45:08.0000,0.8558,0.1346,418.0000,-92.0000,-1.0000,-1.0000,-1.0000,-1.0000,-1.0000,-1.0000,-1.0000,-1.0000,-1.0000,-1.0000,-1.0000,-1.0000,-1.0000,-1.0000,-1.0000,-1.0000,data
escena_3,2026-10-09T12:45:08.0000,2026-10-09T12:45:09.0000,0.8445,0.1356,-1.0000,-1.0000,-1.0000,-1.0000,-1.0000,-1.0000,-1.0000,-1.0000,174.0000,-82.5000,-1.0000,-1.0000,-1.0000,-1.0000,-1.0000,-1.0000,-1.0000,-1.0000,data
escena_3,2026-10-09T12:45:09.0000,2026-10-09T12:45:10.0000,0.8243,0.1422,-1.0000,-1.0000,-1.0000,-1.0000,-1.0000,-1.0000,-1.0000,-1.0000,-1.0000,-1.0000,-1.0000,-1.0000,69.0000,-64.5000,-1.0000,-1.0000,-1.0000,-1.0000,data
escena_3,2026-10-09T12:45:10.0000,2026-10-09T12:45:11.0000,0.8041,0.1489,-1.0000,-1.0000,-1.0000,-1.0000,-1.0000,-1.0000,-1.0000,-1.0000,-1.0000,-1.0000,-1.0000,-1.0000,-1.0000,-1.0000,-1.0000,-1.0000,-1.0000,-1.0000,NO-data
escena_3,2026-10-09T12:45:11.0000,2026-10-09T12:45:12.0000,0.7838,0.1555,-1.0000,-1.0000,-1.0000,-1.0000,-1.0000,-1.0000,-1.0000,-1.0000,-1.0000,-1.0000,-1.0000,-1.0000,-1.0000,-1.0000,-1.0000,-1.0000,-1.0000,-1.0000,NO-data
escena_3,2026-10-09T12:45:12.0000,2026-10-09T12:45:13.0000,0.7636,0.1622,-1.0000,-1.0000,-1.0000,-1.0000,-1.0000,-1.0000,-1.0000,-1.0000,-1.0000,-1.0000,-1.0000,-1.0000,-1.0000,-1.0000,-1.0000,-1.0000,-1.0000,-1.0000,NO-data
escena_3,2026-10-09T12:45:13.0000,2026-10-09T12:45:14.0000,0.7434,0.1688,-1.0000,-1.0000,-1.0000,-1.0000,-1.0000,-1.0000,-1.0000,-1.0000,-1.0000,-1.0000,-1.0000,-1.0000,-1.0000,-1.0000,-1.0000,-1.0000,-1.0000,-1.0000,NO-data
escena_3,2026-10-09T12:45:14.0000,2026-10-09T12:45:15.0000,0.7232,0.1755,-1.0000,-1.0000,-1.0000,-1.0000,-1.0000,-1.0000,-1.0000,-1.0000,-1.0000,-1.0000,-1.0000,-1.0000,-1.0000,-1.0000,-1.0000,-1.0000,-1.0000,-1.0000,NO-data
escena_3,2026-10-09T12:45:15.0000,2026-10-09T12:45:16.0000,0.7030,0.1821,-1.0000,-1.0000,-1.0000,-1.0000,-1.0000,-1.0000,-1.0000,-1.0000,-1.0000,-1.0000,-1.0000,-1.0000,-1.0000,-1.0000,-1.0000,-1.0000,-1.0000,-1.0000,NO-data
escena_3,2026-10-09T12:45:16.0000,2026-10-09T12:45:17.0000,0.6984,0.1851,-1.0000,-1.0000,-1.0000,-1.0000,-1.0000,-1.0000,-1.0000,-1.0000,-1.0000,-1.0000,521.0000,-83.5000,-1.0000,-1.0000,-1.0000,-1.0000,-1.0000,-1.0000,data
escena_3,2026-10-09T12:45:17.0000,2026-10-09T12:45:18.0000,0.6957,0.1877,-1.0000,-1.0000,-1.0000,-1.0000,-1.0000,-1.0000,-1.0000,-1.0000,-1.0000,-1.0000,-1.0000,-1.0000,-1.0000,-1.0000,-1.0000,-1.0000,-1.0000,-1.0000,NO-data
escena_3,2026-10-09T12:45:18.0000,2026-10-09T12:45:19.0000,0.6929,0.1902,-1.0000,-1.0000,-1.0000,-1.0000,-1.0000,-1.0000,-1.0000,-1.0000,-1.0000,-1.0000,-1.0000,-1.0000,-1.0000,-1.0000,-1.0000,-1.0000,-1.0000,-1.0000,NO-data
escena_3,2026-10-09T12:45:19.0000,2026-10-09T12:45:20.0000,0.6906,0.1917,-1.0000,-1.0000,-1.0000,-1.0000,-1.0000,-1.0000,-1.0000,-1.0000,-1.0000,-1.0000,-1.0000,-1.0000,-1.0000,-1.0000,-1.0000,-1.0000,-1.0000,-1.0000,NO-data
escena_3,2026-10-09T12:45:20.0000,2026-10-09T12:45:21.0000,0.6895,0.1899,-1.0000,-1.0000,-1.0000,-1.0000,-1.0000,-1.0000,-1.0000,-1.0000,-1.0000,-1.0000,-1.0000,-1.0000,-1.0000,-1.0000,-1.0000,-1.0000,-1.0000,-1.0000,NO-data
escena_3,2026-10-09T12:45:21.0000,2026-10-09T12:45:22.0000,0.6885,0.1880,-1.0000,-1.0000,-1.0000,-1.0000,-1.0000,-1.0000,-1.0000,-1.0000,-1.0000,-1.0000,489.0000,-78.5000,-1.0000,-1.0000,-1.0000,-1.0000,-1.0000,-1.0000,data
escena_3,2026-10-09T12:45:22.0000,2026-10-09T12:45:23.0000,0.6874,0.1861,-1.0000,-1.0000,-1.0000,-1.0000,-1.0000,-1.0000,-1.0000,-1.0000,-1.0000,-1.0000,-1.0000,-1.0000,-1.0000,-1.0000,-1.0000,-1.0000,-1.0000,-1.0000,NO-data
escena_3,2026-10-09T12:45:23.0000,2026-10-09T12:45:24.0000,0.6864,0.1843,-1.0000,-1.0000,-1.0000,-1.0000,-1.0000,-1.0000,-1.0000,-1.0000,-1.0000,-1.0000,-1.0000,-1.0000,-1.0000,-1.0000,-1.0000,-1.0000,-1.0000,-1.0000,NO-data
escena_3,2026-10-09T12:45:24.0000,2026-10-09T12:45:25.0000,0.6853,0.1824,-1.0000,-1.0000,-1.0000,-1.0000,-1.0000,-1.0000,-1.0000,-1.0000,-1.0000,-1.0000,-1.0000,-1.0000,-1.0000,-1.0000,-1.0000,-1.0000,-1.0000,-1.0000,NO-data
escena_3,2026-10-09T12:45:25.0000,2026-10-09T12:45:26.0000,0.6850,0.1856,-1.0000,-1.0000,-1.0000,-1.0000,-1.0000,-1.0000,-1.0000,-1.0000,-1.0000,-1.0000,-1.0000,-1.0000,-1.0000,-1.0000,-1.0000,-1.0000,-1.0000,-1.0000,NO-data
escena_3,2026-10-09T12:45:26.0000,2026-10-09T12:45:27.0000,0.6853,0.1935,-1.0000,-1.0000,-1.0000,-1.0000,-1.0000,-1.0000,-1.0000,-1.0000,-1.0000,-1.0000,-1.0000,-1.0000,-1.0000,-1.0000,-1.0000,-1.0000,-1.0000,-1.0000,NO-data
escena_3,2026-10-09T12:45:27.0000,2026-10-09T12:45:28.0000,0.6856,0.2015,-1.0000,-1.0000,-1.0000,-1.0000,-1.0000,-1.0000,-1.0000,-1.0000,-1.0000,-1.0000,-1.0000,-1.0000,-1.0000,-1.0000,-1.0000,-1.0000,206.0000,-90.0000,data
escena_3,2026-10-09T12:45:28.0000,2026-10-09T12:45:29.0000,0.6856,0.2079,378.0000,-86.0000,-1.0000,-1.0000,-1.0000,-1.0000,-1.0000,-1.0000,-1.0000,-1.0000,-1.0000,-1.0000,-1.0000,-1.0000,-1.0000,-1.0000,-1.0000,-1.0000,data
escena_3,2026-10-09T12:45:29.0000,2026-10-09T12:45:30.0000,0.6843,0.2061,-1.0000,-1.0000,-1.0000,-1.0000,472.0000,-91.0000,-1.0000,-1.0000,-1.0000,-1.0000,-1.0000,-1.0000,-1.0000,-1.0000,-1.0000,-1.0000,-1.0000,-1.0000,data
escena_3,2026-10-09T12:45:30.0000,2026-10-09T12:45:31.0000,0.6830,0.2044,356.0000,-88.5000,-1.0000,-1.0000,-1.0000,-1.0000,-1.0000,-1.0000,-1.0000,-1.0000,499.0000,-79.5000,-1.0000,-1.0000,-1.0000,-1.0000,-1.0000,-1.0000,data
escena_3,2026-10-09T12:45:31.0000,2026-10-09T12:45:32.0000,0.6817,0.2027,-1.0000,-1.0000,-1.0000,-1.0000,-1.0000,-1.0000,-1.0000,-1.0000,-1.0000,-1.0000,-1.0000,-1.0000,238.0000,-82.5000,-1.0000,-1.0000,-1.0000,-1.0000,data
escena_3,2026-10-09T12:45:32.0000,2026-10-09T12:45:33.0000,0.6807,0.2009,-1.0000,-1.0000,-1.0000,-1.0000,-1.0000,-1.0000,-1.0000,-1.0000,-1.0000,-1.0000,-1.0000,-1.0000,-1.0000,-1.0000,-1.0000,-1.0000,-1.0000,-1.0000,NO-data
escena_3,2026-10-09T12:45:33.0000,2026-10-09T12:45:34.0000,0.6804,0.1990,-1.0000,-1.0000,-1.0000,-1.0000,-1.0000,-1.0000,-1.0000,-1.0000,289.0000,-80.0000,-1.0000,-1.0000,-1.0000,-1.0000,-1.0000,-1.0000,-1.0000,-1.0000,data
escena_3,2026-10-09T12:45:34.0000,2026-10-09T12:45:35.0000,0.6800,0.1972,-1.0000,-1.0000,-1.0000,-1.0000,-1.0000,-1.0000,-1.0000,-1.0000,-1.0000,-1.0000,-1.0000,-1.0000,-1.0000,-1.0000,-1.0000,-1.0000,-1.0000,-1.0000,NO-data
escena_3,2026-10-09T12:45:35.0000,2026-10-09T12:45:36.0000,0.6797,0.1953,-1.0000,-1.0000,-1.0000,-1.0000,-1.0000,-1.0000,-1.0000,-1.0000,-1.0000,-1.0000,-1.0000,-1.0000,-1.0000,-1.0000,-1.0000,-1.0000,-1.0000,-1.0000,NO-data
escena_3,2026-10-09T12:45:36.0000,2026-10-09T12:45:37.0000,0.6793,0.1935,-1.0000,-1.0000,-1.0000,-1.0000,-1.0000,-1.0000,-1.0000,-1.0000,-1.0000,-1.0000,-1.0000,-1.0000,-1.0000,-1.0000,-1.0000,-1.0000,-1.0000,-1.0000,NO-data
escena_3,2026-10-09T12:45:37.0000,2026-10-09T12:45:38.0000,0.6790,0.1916,-1.0000,-1.0000,-1.0000,-1.0000,-1.0000,-1.0000,-1.0000,-1.0000,-1.0000,-1.0000,-1.0000,-1.0000,-1.0000,-1.0000,-1.0000,-1.0000,-1.0000,-1.0000,NO-data
escena_3,2026-10-09T12:45:38.0000,2026-10-09T12:45:39.0000,0.6783,0.1908,-1.0000,-1.0000,-1.0000,-1.0000,-1.0000,-1.0000,-1.0000,-1.0000,-1.0000,-1.0000,-1.0000,-1.0000,-1.0000,-1.0000,-1.0000,-1.0000,-1.0000,-1.0000,NO-data
escena_3,2026-10-09T12:45:39.0000,2026-10-09T12:45:40.0000,0.6773,0.1908,-1.0000,-1.0000,-1.0000,-1.0000,-1.0000,-1.0000,-1.0000,-1.0000,-1.0000,-1.0000,-1.0000,-1.0000,-1.0000,-1.0000,-1.0000,-1.0000,-1.0000,-1.0000,NO-data
escena_3,2026-10-09T12:45:40.0000,2026-10-09T12:45:41.0000,0.6763,0.1908,-1.0000,-1.0000,-1.0000,-1.0000,-1.0000,-1.0000,-1.0000,-1.0000,-1.0000,-1.0000,-1.0000,-1.0000,305.0000,-86.0000,-1.0000,-1.0000,-1.0000,-1.0000,data
escena_3,2026-10-09T12:45:41.0000,2026-10-09T12:45:42.0000,0.6754,0.1908,-1.0000,-1.0000,-1.0000,-1.0000,-1.0000,-1.0000,-1.0000,-1.0000,-1.0000,-1.0000,-1.0000,-1.0000,-1.0000,-1.0000,-1.0000,-1.0000,-1.0000,-1.0000,NO-data
escena_3,2026-10-09T12:45:42.0000,2026-10-09T12:45:43.0000,0.6744,0.1908,-1.0000,-1.0000,-1.0000,-1.0000,-1.0000,-1.0000,-1.0000,-1.0000,299.0000,-78.5000,-1.0000,-1.0000,-1.0000,-1.0000,-1.0000,-1.0000,-1.0000,-1.0000,data
escena_3,2026-10-09T12:45:43.0000,2026-10-09T12:45:44.0000,0.6750,0.1884,-1.0000,-1.0000,-1.0000,-1.0000,-1.0000,-1.0000,-1.0000,-1.0000,-1.0000,-1.0000,-1.0000,-1.0000,-1.0000,-1.0000,-1.0000,-1.0000,-1.0000,-1.0000,NO-data
escena_3,2026-10-09T12:45:44.0000,2026-10-09T12:45:45.0000,0.6781,0.1821,377.0000,-86.5000,-1.0000,-1.0000,-1.0000,-1.0000,-1.0000,-1.0000,-1.0000,-1.0000,-1.0000,-1.0000,-1.0000,-1.0000,-1.0000,-1.0000,-1.0000,-1.0000,data
escena_3,2026-10-09T12:45:45.0000,2026-10-09T12:45:46.0000,0.6812,0.1757,-1.0000,-1.0000,-1.0000,-1.0000,-1.0000,-1.0000,-1.0000,-1.0000,-1.0000,-1.0000,501.0000,-76.5000,-1.0000,-1.0000,-1.0000,-1.0000,-1.0000,-1.0000,data
escena_3,2026-10-09T12:45:46.0000,2026-10-09T12:45:47.0000,0.6843,0.1693,-1.0000,-1.0000,-1.0000,-1.0000,-1.0000,-1.0000,-1.0000,-1.0000,-1.0000,-1.0000,-1.0000,-1.0000,-1.0000,-1.0000,-1.0000,-1.0000,-1.0000,-1.0000,NO-data
escena_3,2026-10-09T12:45:47.0000,2026-10-09T12:45:48.0000,0.6837,0.1728,-1.0000,-1.0000,-1.0000,-1.0000,-1.0000,-1.0000,-1.0000,-1.0000,-1.0000,-1.0000,-1.0000,-1.0000,-1.0000,-1.0000,-1.0000,-1.0000,-1.0000,-1.0000,NO-data
escena_3,2026-10-09T12:45:48.0000,2026-10-09T12:45:49.0000,0.6823,0.1785,-1.0000,-1.0000,-1.0000,-1.0000,-1.0000,-1.0000,-1.0000,-1.0000,-1.0000,-1.0000,-1.0000,-1.0000,-1.0000,-1.0000,-1.0000,-1.0000,-1.0000,-1.0000,NO-data
escena_3,2026-10-09T12:45:49.0000,2026-10-09T12:45:50.0000,0.6810,0.1842,-1.0000,-1.0000,-1.0000,-1.0000,-1.0000,-1.0000,-1.0000,-1.0000,-1.0000,-1.0000,-1.0000,-1.0000,-1.0000,-1.0000,-1.0000,-1.0000,-1.0000,-1.0000,NO-data
escena_3,2026-10-09T12:45:50.0000,2026-10-09T12:45:51.0000,0.6796,0.1899,-1.0000,-1.0000,-1.0000,-1.0000,-1.0000,-1.0000,-1.0000,-1.0000,-1.0000,-1.0000,-1.0000,-1.0000,-1.0000,-1.0000,-1.0000,-1.0000,-1.0000,-1.0000,NO-data
escena_3,2026-10-09T12:45:51.0000,2026-10-09T12:45:52.0000,0.6782,0.1956,-1.0000,-1.0000,-1.0000,-1.0000,-1.0000,-1.0000,-1.0000,-1.0000,-1.0000,-1.0000,-1.0000,-1.0000,-1.0000,-1.0000,-1.0000,-1.0000,-1.0000,-1.0000,NO-data
escena_3,2026-10-09T12:45:52.0000,2026-10-09T12:45:53.0000,0.6768,0.2013,-1.0000,-1.0000,-1.0000,-1.0000,-1.0000,-1.0000,-1.0000,-1.0000,-1.0000,-1.0000,-1.0000,-1.0000,-1.0000,-1.0000,-1.0000,-1.0000,-1.0000,-1.0000,NO-data
escena_3,2026-10-09T12:45:53.0000,2026-10-09T12:45:54.0000,0.6760,0.2035,-1.0000,-1.0000,-1.0000,-1.0000,-1.0000,-1.0000,-1.0000,-1.0000,-1.0000,-1.0000,-1.0000,-1.0000,-1.0000,-1.0000,-1.0000,-1.0000,-1.0000,-1.0000,NO-data
escena_3,2026-10-09T12:45:54.0000,2026-10-09T12:45:55.0000,0.6765,0.1960,-1.0000,-1.0000,-1.0000,-1.0000,-1.0000,-1.0000,-1.0000,-1.0000,-1.0000,-1.0000,-1.0000,-1.0000,-1.0000,-1.0000,-1.0000,-1.0000,-1.0000,-1.0000,NO-data
escena_3,2026-10-09T12:45:55.0000,2026-10-09T12:45:56.0000,0.6770,0.1885,-1.0000,-1.0000,-1.0000,-1.0000,-1.0000,-1.0000,-1.0000,-1.0000,-1.0000,-1.0000,-1.0000,-1.0000,-1.0000,-1.0000,-1.0000,-1.0000,-1.0000,-1.0000,NO-data
escena_3,2026-10-09T12:45:56.0000,2026-10-09T12:45:57.0000,0.6776,0.1809,-1.0000,-1.0000,-1.0000,-1.0000,-1.0000,-1.0000,-1.0000,-1.0000,-1.0000,-1.0000,-1.0000,-1.0000,-1.0000,-1.0000,-1.0000,-1.0000,-1.0000,-1.0000,NO-data
escena_3,2026-10-09T12:45:57.0000,2026-10-09T12:45:58.0000,0.6788,0.1842,-1.0000,-1.0000,-1.0000,-1.0000,-1.0000,-1.0000,-1.0000,-1.0000,-1.0000,-1.0000,-1.0000,-1.0000,-1.0000,-1.0000,-1.0000,-1.0000,-1.0000,-1.0000,NO-data
escena_3,2026-10-09T12:45:58.0000,2026-10-09T12:45:59.0000,0.6807,0.1965,-1.0000,-1.0000,-1.0000,-1.0000,-1.0000,-1.0000,-1.0000,-1.0000,-1.0000,-1.0000,-1.0000,-1.0000,-1.0000,-1.0000,-1.0000,-1.0000,-1.0000,-1.0000,NO-data
escena_3,2026-10-09T12:45:59.0000,2026-10-09T12:46:00.0000,0.6825,0.2087,-1.0000,-1.0000,-1.0000,-1.0000,-1.0000,-1.0000,-1.0000,-1.0000,-1.0000,-1.0000,-1.0000,-1.0000,-1.0000,-1.0000,-1.0000,-1.0000,-1.0000,-1.0000,NO-data
escena_3,2026-10-09T12:46:00.0000,2026-10-09T12:46:01.0000,0.6844,0.2210,-1.0000,-1.0000,-1.0000,-1.0000,-1.0000,-1.0000,-1.0000,-1.0000,-1.0000,-1.0000,-1.0000,-1.0000,-1.0000,-1.0000,-1.0000,-1.0000,-1.0000,-1.0000,NO-data
escena_3,2026-10-09T12:46:01.0000,2026-10-09T12:46:02.0000,0.6862,0.2332,-1.0000,-1.0000,-1.0000,-1.0000,-1.0000,-1.0000,-1.0000,-1.0000,-1.0000,-1.0000,-1.0000,-1.0000,-1.0000,-1.0000,-1.0000,-1.0000,-1.0000,-1.0000,NO-data
escena_3,2026-10-09T12:46:02.0000,2026-10-09T12:46:03.0000,0.7153,0.2375,-1.0000,-1.0000,-1.0000,-1.0000,-1.0000,-1.0000,-1.0000,-1.0000,-1.0000,-1.0000,-1.0000,-1.0000,-1.0000,-1.0000,-1.0000,-1.0000,-1.0000,-1.0000,NO-data
escena_3,2026-10-09T12:46:03.0000,2026-10-09T12:46:04.0000,0.7807,0.2328,-1.0000,-1.0000,-1.0000,-1.0000,-1.0000,-1.0000,-1.0000,-1.0000,-1.0000,-1.0000,-1.0000,-1.0000,-1.0000,-1.0000,-1.0000,-1.0000,-1.0000,-1.0000,NO-data
escena_3,2026-10-09T12:46:04.0000,2026-10-09T12:46:05.0000,0.8498,0.2267,-1.0000,-1.0000,-1.0000,-1.0000,-1.0000,-1.0000,-1.0000,-1.0000,-1.0000,-1.0000,-1.0000,-1.0000,-1.0000,-1.0000,-1.0000,-1.0000,-1.0000,-1.0000,NO-data
escena_3,2026-10-09T12:46:05.0000,2026-10-09T12:46:06.0000,0.8498,0.2329,-1.0000,-1.0000,-1.0000,-1.0000,-1.0000,-1.0000,-1.0000,-1.0000,-1.0000,-1.0000,-1.0000,-1.0000,-1.0000,-1.0000,-1.0000,-1.0000,-1.0000,-1.0000,NO-data
escena_3,2026-10-09T12:46:06.0000,2026-10-09T12:46:07.0000,0.8498,0.2335,262.0000,-89.0000,-1.0000,-1.0000,-1.0000,-1.0000,-1.0000,-1.0000,-1.0000,-1.0000,-1.0000,-1.0000,-1.0000,-1.0000,-1.0000,-1.0000,-1.0000,-1.0000,data
escena_3,2026-10-09T12:46:07.0000,2026-10-09T12:46:08.0000,0.8354,0.2300,-1.0000,-1.0000,-1.0000,-1.0000,-1.0000,-1.0000,-1.0000,-1.0000,-1.0000,-1.0000,-1.0000,-1.0000,-1.0000,-1.0000,-1.0000,-1.0000,-1.0000,-1.0000,NO-data
escena_3,2026-10-09T12:46:08.0000,2026-10-09T12:46:09.0000,0.7722,0.2326,-1.0000,-1.0000,-1.0000,-1.0000,-1.0000,-1.0000,-1.0000,-1.0000,-1.0000,-1.0000,-1.0000,-1.0000,-1.0000,-1.0000,-1.0000,-1.0000,-1.0000,-1.0000,NO-data
escena_3,2026-10-09T12:46:09.0000,2026-10-09T12:46:10.0000,0.6965,0.2563,-1.0000,-1.0000,-1.0000,-1.0000,-1.0000,-1.0000,-1.0000,-1.0000,-1.0000,-1.0000,-1.0000,-1.0000,243.0000,-78.5000,-1.0000,-1.0000,-1.0000,-1.0000,data
escena_3,2026-10-09T12:46:10.0000,2026-10-09T12:46:11.0000,0.6891,0.3072,-1.0000,-1.0000,-1.0000,-1.0000,-1.0000,-1.0000,-1.0000,-1.0000,-1.0000,-1.0000,-1.0000,-1.0000,-1.0000,-1.0000,-1.0000,-1.0000,-1.0000,-1.0000,NO-data
escena_3,2026-10-09T12:46:11.0000,2026-10-09T12:46:12.0000,0.6951,0.3082,-1.0000,-1.0000,-1.0000,-1.0000,-1.0000,-1.0000,-1.0000,-1.0000,-1.0000,-1.0000,-1.0000,-1.0000,-1.0000,-1.0000,-1.0000,-1.0000,-1.0000,-1.0000,NO-data
escena_3,2026-10-09T12:46:12.0000,2026-10-09T12:46:13.0000,0.7011,0.3092,-1.0000,-1.0000,-1.0000,-1.0000,-1.0000,-1.0000,-1.0000,-1.0000,-1.0000,-1.0000,-1.0000,-1.0000,-1.0000,-1.0000,-1.0000,-1.0000,-1.0000,-1.0000,NO-data
escena_3,2026-10-09T12:46:13.0000,2026-10-09T12:46:14.0000,0.7049,0.3259,-1.0000,-1.0000,-1.0000,-1.0000,-1.0000,-1.0000,-1.0000,-1.0000,-1.0000,-1.0000,-1.0000,-1.0000,-1.0000,-1.0000,-1.0000,-1.0000,-1.0000,-1.0000,NO-data
escena_3,2026-10-09T12:46:14.0000,2026-10-09T12:46:15.0000,0.7078,0.3492,-1.0000,-1.0000,-1.0000,-1.0000,-1.0000,-1.0000,-1.0000,-1.0000,-1.0000,-1.0000,-1.0000,-1.0000,-1.0000,-1.0000,-1.0000,-1.0000,-1.0000,-1.0000,NO-data
escena_3,2026-10-09T12:46:15.0000,2026-10-09T12:46:16.0000,0.7078,0.4906,-1.0000,-1.0000,-1.0000,-1.0000,-1.0000,-1.0000,-1.0000,-1.0000,-1.0000,-1.0000,-1.0000,-1.0000,-1.0000,-1.0000,-1.0000,-1.0000,-1.0000,-1.0000,NO-data
escena_3,2026-10-09T12:46:16.0000,2026-10-09T12:46:17.0000,0.7051,0.5199,-1.0000,-1.0000,-1.0000,-1.0000,-1.0000,-1.0000,-1.0000,-1.0000,-1.0000,-1.0000,-1.0000,-1.0000,-1.0000,-1.0000,-1.0000,-1.0000,-1.0000,-1.0000,NO-data
escena_3,2026-10-09T12:46:17.0000,2026-10-09T12:46:18.0000,0.6452,0.5177,-1.0000,-1.0000,-1.0000,-1.0000,-1.0000,-1.0000,-1.0000,-1.0000,-1.0000,-1.0000,106.0000,-70.5000,669.0000,-101.0000,-1.0000,-1.0000,-1.0000,-1.0000,data
escena_3,2026-10-09T12:46:18.0000,2026-10-09T12:46:19.0000,0.5601,0.5139,331.0000,-91.0000,-1.0000,-1.0000,-1.0000,-1.0000,-1.0000,-1.0000,-1.0000,-1.0000,-1.0000,-1.0000,-1.0000,-1.0000,-1.0000,-1.0000,529.0000,-89.0000,data
escena_3,2026-10-09T12:46:19.0000,2026-10-09T12:46:20.0000,0.4843,0.5146,-1.0000,-1.0000,-1.0000,-1.0000,-1.0000,-1.0000,-1.0000,-1.0000,-1.0000,-1.0000,-1.0000,-1.0000,-1.0000,-1.0000,524.0000,-90.5000,-1.0000,-1.0000,data
escena_3,2026-10-09T12:46:20.0000,2026-10-09T12:46:21.0000,0.4413,0.5190,-1.0000,-1.0000,-1.0000,-1.0000,-1.0000,-1.0000,-1.0000,-1.0000,-1.0000,-1.0000,-1.0000,-1.0000,-1.0000,-1.0000,-1.0000,-1.0000,-1.0000,-1.0000,NO-data
escena_3,2026-10-09T12:46:21.0000,2026-10-09T12:46:22.0000,0.3949,0.5117,-1.0000,-1.0000,-1.0000,-1.0000,306.0000,-87.5000,-1.0000,-1.0000,-1.0000,-1.0000,-1.0000,-1.0000,-1.0000,-1.0000,-1.0000,-1.0000,-1.0000,-1.0000,data
escena_3,2026-10-09T12:46:22.0000,2026-10-09T12:46:23.0000,0.3151,0.4800,-1.0000,-1.0000,-1.0000,-1.0000,352.0000,-86.5000,-1.0000,-1.0000,-1.0000,-1.0000,378.0000,-78.0000,-1.0000,-1.0000,-1.0000,-1.0000,-1.0000,-1.0000,data
escena_3,2026-10-09T12:46:23.0000,2026-10-09T12:46:24.0000,0.2591,0.4269,-1.0000,-1.0000,-1.0000,-1.0000,-1.0000,-1.0000,344.0000,-82.0000,-1.0000,-1.0000,-1.0000,-1.0000,-1.0000,-1.0000,-1.0000,-1.0000,-1.0000,-1.0000,data
escena_3,2026-10-09T12:46:24.0000,2026-10-09T12:46:25.0000,0.1993,0.3729,-1.0000,-1.0000,-1.0000,-1.0000,-1.0000,-1.0000,280.0000,-81.0000,-1.0000,-1.0000,-1.0000,-1.0000,-1.0000,-1.0000,-1.0000,-1.0000,-1.0000,-1.0000,data
escena_3,2026-10-09T12:46:25.0000,2026-10-09T12:46:26.0000,0.1623,0.3278,-1.0000,-1.0000,285.0000,-83.0000,-1.0000,-1.0000,-1.0000,-1.0000,-1.0000,-1.0000,-1.0000,-1.0000,-1.0000,-1.0000,-1.0000,-1.0000,-1.0000,-1.0000,data
escena_3,2026-10-09T12:46:26.0000,2026-10-09T12:46:27.0000,0.1445,0.2338,-1.0000,-1.0000,-1.0000,-1.0000,-1.0000,-1.0000,-1.0000,-1.0000,-1.0000,-1.0000,-1.0000,-1.0000,-1.0000,-1.0000,-1.0000,-1.0000,-1.0000,-1.0000,NO-data
escena_3,2026-10-09T12:46:27.0000,2026-10-09T12:46:28.0000,0.1371,0.1976,-1.0000,-1.0000,-1.0000,-1.0000,-1.0000,-1.0000,-1.0000,-1.0000,-1.0000,-1.0000,-1.0000,-1.0000,-1.0000,-1.0000,-1.0000,-1.0000,-1.0000,-1.0000,NO-data
escena_3,2026-10-09T12:46:28.0000,2026-10-09T12:46:29.0000,0.1433,0.1820,-1.0000,-1.0000,-1.0000,-1.0000,-1.0000,-1.0000,-1.0000,-1.0000,-1.0000,-1.0000,-1.0000,-1.0000,-1.0000,-1.0000,-1.0000,-1.0000,-1.0000,-1.0000,NO-data
escena_3,2026-10-09T12:46:29.0000,2026-10-09T12:46:30.0000,0.1606,0.1830,-1.0000,-1.0000,-1.0000,-1.0000,-1.0000,-1.0000,-1.0000,-1.0000,-1.0000,-1.0000,-1.0000,-1.0000,-1.0000,-1.0000,-1.0000,-1.0000,-1.0000,-1.0000,NO-data
escena_3,2026-10-09T12:46:30.0000,2026-10-09T12:46:31.0000,0.1778,0.1840,-1.0000,-1.0000,-1.0000,-1.0000,-1.0000,-1.0000,-1.0000,-1.0000,-1.0000,-1.0000,-1.0000,-1.0000,-1.0000,-1.0000,-1.0000,-1.0000,-1.0000,-1.0000,NO-data
escena_3,2026-10-09T12:46:31.0000,2026-10-09T12:46:32.0000,0.2126,0.1933,-1.0000,-1.0000,-1.0000,-1.0000,-1.0000,-1.0000,-1.0000,-1.0000,-1.0000,-1.0000,-1.0000,-1.0000,-1.0000,-1.0000,729.0000,-86.0000,-1.0000,-1.0000,data
escena_3,2026-10-09T12:46:32.0000,2026-10-09T12:46:33.0000,0.2512,0.2044,-1.0000,-1.0000,-1.0000,-1.0000,-1.0000,-1.0000,-1.0000,-1.0000,-1.0000,-1.0000,-1.0000,-1.0000,-1.0000,-1.0000,-1.0000,-1.0000,-1.0000,-1.0000,NO-data
escena_3,2026-10-09T12:46:33.0000,2026-10-09T12:46:34.0000,0.2830,0.2056,-1.0000,-1.0000,-1.0000,-1.0000,-1.0000,-1.0000,-1.0000,-1.0000,-1.0000,-1.0000,-1.0000,-1.0000,-1.0000,-1.0000,-1.0000,-1.0000,-1.0000,-1.0000,NO-data
escena_3,2026-10-09T12:46:34.0000,2026-10-09T12:46:35.0000,0.3091,0.1984,-1.0000,-1.0000,-1.0000,-1.0000,-1.0000,-1.0000,-1.0000,-1.0000,-1.0000,-1.0000,-1.0000,-1.0000,-1.0000,-1.0000,-1.0000,-1.0000,-1.0000,-1.0000,NO-data
escena_3,2026-10-09T12:46:35.0000,2026-10-09T12:46:36.0000,0.3359,0.1918,-1.0000,-1.0000,-1.0000,-1.0000,-1.0000,-1.0000,-1.0000,-1.0000,-1.0000,-1.0000,-1.0000,-1.0000,-1.0000,-1.0000,-1.0000,-1.0000,-1.0000,-1.0000,NO-data
escena_3,2026-10-09T12:46:36.0000,2026-10-09T12:46:37.0000,0.3684,0.1886,-1.0000,-1.0000,-1.0000,-1.0000,89.0000,-64.0000,-1.0000,-1.0000,-1.0000,-1.0000,-1.0000,-1.0000,-1.0000,-1.0000,-1.0000,-1.0000,-1.0000,-1.0000,data
escena_3,2026-10-09T12:46:37.0000,2026-10-09T12:46:38.0000,0.4019,0.1854,-1.0000,-1.0000,-1.0000,-1.0000,-1.0000,-1.0000,-1.0000,-1.0000,-1.0000,-1.0000,-1.0000,-1.0000,-1.0000,-1.0000,-1.0000,-1.0000,-1.0000,-1.0000,NO-data
escena_3,2026-10-09T12:46:38.0000,2026-10-09T12:46:39.0000,0.4648,0.1825,-1.0000,-1.0000,-1.0000,-1.0000,-1.0000,-1.0000,-1.0000,-1.0000,-1.0000,-1.0000,-1.0000,-1.0000,-1.0000,-1.0000,-1.0000,-1.0000,-1.0000,-1.0000,NO-data
escena_3,2026-10-09T12:46:39.0000,2026-10-09T12:46:40.0000,0.5163,0.1796,-1.0000,-1.0000,-1.0000,-1.0000,-1.0000,-1.0000,-1.0000,-1.0000,-1.0000,-1.0000,-1.0000,-1.0000,-1.0000,-1.0000,-1.0000,-1.0000,-1.0000,-1.0000,NO-data
escena_3,2026-10-09T12:46:40.0000,2026-10-09T12:46:41.0000,0.5617,0.1766,-1.0000,-1.0000,-1.0000,-1.0000,-1.0000,-1.0000,-1.0000,-1.0000,-1.0000,-1.0000,-1.0000,-1.0000,-1.0000,-1.0000,-1.0000,-1.0000,-1.0000,-1.0000,NO-data
escena_3,2026-10-09T12:46:41.0000,2026-10-09T12:46:42.0000,0.5690,0.1649,-1.0000,-1.0000,-1.0000,-1.0000,-1.0000,-1.0000,-1.0000,-1.0000,-1.0000,-1.0000,-1.0000,-1.0000,-1.0000,-1.0000,-1.0000,-1.0000,-1.0000,-1.0000,NO-data
escena_3,2026-10-09T12:46:42.0000,2026-10-09T12:46:43.0000,0.5704,0.1518,-1.0000,-1.0000,-1.0000,-1.0000,-1.0000,-1.0000,-1.0000,-1.0000,-1.0000,-1.0000,-1.0000,-1.0000,-1.0000,-1.0000,-1.0000,-1.0000,-1.0000,-1.0000,NO-data
escena_3,2026-10-09T12:46:43.0000,2026-10-09T12:46:44.0000,0.5708,0.1482,-1.0000,-1.0000,-1.0000,-1.0000,-1.0000,-1.0000,512.0000,-92.0000,-1.0000,-1.0000,-1.0000,-1.0000,-1.0000,-1.0000,-1.0000,-1.0000,-1.0000,-1.0000,data
escena_3,2026-10-09T12:46:44.0000,2026-10-09T12:46:45.0000,0.5708,0.1482,-1.0000,-1.0000,-1.0000,-1.0000,225.0000,-82.0000,-1.0000,-1.0000,-1.0000,-1.0000,-1.0000,-1.0000,-1.0000,-1.0000,-1.0000,-1.0000,-1.0000,-1.0000,data
escena_3,2026-10-09T12:46:45.0000,2026-10-09T12:46:46.0000,0.5711,0.1527,-1.0000,-1.0000,-1.0000,-1.0000,-1.0000,-1.0000,-1.0000,-1.0000,-1.0000,-1.0000,-1.0000,-1.0000,-1.0000,-1.0000,-1.0000,-1.0000,-1.0000,-1.0000,NO-data
escena_3,2026-10-09T12:46:46.0000,2026-10-09T12:46:47.0000,0.5715,0.1612,-1.0000,-1.0000,-1.0000,-1.0000,-1.0000,-1.0000,-1.0000,-1.0000,-1.0000,-1.0000,-1.0000,-1.0000,-1.0000,-1.0000,-1.0000,-1.0000,-1.0000,-1.0000,NO-data
escena_3,2026-10-09T12:46:47.0000,2026-10-09T12:46:48.0000,0.5726,0.1652,-1.0000,-1.0000,-1.0000,-1.0000,-1.0000,-1.0000,-1.0000,-1.0000,-1.0000,-1.0000,-1.0000,-1.0000,-1.0000,-1.0000,-1.0000,-1.0000,-1.0000,-1.0000,NO-data
escena_3,2026-10-09T12:46:48.0000,2026-10-09T12:46:49.0000,0.5751,0.1604,-1.0000,-1.0000,-1.0000,-1.0000,-1.0000,-1.0000,-1.0000,-1.0000,-1.0000,-1.0000,-1.0000,-1.0000,-1.0000,-1.0000,-1.0000,-1.0000,-1.0000,-1.0000,NO-data
escena_3,2026-10-09T12:46:49.0000,2026-10-09T12:46:50.0000,0.5775,0.1555,-1.0000,-1.0000,-1.0000,-1.0000,-1.0000,-1.0000,-1.0000,-1.0000,-1.0000,-1.0000,-1.0000,-1.0000,-1.0000,-1.0000,-1.0000,-1.0000,-1.0000,-1.0000,NO-data
escena_3,2026-10-09T12:46:50.0000,2026-10-09T12:46:51.0000,0.5778,0.1548,-1.0000,-1.0000,-1.0000,-1.0000,323.0000,-81.0000,-1.0000,-1.0000,-1.0000,-1.0000,-1.0000,-1.0000,-1.0000,-1.0000,-1.0000,-1.0000,-1.0000,-1.0000,data
escena_3,2026-10-09T12:46:51.0000,2026-10-09T12:46:52.0000,0.5778,0.1548,-1.0000,-1.0000,-1.0000,-1.0000,325.0000,-86.0000,-1.0000,-1.0000,-1.0000,-1.0000,-1.0000,-1.0000,-1.0000,-1.0000,-1.0000,-1.0000,-1.0000,-1.0000,data
escena_3,2026-10-09T12:46:52.0000,2026-10-09T12:46:53.0000,0.5778,0.1548,-1.0000,-1.0000,-1.0000,-1.0000,269.0000,-85.5000,-1.0000,-1.0000,-1.0000,-1.0000,-1.0000,-1.0000,-1.0000,-1.0000,-1.0000,-1.0000,-1.0000,-1.0000,data
escena_3,2026-10-09T12:46:53.0000,2026-10-09T12:46:54.0000,0.5778,0.1548,-1.0000,-1.0000,-1.0000,-1.0000,-1.0000,-1.0000,545.0000,-87.0000,-1.0000,-1.0000,-1.0000,-1.0000,-1.0000,-1.0000,-1.0000,-1.0000,-1.0000,-1.0000,data
escena_3,2026-10-09T12:46:54.0000,2026-10-09T12:46:55.0000,0.5778,0.1548,-1.0000,-1.0000,-1.0000,-1.0000,-1.0000,-1.0000,-1.0000,-1.0000,-1.0000,-1.0000,-1.0000,-1.0000,-1.0000,-1.0000,-1.0000,-1.0000,-1.0000,-1.0000,NO-data
escena_3,2026-10-09T12:46:55.0000,2026-10-09T12:46:56.0000,0.5778,0.1548,-1.0000,-1.0000,-1.0000,-1.0000,-1.0000,-1.0000,-1.0000,-1.0000,-1.0000,-1.0000,-1.0000,-1.0000,-1.0000,-1.0000,-1.0000,-1.0000,-1.0000,-1.0000,NO-data
escena_3,2026-10-09T12:46:56.0000,2026-10-09T12:46:57.0000,0.5778,0.1548,-1.0000,-1.0000,-1.0000,-1.0000,-1.0000,-1.0000,-1.0000,-1.0000,-1.0000,-1.0000,-1.0000,-1.0000,-1.0000,-1.0000,-1.0000,-1.0000,-1.0000,-1.0000,NO-data
escena_3,2026-10-09T12:46:57.0000,2026-10-09T12:46:58.0000,0.5792,0.1553,-1.0000,-1.0000,-1.0000,-1.0000,-1.0000,-1.0000,-1.0000,-1.0000,-1.0000,-1.0000,-1.0000,-1.0000,-1.0000,-1.0000,-1.0000,-1.0000,-1.0000,-1.0000,NO-data
escena_3,2026-10-09T12:46:58.0000,2026-10-09T12:46:59.0000,0.5813,0.1560,-1.0000,-1.0000,-1.0000,-1.0000,-1.0000,-1.0000,-1.0000,-1.0000,-1.0000,-1.0000,-1.0000,-1.0000,-1.0000,-1.0000,-1.0000,-1.0000,-1.0000,-1.0000,NO-data
escena_3,2026-10-09T12:46:59.0000,2026-10-09T12:47:00.0000,0.5685,0.1573,-1.0000,-1.0000,-1.0000,-1.0000,-1.0000,-1.0000,-1.0000,-1.0000,-1.0000,-1.0000,-1.0000,-1.0000,-1.0000,-1.0000,-1.0000,-1.0000,-1.0000,-1.0000,NO-data
escena_3,2026-10-09T12:47:00.0000,2026-10-09T12:47:01.0000,0.5513,0.1588,451.0000,-92.0000,-1.0000,-1.0000,-1.0000,-1.0000,-1.0000,-1.0000,-1.0000,-1.0000,-1.0000,-1.0000,-1.0000,-1.0000,-1.0000,-1.0000,-1.0000,-1.0000,data
escena_3,2026-10-09T12:47:01.0000,2026-10-09T12:47:02.0000,0.5341,0.1603,-1.0000,-1.0000,-1.0000,-1.0000,-1.0000,-1.0000,-1.0000,-1.0000,-1.0000,-1.0000,-1.0000,-1.0000,-1.0000,-1.0000,-1.0000,-1.0000,-1.0000,-1.0000,NO-data
escena_3,2026-10-09T12:47:02.0000,2026-10-09T12:47:03.0000,0.5075,0.1589,-1.0000,-1.0000,-1.0000,-1.0000,-1.0000,-1.0000,-1.0000,-1.0000,-1.0000,-1.0000,-1.0000,-1.0000,-1.0000,-1.0000,-1.0000,-1.0000,-1.0000,-1.0000,NO-data
escena_3,2026-10-09T12:47:03.0000,2026-10-09T12:47:04.0000,0.4488,0.1475,-1.0000,-1.0000,-1.0000,-1.0000,-1.0000,-1.0000,-1.0000,-1.0000,-1.0000,-1.0000,-1.0000,-1.0000,-1.0000,-1.0000,-1.0000,-1.0000,-1.0000,-1.0000,NO-data
escena_3,2026-10-09T12:47:04.0000,2026-10-09T12:47:05.0000,0.4121,0.1868,-1.0000,-1.0000,-1.0000,-1.0000,-1.0000,-1.0000,-1.0000,-1.0000,-1.0000,-1.0000,-1.0000,-1.0000,-1.0000,-1.0000,-1.0000,-1.0000,-1.0000,-1.0000,NO-data
escena_3,2026-10-09T12:47:05.0000,2026-10-09T12:47:06.0000,0.3798,0.2367,-1.0000,-1.0000,-1.0000,-1.0000,-1.0000,-1.0000,-1.0000,-1.0000,-1.0000,-1.0000,-1.0000,-1.0000,-1.0000,-1.0000,-1.0000,-1.0000,-1.0000,-1.0000,NO-data
escena_3,2026-10-09T12:47:06.0000,2026-10-09T12:47:07.0000,0.3511,0.2818,-1.0000,-1.0000,-1.0000,-1.0000,-1.0000,-1.0000,-1.0000,-1.0000,-1.0000,-1.0000,-1.0000,-1.0000,-1.0000,-1.0000,-1.0000,-1.0000,-1.0000,-1.0000,NO-data
escena_3,2026-10-09T12:47:07.0000,2026-10-09T12:47:08.0000,0.3537,0.2845,-1.0000,-1.0000,-1.0000,-1.0000,-1.0000,-1.0000,-1.0000,-1.0000,-1.0000,-1.0000,-1.0000,-1.0000,-1.0000,-1.0000,-1.0000,-1.0000,-1.0000,-1.0000,NO-data
escena_3,2026-10-09T12:47:08.0000,2026-10-09T12:47:09.0000,0.3563,0.2872,-1.0000,-1.0000,-1.0000,-1.0000,-1.0000,-1.0000,-1.0000,-1.0000,-1.0000,-1.0000,-1.0000,-1.0000,-1.0000,-1.0000,-1.0000,-1.0000,-1.0000,-1.0000,NO-data
escena_3,2026-10-09T12:47:09.0000,2026-10-09T12:47:10.0000,0.3590,0.2899,-1.0000,-1.0000,-1.0000,-1.0000,-1.0000,-1.0000,-1.0000,-1.0000,-1.0000,-1.0000,-1.0000,-1.0000,-1.0000,-1.0000,-1.0000,-1.0000,-1.0000,-1.0000,NO-data
escena_3,2026-10-09T12:47:10.0000,2026-10-09T12:47:11.0000,0.3598,0.2908,-1.0000,-1.0000,-1.0000,-1.0000,-1.0000,-1.0000,-1.0000,-1.0000,-1.0000,-1.0000,-1.0000,-1.0000,-1.0000,-1.0000,-1.0000,-1.0000,-1.0000,-1.0000,NO-data
escena_3,2026-10-09T12:47:11.0000,2026-10-09T12:47:12.0000,0.3598,0.2908,-1.0000,-1.0000,-1.0000,-1.0000,-1.0000,-1.0000,-1.0000,-1.0000,-1.0000,-1.0000,-1.0000,-1.0000,-1.0000,-1.0000,-1.0000,-1.0000,-1.0000,-1.0000,NO-data
escena_3,2026-10-09T12:47:12.0000,2026-10-09T12:47:13.0000,0.3598,0.2908,-1.0000,-1.0000,641.0000,-110.0000,-1.0000,-1.0000,-1.0000,-1.0000,-1.0000,-1.0000,-1.0000,-1.0000,-1.0000,-1.0000,-1.0000,-1.0000,-1.0000,-1.0000,data
escena_3,2026-10-09T12:47:13.0000,2026-10-09T12:47:14.0000,0.3598,0.2908,-1.0000,-1.0000,-1.0000,-1.0000,104.0000,-65.5000,-1.0000,-1.0000,-1.0000,-1.0000,-1.0000,-1.0000,-1.0000,-1.0000,-1.0000,-1.0000,-1.0000,-1.0000,data
escena_3,2026-10-09T12:47:14.0000,2026-10-09T12:47:15.0000,0.3598,0.2908,-1.0000,-1.0000,-1.0000,-1.0000,-1.0000,-1.0000,-1.0000,-1.0000,-1.0000,-1.0000,-1.0000,-1.0000,-1.0000,-1.0000,-1.0000,-1.0000,-1.0000,-1.0000,NO-data
escena_3,2026-10-09T12:47:15.0000,2026-10-09T12:47:16.0000,0.3598,0.2908,-1.0000,-1.0000,-1.0000,-1.0000,-1.0000,-1.0000,-1.0000,-1.0000,-1.0000,-1.0000,-1.0000,-1.0000,-1.0000,-1.0000,-1.0000,-1.0000,-1.0000,-1.0000,NO-data
escena_3,2026-10-09T12:47:16.0000,2026-10-09T12:47:17.0000,0.3598,0.2908,-1.0000,-1.0000,-1.0000,-1.0000,-1.0000,-1.0000,-1.0000,-1.0000,-1.0000,-1.0000,-1.0000,-1.0000,-1.0000,-1.0000,-1.0000,-1.0000,-1.0000,-1.0000,NO-data
escena_3,2026-10-09T12:47:17.0000,2026-10-09T12:47:18.0000,0.3598,0.2908,-1.0000,-1.0000,-1.0000,-1.0000,-1.0000,-1.0000,-1.0000,-1.0000,-1.0000,-1.0000,-1.0000,-1.0000,-1.0000,-1.0000,-1.0000,-1.0000,-1.0000,-1.0000,NO-data
escena_3,2026-10-09T12:47:18.0000,2026-10-09T12:47:19.0000,0.3598,0.2908,-1.0000,-1.0000,-1.0000,-1.0000,-1.0000,-1.0000,-1.0000,-1.0000,-1.0000,-1.0000,-1.0000,-1.0000,-1.0000,-1.0000,-1.0000,-1.0000,-1.0000,-1.0000,NO-data
escena_3,2026-10-09T12:47:19.0000,2026-10-09T12:47:20.0000,0.3619,0.2914,-1.0000,-1.0000,-1.0000,-1.0000,103.0000,-65.0000,320.0000,-73.5000,-1.0000,-1.0000,-1.0000,-1.0000,-1.0000,-1.0000,-1.0000,-1.0000,-1.0000,-1.0000,data
escena_3,2026-10-09T12:47:20.0000,2026-10-09T12:47:21.0000,0.3651,0.2924,-1.0000,-1.0000,-1.0000,-1.0000,101.0000,-65.0000,-1.0000,-1.0000,-1.0000,-1.0000,-1.0000,-1.0000,-1.0000,-1.0000,-1.0000,-1.0000,-1.0000,-1.0000,data
escena_3,2026-10-09T12:47:21.0000,2026-10-09T12:47:22.0000,0.3683,0.2933,-1.0000,-1.0000,-1.0000,-1.0000,102.0000,-65.0000,-1.0000,-1.0000,-1.0000,-1.0000,-1.0000,-1.0000,-1.0000,-1.0000,-1.0000,-1.0000,-1.0000,-1.0000,data
escena_3,2026-10-09T12:47:22.0000,2026-10-09T12:47:23.0000,0.3686,0.2905,-1.0000,-1.0000,-1.0000,-1.0000,-1.0000,-1.0000,-1.0000,-1.0000,-1.0000,-1.0000,-1.0000,-1.0000,-1.0000,-1.0000,-1.0000,-1.0000,300.0000,-82.5000,data
escena_3,2026-10-09T12:47:23.0000,2026-10-09T12:47:24.0000,0.3684,0.2870,-1.0000,-1.0000,-1.0000,-1.0000,89.0000,-68.5000,-1.0000,-1.0000,-1.0000,-1.0000,-1.0000,-1.0000,-1.0000,-1.0000,-1.0000,-1.0000,-1.0000,-1.0000,data
escena_3,2026-10-09T12:47:24.0000,2026-10-09T12:47:25.0000,0.3681,0.2835,-1.0000,-1.0000,-1.0000,-1.0000,-1.0000,-1.0000,-1.0000,-1.0000,-1.0000,-1.0000,-1.0000,-1.0000,-1.0000,-1.0000,-1.0000,-1.0000,-1.0000,-1.0000,NO-data
escena_3,2026-10-09T12:47:25.0000,2026-10-09T12:47:26.0000,0.3679,0.2800,-1.0000,-1.0000,-1.0000,-1.0000,-1.0000,-1.0000,-1.0000,-1.0000,-1.0000,-1.0000,-1.0000,-1.0000,-1.0000,-1.0000,-1.0000,-1.0000,-1.0000,-1.0000,NO-data
escena_3,2026-10-09T12:47:26.0000,2026-10-09T12:47:27.0000,0.3493,0.2671,-1.0000,-1.0000,-1.0000,-1.0000,-1.0000,-1.0000,-1.0000,-1.0000,-1.0000,-1.0000,-1.0000,-1.0000,-1.0000,-1.0000,-1.0000,-1.0000,-1.0000,-1.0000,NO-data
escena_3,2026-10-09T12:47:27.0000,2026-10-09T12:47:28.0000,0.3217,0.2496,-1.0000,-1.0000,-1.0000,-1.0000,-1.0000,-1.0000,-1.0000,-1.0000,-1.0000,-1.0000,-1.0000,-1.0000,-1.0000,-1.0000,-1.0000,-1.0000,-1.0000,-1.0000,NO-data
escena_3,2026-10-09T12:47:28.0000,2026-10-09T12:47:29.0000,0.2940,0.2320,-1.0000,-1.0000,-1.0000,-1.0000,-1.0000,-1.0000,-1.0000,-1.0000,-1.0000,-1.0000,-1.0000,-1.0000,-1.0000,-1.0000,-1.0000,-1.0000,-1.0000,-1.0000,NO-data
escena_3,2026-10-09T12:47:29.0000,2026-10-09T12:47:30.0000,0.2555,0.2220,-1.0000,-1.0000,-1.0000,-1.0000,152.0000,-71.0000,-1.0000,-1.0000,-1.0000,-1.0000,-1.0000,-1.0000,-1.0000,-1.0000,-1.0000,-1.0000,-1.0000,-1.0000,data
escena_3,2026-10-09T12:47:30.0000,2026-10-09T12:47:30.0000,0.2304,0.2181,-1.0000,-1.0000,-1.0000,-1.0000,-1.0000,-1.0000,-1.0000,-1.0000,-1.0000,-1.0000,-1.0000,-1.0000,-1.0000,-1.0000,-1.0000,-1.0000,-1.0000,-1.0000,NO-data
