timestamp	battery_level
2025-07-13T01:02:19.415716	100
2025-07-13T01:02:19.446455	100
2025-07-13T01:02:22.500847	100
2025-07-13T01:02:25.627708	100
2025-07-13T01:02:28.801823	100
2025-07-13T01:02:32.078942	100
2025-07-13T01:02:32.103685	100
2025-07-13T01:02:35.219240	100
2025-07-13T01:02:38.530725	100
2025-07-13T01:02:41.698780	100
2025-07-13T01:02:44.820110	100
2025-07-13T01:02:44.844422	100
2025-07-13T01:02:47.944967	100
2025-07-13T01:02:51.125665	100
2025-07-13T01:02:54.402789	100
2025-07-13T01:02:57.505809	100
2025-07-13T01:02:57.533222	100
2025-07-13T01:03:00.629282	100
2025-07-13T01:03:03.925160	100
2025-07-13T01:03:07.103261	100
2025-07-13T01:03:10.274194	100
2025-07-13T01:03:10.540588	100
2025-07-13T01:03:13.645299	100
2025-07-13T01:03:16.820943	100
2025-07-13T01:03:19.876655	100
2025-07-13T01:03:22.965357	100
2025-07-13T01:03:22.991033	100
2025-07-13T01:03:26.131118	100
2025-07-13T01:03:29.220750	100
2025-07-13T01:03:32.393563	100
2025-07-13T01:03:35.555709	100
2025-07-13T01:03:35.634979	100
2025-07-13T01:03:38.741667	100
2025-07-13T01:03:41.849172	100
2025-07-13T01:03:44.935858	100
2025-07-13T01:03:48.060022	100
2025-07-13T01:03:48.081345	100
2025-07-13T01:03:51.174850	100
2025-07-13T01:03:54.307370	100
2025-07-13T01:03:57.430740	100
2025-07-13T01:04:00.553009	100
2025-07-13T01:04:00.579644	100
2025-07-13T01:04:03.727287	100
2025-07-13T01:04:06.905309	100
2025-07-13T01:04:10.076247	100
2025-07-13T01:04:13.253696	100
2025-07-13T01:04:13.272898	100
2025-07-13T01:04:16.365036	100
2025-07-13T01:04:41.288629	100
2025-07-13T01:04:41.316061	100
2025-07-13T01:04:44.392991	100
2025-07-13T01:04:47.463324	100
2025-07-13T01:04:50.627206	100
2025-07-13T01:04:53.740963	100
2025-07-13T01:04:53.761071	100
2025-07-13T01:04:56.886316	100
2025-07-13T01:05:00.047555	100
2025-07-13T01:05:03.222187	100
2025-07-13T01:05:06.359593	100
2025-07-13T01:05:06.400485	100
2025-07-13T01:05:09.531496	100
2025-07-13T01:05:12.745426	100
2025-07-13T01:05:15.919835	100
2025-07-13T01:05:19.094294	100
2025-07-13T01:05:19.125510	100
2025-07-13T01:05:22.240086	100
2025-07-13T01:05:25.353109	100
2025-07-13T01:05:28.700062	100
2025-07-13T01:05:31.809619	100
2025-07-13T01:05:31.830711	100
2025-07-13T01:05:34.952593	100
2025-07-13T01:05:38.058503	100
2025-07-13T01:05:41.212742	100
2025-07-13T01:05:44.387153	100
2025-07-13T01:05:44.413684	100
2025-07-13T01:05:47.502898	100
2025-07-13T01:05:50.592978	100
2025-07-13T01:05:53.808145	100
2025-07-13T01:05:56.982904	100
2025-07-13T01:05:57.030731	100
2025-07-13T01:06:00.130062	100
2025-07-13T01:06:03.332227	100
2025-07-13T01:06:06.455978	100
2025-07-13T01:06:09.566355	100
2025-07-13T01:06:09.597168	100
2025-07-13T01:06:12.690281	100
2025-07-13T01:06:15.824314	100
2025-07-13T01:06:19.002395	100
2025-07-13T01:06:22.115572	100
2025-07-13T01:06:22.137323	100
2025-07-13T01:06:25.246790	100
2025-07-13T01:06:28.419769	100
2025-07-13T01:06:31.591203	100
2025-07-13T01:06:34.768498	100
2025-07-13T01:06:34.785257	100
2025-07-13T01:06:37.881857	100
2025-07-13T01:06:40.990215	100
2025-07-13T01:06:44.189329	100
2025-07-13T01:06:47.348468	100
2025-07-13T01:06:47.386390	100
2025-07-13T01:06:50.478984	100
2025-07-13T01:06:53.609448	100
2025-07-13T01:06:56.737250	100
2025-07-13T01:06:59.856585	100
2025-07-13T01:06:59.878735	100
2025-07-13T01:07:02.993589	100
2025-07-13T01:07:06.105697	100
2025-07-13T01:07:09.205529	100
2025-07-13T01:07:12.330373	100
2025-07-13T01:07:12.355944	100
2025-07-13T01:07:15.488515	100
2025-07-13T01:07:18.698435	100
2025-07-13T01:07:21.872764	100
2025-07-13T01:07:24.971534	100
2025-07-13T01:07:25.004855	100
2025-07-13T01:07:28.329192	100
2025-07-13T01:07:31.442520	100
2025-07-13T01:07:34.541644	100
2025-07-13T01:07:37.642788	100
2025-07-13T01:07:37.682899	100
2025-07-13T01:07:40.785058	100
2025-07-13T01:07:43.991380	100
2025-07-13T01:07:47.269243	100
2025-07-13T01:07:50.545006	100
2025-07-13T01:07:50.582232	100
2025-07-13T01:07:53.683038	100
2025-07-13T01:07:56.808842	100
2025-07-13T01:07:59.919388	100
2025-07-13T01:08:03.243547	100
2025-07-13T01:08:03.265171	100
2025-07-13T01:08:06.375022	100
2025-07-13T01:08:09.492687	100
2025-07-13T01:08:12.663604	100
2025-07-13T01:08:15.845055	100
2025-07-13T01:08:15.878647	100
2025-07-13T01:08:19.002140	100
2025-07-13T01:08:22.187563	100
2025-07-13T01:08:25.464468	100
2025-07-13T01:08:28.740508	100
2025-07-13T01:08:28.873322	100
2025-07-13T01:08:31.964070	100
2025-07-13T01:08:35.067401	100
2025-07-13T01:08:38.263782	100
2025-07-13T01:08:41.438074	100
2025-07-13T01:08:41.464730	100
2025-07-13T01:08:44.557938	100
2025-07-13T01:08:47.684406	100
2025-07-13T01:08:50.858913	100
2025-07-13T01:08:54.033386	100
2025-07-13T01:08:54.056506	100
2025-07-13T01:08:57.171872	100
2025-07-13T01:09:00.288488	100
2025-07-13T01:09:03.391244	100
2025-07-13T01:09:06.526316	100
2025-07-13T01:09:06.551742	100
2025-07-13T01:09:09.664357	100
2025-07-13T01:09:12.765974	100
2025-07-13T01:09:15.947065	100
2025-07-13T01:09:19.124479	100
2025-07-13T01:09:19.158476	100
2025-07-13T01:09:22.272500	100
2025-07-13T01:09:25.471931	100
2025-07-13T01:09:28.629984	100
2025-07-13T01:09:31.721327	100
2025-07-13T01:09:31.738877	100
2025-07-13T01:09:34.839367	100
2025-07-13T01:09:38.065352	100
2025-07-13T01:09:41.239935	100
2025-07-13T01:09:44.414398	100
2025-07-13T01:09:44.437609	100
2025-07-13T01:09:47.570340	100
2025-07-13T01:09:50.763255	100
2025-07-13T01:09:53.883278	100
2025-07-13T01:09:57.115978	100
2025-07-13T01:09:57.142481	100
2025-07-13T01:10:00.250994	100
2025-07-13T01:10:03.360174	100
2025-07-13T01:10:06.472864	100
2025-07-13T01:10:09.599405	100
2025-07-13T01:10:09.621769	100
2025-07-13T01:10:12.736860	100
2025-07-13T01:10:15.953818	100
2025-07-13T01:10:19.129393	100
2025-07-13T01:10:22.302730	100
2025-07-13T01:10:22.329896	100
2025-07-13T01:10:25.452683	100
2025-07-13T01:10:28.651475	100
2025-07-13T01:10:31.803011	100
2025-07-13T01:10:34.901250	100
2025-07-13T01:10:34.922785	100
2025-07-13T01:10:38.021903	100
2025-07-13T01:10:41.246780	100
2025-07-13T01:10:44.523737	100
2025-07-13T01:10:47.903075	100
2025-07-13T01:10:48.041913	100
2025-07-13T01:10:51.144617	100
2025-07-13T01:10:54.354030	100
2025-07-13T01:10:57.681904	100
2025-07-13T01:11:00.777326	100
2025-07-13T01:11:00.801259	100
2025-07-13T01:11:03.940014	100
2025-07-13T01:11:07.066061	100
2025-07-13T01:11:10.163974	100
2025-07-13T01:11:13.298037	100
2025-07-13T01:11:13.334179	100
2025-07-13T01:11:16.433077	100
2025-07-13T01:11:19.544475	100
2025-07-13T01:11:22.642221	100
2025-07-13T01:11:25.792866	100
2025-07-13T01:11:25.811061	100
2025-07-13T01:11:29.009753	100
2025-07-13T01:11:32.344609	100
2025-07-13T01:11:35.569610	100
2025-07-13T01:11:38.693345	100
2025-07-13T01:11:38.723693	100
2025-07-13T01:11:41.823848	100
2025-07-13T01:11:44.939844	100
2025-07-13T01:11:48.114498	100
2025-07-13T01:11:51.234711	100
2025-07-13T01:11:51.255838	100
2025-07-13T01:11:54.352548	100
2025-07-13T01:11:57.507477	100
2025-07-13T01:12:00.582029	100
2025-07-13T01:12:03.662396	100
2025-07-13T01:12:03.677020	100
2025-07-13T01:12:06.749975	100
2025-07-13T01:12:09.925696	100
2025-07-13T01:12:13.139219	100
2025-07-13T01:12:16.260458	100
2025-07-13T01:12:16.274739	100
2025-07-13T01:12:19.367826	100
2025-07-13T01:12:22.462422	99
2025-07-13T01:12:25.557826	99
2025-07-13T01:12:28.767287	99
2025-07-13T01:12:28.905658	99
2025-07-13T01:12:32.006184	99
2025-07-13T01:12:35.105644	99
2025-07-13T01:12:38.290594	99
2025-07-13T01:12:41.452689	99
2025-07-13T01:12:41.474692	99
2025-07-13T01:12:44.574536	99
2025-07-13T01:12:47.691733	99
2025-07-13T01:12:50.885723	99
2025-07-13T01:12:54.065764	99
2025-07-13T01:12:54.090491	99
2025-07-13T01:12:57.181659	99
2025-07-13T01:13:00.281522	99
2025-07-13T01:13:03.378986	99
2025-07-13T01:13:06.512816	99
2025-07-13T01:13:06.535261	99
2025-07-13T01:13:09.649536	99
2025-07-13T01:13:12.753880	99
2025-07-13T01:13:15.871669	99
2025-07-13T01:13:19.047217	99
2025-07-13T01:13:19.078799	99
2025-07-13T01:13:22.181880	99
2025-07-13T01:13:25.276880	99
2025-07-13T01:13:28.365852	99
2025-07-13T01:13:31.527137	99
2025-07-13T01:13:31.546035	99
2025-07-13T01:13:34.649037	99
2025-07-13T01:13:37.727356	99
2025-07-13T01:13:40.830289	99
2025-07-13T01:13:43.937889	99
2025-07-13T01:13:43.965012	99
2025-07-13T01:13:47.060488	99
2025-07-13T01:13:50.278346	99
2025-07-13T01:13:53.452879	99
2025-07-13T01:13:56.629859	99
2025-07-13T01:13:56.658851	99
2025-07-13T01:13:59.771196	99
2025-07-13T01:14:02.873032	99
2025-07-13T01:14:06.048024	99
2025-07-13T01:14:09.223211	99
2025-07-13T01:14:09.257860	99
2025-07-13T01:14:12.357985	99
2025-07-13T01:14:15.471995	99
2025-07-13T01:14:18.849258	99
2025-07-13T01:14:22.022751	99
2025-07-13T01:14:22.045739	99
2025-07-13T01:14:25.155391	99
2025-07-13T01:14:28.371330	99
2025-07-13T01:14:31.624211	99
2025-07-13T01:14:34.740214	99
2025-07-13T01:14:34.761143	99
2025-07-13T01:14:37.864853	99
2025-07-13T01:14:40.968284	99
2025-07-13T01:14:44.141014	99
2025-07-13T01:14:47.358097	99
2025-07-13T01:14:47.376169	99
2025-07-13T01:14:50.484373	99
2025-07-13T01:14:53.664133	99
2025-07-13T01:14:56.838765	99
2025-07-13T01:14:59.968881	99
2025-07-13T01:15:00.001612	99
2025-07-13T01:15:03.088282	99
2025-07-13T01:15:06.259553	99
2025-07-13T01:15:09.433918	99
2025-07-13T01:15:12.600381	99
2025-07-13T01:15:12.618773	99
2025-07-13T01:15:15.720086	99
2025-07-13T01:15:18.855568	99
2025-07-13T01:15:21.967259	99
2025-07-13T01:15:25.062179	99
2025-07-13T01:15:25.083515	99
2025-07-13T01:15:28.172457	99
2025-07-13T01:15:31.296184	99
2025-07-13T01:15:34.420175	99
2025-07-13T01:15:37.528640	99
2025-07-13T01:15:37.556539	99
2025-07-13T01:15:40.648401	99
2025-07-13T01:15:43.758824	99
2025-07-13T01:15:46.914926	99
2025-07-13T01:15:50.032538	99
2025-07-13T01:15:50.052583	99
2025-07-13T01:15:53.165865	99
2025-07-13T01:15:56.333357	99
2025-07-13T01:15:59.441884	99
2025-07-13T01:16:02.540311	99
2025-07-13T01:16:02.564719	99
2025-07-13T01:16:05.668820	99
2025-07-13T01:16:08.827286	99
2025-07-13T01:16:12.000796	99
2025-07-13T01:16:15.163085	99
2025-07-13T01:16:15.178811	99
2025-07-13T01:16:18.298935	99
2025-07-13T01:16:21.404885	99
2025-07-13T01:16:24.541187	99
2025-07-13T01:16:27.770571	98
2025-07-13T01:16:27.815460	98
2025-07-13T01:16:30.885001	98
2025-07-13T01:16:34.119561	98
2025-07-13T01:16:37.236684	98
2025-07-13T01:16:40.342858	98
2025-07-13T01:16:40.361986	98
2025-07-13T01:16:43.475173	98
2025-07-13T01:16:46.560965	98
2025-07-13T01:16:49.663217	98
2025-07-13T01:16:52.765745	98
2025-07-13T01:16:52.785580	98
2025-07-13T01:16:55.884038	98
2025-07-13T01:16:58.971100	98
2025-07-13T01:17:02.054468	98
2025-07-13T01:17:05.249510	98
2025-07-13T01:17:05.408811	98
2025-07-13T01:17:08.493861	98
2025-07-13T01:17:11.700492	98
2025-07-13T01:17:14.935166	98
2025-07-13T01:17:18.037009	98
2025-07-13T01:17:18.063670	98
2025-07-13T01:17:21.159088	98
2025-07-13T01:17:24.256677	98
2025-07-13T01:17:27.359470	98
2025-07-13T01:17:30.494255	98
2025-07-13T01:17:30.518443	98
2025-07-13T01:17:33.805689	98
2025-07-13T01:17:36.910697	98
2025-07-13T01:17:40.032726	98
2025-07-13T01:17:43.239777	98
2025-07-13T01:17:43.338438	98
2025-07-13T01:17:46.445678	98
2025-07-13T01:17:49.575664	98
2025-07-13T01:17:52.763967	98
2025-07-13T01:17:56.075937	98
2025-07-13T01:17:56.106277	98
2025-07-13T01:17:59.204817	98
2025-07-13T01:18:02.388964	98
2025-07-13T01:18:05.505626	98
2025-07-13T01:18:08.635285	98
2025-07-13T01:18:08.664085	98
2025-07-13T01:18:11.771540	98
2025-07-13T01:18:14.872273	98
2025-07-13T01:18:18.056150	98
2025-07-13T01:18:21.187477	98
2025-07-13T01:18:21.211228	98
2025-07-13T01:18:24.304919	98
2025-07-13T01:18:27.487817	98
2025-07-13T01:18:30.595417	98
2025-07-13T01:18:33.724165	98
2025-07-13T01:18:33.751420	98
2025-07-13T01:18:36.860224	98
2025-07-13T01:18:39.945253	98
2025-07-13T01:18:43.144117	98
2025-07-13T01:18:46.318571	98
2025-07-13T01:18:46.349212	98
2025-07-13T01:18:49.455074	98
2025-07-13T01:18:52.564807	98
2025-07-13T01:18:55.668239	98
2025-07-13T01:18:58.811496	98
2025-07-13T01:18:58.839242	98
2025-07-13T01:19:01.947633	98
2025-07-13T01:19:05.045595	98
2025-07-13T01:19:08.232423	98
2025-07-13T01:19:11.407018	98
2025-07-13T01:19:11.441180	98
2025-07-13T01:19:14.526510	98
2025-07-13T01:19:17.656874	98
2025-07-13T01:19:20.756265	98
2025-07-13T01:19:23.865680	98
2025-07-13T01:19:23.885424	98
2025-07-13T01:19:26.980299	98
2025-07-13T01:19:30.084034	98
2025-07-13T01:19:33.443613	98
2025-07-13T01:19:36.904614	98
2025-07-13T01:19:36.921279	98
2025-07-13T01:19:40.008202	98
2025-07-13T01:19:43.150527	98
2025-07-13T01:19:46.326193	98
2025-07-13T01:19:49.499986	98
2025-07-13T01:19:49.528535	98
2025-07-13T01:19:52.618101	98
2025-07-13T01:19:55.712302	98
2025-07-13T01:19:58.789193	98
2025-07-13T01:20:01.992847	98
2025-07-13T01:20:02.197542	98
2025-07-13T01:20:05.301911	98
2025-07-13T01:20:08.402921	98
2025-07-13T01:20:11.618537	98
2025-07-13T01:20:14.872348	98
2025-07-13T01:20:14.894279	98
2025-07-13T01:20:17.993582	98
2025-07-13T01:20:21.097728	98
2025-07-13T01:20:24.213701	98
2025-07-13T01:20:27.318863	98
2025-07-13T01:20:27.336847	98
2025-07-13T01:20:30.430787	98
2025-07-13T01:20:33.635236	97
2025-07-13T01:20:36.808940	97
2025-07-13T01:20:39.918079	97
2025-07-13T01:20:39.935486	97
2025-07-13T01:20:43.066543	97
2025-07-13T01:20:46.229642	97
2025-07-13T01:20:49.404184	97
2025-07-13T01:20:52.578574	97
2025-07-13T01:20:52.622487	97
2025-07-13T01:20:55.691024	97
2025-07-13T01:20:58.824958	97
2025-07-13T01:21:01.999475	97
2025-07-13T01:21:05.119325	97
2025-07-13T01:21:05.146908	97
2025-07-13T01:21:08.227958	97
2025-07-13T01:21:11.323395	97
2025-07-13T01:21:14.492291	97
2025-07-13T01:21:17.771444	97
2025-07-13T01:21:17.804196	97
2025-07-13T01:21:20.883046	97
2025-07-13T01:21:24.015563	97
2025-07-13T01:21:27.120518	97
2025-07-13T01:21:30.224491	97
2025-07-13T01:21:30.246822	97
2025-07-13T01:21:33.324194	97
2025-07-13T01:21:36.420632	97
2025-07-13T01:21:39.503953	97
2025-07-13T01:21:42.602440	97
2025-07-13T01:21:42.625050	97
2025-07-13T01:21:45.726945	97
2025-07-13T01:21:48.898926	97
2025-07-13T01:21:52.175824	97
2025-07-13T01:21:55.352010	97
2025-07-13T01:21:55.385406	97
2025-07-13T01:21:58.475592	97
2025-07-13T01:22:01.594486	97
2025-07-13T01:22:04.682668	97
2025-07-13T01:22:07.803948	97
2025-07-13T01:22:07.822221	97
2025-07-13T01:22:10.898155	97
2025-07-13T01:22:14.090245	97
2025-07-13T01:22:17.366310	97
2025-07-13T01:22:20.541614	97
2025-07-13T01:22:20.737249	97
2025-07-13T01:22:23.855775	97
2025-07-13T01:22:26.975071	97
2025-07-13T01:22:30.096632	97
2025-07-13T01:22:33.238565	97
2025-07-13T01:22:33.263443	97
2025-07-13T01:22:36.360245	97
2025-07-13T01:22:39.452484	97
2025-07-13T01:22:42.543092	97
2025-07-13T01:22:45.731523	97
2025-07-13T01:22:45.892197	97
2025-07-13T01:22:48.988552	97
2025-07-13T01:22:52.182693	97
2025-07-13T01:22:55.459446	97
2025-07-13T01:22:58.812516	97
2025-07-13T01:22:58.834853	97
2025-07-13T01:23:01.938014	97
2025-07-13T01:23:05.048624	97
2025-07-13T01:23:08.139675	97
2025-07-13T01:23:11.331616	97
2025-07-13T01:23:11.467607	97
2025-07-13T01:23:14.559753	97
2025-07-13T01:23:17.680350	97
2025-07-13T01:23:20.855120	97
2025-07-13T01:23:24.234062	97
2025-07-13T01:23:24.259348	97
2025-07-13T01:23:27.342287	97
2025-07-13T01:23:30.428901	97
2025-07-13T01:23:33.520055	97
2025-07-13T01:23:36.819056	97
2025-07-13T01:23:36.836060	97
2025-07-13T01:23:39.925183	97
2025-07-13T01:23:43.031186	97
2025-07-13T01:23:46.147782	97
2025-07-13T01:23:49.247441	97
2025-07-13T01:23:49.269234	97
2025-07-13T01:23:52.354781	97
2025-07-13T01:23:55.467091	97
2025-07-13T01:23:58.845490	97
2025-07-13T01:24:02.019903	97
2025-07-13T01:24:02.047667	97
2025-07-13T01:24:05.143035	97
2025-07-13T01:24:08.370343	97
2025-07-13T01:24:11.444509	97
2025-07-13T01:24:14.615374	97
2025-07-13T01:24:14.679445	97
2025-07-13T01:24:17.740996	97
2025-07-13T01:24:20.861874	97
2025-07-13T01:24:23.942967	97
2025-07-13T01:24:27.108065	97
2025-07-13T01:24:27.132029	97
2025-07-13T01:24:30.230560	97
2025-07-13T01:24:33.457894	97
2025-07-13T01:24:36.543542	97
2025-07-13T01:24:39.637792	96
2025-07-13T01:24:39.655021	96
2025-07-13T01:24:42.744142	96
2025-07-13T01:24:45.949960	96
2025-07-13T01:24:49.432454	96
2025-07-13T01:24:52.605996	96
2025-07-13T01:24:52.633950	96
2025-07-13T01:24:55.714749	96
2025-07-13T01:24:58.852409	96
2025-07-13T01:25:02.026848	96
2025-07-13T01:25:05.192460	96
2025-07-13T01:25:05.213909	96
2025-07-13T01:25:08.312657	96
2025-07-13T01:25:11.401111	96
2025-07-13T01:25:14.500140	96
2025-07-13T01:25:17.696081	96
2025-07-13T01:25:17.857121	96
2025-07-13T01:25:20.952401	96
2025-07-13T01:25:24.145440	96
2025-07-13T01:25:27.524807	96
2025-07-13T01:25:30.736677	96
2025-07-13T01:25:30.757982	96
2025-07-13T01:25:33.869745	96
2025-07-13T01:25:37.143397	96
2025-07-13T01:25:40.248632	96
2025-07-13T01:25:43.333754	96
2025-07-13T01:25:43.350970	96
2025-07-13T01:25:46.445942	96
2025-07-13T01:25:49.643185	96
2025-07-13T01:25:52.919958	96
2025-07-13T01:25:56.094601	96
2025-07-13T01:25:56.344355	96
2025-07-13T01:25:59.427191	96
2025-07-13T01:26:02.545626	96
2025-07-13T01:26:05.631356	96
2025-07-13T01:26:08.732889	96
2025-07-13T01:26:08.750418	96
2025-07-13T01:26:11.840453	96
2025-07-13T01:26:15.038567	96
2025-07-13T01:26:18.315291	96
2025-07-13T01:26:21.489687	96
2025-07-13T01:26:21.614821	96
2025-07-13T01:26:24.709463	96
2025-07-13T01:26:27.838606	96
2025-07-13T01:26:30.946832	96
2025-07-13T01:26:34.051472	96
2025-07-13T01:26:34.071968	96
2025-07-13T01:26:37.163403	96
2025-07-13T01:26:40.251052	96
2025-07-13T01:26:43.333990	96
2025-07-13T01:26:46.475422	96
2025-07-13T01:26:46.494081	96
2025-07-13T01:26:49.580210	96
2025-07-13T01:26:52.721859	96
2025-07-13T01:26:55.896302	96
2025-07-13T01:26:59.070870	96
2025-07-13T01:26:59.093838	96
2025-07-13T01:27:02.208451	96
2025-07-13T01:27:05.419574	96
2025-07-13T01:27:08.517220	96
2025-07-13T01:27:11.668219	96
2025-07-13T01:27:11.698887	96
2025-07-13T01:27:14.810741	96
2025-07-13T01:27:18.014827	96
2025-07-13T01:27:21.189597	96
2025-07-13T01:27:24.364543	96
2025-07-13T01:27:24.385193	96
2025-07-13T01:27:27.479495	96
2025-07-13T01:27:30.572020	96
2025-07-13T01:27:33.689341	96
2025-07-13T01:27:36.841552	96
2025-07-13T01:27:36.869114	96
2025-07-13T01:27:40.168983	96
2025-07-13T01:27:43.268622	96
2025-07-13T01:27:46.349108	96
2025-07-13T01:27:49.456063	96
2025-07-13T01:27:49.481174	96
2025-07-13T01:27:52.568014	96
2025-07-13T01:27:55.700328	96
2025-07-13T01:27:58.872782	96
2025-07-13T01:28:02.047241	96
2025-07-13T01:28:02.092485	96
2025-07-13T01:28:05.181525	96
2025-07-13T01:28:08.294837	96
2025-07-13T01:28:11.468215	96
2025-07-13T01:28:14.576120	96
2025-07-13T01:28:14.591792	96
2025-07-13T01:28:17.692633	96
2025-07-13T01:28:20.786690	96
2025-07-13T01:28:23.966324	96
2025-07-13T01:28:27.238719	96
2025-07-13T01:28:27.259083	96
2025-07-13T01:28:30.358790	96
2025-07-13T01:28:33.471505	96
2025-07-13T01:28:36.658557	96
2025-07-13T01:28:39.833127	96
2025-07-13T01:28:39.887376	96
2025-07-13T01:28:42.980577	96
2025-07-13T01:28:46.026364	95
2025-07-13T01:28:49.094289	95
2025-07-13T01:28:52.182279	95
2025-07-13T01:28:52.198798	95
2025-07-13T01:28:55.308418	95
2025-07-13T01:28:58.410690	95
2025-07-13T01:29:01.542228	95
2025-07-13T01:29:04.716551	95
2025-07-13T01:29:04.838806	95
2025-07-13T01:29:07.929951	95
2025-07-13T01:29:11.065325	95
2025-07-13T01:29:14.175293	95
2025-07-13T01:29:17.310914	95
2025-07-13T01:29:17.328553	95
2025-07-13T01:29:20.419000	95
2025-07-13T01:29:23.558443	95
2025-07-13T01:29:26.732847	95
2025-07-13T01:29:30.010237	95
2025-07-13T01:29:30.038481	95
2025-07-13T01:29:33.124396	95
2025-07-13T01:29:36.224722	95
2025-07-13T01:29:39.350788	95
2025-07-13T01:29:42.502523	95
2025-07-13T01:29:42.524880	95
2025-07-13T01:29:45.609574	95
2025-07-13T01:29:48.713471	95
2025-07-13T01:29:51.923378	95
2025-07-13T01:29:55.201073	95
2025-07-13T01:29:55.219562	95
2025-07-13T01:29:58.320338	95
2025-07-13T01:30:01.446742	95
2025-07-13T01:30:04.623614	95
2025-07-13T01:30:07.795552	95
2025-07-13T01:30:07.816737	95
2025-07-13T01:30:10.921229	95
2025-07-13T01:30:14.041772	95
2025-07-13T01:30:17.149875	95
2025-07-13T01:30:20.248956	95
2025-07-13T01:30:20.265287	95
2025-07-13T01:30:23.360891	95
2025-07-13T01:30:26.534736	95
2025-07-13T01:30:29.811603	95
2025-07-13T01:30:32.926252	95
2025-07-13T01:30:32.945796	95
2025-07-13T01:30:36.036217	95
2025-07-13T01:30:39.233178	95
2025-07-13T01:30:42.324808	95
2025-07-13T01:30:45.478924	95
2025-07-13T01:30:45.550521	95
2025-07-13T01:30:48.619995	95
2025-07-13T01:30:51.706767	95
2025-07-13T01:30:54.797262	95
2025-07-13T01:30:57.971539	95
2025-07-13T01:30:57.990255	95
2025-07-13T01:31:01.072672	95
2025-07-13T01:31:04.218161	95
2025-07-13T01:31:07.327654	95
2025-07-13T01:31:10.464540	95
2025-07-13T01:31:10.484987	95
2025-07-13T01:31:13.578052	95
2025-07-13T01:31:16.711096	95
2025-07-13T01:31:19.885448	95
2025-07-13T01:31:23.027917	95
2025-07-13T01:31:23.044293	95
2025-07-13T01:31:26.140847	95
2025-07-13T01:31:29.225515	95
2025-07-13T01:31:32.321346	95
2025-07-13T01:31:35.450742	95
2025-07-13T01:31:35.470892	95
2025-07-13T01:31:38.664421	95
2025-07-13T01:31:41.844445	95
2025-07-13T01:31:44.973760	95
2025-07-13T01:31:48.077437	95
2025-07-13T01:31:48.095568	95
2025-07-13T01:31:51.206879	95
2025-07-13T01:31:54.295270	95
2025-07-13T01:31:57.466488	95
2025-07-13T01:32:00.743366	95
2025-07-13T01:32:00.764614	95
2025-07-13T01:32:03.861855	95
2025-07-13T01:32:06.989776	95
2025-07-13T01:32:10.164352	95
2025-07-13T01:32:13.338721	95
2025-07-13T01:32:13.384779	95
2025-07-13T01:32:16.474446	95
2025-07-13T01:32:19.582078	95
2025-07-13T01:32:22.701617	95
2025-07-13T01:32:25.831559	95
2025-07-13T01:32:25.857399	95
2025-07-13T01:32:28.942619	95
2025-07-13T01:32:32.078897	95
2025-07-13T01:32:35.157379	95
2025-07-13T01:32:38.324371	95
2025-07-13T01:32:38.458731	95
2025-07-13T01:32:41.530068	95
2025-07-13T01:32:44.673465	95
2025-07-13T01:32:47.763011	95
2025-07-13T01:32:50.840557	95
2025-07-13T01:32:50.855486	95
2025-07-13T01:32:53.943609	95
2025-07-13T01:32:57.048335	95
2025-07-13T01:33:00.135966	95
2025-07-13T01:33:03.310406	95
2025-07-13T01:33:03.437241	95
2025-07-13T01:33:06.525076	95
2025-07-13T01:33:09.659180	95
2025-07-13T01:33:12.833571	95
2025-07-13T01:33:16.064858	95
2025-07-13T01:33:16.078017	95
2025-07-13T01:33:19.185460	95
2025-07-13T01:33:22.356879	94
2025-07-13T01:33:25.745193	94
2025-07-13T01:33:29.075788	94
2025-07-13T01:33:29.100578	94
2025-07-13T01:33:32.165287	94
2025-07-13T01:33:35.250074	94
2025-07-13T01:33:38.374785	94
2025-07-13T01:33:41.545284	94
2025-07-13T01:33:41.555593	94
2025-07-13T01:33:44.641068	94
2025-07-13T01:33:47.752307	94
2025-07-13T01:33:50.859929	94
2025-07-13T01:33:54.102247	94
2025-07-13T01:33:54.145328	94
2025-07-13T01:33:57.244855	94
2025-07-13T01:34:00.331590	94
2025-07-13T01:34:03.419752	94
2025-07-13T01:34:06.594106	94
2025-07-13T01:34:06.763593	94
2025-07-13T01:34:09.841373	94
2025-07-13T01:34:13.045230	94
2025-07-13T01:34:16.230488	94
2025-07-13T01:34:19.326385	94
2025-07-13T01:34:19.348937	94
2025-07-13T01:34:22.464931	94
2025-07-13T01:34:25.560876	94
2025-07-13T01:34:28.701257	94
2025-07-13T01:34:31.887098	94
2025-07-13T01:34:31.986672	94
2025-07-13T01:34:35.068747	94
2025-07-13T01:34:38.235873	94
2025-07-13T01:34:41.410205	94
2025-07-13T01:34:44.490531	94
2025-07-13T01:34:44.507396	94
2025-07-13T01:34:47.589717	94
2025-07-13T01:34:50.673477	94
2025-07-13T01:34:53.777924	94
2025-07-13T01:34:56.976033	94
2025-07-13T01:34:57.117849	94
2025-07-13T01:35:00.206242	94
2025-07-13T01:35:03.324039	94
2025-07-13T01:35:06.499343	94
2025-07-13T01:35:09.673297	94
2025-07-13T01:35:09.729305	94
2025-07-13T01:35:12.815226	94
2025-07-13T01:35:15.913986	94
2025-07-13T01:35:19.093928	94
2025-07-13T01:35:22.185445	94
2025-07-13T01:35:22.201169	94
2025-07-13T01:35:25.307666	94
2025-07-13T01:35:28.412869	94
2025-07-13T01:35:31.506409	94
2025-07-13T01:35:34.658750	94
2025-07-13T01:35:34.674479	94
2025-07-13T01:35:37.738568	94
2025-07-13T01:35:40.823387	94
2025-07-13T01:35:44.137647	94
2025-07-13T01:35:47.253876	94
2025-07-13T01:35:47.274017	94
2025-07-13T01:35:50.363018	94
2025-07-13T01:35:53.500446	94
2025-07-13T01:35:56.674911	94
2025-07-13T01:35:59.850279	94
2025-07-13T01:35:59.880267	94
2025-07-13T01:36:02.965824	94
2025-07-13T01:36:06.095565	94
2025-07-13T01:36:09.187283	94
2025-07-13T01:36:12.342618	94
2025-07-13T01:36:12.470421	94
2025-07-13T01:36:15.550297	94
2025-07-13T01:36:18.645931	94
2025-07-13T01:36:21.762952	94
2025-07-13T01:36:24.937270	94
2025-07-13T01:36:25.087397	94
2025-07-13T01:36:28.180220	94
2025-07-13T01:36:31.285567	94
2025-07-13T01:36:34.406454	94
2025-07-13T01:36:37.532790	94
2025-07-13T01:36:37.554256	94
2025-07-13T01:36:40.639813	94
2025-07-13T01:36:43.733003	94
2025-07-13T01:36:46.826879	94
2025-07-13T01:36:50.333297	94
2025-07-13T01:36:50.384614	94
2025-07-13T01:36:53.472462	94
2025-07-13T01:36:56.579135	94
2025-07-13T01:36:59.668457	94
2025-07-13T01:37:02.914254	94
2025-07-13T01:37:02.932437	94
2025-07-13T01:37:06.033855	94
2025-07-13T01:37:09.173983	94
2025-07-13T01:37:12.348747	94
2025-07-13T01:37:15.523409	94
2025-07-13T01:37:15.556444	94
2025-07-13T01:37:18.641913	94
2025-07-13T01:37:21.770608	94
2025-07-13T01:37:24.882764	94
2025-07-13T01:37:28.016068	93
2025-07-13T01:37:28.037403	93
2025-07-13T01:37:31.104343	93
2025-07-13T01:37:34.190490	93
2025-07-13T01:37:37.411586	93
2025-07-13T01:37:40.634917	93
2025-07-13T01:37:40.655539	93
2025-07-13T01:37:43.737605	93
2025-07-13T01:37:46.857885	93
2025-07-13T01:37:50.032395	93
2025-07-13T01:37:53.108639	93
2025-07-13T01:37:53.123665	93
2025-07-13T01:37:56.203591	93
2025-07-13T01:37:59.350885	93
2025-07-13T01:38:02.466022	93
2025-07-13T01:38:05.597385	93
2025-07-13T01:38:05.617815	93
2025-07-13T01:38:08.704000	93
2025-07-13T01:38:11.843929	93
2025-07-13T01:38:15.018312	93
2025-07-13T01:38:18.192932	93
2025-07-13T01:38:18.239836	93
2025-07-13T01:38:21.330476	93
2025-07-13T01:38:24.439398	93
2025-07-13T01:38:27.546569	93
2025-07-13T01:38:30.669971	93
2025-07-13T01:38:30.704318	93
2025-07-13T01:38:33.783315	93
2025-07-13T01:38:36.932431	93
2025-07-13T01:38:40.025264	93
2025-07-13T01:38:43.103796	93
2025-07-13T01:38:43.121938	93
2025-07-13T01:38:46.207966	93
2025-07-13T01:38:49.323243	93
2025-07-13T01:38:52.420650	93
2025-07-13T01:38:55.505405	93
2025-07-13T01:38:55.529709	93
2025-07-13T01:38:58.623993	93
2025-07-13T01:39:01.815944	93
2025-07-13T01:39:05.092910	93
2025-07-13T01:39:08.267250	93
2025-07-13T01:39:08.289353	93
2025-07-13T01:39:11.395120	93
2025-07-13T01:39:14.474089	93
2025-07-13T01:39:17.585525	93
2025-07-13T01:39:20.685274	93
2025-07-13T01:39:20.705374	93
2025-07-13T01:39:23.789746	93
2025-07-13T01:39:26.904189	93
2025-07-13T01:39:30.005998	93
2025-07-13T01:39:33.077219	93
2025-07-13T01:39:33.084703	93
2025-07-13T01:39:36.125663	93
2025-07-13T01:39:39.294859	93
2025-07-13T01:39:42.623764	93
2025-07-13T01:39:45.814152	93
2025-07-13T01:39:45.823723	93
2025-07-13T01:39:48.865950	93
2025-07-13T01:39:51.992617	93
2025-07-13T01:39:55.167260	93
2025-07-13T01:39:58.341554	93
2025-07-13T01:39:58.390991	93
2025-07-13T01:40:01.467067	93
2025-07-13T01:40:04.555986	93
2025-07-13T01:40:07.824711	93
2025-07-13T01:40:10.936556	93
2025-07-13T01:40:10.956008	93
2025-07-13T01:40:14.069605	93
2025-07-13T01:40:17.142703	93
2025-07-13T01:40:20.256619	93
2025-07-13T01:40:23.429873	93
2025-07-13T01:40:23.602342	93
2025-07-13T01:40:26.698443	93
2025-07-13T01:40:29.792732	93
2025-07-13T01:40:32.883102	93
2025-07-13T01:40:36.025343	93
2025-07-13T01:40:36.042644	93
2025-07-13T01:40:39.129046	93
2025-07-13T01:40:42.270434	93
2025-07-13T01:40:45.372172	93
2025-07-13T01:40:48.458937	93
2025-07-13T01:40:48.466956	93
2025-07-13T01:40:51.529139	93
2025-07-13T01:40:54.610423	93
2025-07-13T01:40:57.691114	93
2025-07-13T01:41:00.804877	93
2025-07-13T01:41:00.823471	93
2025-07-13T01:41:03.912107	93
2025-07-13T01:41:07.052951	93
2025-07-13T01:41:10.227468	93
2025-07-13T01:41:13.400351	93
2025-07-13T01:41:13.432167	93
2025-07-13T01:41:16.526950	93
2025-07-13T01:41:19.649355	93
2025-07-13T01:41:22.822910	93
2025-07-13T01:41:26.099772	93
2025-07-13T01:41:26.116966	93
2025-07-13T01:41:29.216200	93
2025-07-13T01:41:32.346426	92
2025-07-13T01:41:35.519507	92
2025-07-13T01:41:38.694820	92
2025-07-13T01:41:38.717630	92
2025-07-13T01:41:41.829487	92
2025-07-13T01:41:44.974519	92
2025-07-13T01:41:48.073531	92
2025-07-13T01:41:51.289001	92
2025-07-13T01:41:51.313517	92
2025-07-13T01:41:54.398471	92
2025-07-13T01:41:57.501630	92
2025-07-13T01:42:00.609824	92
2025-07-13T01:42:03.692700	92
2025-07-13T01:42:03.710108	92
2025-07-13T01:42:06.786069	92
2025-07-13T01:42:09.872719	92
2025-07-13T01:42:12.997712	92
2025-07-13T01:42:16.174284	92
2025-07-13T01:42:16.294793	92
2025-07-13T01:42:19.379410	92
2025-07-13T01:42:22.623416	92
2025-07-13T01:42:25.900323	92
2025-07-13T01:42:29.177105	92
2025-07-13T01:42:29.468288	92
2025-07-13T01:42:32.548972	92
2025-07-13T01:42:35.730832	92
2025-07-13T01:42:39.112332	92
2025-07-13T01:42:42.186895	92
2025-07-13T01:42:42.206807	92
2025-07-13T01:42:45.313307	92
2025-07-13T01:42:48.430808	92
2025-07-13T01:42:51.603866	92
2025-07-13T01:42:54.796668	92
2025-07-13T01:42:54.818474	92
2025-07-13T01:42:57.906607	92
2025-07-13T01:43:01.026470	92
2025-07-13T01:43:04.109863	92
2025-07-13T01:43:07.375399	92
2025-07-13T01:43:07.439873	92
2025-07-13T01:43:10.539898	92
2025-07-13T01:43:13.725013	92
2025-07-13T01:43:16.898736	92
2025-07-13T01:43:20.194542	92
2025-07-13T01:43:20.213411	92
2025-07-13T01:43:23.295523	92
2025-07-13T01:43:26.421921	92
2025-07-13T01:43:29.593736	92
2025-07-13T01:43:32.873400	92
2025-07-13T01:43:32.892631	92
2025-07-13T01:43:35.968475	92
2025-07-13T01:43:39.117065	92
2025-07-13T01:43:42.324470	92
2025-07-13T01:43:45.424680	92
2025-07-13T01:43:45.568529	92
2025-07-13T01:43:48.651436	92
2025-07-13T01:43:51.750539	92
2025-07-13T01:43:54.842360	92
2025-07-13T01:43:57.909101	92
2025-07-13T01:43:57.923521	92
2025-07-13T01:44:01.001412	92
2025-07-13T01:44:04.102971	92
2025-07-13T01:44:07.277470	92
2025-07-13T01:44:10.554375	92
2025-07-13T01:44:10.575119	92
2025-07-13T01:44:13.658649	92
2025-07-13T01:44:16.756856	92
2025-07-13T01:44:19.875482	92
2025-07-13T01:44:22.946803	92
2025-07-13T01:44:22.969202	92
2025-07-13T01:44:26.044594	92
2025-07-13T01:44:29.191676	92
2025-07-13T01:44:32.365694	92
2025-07-13T01:44:35.414912	92
2025-07-13T01:44:35.433399	92
2025-07-13T01:44:38.521485	92
2025-07-13T01:44:41.597233	92
2025-07-13T01:44:44.686877	92
2025-07-13T01:44:47.831734	92
2025-07-13T01:44:48.022430	92
2025-07-13T01:44:51.107161	92
2025-07-13T01:44:54.193572	92
2025-07-13T01:44:57.272683	92
2025-07-13T01:45:00.379265	92
2025-07-13T01:45:00.395972	92
2025-07-13T01:45:03.483149	92
2025-07-13T01:45:06.669878	92
2025-07-13T01:45:09.867196	92
2025-07-13T01:45:13.018860	92
2025-07-13T01:45:13.041380	92
2025-07-13T01:45:16.122962	92
2025-07-13T01:45:19.277500	92
2025-07-13T01:45:22.542395	92
2025-07-13T01:45:25.637603	92
2025-07-13T01:45:25.652786	92
2025-07-13T01:45:28.736171	92
2025-07-13T01:45:31.821182	92
2025-07-13T01:45:35.034968	92
2025-07-13T01:45:38.311843	91
2025-07-13T01:45:38.333901	91
2025-07-13T01:45:41.402234	91
2025-07-13T01:45:44.505763	91
2025-07-13T01:45:47.811867	91
2025-07-13T01:45:51.013058	91
2025-07-13T01:45:51.038849	91
2025-07-13T01:45:54.122966	91
2025-07-13T01:45:57.213156	91
2025-07-13T01:46:00.328882	91
2025-07-13T01:46:03.410073	91
2025-07-13T01:46:03.429450	91
2025-07-13T01:46:06.530662	91
2025-07-13T01:46:09.610397	91
2025-07-13T01:46:12.722107	91
2025-07-13T01:46:15.894038	91
2025-07-13T01:46:15.923571	91
2025-07-13T01:46:18.978590	91
2025-07-13T01:46:22.057960	91
2025-07-13T01:46:25.211513	91
2025-07-13T01:46:28.317069	91
2025-07-13T01:46:28.333498	91
2025-07-13T01:46:31.400055	91
2025-07-13T01:46:34.529992	91
2025-07-13T01:46:37.704461	91
2025-07-13T01:46:40.878803	91
2025-07-13T01:46:40.928061	91
2025-07-13T01:46:44.022863	91
2025-07-13T01:46:47.227677	91
2025-07-13T01:46:50.316178	91
2025-07-13T01:46:53.407855	91
2025-07-13T01:46:53.423839	91
2025-07-13T01:46:56.502961	91
2025-07-13T01:46:59.584252	91
2025-07-13T01:47:02.666094	91
2025-07-13T01:47:05.870841	91
2025-07-13T01:47:06.030649	91
2025-07-13T01:47:09.111126	91
2025-07-13T01:47:12.316693	91
2025-07-13T01:47:15.695198	91
2025-07-13T01:47:18.913200	91
2025-07-13T01:47:18.929248	91
2025-07-13T01:47:22.020660	91
2025-07-13T01:47:25.220646	91
2025-07-13T01:47:28.392949	91
2025-07-13T01:47:31.503120	91
2025-07-13T01:47:31.520227	91
2025-07-13T01:47:34.609945	91
2025-07-13T01:47:37.711888	91
2025-07-13T01:47:40.989109	91
2025-07-13T01:47:44.079717	91
2025-07-13T01:47:44.095837	91
2025-07-13T01:47:47.295064	91
2025-07-13T01:47:50.390481	91
2025-07-13T01:47:53.469435	91
2025-07-13T01:47:56.554004	91
2025-07-13T01:47:56.585120	91
2025-07-13T01:47:59.647570	91
2025-07-13T01:48:02.731756	91
2025-07-13T01:48:05.871624	91
2025-07-13T01:48:08.980460	91
2025-07-13T01:48:08.991115	91
2025-07-13T01:48:12.069856	91
2025-07-13T01:48:15.191028	91
2025-07-13T01:48:18.365558	91
2025-07-13T01:48:21.641551	91
2025-07-13T01:48:21.675692	91
2025-07-13T01:48:24.761583	91
2025-07-13T01:48:27.889041	91
2025-07-13T01:48:31.062855	91
2025-07-13T01:48:34.155712	91
2025-07-13T01:48:34.173582	91
2025-07-13T01:48:37.249037	91
2025-07-13T01:48:40.340531	91
2025-07-13T01:48:43.452881	91
2025-07-13T01:48:46.628114	91
2025-07-13T01:48:46.782637	91
2025-07-13T01:48:49.871373	91
2025-07-13T01:48:52.976280	91
2025-07-13T01:48:56.056262	91
2025-07-13T01:48:59.227105	91
2025-07-13T01:48:59.404135	91
2025-07-13T01:49:02.470531	91
2025-07-13T01:49:05.555631	91
2025-07-13T01:49:08.622765	91
2025-07-13T01:49:11.723286	91
2025-07-13T01:49:11.750462	91
2025-07-13T01:49:14.840467	91
2025-07-13T01:49:17.962275	91
2025-07-13T01:49:21.144052	91
2025-07-13T01:49:24.311079	91
2025-07-13T01:49:24.335326	91
2025-07-13T01:49:27.416250	91
2025-07-13T01:49:30.564647	91
2025-07-13T01:49:33.699622	91
2025-07-13T01:49:36.822878	91
2025-07-13T01:49:36.840172	91
2025-07-13T01:49:39.920884	91
2025-07-13T01:49:43.057730	90
2025-07-13T01:49:46.113936	90
2025-07-13T01:49:49.201998	90
2025-07-13T01:49:49.218110	90
2025-07-13T01:49:52.293832	90
2025-07-13T01:49:55.440814	90
2025-07-13T01:49:58.548501	90
2025-07-13T01:50:01.659408	90
2025-07-13T01:50:01.675604	90
2025-07-13T01:50:04.760309	90
2025-07-13T01:50:07.858765	90
2025-07-13T01:50:11.005810	90
2025-07-13T01:50:14.187304	90
2025-07-13T01:50:14.232423	90
2025-07-13T01:50:17.317129	90
2025-07-13T01:50:20.433351	90
2025-07-13T01:50:23.547692	90
2025-07-13T01:50:26.676652	90
2025-07-13T01:50:26.696364	90
2025-07-13T01:50:29.763770	90
2025-07-13T01:50:32.926451	90
2025-07-13T01:50:36.199849	90
2025-07-13T01:50:39.313169	90
2025-07-13T01:50:39.332772	90
2025-07-13T01:50:42.413187	90
2025-07-13T01:50:45.496843	90
2025-07-13T01:50:48.794972	90
2025-07-13T01:50:51.902364	90
2025-07-13T01:50:51.921187	90
2025-07-13T01:50:55.005567	90
2025-07-13T01:50:58.111085	90
2025-07-13T01:51:01.185235	90
2025-07-13T01:51:04.275033	90
2025-07-13T01:51:04.289556	90
2025-07-13T01:51:07.365314	90
2025-07-13T01:51:10.447533	90
2025-07-13T01:51:13.575996	90
2025-07-13T01:51:16.750785	90
2025-07-13T01:51:16.886259	90
2025-07-13T01:51:19.967025	90
2025-07-13T01:51:23.103484	90
2025-07-13T01:51:26.193254	90
2025-07-13T01:51:29.348996	90
2025-07-13T01:51:29.500384	90
2025-07-13T01:51:32.582771	90
2025-07-13T01:51:35.698729	90
2025-07-13T01:51:38.813661	90
2025-07-13T01:51:41.900525	90
2025-07-13T01:51:41.919131	90
2025-07-13T01:51:44.995150	90
2025-07-13T01:51:48.142915	90
2025-07-13T01:51:51.381821	90
2025-07-13T01:51:54.539374	90
2025-07-13T01:51:54.561257	90
2025-07-13T01:51:57.641173	90
2025-07-13T01:52:00.712848	90
2025-07-13T01:52:03.857953	90
2025-07-13T01:52:07.132264	90
2025-07-13T01:52:07.173726	90
2025-07-13T01:52:10.244893	90
2025-07-13T01:52:13.334783	90
2025-07-13T01:52:16.453200	90
2025-07-13T01:52:19.557398	90
2025-07-13T01:52:19.577130	90
2025-07-13T01:52:22.653326	90
2025-07-13T01:52:25.768324	90
2025-07-13T01:52:28.947105	90
2025-07-13T01:52:32.223819	90
2025-07-13T01:52:32.247030	90
2025-07-13T01:52:35.328473	90
2025-07-13T01:52:38.469338	90
2025-07-13T01:52:41.566522	90
2025-07-13T01:52:44.646010	90
2025-07-13T01:52:44.662014	90
2025-07-13T01:52:47.749245	90
2025-07-13T01:52:50.847821	90
2025-07-13T01:52:54.034654	90
2025-07-13T01:52:57.313744	90
2025-07-13T01:52:57.332806	90
2025-07-13T01:53:00.413805	90
2025-07-13T01:53:03.490032	90
2025-07-13T01:53:06.569657	90
2025-07-13T01:53:09.701521	90
2025-07-13T01:53:09.725220	90
2025-07-13T01:53:12.804833	90
2025-07-13T01:53:15.877199	90
2025-07-13T01:53:19.016720	90
2025-07-13T01:53:22.194537	90
2025-07-13T01:53:22.334229	90
2025-07-13T01:53:25.402546	90
2025-07-13T01:53:28.474975	90
2025-07-13T01:53:31.614997	90
2025-07-13T01:53:34.704362	90
2025-07-13T01:53:34.739036	90
2025-07-13T01:53:37.826573	90
2025-07-13T01:53:40.933954	90
2025-07-13T01:53:44.108773	90
2025-07-13T01:53:47.258053	90
2025-07-13T01:53:47.273936	90
2025-07-13T01:53:50.385662	89
2025-07-13T01:53:53.457778	89
2025-07-13T01:53:56.601434	89
2025-07-13T01:53:59.708287	89
2025-07-13T01:53:59.723850	89
2025-07-13T01:54:02.825069	89
2025-07-13T01:54:05.919477	89
2025-07-13T01:54:09.093913	89
2025-07-13T01:54:12.309115	89
2025-07-13T01:54:12.328145	89
2025-07-13T01:54:15.427704	89
2025-07-13T01:54:18.612552	89
2025-07-13T01:54:21.791707	89
2025-07-13T01:54:24.962814	89
2025-07-13T01:54:24.993011	89
2025-07-13T01:54:28.072376	89
2025-07-13T01:54:31.213172	89
2025-07-13T01:54:34.286193	89
2025-07-13T01:54:37.453199	89
2025-07-13T01:54:37.602404	89
2025-07-13T01:54:40.675111	89
2025-07-13T01:54:43.805686	89
2025-07-13T01:54:46.893801	89
2025-07-13T01:54:49.970438	89
2025-07-13T01:54:49.989807	89
2025-07-13T01:54:53.070931	89
2025-07-13T01:54:56.195586	89
2025-07-13T01:54:59.305246	89
2025-07-13T01:55:02.448752	89
2025-07-13T01:55:02.471914	89
2025-07-13T01:55:05.554272	89
2025-07-13T01:55:08.685323	89
2025-07-13T01:55:11.865558	89
2025-07-13T01:55:15.040408	89
2025-07-13T01:55:15.078492	89
2025-07-13T01:55:18.143517	89
2025-07-13T01:55:21.230197	89
2025-07-13T01:55:24.358953	89
2025-07-13T01:55:27.445643	89
2025-07-13T01:55:27.465539	89
2025-07-13T01:55:30.559322	89
2025-07-13T01:55:33.779506	89
2025-07-13T01:55:36.952253	89
2025-07-13T01:55:40.122530	89
2025-07-13T01:55:40.143345	89
2025-07-13T01:55:43.225064	89
2025-07-13T01:55:46.287295	89
2025-07-13T01:55:49.362837	89
2025-07-13T01:55:52.527496	89
2025-07-13T01:55:52.544213	89
2025-07-13T01:55:55.641530	89
2025-07-13T01:55:58.736136	89
2025-07-13T01:56:01.824883	89
2025-07-13T01:56:04.940734	89
2025-07-13T01:56:04.952853	89
2025-07-13T01:56:08.042314	89
2025-07-13T01:56:11.154438	89
2025-07-13T01:56:14.226597	89
2025-07-13T01:56:17.314210	89
2025-07-13T01:56:17.331602	89
2025-07-13T01:56:20.418203	89
2025-07-13T01:56:23.482998	89
2025-07-13T01:56:26.553602	89
2025-07-13T01:56:29.693910	89
2025-07-13T01:56:29.716052	89
2025-07-13T01:56:32.786949	89
2025-07-13T01:56:35.937557	89
2025-07-13T01:56:39.213819	89
2025-07-13T01:56:42.385274	89
2025-07-13T01:56:42.413864	89
2025-07-13T01:56:45.498034	89
2025-07-13T01:56:48.556917	89
2025-07-13T01:56:51.635229	89
2025-07-13T01:56:54.730922	89
2025-07-13T01:56:54.750371	89
2025-07-13T01:56:57.849387	89
2025-07-13T01:57:01.025667	89
2025-07-13T01:57:04.209077	89
2025-07-13T01:57:07.302358	89
2025-07-13T01:57:07.320855	89
2025-07-13T01:57:10.411531	89
2025-07-13T01:57:13.619739	89
2025-07-13T01:57:16.776879	89
2025-07-13T01:57:19.964824	89
2025-07-13T01:57:19.994251	89
2025-07-13T01:57:23.074611	89
2025-07-13T01:57:26.165554	89
2025-07-13T01:57:29.254528	89
2025-07-13T01:57:32.343051	89
2025-07-13T01:57:32.359843	89
2025-07-13T01:57:35.431679	89
2025-07-13T01:57:38.602560	89
2025-07-13T01:57:41.879231	89
2025-07-13T01:57:44.971846	89
2025-07-13T01:57:44.988979	89
2025-07-13T01:57:48.077503	89
2025-07-13T01:57:51.160546	89
2025-07-13T01:57:54.272506	89
2025-07-13T01:57:57.361981	89
2025-07-13T01:57:57.378368	89
2025-07-13T01:58:00.470172	89
2025-07-13T01:58:03.588106	89
2025-07-13T01:58:06.690918	89
2025-07-13T01:58:09.765276	89
2025-07-13T01:58:09.781426	89
2025-07-13T01:58:12.850280	89
2025-07-13T01:58:15.935803	89
2025-07-13T01:58:19.052582	89
2025-07-13T01:58:22.228762	89
2025-07-13T01:58:22.374191	89
2025-07-13T01:58:25.450908	88
2025-07-13T01:58:28.573583	88
2025-07-13T01:58:31.669966	88
2025-07-13T01:58:34.824453	88
2025-07-13T01:58:34.980319	88
2025-07-13T01:58:38.065722	88
2025-07-13T01:58:41.168659	88
2025-07-13T01:58:44.349944	88
2025-07-13T01:58:47.456560	88
2025-07-13T01:58:47.469199	88
2025-07-13T01:58:50.591668	88
2025-07-13T01:58:53.765231	88
2025-07-13T01:58:56.852977	88
2025-07-13T01:58:59.924993	88
2025-07-13T01:58:59.933678	88
2025-07-13T01:59:02.999229	88
2025-07-13T01:59:06.154354	88
2025-07-13T01:59:09.431406	88
2025-07-13T01:59:12.611429	88
2025-07-13T01:59:12.635085	88
2025-07-13T01:59:15.761772	88
2025-07-13T01:59:18.855114	88
2025-07-13T01:59:22.031620	88
2025-07-13T01:59:25.203552	88
2025-07-13T01:59:25.247351	88
2025-07-13T01:59:28.330311	88
2025-07-13T01:59:31.418760	88
2025-07-13T01:59:34.621568	88
2025-07-13T01:59:37.795816	88
2025-07-13T01:59:37.858841	88
2025-07-13T01:59:40.937519	88
2025-07-13T01:59:44.150426	88
2025-07-13T01:59:47.426967	88
2025-07-13T01:59:50.854571	88
2025-07-13T01:59:50.873839	88
2025-07-13T01:59:54.025634	88
2025-07-13T01:59:57.152133	88
2025-07-13T02:00:00.329478	88
2025-07-13T02:00:03.501061	88
2025-07-13T02:00:03.512791	88
2025-07-13T02:00:06.542549	88
2025-07-13T02:00:09.744497	88
2025-07-13T02:00:12.921818	88
2025-07-13T02:00:16.095950	88
2025-07-13T02:00:16.119527	88
2025-07-13T02:00:19.206660	88
2025-07-13T02:00:22.342673	88
2025-07-13T02:00:25.410885	88
2025-07-13T02:00:28.585875	88
2025-07-13T02:00:28.749786	88
2025-07-13T02:00:31.847278	88
2025-07-13T02:00:35.040044	88
2025-07-13T02:00:38.236751	88
2025-07-13T02:00:41.388804	88
2025-07-13T02:00:41.407322	88
2025-07-13T02:00:44.486981	88
2025-07-13T02:00:47.563476	88
2025-07-13T02:00:50.707247	88
2025-07-13T02:00:53.791148	88
2025-07-13T02:00:53.807398	88
2025-07-13T02:00:56.894026	88
2025-07-13T02:01:00.025629	88
2025-07-13T02:01:03.108034	88
2025-07-13T02:01:06.271999	88
2025-07-13T02:01:06.289630	88
2025-07-13T02:01:09.361735	88
2025-07-13T02:01:12.456710	88
2025-07-13T02:01:15.591331	88
2025-07-13T02:01:18.689504	88
2025-07-13T02:01:18.705740	88
2025-07-13T02:01:21.778547	88
2025-07-13T02:01:24.908976	88
2025-07-13T02:01:28.083372	88
2025-07-13T02:01:31.360031	88
2025-07-13T02:01:31.374483	88
2025-07-13T02:01:34.447132	88
2025-07-13T02:01:37.534532	88
2025-07-13T02:01:40.611776	88
2025-07-13T02:01:43.750475	88
2025-07-13T02:01:43.774337	88
2025-07-13T02:01:46.858679	88
2025-07-13T02:01:49.943211	88
2025-07-13T02:01:53.142573	88
2025-07-13T02:01:56.493418	88
2025-07-13T02:01:56.511426	88
2025-07-13T02:01:59.598010	88
2025-07-13T02:02:02.796524	88
2025-07-13T02:02:05.874164	88
2025-07-13T02:02:09.043007	88
2025-07-13T02:02:09.106477	88
2025-07-13T02:02:12.174619	88
2025-07-13T02:02:15.288835	88
2025-07-13T02:02:18.405770	88
2025-07-13T02:02:21.487519	88
2025-07-13T02:02:21.504439	88
2025-07-13T02:02:24.606732	88
2025-07-13T02:02:27.782209	88
2025-07-13T02:02:30.997081	87
2025-07-13T02:02:34.130735	87
2025-07-13T02:02:34.149807	87
2025-07-13T02:02:37.239111	87
2025-07-13T02:02:40.377137	87
2025-07-13T02:02:43.456783	87
2025-07-13T02:02:46.623528	87
2025-07-13T02:02:46.762497	87
2025-07-13T02:02:49.842143	87
2025-07-13T02:02:52.960066	87
2025-07-13T02:02:56.146476	87
2025-07-13T02:02:59.321066	87
2025-07-13T02:02:59.366936	87
2025-07-13T02:03:02.436135	87
2025-07-13T02:03:05.501781	87
2025-07-13T02:03:08.577299	87
2025-07-13T02:03:11.667674	87
2025-07-13T02:03:11.681367	87
2025-07-13T02:03:14.782149	87
2025-07-13T02:03:17.957586	87
2025-07-13T02:03:21.155168	87
2025-07-13T02:03:24.306338	87
2025-07-13T02:03:24.331417	87
2025-07-13T02:03:27.414569	87
2025-07-13T02:03:30.552685	87
2025-07-13T02:03:33.632218	87
2025-07-13T02:03:36.798951	87
2025-07-13T02:03:36.932461	87
2025-07-13T02:03:40.012155	87
2025-07-13T02:03:43.147187	87
2025-07-13T02:03:46.240755	87
2025-07-13T02:03:49.394289	87
2025-07-13T02:03:49.516738	87
2025-07-13T02:03:52.589141	87
2025-07-13T02:03:55.842280	87
2025-07-13T02:03:58.930994	87
2025-07-13T02:04:02.091770	87
2025-07-13T02:04:02.103510	87
2025-07-13T02:04:05.171062	87
2025-07-13T02:04:08.244082	87
2025-07-13T02:04:11.354336	87
2025-07-13T02:04:14.439622	87
2025-07-13T02:04:14.454825	87
2025-07-13T02:04:17.531732	87
2025-07-13T02:04:20.728522	87
2025-07-13T02:04:23.934071	87
2025-07-13T02:04:27.077244	87
2025-07-13T02:04:27.093795	87
2025-07-13T02:04:30.171498	87
2025-07-13T02:04:33.323679	87
2025-07-13T02:04:36.419217	87
2025-07-13T02:04:39.486554	87
2025-07-13T02:04:39.502207	87
2025-07-13T02:04:42.573798	87
2025-07-13T02:04:45.716096	87
2025-07-13T02:04:48.889089	87
2025-07-13T02:04:52.062611	87
2025-07-13T02:04:52.088722	87
2025-07-13T02:04:55.192084	87
2025-07-13T02:04:58.269483	87
2025-07-13T02:05:01.369108	87
2025-07-13T02:05:04.465627	87
2025-07-13T02:05:04.482412	87
2025-07-13T02:05:07.580657	87
2025-07-13T02:36:26.754183	100
2025-07-13T02:36:26.768552	100
2025-07-13T02:36:29.847911	100
2025-07-13T02:36:32.965550	100
2025-07-13T02:36:36.095837	100
2025-07-13T02:36:49.255409	100
2025-07-13T02:36:49.287500	100
2025-07-13T02:36:52.382145	100
2025-07-13T02:36:55.509869	100
2025-07-13T02:36:58.623205	100
2025-07-13T02:37:11.773283	100
2025-07-13T02:37:11.799961	100
2025-07-13T02:37:14.905792	100
2025-07-13T02:37:18.079289	100
2025-07-13T02:37:21.356163	100
2025-07-13T02:37:34.566568	100
2025-07-13T02:37:34.754432	100
2025-07-13T02:37:37.873652	100
2025-07-13T02:37:41.010827	100
2025-07-13T02:37:44.191629	100
2025-07-13T02:37:57.315842	100
2025-07-13T02:37:57.339391	100
2025-07-13T02:38:00.442185	100
2025-07-13T02:38:03.552239	100
2025-07-13T02:38:06.668235	100
2025-07-13T02:38:19.827578	100
2025-07-13T02:38:19.854029	100
2025-07-13T02:38:22.971625	100
2025-07-13T02:38:26.175103	100
2025-07-13T02:38:29.409722	100
2025-07-13T02:38:42.662702	100
2025-07-13T02:38:42.756267	100
2025-07-13T02:38:45.874385	100
2025-07-13T02:38:49.010823	100
2025-07-13T02:38:52.130228	100
2025-07-13T02:39:05.263774	100
2025-07-13T02:39:05.289938	100
2025-07-13T02:39:08.393819	100
2025-07-13T02:39:11.509643	100
2025-07-13T02:39:14.605736	100
2025-07-13T02:39:27.759313	100
2025-07-13T02:39:27.785914	100
2025-07-13T02:39:30.898267	100
2025-07-13T02:39:34.003733	100
2025-07-13T02:39:37.107464	100
2025-07-13T02:39:50.348812	100
2025-07-13T02:39:50.480779	100
2025-07-13T02:39:53.593275	100
2025-07-13T02:39:56.704551	100
2025-07-13T02:39:59.804778	100
2025-07-13T02:40:12.948338	100
2025-07-13T02:40:12.969133	100
2025-07-13T02:40:16.200270	100
2025-07-13T02:40:19.328322	100
2025-07-13T02:40:22.503237	100
2025-07-13T02:40:35.712959	100
2025-07-13T02:40:35.905072	100
2025-07-13T02:40:39.025448	100
2025-07-13T02:40:42.163535	100
2025-07-13T02:40:45.269175	100
2025-07-13T02:40:58.452275	100
2025-07-13T02:40:58.693766	100
2025-07-13T02:41:01.796413	100
2025-07-13T02:41:04.913284	100
2025-07-13T02:41:08.070977	100
2025-07-13T02:41:21.280826	100
2025-07-13T02:41:21.505808	100
2025-07-13T02:41:24.604317	100
2025-07-13T02:41:27.690267	100
2025-07-13T02:41:30.803899	100
2025-07-13T02:41:44.013714	100
2025-07-13T02:41:44.037654	100
2025-07-13T02:41:47.144125	100
2025-07-13T02:41:50.266772	100
2025-07-13T02:41:53.365396	100
2025-07-13T02:42:06.541624	100
2025-07-13T02:42:06.566684	100
2025-07-13T02:42:09.654918	100
2025-07-13T02:42:12.798542	100
2025-07-13T02:42:15.917347	100
2025-07-13T02:42:29.047672	100
2025-07-13T02:42:29.076898	100
2025-07-13T02:42:32.168214	100
2025-07-13T02:42:35.316132	100
2025-07-13T02:42:38.490528	100
2025-07-13T02:42:51.700106	100
2025-07-13T02:42:51.868077	100
2025-07-13T02:42:54.979317	100
2025-07-13T02:42:58.072578	100
2025-07-13T02:43:01.225062	100
2025-07-13T02:43:14.380344	100
2025-07-13T02:43:14.404033	100
2025-07-13T02:43:17.527812	100
2025-07-13T02:43:20.633382	100
2025-07-13T02:43:23.751634	100
2025-07-13T02:43:36.886528	100
2025-07-13T02:43:36.914937	100
2025-07-13T02:43:40.024379	100
2025-07-13T02:43:43.128183	100
2025-07-13T02:43:46.229879	100
2025-07-13T02:43:59.388024	100
2025-07-13T02:43:59.414560	100
2025-07-13T02:44:02.513793	100
2025-07-13T02:44:05.634527	100
2025-07-13T02:44:08.746107	100
2025-07-13T02:44:21.915073	100
2025-07-13T02:44:21.944385	100
2025-07-13T02:44:25.044842	100
2025-07-13T02:44:28.263980	100
2025-07-13T02:44:31.540633	100
2025-07-13T02:44:44.750521	100
2025-07-13T02:44:44.772098	100
2025-07-13T02:44:47.888762	100
2025-07-13T02:44:50.985649	100
2025-07-13T02:44:54.090559	100
2025-07-13T02:45:07.278662	100
2025-07-13T02:45:07.426953	100
2025-07-13T02:45:10.530540	100
2025-07-13T02:45:13.729800	100
2025-07-13T02:45:17.053250	100
2025-07-13T02:45:30.195060	100
2025-07-13T02:45:30.218775	100
2025-07-13T02:45:33.353832	100
2025-07-13T02:45:36.565125	100
2025-07-13T02:45:39.913433	100
2025-07-13T02:45:53.055827	100
2025-07-13T02:45:53.083061	100
2025-07-13T02:45:56.191040	100
2025-07-13T02:45:59.283777	100
2025-07-13T02:46:02.472576	100
2025-07-13T02:46:15.791673	100
2025-07-13T02:46:15.814682	100
2025-07-13T02:46:19.245848	100
2025-07-13T02:46:22.350006	100
2025-07-13T02:46:25.512415	100
2025-07-13T02:46:38.663396	100
2025-07-13T02:46:38.692469	100
2025-07-13T02:46:41.793186	100
2025-07-13T02:46:44.895440	100
2025-07-13T02:46:48.006681	100
2025-07-13T02:47:01.148153	100
2025-07-13T02:47:01.174355	100
2025-07-13T02:47:04.288193	100
2025-07-13T02:47:07.393825	100
2025-07-13T02:47:10.568800	100
2025-07-13T02:47:23.778511	100
2025-07-13T02:47:23.974699	100
2025-07-13T02:47:27.084970	100
2025-07-13T02:47:30.230532	100
2025-07-13T02:47:33.404104	100
2025-07-13T02:47:46.548516	99
2025-07-13T02:47:46.572544	99
2025-07-13T02:47:49.684825	99
2025-07-13T02:47:52.795206	99
2025-07-13T02:47:55.909817	99
2025-07-13T02:48:09.141954	99
2025-07-13T02:48:09.289029	99
2025-07-13T02:48:12.397823	99
2025-07-13T02:48:15.500760	99
2025-07-13T02:48:18.849465	99
2025-07-13T02:48:31.989558	99
2025-07-13T02:48:32.016239	99
2025-07-13T02:48:35.112678	99
2025-07-13T02:48:38.227151	99
2025-07-13T02:48:41.398257	99
2025-07-13T02:48:54.607837	99
2025-07-13T02:48:54.757916	99
2025-07-13T02:48:57.888681	99
2025-07-13T02:49:00.991952	99
2025-07-13T02:49:04.095297	99
2025-07-13T02:49:17.255218	99
2025-07-13T02:49:17.283571	99
2025-07-13T02:49:20.383519	99
2025-07-13T02:49:23.587285	99
2025-07-13T02:49:26.829886	99
2025-07-13T02:49:40.073698	99
2025-07-13T02:49:40.249858	99
2025-07-13T02:49:43.352553	99
2025-07-13T02:49:46.524961	99
2025-07-13T02:49:49.904137	99
2025-07-13T02:50:03.005424	99
2025-07-13T02:50:03.032464	99
2025-07-13T02:50:06.133965	99
2025-07-13T02:50:09.244523	99
2025-07-13T02:50:12.432155	99
2025-07-13T02:50:25.646651	99
2025-07-13T02:50:25.679498	99
2025-07-13T02:50:28.804318	99
2025-07-13T02:50:31.918819	99
2025-07-13T02:50:35.370000	99
2025-07-13T02:50:48.622675	99
2025-07-13T02:50:48.646548	99
2025-07-13T02:50:51.753001	99
2025-07-13T02:50:54.932669	99
2025-07-13T02:50:58.269517	99
2025-07-13T02:51:11.415185	99
2025-07-13T02:51:11.445744	99
2025-07-13T02:51:14.528273	99
2025-07-13T02:51:17.661535	99
2025-07-13T02:51:20.774852	99
2025-07-13T02:51:33.943250	99
2025-07-13T02:51:34.155925	99
2025-07-13T02:51:37.240052	99
2025-07-13T02:51:40.394903	99
2025-07-13T02:51:43.520260	99
2025-07-13T02:51:56.676306	99
2025-07-13T02:51:56.704827	99
2025-07-13T02:51:59.823808	99
2025-07-13T02:52:02.924412	99
2025-07-13T02:52:06.028378	99
2025-07-13T02:52:19.283987	99
2025-07-13T02:52:19.456524	99
2025-07-13T02:52:22.556076	99
2025-07-13T02:52:25.762493	99
2025-07-13T02:52:28.891040	99
2025-07-13T02:52:42.143128	99
2025-07-13T02:52:42.298854	99
2025-07-13T02:52:45.390731	99
2025-07-13T02:52:48.472240	99
2025-07-13T02:52:51.665491	99
2025-07-13T02:53:04.805104	99
2025-07-13T02:53:04.826692	99
2025-07-13T02:53:08.006730	99
2025-07-13T02:53:11.110731	99
2025-07-13T02:53:14.194946	99
2025-07-13T02:53:27.403172	99
2025-07-13T02:53:27.587785	99
2025-07-13T02:53:30.681807	99
2025-07-13T02:53:33.854557	99
2025-07-13T02:53:37.234247	99
2025-07-13T02:53:50.546031	99
2025-07-13T02:53:50.683802	99
2025-07-13T02:53:53.771764	99
2025-07-13T02:53:56.997066	99
2025-07-13T02:54:00.326168	99
2025-07-13T02:54:13.583159	99
2025-07-13T02:54:13.655964	99
2025-07-13T02:54:16.741175	99
2025-07-13T02:54:19.848850	99
2025-07-13T02:54:23.260510	99
2025-07-13T02:54:36.421422	99
2025-07-13T02:54:36.741826	99
2025-07-13T02:54:39.839988	99
2025-07-13T02:54:42.939956	99
2025-07-13T02:54:46.149497	99
2025-07-13T02:54:59.564017	99
2025-07-13T02:54:59.593644	99
2025-07-13T02:55:02.694023	99
2025-07-13T02:55:05.824598	99
2025-07-13T02:55:08.984913	99
2025-07-13T02:55:22.101091	98
2025-07-13T02:55:22.120685	98
2025-07-13T02:55:25.229450	98
2025-07-13T02:55:28.325382	98
2025-07-13T02:55:31.512894	98
2025-07-13T02:55:44.927428	98
2025-07-13T02:55:45.142033	98
2025-07-13T02:55:48.243475	98
2025-07-13T02:55:51.349039	98
2025-07-13T02:55:54.553040	98
2025-07-13T02:56:07.969265	98
2025-07-13T02:56:07.994714	98
2025-07-13T02:56:11.100214	98
2025-07-13T02:56:14.184762	98
2025-07-13T02:56:17.268415	98
2025-07-13T02:56:30.378254	98
2025-07-13T02:56:30.397989	98
2025-07-13T02:56:33.498513	98
2025-07-13T02:56:36.639749	98
2025-07-13T02:56:39.814193	98
2025-07-13T02:56:53.024477	98
2025-07-13T02:56:53.212254	98
2025-07-13T02:56:56.311812	98
2025-07-13T02:56:59.475089	98
2025-07-13T02:57:02.696618	98
2025-07-13T02:57:15.811027	98
2025-07-13T02:57:15.834692	98
2025-07-13T02:57:18.944366	98
2025-07-13T02:57:22.049432	98
2025-07-13T02:57:25.136713	98
2025-07-13T02:57:38.286193	98
2025-07-13T02:57:38.311131	98
2025-07-13T02:57:41.420592	98
2025-07-13T02:57:44.531397	98
2025-07-13T02:57:47.705747	98
2025-07-13T02:58:01.017874	98
2025-07-13T02:58:01.290613	98
2025-07-13T02:58:04.389744	98
2025-07-13T02:58:07.488678	98
2025-07-13T02:58:10.643464	98
2025-07-13T02:58:23.752843	98
2025-07-13T02:58:23.773682	98
2025-07-13T02:58:26.860288	98
2025-07-13T02:58:29.997030	98
2025-07-13T02:58:33.171627	98
2025-07-13T02:58:46.381214	98
2025-07-13T02:58:46.540540	98
2025-07-13T02:58:49.624536	98
2025-07-13T02:58:52.724901	98
2025-07-13T02:58:55.905488	98
2025-07-13T02:59:09.114810	98
2025-07-13T02:59:09.142342	98
2025-07-13T02:59:12.225318	98
2025-07-13T02:59:15.350848	98
2025-07-13T02:59:18.535285	98
2025-07-13T02:59:31.832084	98
2025-07-13T02:59:31.853564	98
2025-07-13T02:59:34.935960	98
2025-07-13T02:59:38.013659	98
2025-07-13T02:59:41.124235	98
2025-07-13T02:59:54.238876	98
2025-07-13T02:59:54.265008	98
2025-07-13T02:59:57.360253	98
2025-07-13T03:00:00.453157	98
2025-07-13T03:00:03.543840	98
2025-07-13T03:00:16.671366	98
2025-07-13T03:00:16.696063	98
2025-07-13T03:00:19.789629	98
2025-07-13T03:00:22.936928	98
2025-07-13T03:00:26.282361	98
2025-07-13T03:00:39.431670	98
2025-07-13T03:00:39.461245	98
2025-07-13T03:00:42.567967	98
2025-07-13T03:00:45.678292	98
2025-07-13T03:00:48.766639	98
2025-07-13T03:01:01.894867	98
2025-07-13T03:01:01.917309	98
2025-07-13T03:01:05.035671	98
2025-07-13T03:01:08.165280	98
2025-07-13T03:01:11.272557	98
2025-07-13T03:01:24.401080	98
2025-07-13T03:01:24.424507	98
2025-07-13T03:01:27.530602	98
2025-07-13T03:01:30.613974	97
2025-07-13T03:01:33.908967	97
2025-07-13T03:01:47.118543	97
2025-07-13T03:01:47.345728	97
2025-07-13T03:01:50.436985	97
2025-07-13T03:01:53.528776	97
2025-07-13T03:01:56.641860	97
2025-07-13T03:02:09.851324	97
2025-07-13T03:02:09.971764	97
2025-07-13T03:02:13.062475	97
2025-07-13T03:02:16.151182	97
2025-07-13T03:02:19.272616	97
2025-07-13T03:02:32.405256	97
2025-07-13T03:02:32.421181	97
2025-07-13T03:02:35.518522	97
2025-07-13T03:02:38.728302	97
2025-07-13T03:02:42.005153	97
2025-07-13T03:02:55.215050	97
2025-07-13T03:02:55.469226	97
2025-07-13T03:02:58.556228	97
2025-07-13T03:03:01.632752	97
2025-07-13T03:03:04.710813	97
2025-07-13T03:03:17.948045	97
2025-07-13T03:03:18.149051	97
2025-07-13T03:03:21.247355	97
2025-07-13T03:03:24.349452	97
2025-07-13T03:03:27.443881	97
2025-07-13T03:03:40.554453	97
2025-07-13T03:03:40.574811	97
2025-07-13T03:03:43.658321	97
2025-07-13T03:03:46.767567	97
2025-07-13T03:03:49.896864	97
2025-07-13T03:04:03.106531	97
2025-07-13T03:04:03.285968	97
2025-07-13T03:04:06.384132	97
2025-07-13T03:04:09.461603	97
2025-07-13T03:04:12.551221	97
2025-07-13T03:04:25.651416	97
2025-07-13T03:04:25.684307	97
2025-07-13T03:04:28.783537	97
2025-07-13T03:04:31.983835	97
2025-07-13T03:04:35.240620	97
2025-07-13T03:04:48.472364	97
2025-07-13T03:04:48.673675	97
2025-07-13T03:04:51.784496	97
2025-07-13T03:04:54.880015	97
2025-07-13T03:04:58.095579	97
2025-07-13T03:05:11.510419	97
2025-07-13T03:05:11.779270	97
2025-07-13T03:05:14.845389	97
2025-07-13T03:05:17.962059	97
2025-07-13T03:05:21.135895	97
2025-07-13T03:05:34.533765	97
2025-07-13T03:05:34.568333	97
2025-07-13T03:05:37.661058	97
2025-07-13T03:05:40.798146	97
2025-07-13T03:05:43.971090	97
2025-07-13T03:05:57.385772	97
2025-07-13T03:05:57.732321	97
2025-07-13T03:06:00.822337	97
2025-07-13T03:06:03.916716	97
2025-07-13T03:06:07.022150	97
2025-07-13T03:06:20.221151	97
2025-07-13T03:06:20.396465	97
2025-07-13T03:06:23.489516	97
2025-07-13T03:06:26.760121	97
2025-07-13T03:06:30.128646	97
2025-07-13T03:06:43.261178	97
2025-07-13T03:06:43.286317	97
2025-07-13T03:06:46.379178	97
2025-07-13T03:06:49.474250	97
2025-07-13T03:06:52.682349	97
2025-07-13T03:07:06.096663	97
2025-07-13T03:07:06.321532	97
2025-07-13T03:07:09.399781	97
2025-07-13T03:07:12.468879	97
2025-07-13T03:07:15.567850	97
2025-07-13T03:07:28.695605	97
2025-07-13T03:07:28.713780	97
2025-07-13T03:07:31.818098	97
2025-07-13T03:07:34.973510	97
2025-07-13T03:07:38.148096	97
2025-07-13T03:07:51.398459	97
2025-07-13T03:07:51.424181	97
2025-07-13T03:07:54.532022	97
2025-07-13T03:07:57.621185	97
2025-07-13T03:08:00.778721	97
2025-07-13T03:08:13.988325	97
2025-07-13T03:08:14.159388	97
2025-07-13T03:08:17.257990	97
2025-07-13T03:08:20.330086	97
2025-07-13T03:08:23.414279	97
2025-07-13T03:08:36.547090	97
2025-07-13T03:08:36.576347	97
2025-07-13T03:08:39.671990	97
2025-07-13T03:08:42.865396	97
2025-07-13T03:08:46.106533	97
2025-07-13T03:08:59.249238	97
2025-07-13T03:08:59.272467	97
2025-07-13T03:09:02.360765	97
2025-07-13T03:09:05.458793	97
2025-07-13T03:09:08.548223	97
2025-07-13T03:09:21.647102	97
2025-07-13T03:09:21.671126	97
2025-07-13T03:09:24.746040	97
2025-07-13T03:09:27.828710	97
2025-07-13T03:09:30.925089	97
2025-07-13T03:09:44.100895	96
2025-07-13T03:09:44.121134	96
2025-07-13T03:09:47.198972	96
2025-07-13T03:09:50.292656	96
2025-07-13T03:09:53.419785	96
2025-07-13T03:10:06.510603	96
2025-07-13T03:10:06.538504	96
2025-07-13T03:10:09.623668	96
2025-07-13T03:10:12.720535	96
2025-07-13T03:10:15.845115	96
2025-07-13T03:10:28.940539	96
2025-07-13T03:10:28.949103	96
2025-07-13T03:10:32.116676	96
2025-07-13T03:10:35.198848	96
2025-07-13T03:10:38.373127	96
2025-07-13T03:10:51.644287	96
2025-07-13T03:10:51.671839	96
2025-07-13T03:10:54.759085	96
2025-07-13T03:10:57.850184	96
2025-07-13T03:11:00.951729	96
2025-07-13T03:11:14.111060	96
2025-07-13T03:11:14.301043	96
2025-07-13T03:11:17.382679	96
2025-07-13T03:11:20.460352	96
2025-07-13T03:11:23.634299	96
2025-07-13T03:11:37.048543	96
2025-07-13T03:11:37.272384	96
2025-07-13T03:11:40.371156	96
2025-07-13T03:20:57.873719	95
2025-07-13T03:20:57.884201	95
2025-07-13T03:21:00.955500	95
2025-07-13T03:21:04.041228	95
2025-07-13T03:21:07.215618	95
2025-07-13T03:21:20.425427	95
2025-07-13T03:21:20.457284	95
2025-07-13T03:21:23.543480	95
2025-07-13T03:21:26.643297	95
2025-07-13T03:21:29.845912	95
2025-07-13T03:21:43.056064	95
2025-07-13T03:21:43.082646	95
2025-07-13T03:21:46.189434	95
2025-07-13T03:21:49.285447	95
2025-07-13T03:21:52.476700	95
2025-07-13T03:22:05.686477	95
2025-07-13T03:22:05.717637	95
2025-07-13T03:22:08.795343	95
2025-07-13T03:22:11.859732	95
2025-07-13T03:22:14.911380	95
2025-07-13T03:22:28.113058	95
2025-07-13T03:22:28.293717	95
2025-07-13T03:22:31.378972	95
2025-07-13T03:22:34.526455	95
2025-07-13T03:22:37.942798	95
2025-07-13T03:22:51.254871	95
2025-07-13T03:22:51.420491	95
2025-07-13T03:22:54.505712	95
2025-07-13T03:22:57.706111	95
2025-07-13T03:23:01.086059	95
2025-07-13T03:23:14.294852	95
2025-07-13T03:23:14.414004	95
2025-07-13T03:23:17.515741	95
2025-07-13T03:23:20.619464	95
2025-07-13T03:23:23.818521	95
2025-07-13T03:23:37.154369	95
2025-07-13T03:23:37.179408	95
2025-07-13T03:23:40.265417	95
2025-07-13T03:23:43.345270	95
2025-07-13T03:23:46.551119	95
2025-07-13T03:23:59.965520	95
2025-07-13T03:23:59.981250	95
2025-07-13T03:24:03.081072	95
2025-07-13T03:24:06.211613	95
2025-07-13T03:24:09.327916	95
2025-07-13T03:24:22.493537	95
2025-07-13T03:24:22.731027	95
2025-07-13T03:24:25.832273	95
2025-07-13T03:24:28.951996	95
2025-07-13T03:24:32.119554	95
2025-07-13T03:24:45.636085	94
2025-07-13T03:24:45.753099	94
2025-07-13T03:24:48.837419	94
2025-07-13T03:24:51.985816	94
2025-07-13T03:24:55.092709	94
2025-07-13T03:25:08.368953	94
2025-07-13T03:25:08.493228	94
2025-07-13T03:25:11.568908	94
2025-07-13T03:25:14.663286	94
2025-07-13T03:25:17.739016	94
2025-07-13T03:25:30.836359	94
2025-07-13T03:25:30.863454	94
2025-07-13T03:25:33.943836	94
2025-07-13T03:25:37.032294	94
2025-07-13T03:25:40.215627	94
2025-07-13T03:25:53.527532	94
2025-07-13T03:25:53.753385	94
2025-07-13T03:25:56.840095	94
2025-07-13T03:26:00.081034	94
2025-07-13T03:26:03.315175	94
2025-07-13T03:26:16.465282	94
2025-07-13T03:26:16.689948	94
2025-07-13T03:26:19.762593	94
2025-07-13T03:26:22.868605	94
2025-07-13T03:26:25.989432	94
2025-07-13T03:26:39.099144	94
2025-07-13T03:26:39.129440	94
2025-07-13T03:26:42.211619	94
2025-07-13T03:26:45.342222	94
2025-07-13T03:26:48.516569	94
2025-07-13T03:27:01.623832	94
2025-07-13T03:27:01.639324	94
2025-07-13T03:27:04.733127	94
2025-07-13T03:27:07.802080	94
2025-07-13T03:27:10.943259	94
2025-07-13T03:27:24.215347	94
2025-07-13T03:27:24.232221	94
2025-07-13T03:27:27.314625	94
2025-07-13T03:27:30.420526	94
2025-07-13T03:27:33.519438	94
2025-07-13T03:27:46.680090	94
2025-07-13T03:27:46.866256	94
2025-07-13T03:27:49.956854	94
2025-07-13T03:27:53.131953	94
2025-07-13T03:27:56.510615	94
2025-07-13T03:28:09.720154	94
2025-07-13T03:28:09.964135	94
2025-07-13T03:28:13.074175	94
2025-07-13T03:28:16.172671	94
2025-07-13T03:28:19.346016	94
2025-07-13T03:28:32.760494	94
2025-07-13T03:28:32.987611	94
2025-07-13T03:28:36.148828	94
2025-07-13T03:28:39.628774	94
2025-07-13T03:28:42.795520	94
2025-07-13T03:28:56.312413	94
2025-07-13T03:28:56.332354	94
2025-07-13T03:28:59.398447	94
2025-07-13T03:29:02.485649	94
2025-07-13T03:29:05.588131	94
2025-07-13T03:29:18.738279	94
2025-07-13T03:29:18.767005	94
2025-07-13T03:29:21.846596	94
2025-07-13T03:29:24.938860	94
2025-07-13T03:29:28.056587	94
2025-07-13T03:29:41.184888	94
2025-07-13T03:29:41.201727	94
2025-07-13T03:29:44.291927	94
2025-07-13T03:29:47.410330	94
2025-07-13T03:29:50.585234	94
2025-07-13T03:30:03.794411	94
2025-07-13T03:30:03.963043	94
2025-07-13T03:30:07.055333	94
2025-07-13T03:30:10.146581	94
2025-07-13T03:30:13.228002	94
2025-07-13T03:30:26.424993	94
2025-07-13T03:30:26.588642	94
2025-07-13T03:30:29.676713	94
2025-07-13T03:30:32.767605	94
2025-07-13T03:30:35.873862	94
2025-07-13T03:30:49.252251	93
2025-07-13T03:30:49.279261	93
2025-07-13T03:30:52.372814	93
2025-07-13T03:30:55.506823	93
2025-07-13T03:30:58.681140	93
2025-07-13T03:31:12.095654	93
2025-07-13T03:31:12.316324	93
2025-07-13T03:31:15.407154	93
2025-07-13T03:31:18.500240	93
2025-07-13T03:31:21.619027	93
2025-07-13T03:31:34.829669	93
2025-07-13T03:31:35.042516	93
2025-07-13T03:31:38.150740	93
2025-07-13T03:31:41.238851	93
2025-07-13T03:31:44.381405	93
2025-07-13T03:31:57.561648	93
2025-07-13T03:31:57.830647	93
2025-07-13T03:32:00.921850	93
2025-07-13T03:32:04.115111	93
2025-07-13T03:32:07.453785	93
2025-07-13T03:32:20.601656	93
2025-07-13T03:32:20.931641	93
2025-07-13T03:32:24.017483	93
2025-07-13T03:32:27.118579	93
2025-07-13T03:32:30.329851	93
2025-07-13T03:32:43.671162	93
2025-07-13T03:32:43.707564	93
2025-07-13T03:32:46.798512	93
2025-07-13T03:32:49.991595	93
2025-07-13T03:32:53.369629	93
2025-07-13T03:33:06.512297	93
2025-07-13T03:33:06.545752	93
2025-07-13T03:33:09.631638	93
2025-07-13T03:33:12.740733	93
2025-07-13T03:33:15.897892	93
2025-07-13T03:33:29.107547	93
2025-07-13T03:33:29.320999	93
2025-07-13T03:33:32.402335	93
2025-07-13T03:33:35.497284	93
2025-07-13T03:33:38.590922	93
2025-07-13T03:33:51.678791	93
2025-07-13T03:33:51.687102	93
2025-07-13T03:33:54.735725	93
2025-07-13T03:33:57.808271	93
2025-07-13T03:34:00.954782	93
2025-07-13T03:34:14.060801	93
2025-07-13T03:34:14.086723	93
2025-07-13T03:34:17.170544	93
2025-07-13T03:34:20.307975	93
2025-07-13T03:34:23.482284	93
2025-07-13T03:34:36.794454	93
2025-07-13T03:34:37.014499	93
2025-07-13T03:34:40.480058	93
2025-07-13T03:34:43.568466	93
2025-07-13T03:34:46.727928	93
2025-07-13T03:35:00.244474	93
2025-07-13T03:35:00.473455	93
2025-07-13T03:35:03.562706	93
2025-07-13T03:35:06.696442	93
2025-07-13T03:35:09.803237	93
2025-07-13T03:35:22.977060	93
2025-07-13T03:35:23.272059	93
2025-07-13T03:35:26.358079	93
2025-07-13T03:35:29.442978	93
2025-07-13T03:35:32.602842	93
2025-07-13T03:35:45.836375	93
2025-07-13T03:35:45.862086	93
2025-07-13T03:35:48.954886	93
2025-07-13T03:35:52.037410	93
2025-07-13T03:35:55.233272	93
2025-07-13T03:36:08.443133	93
2025-07-13T03:36:08.649155	93
2025-07-13T03:36:11.733781	93
2025-07-13T03:36:14.827195	93
2025-07-13T03:36:17.966316	93
2025-07-13T03:36:31.179661	93
2025-07-13T03:36:31.395063	93
2025-07-13T03:36:34.478518	93
2025-07-13T03:36:37.579420	93
2025-07-13T11:55:46.860494	100
2025-07-13T11:55:46.871954	100
2025-07-13T11:55:47.921716	100
2025-07-13T11:55:51.114085	100
2025-07-13T11:55:54.391713	100
2025-07-13T11:56:17.534205	100
2025-07-13T11:56:17.561744	100
2025-07-13T11:56:20.655952	100
2025-07-13T11:56:23.788381	100
2025-07-13T11:56:26.956084	100
2025-07-13T11:56:50.141099	100
2025-07-13T11:56:50.332844	100
2025-07-13T11:56:53.434645	100
2025-07-13T11:56:56.530771	100
2025-07-13T11:56:59.722910	100
2025-07-13T11:57:23.013613	100
2025-07-13T11:57:23.032607	100
2025-07-13T11:57:26.113764	100
2025-07-13T11:57:29.232058	100
2025-07-13T11:57:32.388536	100
2025-07-13T11:57:55.530961	100
2025-07-13T11:57:55.552282	100
2025-07-13T11:57:58.674287	100
2025-07-13T11:58:01.880608	100
2025-07-13T11:58:05.130335	100
2025-07-13T11:58:28.229992	100
2025-07-13T11:58:28.250093	100
2025-07-13T11:58:31.353840	100
2025-07-13T11:58:34.452575	100
2025-07-13T11:58:37.617846	100
2025-07-13T11:59:00.842366	100
2025-07-13T11:59:00.867763	100
2025-07-13T11:59:03.969961	100
2025-07-13T11:59:07.108806	100
2025-07-13T11:59:10.228094	100
2025-07-13T11:59:33.335653	100
2025-07-13T11:59:33.358910	100
2025-07-13T11:59:36.445742	100
2025-07-13T11:59:39.540648	100
2025-07-13T11:59:42.653743	100
2025-07-13T12:00:05.741326	100
2025-07-13T12:00:05.763347	100
2025-07-13T12:00:08.855538	100
2025-07-13T12:00:11.953036	100
2025-07-13T12:00:15.102575	100
2025-07-13T12:00:38.244969	100
2025-07-13T12:00:38.264106	100
2025-07-13T12:00:41.356108	100
2025-07-13T12:00:44.490959	100
2025-07-13T12:00:47.595518	100
2025-07-13T12:01:10.809433	100
2025-07-13T12:01:10.956111	100
2025-07-13T12:01:14.062929	100
2025-07-13T12:01:17.189158	100
2025-07-13T12:01:20.331553	100
2025-07-13T12:01:43.474069	100
2025-07-13T12:01:43.489545	100
2025-07-13T12:01:46.581004	100
2025-07-13T12:01:49.669226	100
2025-07-13T12:01:52.793273	100
2025-07-13T12:02:15.934832	100
2025-07-13T12:02:15.957205	100
2025-07-13T12:02:19.061878	100
2025-07-13T12:02:22.142002	100
2025-07-13T12:02:25.237957	100
2025-07-13T12:02:48.338065	100
2025-07-13T12:02:48.369842	100
2025-07-13T12:02:51.470355	100
2025-07-13T12:02:54.567646	100
2025-07-13T12:02:57.714261	100
2025-07-13T12:03:20.830571	100
2025-07-13T12:03:20.852916	100
2025-07-13T12:03:23.961389	100
2025-07-13T12:03:27.065722	100
2025-07-13T12:03:30.277634	100
2025-07-13T12:03:53.534547	100
2025-07-13T12:03:53.556904	100
2025-07-13T12:03:56.658750	100
2025-07-13T12:03:59.770041	100
2025-07-13T12:04:02.943225	100
2025-07-13T12:04:26.290682	100
2025-07-13T12:04:26.589010	100
2025-07-13T12:04:29.692368	100
2025-07-13T12:04:32.783812	100
2025-07-13T12:04:35.916262	100
2025-07-13T12:04:59.161109	100
2025-07-13T12:04:59.388515	100
2025-07-13T12:05:02.495938	100
2025-07-13T12:05:05.714719	100
2025-07-13T12:05:09.069568	100
2025-07-13T12:05:32.236357	100
2025-07-13T12:05:32.568521	100
2025-07-13T12:05:35.664157	100
2025-07-13T12:05:38.769122	100
2025-07-13T12:05:41.861838	100
2025-07-13T12:06:04.965275	100
2025-07-13T12:06:04.985724	100
2025-07-13T12:06:08.068417	100
2025-07-13T12:06:11.251170	100
2025-07-13T12:06:14.630289	100
2025-07-13T12:06:37.719406	100
2025-07-13T12:06:37.728391	100
2025-07-13T12:06:40.819030	100
2025-07-13T12:06:43.897343	100
2025-07-13T12:06:46.996968	100
2025-07-13T12:07:10.131543	100
2025-07-13T12:07:10.156234	100
2025-07-13T12:07:13.260625	100
2025-07-13T12:07:16.377882	100
2025-07-13T12:07:19.483712	100
2025-07-13T12:07:42.592095	100
2025-07-13T12:07:42.612984	100
2025-07-13T12:07:45.723655	100
2025-07-13T12:07:48.828763	100
2025-07-13T12:07:51.916774	100
2025-07-13T12:08:15.155565	100
2025-07-13T12:08:15.305161	100
2025-07-13T12:08:18.410615	100
2025-07-13T12:08:21.507344	100
2025-07-13T12:08:24.608109	100
2025-07-13T12:08:47.719531	100
2025-07-13T12:08:47.742404	100
2025-07-13T12:08:50.809874	100
2025-07-13T12:08:53.996971	100
2025-07-13T12:08:57.429630	100
2025-07-13T12:09:20.589496	100
2025-07-13T12:09:20.610063	100
2025-07-13T12:09:23.702335	100
2025-07-13T12:09:26.799279	100
2025-07-13T12:09:30.010440	100
2025-07-13T12:09:53.273615	100
2025-07-13T12:09:53.297048	100
2025-07-13T12:09:56.401342	100
2025-07-13T12:09:59.603961	100
2025-07-13T12:10:02.893303	100
2025-07-13T12:10:26.023059	100
2025-07-13T12:10:26.051872	100
2025-07-13T12:10:29.144531	100
2025-07-13T12:10:32.238645	100
2025-07-13T12:10:35.359349	100
2025-07-13T12:10:58.488045	100
2025-07-13T12:10:58.507387	100
2025-07-13T12:11:01.591727	100
2025-07-13T12:11:04.730798	100
2025-07-13T12:11:07.817890	100
2025-07-13T12:11:30.925786	100
2025-07-13T12:11:30.946813	100
2025-07-13T12:11:34.032021	100
2025-07-13T12:11:37.125716	100
2025-07-13T12:11:40.206061	100
2025-07-13T12:12:03.304416	100
2025-07-13T12:12:03.331132	100
2025-07-13T12:12:06.414787	100
2025-07-13T12:12:09.550374	100
2025-07-13T12:12:12.724665	100
2025-07-13T12:12:36.071901	100
2025-07-13T12:12:36.204193	100
2025-07-13T12:12:39.297266	100
2025-07-13T12:12:42.404338	100
2025-07-13T12:12:45.595985	100
2025-07-13T12:13:08.904022	100
2025-07-13T12:13:08.931102	100
2025-07-13T12:13:12.024035	100
2025-07-13T12:13:15.189404	100
2025-07-13T12:13:18.569176	100
2025-07-13T12:13:41.673537	100
2025-07-13T12:13:41.698723	100
2025-07-13T12:13:44.783863	100
2025-07-13T12:13:47.878045	100
2025-07-13T12:13:51.029139	100
2025-07-13T12:14:14.274020	100
2025-07-13T12:14:14.394514	100
2025-07-13T12:14:17.474226	100
2025-07-13T12:14:20.581947	100
2025-07-13T12:14:23.694593	100
2025-07-13T12:14:46.837252	100
2025-07-13T12:14:46.872282	100
2025-07-13T12:14:49.957124	100
2025-07-13T12:14:53.057436	100
2025-07-13T12:14:56.238385	100
2025-07-13T12:15:19.606355	100
2025-07-13T12:15:19.910258	100
2025-07-13T12:15:22.988422	100
2025-07-13T12:15:26.083202	100
2025-07-13T12:15:29.187876	100
2025-07-13T12:15:52.373447	100
2025-07-13T12:15:52.597270	100
2025-07-13T12:15:55.694261	100
2025-07-13T12:15:58.824758	100
2025-07-13T12:16:01.999235	100
2025-07-13T12:16:25.141860	100
2025-07-13T12:16:25.169874	100
2025-07-13T12:16:28.262310	100
2025-07-13T12:16:31.361791	100
2025-07-13T12:16:34.563628	100
2025-07-13T12:16:57.836145	100
2025-07-13T12:16:57.980547	100
2025-07-13T12:17:01.654325	100
2025-07-13T12:17:04.873139	100
2025-07-13T12:17:08.149801	100
2025-07-13T12:17:31.702046	100
2025-07-13T12:17:32.034610	100
2025-07-13T12:17:35.121217	100
2025-07-13T12:17:38.204008	100
2025-07-13T12:17:41.327603	100
2025-07-13T12:18:04.572797	100
2025-07-13T12:18:04.830199	100
2025-07-13T12:18:07.921772	100
2025-07-13T12:18:11.127215	100
2025-07-13T12:18:14.505062	100
2025-07-13T12:18:37.750381	100
2025-07-13T12:18:37.990309	100
2025-07-13T12:18:41.092103	100
2025-07-13T12:18:44.181994	100
2025-07-13T12:18:47.284182	100
2025-07-13T12:19:10.417050	100
2025-07-13T12:19:10.437140	100
2025-07-13T12:19:13.563226	100
2025-07-13T12:19:16.765083	100
2025-07-13T12:19:20.073118	100
2025-07-13T12:19:43.149911	100
2025-07-13T12:19:43.169640	100
2025-07-13T12:19:46.260105	100
2025-07-13T12:19:49.365537	100
2025-07-13T12:19:52.468401	100
2025-07-13T12:20:15.581000	100
2025-07-13T12:20:15.607101	100
2025-07-13T12:20:18.703903	100
2025-07-13T12:20:21.789660	100
2025-07-13T12:20:24.873390	100
2025-07-13T12:20:48.003729	100
2025-07-13T12:20:48.025428	100
2025-07-13T12:20:51.110303	100
2025-07-13T12:20:54.196349	100
2025-07-13T12:20:57.297224	100
2025-07-13T12:21:20.465502	100
2025-07-13T12:21:20.606415	100
2025-07-13T12:21:23.688685	99
2025-07-13T12:21:26.778014	99
2025-07-13T12:21:29.988057	99
2025-07-13T12:21:53.335428	99
2025-07-13T12:21:53.347560	99
2025-07-13T12:21:56.432493	99
2025-07-13T12:21:59.528703	99
2025-07-13T12:22:02.610653	99
2025-07-13T12:22:25.703659	99
2025-07-13T12:22:25.725714	99
2025-07-13T12:22:28.818098	99
2025-07-13T12:22:31.904190	99
2025-07-13T12:22:34.997030	99
2025-07-13T12:22:58.277573	99
2025-07-13T12:22:58.302052	99
2025-07-13T12:23:01.453990	99
2025-07-13T12:23:04.831723	99
2025-07-13T12:23:07.985360	99
2025-07-13T12:23:31.081492	99
2025-07-13T12:23:31.110599	99
2025-07-13T12:23:34.204086	99
2025-07-13T12:23:37.283835	99
2025-07-13T12:23:40.446445	99
2025-07-13T12:24:03.653705	99
2025-07-13T12:24:03.675579	99
2025-07-13T12:24:06.763900	99
2025-07-13T12:24:09.943311	99
2025-07-13T12:24:13.214578	99
2025-07-13T12:24:36.358562	99
2025-07-13T12:24:36.673415	99
2025-07-13T12:24:39.765933	99
2025-07-13T12:24:42.856659	99
2025-07-13T12:24:45.948132	99
2025-07-13T12:25:09.125165	99
2025-07-13T12:25:09.244498	99
2025-07-13T12:25:12.328718	99
2025-07-13T12:25:15.442697	99
2025-07-13T12:25:18.546062	99
2025-07-13T12:25:41.711553	99
2025-07-13T12:25:41.853863	99
2025-07-13T12:25:44.946382	99
2025-07-13T12:25:48.012717	99
2025-07-13T12:25:51.109411	99
2025-07-13T12:26:14.355127	99
2025-07-13T12:26:14.524333	99
2025-07-13T12:26:17.619965	99
2025-07-13T12:26:20.805552	99
2025-07-13T12:26:24.184822	99
2025-07-13T12:26:47.258687	99
2025-07-13T12:26:47.268835	99
2025-07-13T12:26:50.313846	99
2025-07-13T12:26:53.414217	99
2025-07-13T12:26:56.543352	99
2025-07-13T12:27:19.685923	99
2025-07-13T12:27:19.711969	99
2025-07-13T12:27:22.803160	99
2025-07-13T12:27:25.932311	99
2025-07-13T12:27:29.106671	99
2025-07-13T12:27:52.193681	99
2025-07-13T12:27:52.213877	99
2025-07-13T12:27:55.313680	99
2025-07-13T12:27:58.409246	99
2025-07-13T12:28:01.502626	99
2025-07-13T12:28:24.609230	99
2025-07-13T12:28:24.625048	99
2025-07-13T12:28:27.700280	99
2025-07-13T12:28:30.854294	99
2025-07-13T12:28:34.048706	99
2025-07-13T12:28:57.274396	99
2025-07-13T12:28:57.415933	99
2025-07-13T12:29:00.512541	99
2025-07-13T12:29:03.631273	99
2025-07-13T12:29:07.016016	99
2025-07-13T12:29:30.144344	99
2025-07-13T12:29:30.170403	99
2025-07-13T12:29:33.273615	99
2025-07-13T12:29:36.357231	99
2025-07-13T12:29:39.565351	99
2025-07-13T12:30:02.857531	99
2025-07-13T12:30:02.877586	99
2025-07-13T12:30:05.954387	99
2025-07-13T12:30:09.159658	99
2025-07-13T12:30:12.453481	99
2025-07-13T12:30:35.578270	98
2025-07-13T12:30:35.601094	98
2025-07-13T12:30:38.699742	98
2025-07-13T12:30:41.782387	98
2025-07-13T12:30:44.876158	98
2025-07-13T12:31:07.969091	98
2025-07-13T12:31:07.993148	98
2025-07-13T12:31:11.080918	98
2025-07-13T12:31:14.285559	98
2025-07-13T12:31:17.510262	98
2025-07-13T12:31:40.627708	98
2025-07-13T12:31:40.649125	98
2025-07-13T12:31:43.766219	98
2025-07-13T12:31:46.863722	98
2025-07-13T12:31:49.970329	98
2025-07-13T12:32:13.166576	98
2025-07-13T12:32:13.323610	98
2025-07-13T12:32:16.407151	98
2025-07-13T12:32:19.491602	98
2025-07-13T12:32:22.586435	98
2025-07-13T12:32:45.728798	98
2025-07-13T12:32:45.940510	98
2025-07-13T12:32:49.034319	98
2025-07-13T12:32:52.115840	98
2025-07-13T12:32:55.252079	98
2025-07-13T12:33:18.394498	98
2025-07-13T12:33:18.421694	98
2025-07-13T12:33:21.495160	98
2025-07-13T12:33:24.577411	98
2025-07-13T12:33:27.673537	98
2025-07-13T12:33:50.770780	98
2025-07-13T12:33:50.791514	98
2025-07-13T12:33:53.882522	98
2025-07-13T12:33:56.970077	98
2025-07-13T12:34:00.173466	98
2025-07-13T12:34:23.521073	98
2025-07-13T12:34:23.745595	98
2025-07-13T12:34:26.833845	98
2025-07-13T12:34:29.972224	98
2025-07-13T12:34:33.149763	98
2025-07-13T12:34:56.358721	98
2025-07-13T12:34:56.378506	98
2025-07-13T12:34:59.468578	98
2025-07-13T12:35:02.592627	98
2025-07-13T12:35:05.709967	98
2025-07-13T12:35:28.807008	98
2025-07-13T12:35:28.829279	98
2025-07-13T12:35:31.910458	98
2025-07-13T12:35:34.995708	98
2025-07-13T12:35:38.170869	98
2025-07-13T12:36:01.517980	98
2025-07-13T12:36:01.801130	98
2025-07-13T12:36:04.942256	98
2025-07-13T12:36:08.072416	98
2025-07-13T12:36:11.246905	98
2025-07-13T12:36:34.593383	98
2025-07-13T12:36:34.616947	98
2025-07-13T12:36:37.720754	98
2025-07-13T12:36:40.831145	98
2025-07-13T12:36:44.015106	98
2025-07-13T12:37:07.380254	98
2025-07-13T12:37:07.494969	98
2025-07-13T12:37:10.874862	98
2025-07-13T12:37:14.018958	98
2025-07-13T12:37:17.191922	98
2025-07-13T12:37:40.334324	98
2025-07-13T12:37:40.360659	98
2025-07-13T12:37:43.441717	98
2025-07-13T12:37:46.519994	98
2025-07-13T12:37:49.653083	98
2025-07-13T12:38:12.795485	98
2025-07-13T12:38:12.814410	98
2025-07-13T12:38:15.903470	98
2025-07-13T12:38:18.998482	98
2025-07-13T12:38:22.085061	98
2025-07-13T12:38:45.255987	98
2025-07-13T12:38:45.434168	98
2025-07-13T12:38:48.526803	98
2025-07-13T12:38:51.612838	98
2025-07-13T12:38:54.779366	98
2025-07-13T12:39:18.050843	98
2025-07-13T12:39:18.066621	98
2025-07-13T12:39:21.166569	98
2025-07-13T12:39:24.373105	98
2025-07-13T12:39:27.628667	98
2025-07-13T12:39:50.792345	98
2025-07-13T12:39:51.095722	98
2025-07-13T12:39:54.181341	98
2025-07-13T12:39:57.253109	98
2025-07-13T12:40:00.418188	98
2025-07-13T12:40:23.658338	97
2025-07-13T12:40:23.676480	97
2025-07-13T12:40:26.760766	97
2025-07-13T12:40:29.860490	97
2025-07-13T12:40:32.982559	97
2025-07-13T12:40:56.096629	97
2025-07-13T12:40:56.111112	97
2025-07-13T12:40:59.189588	97
2025-07-13T12:41:02.269892	97
2025-07-13T12:41:05.352878	97
2025-07-13T12:41:28.482521	97
2025-07-13T12:41:28.503285	97
2025-07-13T12:41:31.609187	97
2025-07-13T12:41:34.698528	97
2025-07-13T12:41:37.903925	97
2025-07-13T12:42:01.250619	97
2025-07-13T12:42:01.372019	97
2025-07-13T12:42:04.477913	97
2025-07-13T12:42:07.584191	97
2025-07-13T12:42:10.678109	97
2025-07-13T12:42:33.814811	97
2025-07-13T12:42:33.829922	97
2025-07-13T12:42:36.921751	97
2025-07-13T12:42:40.009930	97
2025-07-13T12:42:43.093830	97
2025-07-13T12:43:06.274856	97
2025-07-13T12:43:06.431975	97
2025-07-13T12:43:09.522682	97
2025-07-13T12:43:12.751604	97
2025-07-13T12:43:16.060681	97
2025-07-13T12:43:39.157856	97
2025-07-13T12:43:39.177999	97
2025-07-13T12:43:42.281267	97
2025-07-13T12:43:45.346533	97
2025-07-13T12:43:48.464662	97
2025-07-13T12:44:11.567504	97
2025-07-13T12:44:11.586027	97
2025-07-13T12:44:14.682625	97
2025-07-13T12:44:17.853990	97
2025-07-13T12:44:21.129534	97
2025-07-13T12:44:44.271981	97
2025-07-13T12:44:44.290319	97
2025-07-13T12:44:47.361252	97
2025-07-13T12:44:50.418946	97
2025-07-13T12:44:53.510543	97
2025-07-13T12:45:16.630460	97
2025-07-13T12:45:16.647902	97
2025-07-13T12:45:19.737252	97
2025-07-13T12:45:22.852461	97
2025-07-13T12:45:25.936706	97
2025-07-13T12:45:49.091780	97
2025-07-13T12:45:49.261572	97
2025-07-13T12:45:52.326955	97
2025-07-13T12:45:55.400634	97
2025-07-13T12:45:58.489835	97
2025-07-13T12:46:21.654995	97
2025-07-13T12:46:21.848451	97
2025-07-13T12:46:24.942606	97
2025-07-13T12:46:28.107365	97
2025-07-13T12:46:31.485209	97
2025-07-13T12:46:54.689661	97
2025-07-13T12:46:54.706205	97
2025-07-13T12:46:57.787292	97
2025-07-13T12:47:00.877756	97
2025-07-13T12:47:04.048651	97
2025-07-13T12:47:27.349923	97
2025-07-13T12:47:27.369959	97
2025-07-13T12:47:30.458328	97
2025-07-13T12:47:33.642250	97
2025-07-13T12:47:36.945293	97
2025-07-13T12:48:00.061634	97
2025-07-13T12:48:00.079546	97
2025-07-13T12:48:03.164332	97
2025-07-13T12:48:06.240669	97
2025-07-13T12:48:09.352308	97
2025-07-13T12:48:32.451571	97
2025-07-13T12:48:32.468968	97
2025-07-13T12:48:35.565617	97
2025-07-13T12:48:38.666105	97
2025-07-13T12:48:41.841724	97
2025-07-13T12:49:05.100656	97
2025-07-13T12:49:05.117991	97
2025-07-13T12:49:08.204135	97
2025-07-13T12:49:11.281681	97
2025-07-13T12:49:14.351699	97
2025-07-13T12:49:37.671054	96
2025-07-13T12:49:37.693573	96
2025-07-13T12:49:40.773243	96
2025-07-13T12:49:43.866106	96
2025-07-13T12:49:47.071056	96
2025-07-13T12:50:10.321927	96
2025-07-13T12:50:10.337481	96
2025-07-13T12:50:13.417105	96
2025-07-13T12:50:16.561508	96
2025-07-13T12:50:19.736721	96
2025-07-13T12:50:42.878329	96
2025-07-13T12:50:43.125391	96
2025-07-13T12:50:46.196987	96
2025-07-13T12:50:49.299191	96
2025-07-13T12:50:52.401567	96
2025-07-13T12:51:15.515252	96
2025-07-13T12:51:15.529862	96
2025-07-13T12:51:18.600202	96
2025-07-13T12:51:21.790488	96
2025-07-13T12:51:25.067310	96
2025-07-13T12:51:48.209771	96
2025-07-13T12:51:48.496706	96
2025-07-13T12:51:51.578252	96
2025-07-13T12:51:54.666940	96
2025-07-13T12:51:57.739560	96
2025-07-13T12:52:20.875747	96
2025-07-13T12:52:20.892416	96
2025-07-13T12:52:23.980149	96
2025-07-13T12:52:27.122189	96
2025-07-13T12:52:30.296434	96
2025-07-13T12:52:53.644720	96
2025-07-13T12:52:53.870040	96
2025-07-13T12:52:56.955353	96
2025-07-13T12:53:00.036502	96
2025-07-13T12:53:03.167038	96
2025-07-13T12:53:26.309540	96
2025-07-13T12:53:26.327409	96
2025-07-13T12:53:29.427529	96
2025-07-13T12:53:32.511926	96
2025-07-13T12:53:35.602363	96
2025-07-13T12:53:58.770475	96
2025-07-13T12:53:58.960580	96
2025-07-13T12:54:02.039077	96
2025-07-13T12:54:05.150656	96
2025-07-13T12:54:08.294008	96
2025-07-13T12:54:31.437416	96
2025-07-13T12:54:31.450756	96
2025-07-13T12:54:34.535868	96
2025-07-13T12:54:37.623343	96
2025-07-13T12:54:40.755758	96
2025-07-13T12:55:03.897259	96
2025-07-13T12:55:03.925727	96
2025-07-13T12:55:06.990241	96
2025-07-13T12:55:10.072820	96
2025-07-13T12:55:13.146715	96
2025-07-13T12:55:36.358365	96
2025-07-13T12:55:36.511136	96
2025-07-13T12:55:39.585712	96
2025-07-13T12:55:42.673933	96
2025-07-13T12:55:45.761724	96
2025-07-13T13:13:46.076096	100
2025-07-13T13:13:46.086987	100
2025-07-13T13:13:49.273223	100
2025-07-13T13:13:52.414460	100
2025-07-13T13:13:55.531108	100
2025-07-13T13:14:28.704002	100
2025-07-13T13:14:28.729012	100
2025-07-13T13:14:31.831453	100
2025-07-13T13:14:34.922325	100
2025-07-13T13:14:38.021910	100
2025-07-13T13:15:11.201371	100
2025-07-13T13:15:11.232548	100
2025-07-13T13:15:14.335877	100
2025-07-13T13:15:17.446926	100
2025-07-13T13:15:20.621538	100
2025-07-13T13:15:53.798811	100
2025-07-13T13:15:53.831087	100
2025-07-13T13:15:56.926993	100
2025-07-13T13:16:00.030695	100
2025-07-13T13:16:03.119889	100
2025-07-13T13:16:36.238887	100
2025-07-13T13:16:36.265787	100
2025-07-13T13:16:39.377231	100
2025-07-13T13:16:42.474527	100
2025-07-13T13:16:45.613440	100
2025-07-13T13:17:18.791100	100
2025-07-13T13:17:18.814110	100
2025-07-13T13:17:21.916956	100
2025-07-13T13:17:25.007099	100
2025-07-13T13:17:28.146925	100
2025-07-13T13:18:01.287807	100
2025-07-13T13:18:01.314799	100
2025-07-13T13:18:04.412878	100
2025-07-13T13:18:07.521718	100
2025-07-13T13:18:10.614458	100
2025-07-13T13:18:43.758819	100
2025-07-13T13:18:43.782311	100
2025-07-13T13:18:46.870529	100
2025-07-13T13:18:49.982280	100
2025-07-13T13:18:53.205337	100
2025-07-13T13:19:26.384257	100
2025-07-13T13:19:26.419864	100
2025-07-13T13:19:29.638006	100
2025-07-13T13:19:32.745973	100
2025-07-13T13:19:35.851173	100
2025-07-13T13:20:08.981012	100
2025-07-13T13:20:09.001879	100
2025-07-13T13:20:12.104069	100
2025-07-13T13:20:15.221200	100
2025-07-13T13:20:18.401892	100
2025-07-13T13:20:51.580270	100
2025-07-13T13:20:51.606998	100
2025-07-13T13:20:54.696295	100
2025-07-13T13:20:57.804024	100
2025-07-13T13:21:00.923243	100
2025-07-13T13:21:34.038404	100
2025-07-13T13:21:34.055421	100
2025-07-13T13:21:37.147816	100
2025-07-13T13:21:40.242909	100
2025-07-13T13:21:43.394480	100
2025-07-13T13:22:16.572144	100
2025-07-13T13:22:16.619497	100
2025-07-13T13:22:19.718802	100
2025-07-13T13:22:22.920943	100
2025-07-13T13:22:26.095498	100
2025-07-13T13:22:59.273110	100
2025-07-13T13:22:59.294217	100
2025-07-13T13:23:02.370478	100
2025-07-13T13:23:05.477010	100
2025-07-13T13:23:08.591987	100
2025-07-13T13:23:41.769521	100
2025-07-13T13:23:41.790391	100
2025-07-13T13:23:44.896186	100
2025-07-13T13:23:47.997048	100
2025-07-13T13:23:51.190357	100
2025-07-13T13:24:24.368009	100
2025-07-13T13:24:24.391822	100
2025-07-13T13:24:27.491754	100
2025-07-13T13:24:30.597282	100
2025-07-13T13:24:33.790187	100
2025-07-13T13:25:06.926329	100
2025-07-13T13:25:06.947189	100
2025-07-13T13:25:10.031751	100
2025-07-13T13:25:13.213528	100
2025-07-13T13:25:16.490164	100
2025-07-13T13:25:49.770112	100
2025-07-13T13:25:49.805142	100
2025-07-13T13:25:52.902020	100
2025-07-13T13:25:55.987015	100
2025-07-13T13:25:59.089359	100
2025-07-13T13:26:32.199745	100
2025-07-13T13:26:32.217427	100
2025-07-13T13:26:35.313702	100
2025-07-13T13:26:38.429898	100
2025-07-13T13:26:41.529120	100
2025-07-13T13:27:14.762734	100
2025-07-13T13:27:14.804080	100
2025-07-13T13:27:17.894321	100
2025-07-13T13:27:21.010001	100
2025-07-13T13:27:24.183317	100
2025-07-13T13:27:57.361153	100
2025-07-13T13:27:57.382360	100
2025-07-13T13:28:00.475335	100
2025-07-13T13:28:03.569609	100
2025-07-13T13:28:06.680417	100
2025-07-13T13:28:39.857568	100
2025-07-13T13:28:39.887902	100
2025-07-13T13:28:42.992376	100
2025-07-13T13:28:46.098003	100
2025-07-13T13:28:49.204478	100
2025-07-13T13:29:22.353706	100
2025-07-13T13:29:22.371161	100
2025-07-13T13:29:25.452176	100
2025-07-13T13:29:28.545764	100
2025-07-13T13:29:31.672335	100
2025-07-13T13:30:04.850091	99
2025-07-13T13:30:04.872029	99
2025-07-13T13:30:07.964163	99
2025-07-13T13:30:11.058344	99
2025-07-13T13:30:14.271051	99
2025-07-13T13:30:47.449561	99
2025-07-13T13:30:47.467465	99
2025-07-13T13:30:50.567632	99
2025-07-13T13:30:53.655618	99
2025-07-13T13:30:56.751802	99
2025-07-13T13:31:29.945857	99
2025-07-13T13:31:29.976074	99
2025-07-13T13:31:33.062144	99
2025-07-13T13:31:36.325328	99
2025-07-13T13:31:39.468271	99
2025-07-13T13:32:12.589057	99
2025-07-13T13:32:12.615667	99
2025-07-13T13:32:15.708927	99
2025-07-13T13:32:18.893616	99
2025-07-13T13:32:22.066788	99
2025-07-13T13:32:55.244622	99
2025-07-13T13:32:55.264378	99
2025-07-13T13:32:58.345725	99
2025-07-13T13:33:01.432822	99
2025-07-13T13:33:04.526249	99
2025-07-13T13:33:37.703806	99
2025-07-13T13:33:37.725630	99
2025-07-13T13:33:40.815984	99
2025-07-13T13:33:43.912870	99
2025-07-13T13:33:46.989462	99
2025-07-13T13:34:20.116315	99
2025-07-13T13:34:20.135569	99
2025-07-13T13:34:23.219498	99
2025-07-13T13:34:26.320934	99
2025-07-13T13:34:29.452981	99
2025-07-13T13:35:02.630777	99
2025-07-13T13:35:02.803153	99
2025-07-13T13:35:05.892374	99
2025-07-13T13:35:08.996697	99
2025-07-13T13:35:12.089208	99
2025-07-13T13:35:45.229596	99
2025-07-13T13:35:45.251219	99
2025-07-13T13:35:48.350821	99
2025-07-13T13:35:51.439244	99
2025-07-13T13:35:54.530166	99
2025-07-13T13:36:27.726408	99
2025-07-13T13:36:27.894419	99
2025-07-13T13:36:30.980713	99
2025-07-13T13:36:34.086545	99
2025-07-13T13:36:37.192442	99
2025-07-13T13:37:10.324635	99
2025-07-13T13:37:10.345214	99
2025-07-13T13:37:13.439442	99
2025-07-13T13:37:16.518265	99
2025-07-13T13:37:19.642791	99
2025-07-13T13:37:52.821268	99
2025-07-13T13:37:52.977107	99
2025-07-13T13:37:56.085762	99
2025-07-13T13:37:59.181938	99
2025-07-13T13:38:02.288477	99
2025-07-13T13:38:35.421230	98
2025-07-13T13:38:35.452222	98
2025-07-13T13:38:38.540912	98
2025-07-13T13:38:41.652090	98
2025-07-13T13:38:44.840840	98
2025-07-13T13:39:18.079969	98
2025-07-13T13:39:18.102207	98
2025-07-13T13:39:21.198289	98
2025-07-13T13:39:24.366591	98
2025-07-13T13:39:27.746717	98
2025-07-13T13:40:00.986210	98
2025-07-13T13:40:01.012010	98
2025-07-13T13:40:04.099844	98
2025-07-13T13:40:07.183444	98
2025-07-13T13:40:10.344444	98
2025-07-13T13:40:43.489197	98
2025-07-13T13:40:43.509649	98
2025-07-13T13:40:46.593997	98
2025-07-13T13:40:49.685892	98
2025-07-13T13:40:52.840579	98
2025-07-13T13:41:26.018571	98
2025-07-13T13:41:26.219562	98
2025-07-13T13:41:29.305849	98
2025-07-13T13:41:32.469731	98
2025-07-13T13:41:35.773026	98
2025-07-13T13:42:08.880638	98
2025-07-13T13:42:08.904434	98
2025-07-13T13:42:12.008421	98
2025-07-13T13:42:15.107977	98
2025-07-13T13:42:18.242474	98
2025-07-13T13:42:51.523928	98
2025-07-13T13:42:51.605671	98
2025-07-13T13:42:54.709962	98
2025-07-13T13:42:57.787756	98
2025-07-13T13:43:00.864055	98
2025-07-13T13:43:34.026093	98
2025-07-13T13:43:34.050845	98
2025-07-13T13:43:37.150521	98
2025-07-13T13:43:40.246216	98
2025-07-13T13:43:43.361541	98
2025-07-13T13:44:16.508894	98
2025-07-13T13:44:16.535280	98
2025-07-13T13:44:19.602810	98
2025-07-13T13:44:22.696451	98
2025-07-13T13:44:25.789883	98
2025-07-13T13:44:59.014377	98
2025-07-13T13:44:59.127008	98
2025-07-13T13:45:02.235567	98
2025-07-13T13:45:05.289253	98
2025-07-13T13:45:08.377286	98
2025-07-13T13:45:41.494692	98
2025-07-13T13:45:41.516391	98
2025-07-13T13:45:44.836803	98
2025-07-13T13:45:47.924357	98
2025-07-13T13:45:51.034484	98
2025-07-13T13:46:24.194491	98
2025-07-13T13:46:24.219122	98
2025-07-13T13:46:27.320100	98
2025-07-13T13:46:30.461451	98
2025-07-13T13:46:33.635509	98
2025-07-13T13:47:07.021693	98
2025-07-13T13:47:07.138159	98
2025-07-13T13:47:10.223837	98
2025-07-13T13:47:13.318311	98
2025-07-13T13:47:16.439228	98
2025-07-13T13:47:49.617323	97
2025-07-13T13:47:49.884853	97
2025-07-13T13:47:52.992249	97
2025-07-13T13:47:56.088115	97
2025-07-13T13:47:59.242814	97
2025-07-13T13:48:32.420142	97
2025-07-13T13:48:32.443050	97
2025-07-13T13:48:35.528832	97
2025-07-13T13:48:38.663425	97
2025-07-13T13:48:41.841069	97
2025-07-13T13:49:15.220802	97
2025-07-13T13:49:15.442517	97
2025-07-13T13:49:18.528133	97
2025-07-13T13:49:21.642010	97
2025-07-13T13:49:24.729687	97
2025-07-13T13:49:57.822225	97
2025-07-13T13:49:57.837655	97
2025-07-13T13:50:00.903190	97
2025-07-13T13:50:04.009057	97
2025-07-13T13:50:07.140365	97
2025-07-13T13:50:40.315329	97
2025-07-13T13:50:40.516439	97
2025-07-13T13:50:43.612025	97
2025-07-13T13:50:46.766911	97
2025-07-13T13:50:49.970800	97
2025-07-13T13:51:23.086819	97
2025-07-13T13:51:23.106766	97
2025-07-13T13:51:26.191827	97
2025-07-13T13:51:29.292482	97
2025-07-13T13:51:32.383187	97
2025-07-13T13:52:05.515922	97
2025-07-13T13:52:05.537601	97
2025-07-13T13:52:08.623136	97
2025-07-13T13:52:11.723648	97
2025-07-13T13:52:14.934514	97
2025-07-13T13:52:48.212162	97
2025-07-13T13:52:48.238706	97
2025-07-13T13:52:51.347868	97
2025-07-13T13:52:54.481577	97
2025-07-13T13:52:57.633634	97
2025-07-13T13:53:30.813263	97
2025-07-13T13:53:31.016690	97
2025-07-13T13:53:34.116770	97
2025-07-13T13:53:37.200385	97
2025-07-13T13:53:40.269811	97
2025-07-13T13:54:13.391112	97
2025-07-13T13:54:13.416797	97
2025-07-13T13:54:16.510591	97
2025-07-13T13:54:19.584776	97
2025-07-13T13:54:22.672261	97
2025-07-13T13:54:55.804704	97
2025-07-13T13:54:55.829820	97
2025-07-13T13:54:58.916932	97
2025-07-13T13:55:02.014854	97
2025-07-13T13:55:05.125798	97
2025-07-13T13:55:38.250095	97
2025-07-13T13:55:38.269352	97
2025-07-13T13:55:41.359728	97
2025-07-13T13:55:44.547265	97
2025-07-13T13:55:47.688456	97
2025-07-13T13:56:20.898539	97
2025-07-13T13:56:21.101308	97
2025-07-13T13:56:24.187591	97
2025-07-13T13:56:27.287417	97
2025-07-13T13:56:30.423095	97
2025-07-13T13:57:03.599372	97
2025-07-13T13:57:03.618999	97
2025-07-13T13:57:06.707945	97
2025-07-13T13:57:09.798842	97
2025-07-13T13:57:12.920305	97
2025-07-13T13:57:46.048782	96
2025-07-13T13:57:46.062844	96
2025-07-13T13:57:49.379942	96
2025-07-13T13:57:52.467784	96
2025-07-13T13:57:55.557091	96
2025-07-13T13:58:28.795263	96
2025-07-13T13:58:28.923111	96
2025-07-13T13:58:32.012236	96
2025-07-13T13:58:35.149418	96
2025-07-13T13:58:38.318528	96
2025-07-13T13:59:11.462965	96
2025-07-13T13:59:11.481416	96
2025-07-13T13:59:14.570315	96
2025-07-13T13:59:17.659938	96
2025-07-13T13:59:20.971435	96
2025-07-13T13:59:54.062504	96
2025-07-13T13:59:54.083689	96
2025-07-13T13:59:57.206146	96
2025-07-13T14:00:00.293805	96
2025-07-13T14:00:03.367623	96
2025-07-13T14:00:36.591173	96
2025-07-13T14:00:36.730287	96
2025-07-13T14:00:39.815354	96
2025-07-13T14:00:42.940237	96
2025-07-13T14:00:46.114542	96
2025-07-13T14:01:19.416339	96
2025-07-13T14:01:19.438079	96
2025-07-13T14:01:22.508649	96
2025-07-13T14:01:25.592219	96
2025-07-13T14:01:28.687741	96
2025-07-13T14:02:01.891053	96
2025-07-13T14:02:02.018328	96
2025-07-13T14:02:05.106915	96
2025-07-13T14:02:08.200265	96
2025-07-13T14:02:11.414808	96
2025-07-13T14:02:44.553783	96
2025-07-13T14:02:44.581086	96
2025-07-13T14:02:47.691679	96
2025-07-13T14:02:50.838572	96
2025-07-13T14:02:53.944378	96
2025-07-13T14:04:47.565957	96
2025-07-13T14:04:47.577488	96
2025-07-13T14:04:50.623004	96
2025-07-13T14:04:53.719298	96
2025-07-13T14:04:56.893639	96
2025-07-13T14:05:30.021004	95
2025-07-13T14:05:30.037623	95
2025-07-13T14:05:33.143097	95
2025-07-13T14:05:36.317906	95
2025-07-13T14:05:39.492206	95
2025-07-13T14:06:12.669898	95
2025-07-13T14:06:12.815374	95
2025-07-13T14:06:15.911246	95
2025-07-13T14:06:19.010064	95
2025-07-13T14:06:22.193967	95
2025-07-13T14:06:55.573087	95
2025-07-13T14:06:55.594379	95
2025-07-13T14:06:58.688296	95
2025-07-13T14:07:01.782155	95
2025-07-13T14:07:05.001871	95
2025-07-13T14:07:38.125886	95
2025-07-13T14:07:38.147208	95
2025-07-13T14:07:41.246134	95
2025-07-13T14:07:44.340418	95
2025-07-13T14:07:47.441260	95
2025-07-13T14:08:20.671822	95
2025-07-13T14:08:20.793375	95
2025-07-13T14:08:23.913224	95
2025-07-13T14:08:27.020089	95
2025-07-13T14:08:30.111893	95
2025-07-13T14:09:03.271494	95
2025-07-13T14:09:03.293127	95
2025-07-13T14:09:06.395948	95
2025-07-13T14:09:09.516795	95
2025-07-13T14:09:12.641205	95
2025-07-13T14:09:45.766774	95
2025-07-13T14:09:45.791274	95
2025-07-13T14:09:48.871496	95
2025-07-13T14:09:52.013795	95
2025-07-13T14:09:55.188552	95
2025-07-13T14:10:28.468663	95
2025-07-13T14:10:28.489984	95
2025-07-13T14:10:31.584472	95
2025-07-13T14:10:34.715389	95
2025-07-13T14:10:37.834168	95
2025-07-13T14:11:11.066275	95
2025-07-13T14:11:11.221080	95
2025-07-13T14:11:14.650781	95
2025-07-13T14:11:17.758791	95
2025-07-13T14:11:20.895518	95
2025-07-13T14:11:54.371914	95
2025-07-13T14:11:54.812145	95
2025-07-13T14:11:59.213291	95
2025-07-13T14:12:02.320899	95
2025-07-13T14:12:05.542529	95
2025-07-13T14:12:38.968082	95
2025-07-13T14:12:38.990240	95
2025-07-13T14:12:42.058314	95
2025-07-13T14:12:45.171372	95
2025-07-13T14:12:48.345722	95
2025-07-13T14:13:21.779956	95
2025-07-13T14:13:21.822524	95
2025-07-13T14:13:24.901697	95
2025-07-13T14:13:28.003876	95
2025-07-13T14:13:31.149372	95
2025-07-13T14:59:11.813721	100
2025-07-13T14:59:11.827869	100
2025-07-13T14:59:14.907283	100
2025-07-13T14:59:18.045678	100
2025-07-13T14:59:21.235308	100
2025-07-13T15:00:04.645699	100
2025-07-13T15:00:04.847620	100
2025-07-13T15:00:07.992826	100
2025-07-13T15:00:11.067847	100
2025-07-13T15:00:14.192622	100
2025-07-13T15:00:57.381627	100
2025-07-13T15:00:57.405981	100
2025-07-13T15:01:00.532248	100
2025-07-13T15:01:03.645480	100
2025-07-13T15:01:06.826301	100
2025-07-13T15:01:50.136417	100
2025-07-13T15:01:50.181836	100
2025-07-13T15:01:53.297701	100
2025-07-13T15:01:56.380554	100
2025-07-13T15:01:59.531575	100
2025-07-13T15:02:42.744538	100
2025-07-13T15:02:42.918191	100
2025-07-13T15:02:46.005748	100
2025-07-13T15:02:49.129798	100
2025-07-13T15:02:52.587273	100
2025-07-13T15:03:36.197720	100
2025-07-13T15:03:36.614852	100
2025-07-13T15:03:39.710111	100
2025-07-13T15:03:42.834976	100
2025-07-13T15:03:45.950500	100
2025-07-13T15:04:29.073771	100
2025-07-13T15:04:29.102291	100
2025-07-13T15:04:32.183619	100
2025-07-13T15:04:35.386469	100
2025-07-13T15:04:38.764633	100
2025-07-13T15:05:21.893259	100
2025-07-13T15:05:21.918742	100
2025-07-13T15:05:25.015638	100
2025-07-13T15:05:28.110318	100
2025-07-13T15:05:31.296419	100
2025-07-13T15:06:14.628073	100
2025-07-13T15:06:14.654463	100
2025-07-13T15:06:17.739604	100
2025-07-13T15:06:20.852201	100
2025-07-13T15:06:23.975840	100
2025-07-13T15:07:07.098744	100
2025-07-13T15:07:07.115781	100
2025-07-13T15:07:10.213910	100
2025-07-13T15:07:13.344164	100
2025-07-13T15:07:16.454761	100
2025-07-13T15:07:59.674582	100
2025-07-13T15:07:59.836392	100
2025-07-13T15:08:02.928695	100
2025-07-13T15:08:06.065001	100
2025-07-13T15:08:09.197976	100
2025-07-13T15:08:52.413652	100
2025-07-13T15:08:52.584566	100
2025-07-13T15:08:55.692371	100
2025-07-13T15:08:58.786927	100
2025-07-13T15:09:01.934418	100
2025-07-13T15:09:45.089138	100
2025-07-13T15:09:45.112307	100
2025-07-13T15:09:48.208605	100
2025-07-13T15:09:51.307389	100
2025-07-13T15:09:54.424393	100
2025-07-13T15:10:37.554358	100
2025-07-13T15:10:37.585311	100
2025-07-13T15:10:40.690419	100
2025-07-13T15:10:43.801822	100
2025-07-13T15:10:46.997184	100
2025-07-13T15:11:30.313150	100
2025-07-13T15:11:30.542833	100
2025-07-13T15:11:33.719931	100
2025-07-13T15:11:37.071222	100
2025-07-13T15:11:40.246426	100
2025-07-13T15:12:23.481296	100
2025-07-13T15:12:23.714483	100
2025-07-13T15:12:26.818036	100
2025-07-13T15:12:30.012400	100
2025-07-13T15:12:33.493670	100
2025-07-13T15:13:16.722492	100
2025-07-13T15:13:16.744519	100
2025-07-13T15:13:19.831911	100
2025-07-13T15:13:22.929456	100
2025-07-13T15:13:26.127746	100
2025-07-13T15:14:09.545875	100
2025-07-13T15:14:09.864873	100
2025-07-13T15:14:13.344432	100
2025-07-13T15:14:16.452883	100
2025-07-13T15:14:19.673606	100
2025-07-13T15:15:02.896411	100
2025-07-13T15:15:02.918842	100
2025-07-13T15:15:06.023160	100
2025-07-13T15:15:09.118216	100
2025-07-13T15:15:12.338783	100
2025-07-13T15:15:55.735298	100
2025-07-13T15:15:56.019870	100
2025-07-13T15:15:59.138092	100
2025-07-13T15:16:02.246275	100
2025-07-13T15:16:05.381903	100
2025-07-13T15:16:48.573778	100
2025-07-13T15:16:48.853665	100
2025-07-13T15:16:51.953003	100
2025-07-13T15:16:55.054181	100
2025-07-13T15:16:58.147473	100
2025-07-13T15:17:41.310371	100
2025-07-13T15:17:41.331930	100
2025-07-13T15:17:44.401276	100
2025-07-13T15:17:47.556641	100
2025-07-13T15:17:50.671367	100
2025-07-13T15:18:33.794883	100
2025-07-13T15:18:33.842078	100
2025-07-13T15:18:36.934280	99
2025-07-13T15:18:40.031959	99
2025-07-13T15:18:43.159976	99
2025-07-13T15:19:26.298454	99
2025-07-13T15:19:26.327456	99
2025-07-13T15:19:29.418785	99
2025-07-13T15:19:32.511606	99
2025-07-13T15:19:35.691570	99
2025-07-13T15:20:19.008005	99
2025-07-13T15:20:19.208229	99
2025-07-13T15:20:22.304152	99
2025-07-13T15:20:25.392922	99
2025-07-13T15:20:28.510225	99
2025-07-13T15:21:11.948197	99
2025-07-13T15:21:11.971608	99
2025-07-13T15:21:15.071591	99
2025-07-13T15:21:18.168767	99
2025-07-13T15:21:21.271719	99
2025-07-13T15:22:04.479883	99
2025-07-13T15:22:04.716370	99
2025-07-13T15:22:07.800718	99
2025-07-13T15:22:10.914303	99
2025-07-13T15:22:14.105565	99
2025-07-13T15:22:57.524452	99
2025-07-13T15:22:57.841197	99
2025-07-13T15:23:00.938562	99
2025-07-13T15:23:04.039950	99
2025-07-13T15:23:07.251391	99
2025-07-13T15:23:50.669366	99
2025-07-13T15:23:50.986965	99
2025-07-13T15:23:54.066156	99
2025-07-13T15:23:57.166914	99
2025-07-13T15:24:00.275660	99
2025-07-13T15:24:43.387647	99
2025-07-13T15:24:43.411857	99
2025-07-13T15:24:46.508846	99
2025-07-13T15:24:49.622247	99
2025-07-13T15:24:52.826830	99
2025-07-13T15:25:36.145177	99
2025-07-13T15:25:36.169875	99
2025-07-13T15:25:39.258751	99
2025-07-13T15:25:42.388330	99
2025-07-13T15:25:45.491831	99
2025-07-13T15:26:28.617060	99
2025-07-13T15:26:28.640659	99
2025-07-13T15:26:31.804712	99
2025-07-13T15:26:35.191889	99
2025-07-13T15:26:38.298904	99
2025-07-13T15:27:21.422516	99
2025-07-13T15:27:21.446427	99
2025-07-13T15:27:24.534640	99
2025-07-13T15:27:27.634088	99
2025-07-13T15:27:30.718709	99
2025-07-13T15:28:13.941180	99
2025-07-13T15:28:14.071102	99
2025-07-13T15:28:17.171898	99
2025-07-13T15:28:20.267687	99
2025-07-13T15:28:23.361524	99
2025-07-13T15:29:06.575168	99
2025-07-13T15:29:06.749371	99
2025-07-13T15:29:09.867630	99
2025-07-13T15:29:12.962427	99
2025-07-13T15:29:16.056163	99
2025-07-13T15:29:59.209054	98
2025-07-13T15:29:59.426840	98
2025-07-13T15:30:02.513110	98
2025-07-13T15:30:05.612369	98
2025-07-13T15:30:08.732422	98
2025-07-13T15:30:51.945338	98
2025-07-13T15:30:52.146406	98
2025-07-13T15:30:55.226551	98
2025-07-13T15:30:58.396647	98
2025-07-13T15:31:01.718174	98
2025-07-13T15:31:44.886539	98
2025-07-13T15:31:44.925140	98
2025-07-13T15:31:48.020229	98
2025-07-13T15:31:51.263746	98
2025-07-13T15:31:54.614606	98
2025-07-13T15:32:37.831345	98
2025-07-13T15:32:37.863988	98
2025-07-13T15:32:40.966261	98
2025-07-13T15:32:44.074013	98
2025-07-13T15:32:47.248283	98
2025-07-13T15:33:30.594261	98
2025-07-13T15:33:30.617152	98
2025-07-13T15:33:33.719976	98
2025-07-13T15:33:36.804996	98
2025-07-13T15:33:39.907607	98
2025-07-13T15:34:23.094944	98
2025-07-13T15:34:23.308719	98
2025-07-13T15:34:26.411858	98
2025-07-13T15:34:29.491718	98
2025-07-13T15:34:32.578861	98
2025-07-13T15:35:15.730034	98
2025-07-13T15:35:15.992055	98
2025-07-13T15:35:19.083139	98
2025-07-13T15:35:22.173079	98
2025-07-13T15:35:25.354952	98
2025-07-13T15:36:08.670566	98
2025-07-13T15:36:08.895009	98
2025-07-13T15:36:11.966561	98
2025-07-13T15:36:15.042797	98
2025-07-13T15:36:18.147563	98
2025-07-13T15:37:01.262347	98
2025-07-13T15:37:01.363014	98
2025-07-13T15:37:04.710094	98
2025-07-13T15:37:07.796555	98
2025-07-13T15:37:10.929899	98
2025-07-13T15:37:54.145068	98
2025-07-13T15:37:54.372154	98
2025-07-13T15:37:57.461050	98
2025-07-13T15:38:00.538870	98
2025-07-13T15:38:03.666415	98
2025-07-13T15:38:46.798020	98
2025-07-13T15:38:46.816030	98
2025-07-13T15:38:49.917458	98
2025-07-13T15:38:53.023451	98
2025-07-13T15:38:56.402726	98
2025-07-13T15:39:39.516504	98
2025-07-13T15:39:39.541772	98
2025-07-13T15:39:42.617222	98
2025-07-13T15:39:45.689881	98
2025-07-13T15:39:48.780946	98
2025-07-13T15:40:31.942378	98
2025-07-13T15:40:31.967043	98
2025-07-13T15:40:35.060357	98
2025-07-13T15:40:38.231249	98
2025-07-13T15:40:41.404881	98
2025-07-13T15:41:24.525855	98
2025-07-13T15:41:24.543814	98
2025-07-13T15:41:27.622838	98
2025-07-13T15:41:30.721136	98
2025-07-13T15:41:33.894796	98
2025-07-13T15:42:17.107701	97
2025-07-13T15:42:17.129927	97
2025-07-13T15:42:20.226715	97
2025-07-13T15:42:23.320149	97
2025-07-13T15:42:26.529983	97
2025-07-13T15:43:09.844246	97
2025-07-13T15:43:10.106378	97
2025-07-13T15:43:13.187367	97
2025-07-13T15:43:16.286917	97
2025-07-13T15:43:19.384988	97
2025-07-13T15:44:02.511620	97
2025-07-13T15:44:02.535227	97
2025-07-13T15:44:05.638222	97
2025-07-13T15:44:08.729642	97
2025-07-13T15:44:11.898938	97
2025-07-13T15:44:55.214528	97
2025-07-13T15:44:55.275662	97
2025-07-13T15:44:58.362828	97
2025-07-13T15:45:01.563413	97
2025-07-13T15:45:04.859708	97
2025-07-13T15:45:48.053221	97
2025-07-13T15:45:48.372988	97
2025-07-13T15:45:51.862928	97
2025-07-13T15:45:55.016576	97
2025-07-13T15:45:58.190794	97
2025-07-13T15:46:41.359439	97
2025-07-13T15:46:41.379974	97
2025-07-13T15:46:44.806453	97
2025-07-13T15:46:47.908993	97
2025-07-13T15:46:51.015112	97
2025-07-13T15:47:34.242735	97
2025-07-13T15:47:34.480257	97
2025-07-13T15:47:37.572815	97
2025-07-13T15:47:40.660746	97
2025-07-13T15:47:43.743031	97
2025-07-13T15:48:26.876376	97
2025-07-13T15:48:26.896892	97
2025-07-13T15:48:29.976095	97
2025-07-13T15:48:33.064365	97
2025-07-13T15:48:36.194849	97
2025-07-13T15:50:38.110352	97
2025-07-13T15:50:38.120614	97
2025-07-13T15:50:41.166368	97
2025-07-13T15:50:44.324935	97
2025-07-13T15:50:47.545058	97
2025-07-13T15:51:30.787874	96
2025-07-13T15:51:30.811770	96
2025-07-13T15:51:33.922872	96
2025-07-13T15:51:37.016595	96
2025-07-13T15:51:40.209158	96
2025-07-13T15:52:23.307072	96
2025-07-13T15:52:23.327997	96
2025-07-13T15:52:26.429762	96
2025-07-13T15:52:29.524741	96
2025-07-13T15:52:32.637526	96
2025-07-13T15:53:15.851204	96
2025-07-13T15:53:15.983804	96
2025-07-13T15:53:19.088264	96
2025-07-13T15:53:22.186213	96
2025-07-13T15:53:25.282778	96
2025-07-13T15:54:08.486430	96
2025-07-13T15:54:08.651068	96
2025-07-13T15:54:11.738324	96
2025-07-13T15:54:14.833699	96
2025-07-13T15:54:18.213685	96
2025-07-13T15:55:01.528652	96
2025-07-13T15:55:01.710451	96
2025-07-13T15:55:04.797651	96
2025-07-13T15:55:07.979804	96
2025-07-13T15:55:11.359363	96
2025-07-13T15:55:54.600417	96
2025-07-13T15:55:54.922887	96
2025-07-13T15:55:58.017804	96
2025-07-13T15:56:01.126730	96
2025-07-13T15:56:04.305224	96
2025-07-13T15:56:47.811299	96
2025-07-13T15:56:48.161353	96
2025-07-13T15:56:51.710288	96
2025-07-13T15:56:54.885774	96
2025-07-13T15:56:58.469721	96
2025-07-13T15:57:41.894242	96
2025-07-13T15:57:42.012052	96
2025-07-13T15:57:45.137799	96
2025-07-13T15:57:48.244233	96
2025-07-13T15:57:51.418549	96
2025-07-13T15:58:34.814663	96
2025-07-13T15:58:34.842297	96
2025-07-13T15:58:37.922243	96
2025-07-13T15:58:41.006495	96
2025-07-13T15:58:44.253562	96
2025-07-13T15:59:27.568204	96
2025-07-13T15:59:27.582796	96
2025-07-13T15:59:30.671496	96
2025-07-13T15:59:33.756299	96
2025-07-13T15:59:36.833321	96
2025-07-13T16:18:26.797099	100
2025-07-13T16:18:26.826300	100
2025-07-13T16:18:29.935000	100
2025-07-13T16:18:33.063383	100
2025-07-13T16:18:36.197467	100
2025-07-13T16:19:29.337447	100
2025-07-13T16:19:29.360727	100
2025-07-13T16:19:32.480877	100
2025-07-13T16:19:35.686087	100
2025-07-13T16:19:38.933963	100
2025-07-13T16:20:38.332217	100
2025-07-13T16:20:38.346869	100
2025-07-13T16:20:41.454086	100
2025-07-13T16:20:44.553599	100
2025-07-13T16:20:47.662497	100
2025-07-13T16:21:40.921919	100
2025-07-13T16:21:41.073855	100
2025-07-13T16:21:44.186161	100
2025-07-13T16:21:47.296782	100
2025-07-13T16:21:50.413334	100
2025-07-13T16:22:43.589040	100
2025-07-13T16:22:43.616473	100
2025-07-13T16:22:46.744024	100
2025-07-13T16:22:49.830307	100
2025-07-13T16:22:53.011934	100
2025-07-13T16:23:46.362713	100
2025-07-13T16:23:46.642425	100
2025-07-13T16:23:49.751781	100
2025-07-13T16:23:52.854048	100
2025-07-13T16:23:55.991615	100
2025-07-13T16:24:49.239844	100
2025-07-13T16:24:49.457329	100
2025-07-13T16:24:52.548768	100
2025-07-13T16:24:55.646254	100
2025-07-13T16:24:58.865618	100
2025-07-13T16:25:52.589991	100
2025-07-13T16:25:52.611536	100
2025-07-13T16:25:55.704965	100
2025-07-13T16:25:58.793189	100
2025-07-13T16:26:01.944031	100
2025-07-13T16:26:55.190931	100
2025-07-13T16:26:55.427368	100
2025-07-13T16:26:58.522435	100
2025-07-13T16:27:01.635698	100
2025-07-13T16:27:04.747011	100
2025-07-13T16:27:57.960803	100
2025-07-13T16:27:58.187202	100
2025-07-13T16:28:01.272851	100
2025-07-13T16:28:04.398243	100
2025-07-13T16:28:07.508277	100
2025-07-13T16:29:00.633593	100
2025-07-13T16:29:00.653947	100
2025-07-13T16:29:03.836270	100
2025-07-13T16:29:07.474755	100
2025-07-13T16:29:10.668869	100
2025-07-13T16:30:04.125620	100
2025-07-13T16:30:04.149445	100
2025-07-13T16:30:07.244062	100
2025-07-13T16:30:10.357698	100
2025-07-13T16:30:13.542823	100
2025-07-13T16:31:06.935623	100
2025-07-13T16:31:06.954984	100
2025-07-13T16:31:10.054853	100
2025-07-13T16:31:13.141908	100
2025-07-13T16:31:16.310866	100
2025-07-13T16:32:09.641479	100
2025-07-13T16:32:09.667369	100
2025-07-13T16:32:12.764568	100
2025-07-13T16:32:15.864621	100
2025-07-13T16:32:18.980721	100
2025-07-13T16:33:12.127785	100
2025-07-13T16:33:12.147647	100
2025-07-13T16:33:15.242624	100
2025-07-13T16:33:18.340240	100
2025-07-13T16:33:21.548109	100
2025-07-13T16:34:14.692859	100
2025-07-13T16:34:14.719884	100
2025-07-13T16:34:17.809205	100
2025-07-13T16:34:20.908965	100
2025-07-13T16:34:24.012725	100
2025-07-13T16:35:17.152221	100
2025-07-13T16:35:17.172134	100
2025-07-13T16:35:20.267004	100
2025-07-13T16:35:23.365734	100
2025-07-13T16:35:26.526933	100
2025-07-13T16:36:19.826899	100
2025-07-13T16:36:19.844604	100
2025-07-13T16:36:22.964612	100
2025-07-13T16:36:26.057825	100
2025-07-13T16:36:29.248258	100
2025-07-13T16:37:22.602355	99
2025-07-13T16:37:22.880776	99
2025-07-13T16:37:25.954163	99
2025-07-13T16:37:29.152438	99
2025-07-13T16:37:32.534659	99
2025-07-13T16:38:25.677280	99
2025-07-13T16:38:25.696294	99
2025-07-13T16:38:28.785560	99
2025-07-13T16:38:31.923615	99
2025-07-13T16:38:35.039299	99
2025-07-13T16:39:28.192165	99
2025-07-13T16:39:28.215384	99
2025-07-13T16:39:31.300709	99
2025-07-13T16:39:34.490625	99
2025-07-13T16:39:37.767188	99
2025-07-13T16:40:31.018315	99
2025-07-13T16:40:31.220821	99
2025-07-13T16:40:34.329586	99
2025-07-13T16:40:37.466749	99
2025-07-13T16:40:40.641099	99
2025-07-13T16:41:33.996665	99
2025-07-13T16:41:34.020027	99
2025-07-13T16:41:37.070686	99
2025-07-13T16:41:40.340555	99
2025-07-13T16:41:43.722994	99
2025-07-13T16:42:37.180686	99
2025-07-13T16:42:37.294862	99
2025-07-13T16:42:40.387702	99
2025-07-13T16:42:43.481096	99
2025-07-13T16:42:46.695862	99
2025-07-13T16:43:40.047525	99
2025-07-13T16:43:40.070064	99
2025-07-13T16:43:43.181940	99
2025-07-13T16:43:46.284374	99
2025-07-13T16:43:49.467312	99
2025-07-13T16:44:42.920632	99
2025-07-13T16:44:43.226738	99
2025-07-13T16:44:46.313342	99
2025-07-13T16:44:49.409369	99
2025-07-13T16:44:52.509573	99
2025-07-13T16:45:45.609195	99
2025-07-13T16:45:45.632406	99
2025-07-13T16:45:48.737249	99
2025-07-13T16:45:51.829628	99
2025-07-13T16:45:55.011089	99
2025-07-13T16:46:48.362469	98
2025-07-13T16:46:48.394725	98
2025-07-13T16:46:51.485736	98
2025-07-13T16:46:54.571040	98
2025-07-13T16:46:57.784067	98
2025-07-13T16:47:51.133781	98
2025-07-13T16:47:51.439507	98
2025-07-13T16:47:54.545063	98
2025-07-13T16:47:57.655514	98
2025-07-13T16:48:00.862065	98
2025-07-13T16:48:54.315091	98
2025-07-13T16:48:54.672943	98
2025-07-13T16:48:57.761807	98
2025-07-13T16:49:00.873421	98
2025-07-13T16:49:04.042183	98
2025-07-13T16:49:57.396143	98
2025-07-13T16:49:57.523641	98
2025-07-13T16:50:00.620950	98
2025-07-13T16:50:03.661141	98
2025-07-13T16:50:06.705160	98
2025-07-13T16:50:59.860721	98
2025-07-13T16:50:59.886939	98
2025-07-13T16:51:02.940768	98
2025-07-13T16:51:06.028904	98
2025-07-13T16:51:09.280926	98
2025-07-13T16:52:02.481223	98
2025-07-13T16:52:02.505284	98
2025-07-13T16:52:05.599876	98
2025-07-13T16:52:08.685508	98
2025-07-13T16:52:11.848250	98
2025-07-13T16:53:05.197851	98
2025-07-13T16:53:05.483316	98
2025-07-13T16:53:08.591086	98
2025-07-13T16:53:11.654836	98
2025-07-13T16:53:14.811958	98
2025-07-13T16:54:08.480934	98
2025-07-13T16:54:08.492636	98
2025-07-13T16:54:11.552267	98
2025-07-13T16:54:14.640405	98
2025-07-13T16:54:17.800962	98
2025-07-13T16:55:11.160935	98
2025-07-13T16:55:11.182197	98
2025-07-13T16:55:14.267299	98
2025-07-13T16:55:17.450424	98
2025-07-13T16:55:20.780516	98
2025-07-13T16:56:13.906457	98
2025-07-13T16:56:13.924891	98
2025-07-13T16:56:17.005672	98
2025-07-13T16:56:20.105471	98
2025-07-13T16:56:23.240064	98
2025-07-13T16:57:16.374680	98
2025-07-13T16:57:16.399973	98
2025-07-13T16:57:19.536812	98
2025-07-13T16:57:22.650017	98
2025-07-13T16:57:25.808169	98
2025-07-13T16:58:18.953733	97
2025-07-13T16:58:18.978080	97
2025-07-13T16:58:22.064105	97
2025-07-13T16:58:25.173367	97
2025-07-13T16:58:28.373317	97
2025-07-13T16:59:21.644797	97
2025-07-13T16:59:21.666021	97
2025-07-13T16:59:24.763968	97
2025-07-13T16:59:27.852029	97
2025-07-13T16:59:31.044352	97
2025-07-13T17:00:24.496638	97
2025-07-13T17:00:24.618656	97
2025-07-13T17:00:27.713228	97
2025-07-13T17:00:30.807941	97
2025-07-13T17:00:33.915521	97
2025-07-13T17:01:27.062095	97
2025-07-13T17:01:27.084802	97
2025-07-13T17:01:30.191761	97
2025-07-13T17:01:33.289072	97
2025-07-13T17:01:36.384776	97
2025-07-13T17:02:29.630194	97
2025-07-13T17:02:29.763871	97
2025-07-13T17:02:32.860098	97
2025-07-13T17:02:35.982957	97
2025-07-13T17:02:39.061841	97
2025-07-13T17:03:32.194398	97
2025-07-13T17:03:32.216400	97
2025-07-13T17:03:35.315656	97
2025-07-13T17:03:38.419009	97
2025-07-13T17:03:41.523515	97
2025-07-13T17:04:34.660566	97
2025-07-13T17:04:34.827044	97
2025-07-13T17:04:37.923358	97
2025-07-13T17:04:41.011025	97
2025-07-13T17:04:44.167107	97
2025-07-13T17:05:37.330394	97
2025-07-13T17:05:37.541567	97
2025-07-13T17:05:40.629649	97
2025-07-13T17:05:43.723125	97
2025-07-13T17:05:46.829074	97
2025-07-13T17:06:39.996987	97
2025-07-13T17:06:40.188676	97
2025-07-13T17:06:43.287712	97
2025-07-13T17:06:46.352291	97
2025-07-13T17:06:49.521723	97
2025-07-13T17:07:42.769395	97
2025-07-13T17:07:42.789048	97
2025-07-13T17:07:45.882362	97
2025-07-13T17:07:48.982059	97
2025-07-13T17:07:52.071797	97
2025-07-13T17:08:45.185239	97
2025-07-13T17:08:45.205908	97
2025-07-13T17:08:48.303541	97
2025-07-13T17:08:51.398162	97
2025-07-13T17:08:54.551910	97
2025-07-13T17:09:47.697203	97
2025-07-13T17:09:47.719779	97
2025-07-13T17:09:50.811284	97
2025-07-13T17:09:53.905796	97
2025-07-13T17:09:57.003266	97
2025-07-13T17:10:50.121314	97
2025-07-13T17:10:50.145752	97
2025-07-13T17:10:53.242656	97
2025-07-13T17:10:56.344761	97
2025-07-13T17:10:59.480542	97
2025-07-13T17:11:52.747985	96
2025-07-13T17:11:52.889928	96
2025-07-13T17:11:55.983892	96
2025-07-13T17:11:59.076542	96
2025-07-13T17:12:02.163198	96
2025-07-13T17:12:55.397515	96
2025-07-13T17:12:55.558505	96
2025-07-13T17:12:58.646259	96
2025-07-13T17:13:01.742035	96
2025-07-13T17:13:04.899701	96
2025-07-13T17:13:58.272473	96
2025-07-13T17:13:58.538241	96
2025-07-13T17:14:01.610195	96
2025-07-13T17:14:04.711820	96
2025-07-13T17:14:07.809955	96
2025-07-13T17:15:01.043882	96
2025-07-13T17:15:01.267184	96
2025-07-13T17:15:04.350107	96
2025-07-13T17:15:07.440630	96
2025-07-13T17:15:10.547182	96
2025-07-13T17:16:03.669309	96
2025-07-13T17:16:03.696714	96
2025-07-13T17:16:06.778170	96
2025-07-13T17:16:09.867062	96
2025-07-13T17:16:12.983189	96
2025-07-13T17:17:06.176304	96
2025-07-13T17:17:06.347419	96
2025-07-13T17:17:09.426109	96
2025-07-13T17:17:12.535282	96
2025-07-13T17:17:15.637815	96
2025-07-13T17:18:08.847051	96
2025-07-13T17:18:09.017170	96
2025-07-13T17:18:12.104768	96
2025-07-13T17:18:15.183539	96
2025-07-13T17:18:18.369612	96
2025-07-13T17:19:11.720215	96
2025-07-13T17:19:11.740481	96
2025-07-13T17:19:14.821261	96
2025-07-13T17:19:17.901729	96
2025-07-13T17:19:21.025756	96
2025-07-13T17:20:14.183681	96
2025-07-13T17:20:14.206332	96
2025-07-13T17:20:17.302731	96
2025-07-13T17:20:20.387980	96
2025-07-13T17:20:23.472856	96
