timestamp	session_id	watch_id	anchor	board_mac	serial_port	watch_mac	distance_cm	rssi_dbm
2026-04-23T13:50:18.202171	sess_28cbccc9	watch_01	00:01	00:01	COM6	34:81	283.0	-110.5
2026-04-23T13:50:18.202171	sess_28cbccc9	watch_01	00:01	00:01	COM6	34:81	320.0	-101.0
2026-04-23T13:50:18.202171	sess_28cbccc9	watch_01	00:01	00:01	COM6	34:81	259.0	-101.0
2026-04-23T13:50:18.202171	sess_28cbccc9	watch_01	00:01	00:01	COM6	34:81	246.0	-92.0
2026-04-23T13:50:18.202171	sess_28cbccc9	watch_01	00:01	00:01	COM6	34:81	229.0	-88.5
2026-04-23T13:50:18.202171	sess_28cbccc9	watch_01	00:01	00:01	COM6	34:81	211.0	-89.0
2026-04-23T13:50:18.202171	sess_28cbccc9	watch_01	00:01	00:01	COM6	34:81	239.0	-85.5
2026-04-23T13:50:18.202171	sess_28cbccc9	watch_01	00:01	00:01	COM6	34:81	226.0	-84.0
2026-04-23T13:50:18.202171	sess_28cbccc9	watch_01	00:01	00:01	COM6	34:81	216.0	-83.0
2026-04-23T13:50:18.202171	sess_28cbccc9	watch_01	00:01	00:01	COM6	34:81	222.0	-79.5
2026-04-23T13:50:18.202171	sess_28cbccc9	watch_01	00:01	00:01	COM6	34:81	197.0	-82.0
2026-04-23T13:50:18.202171	sess_28cbccc9	watch_01	00:01	00:01	COM6	34:81	204.0	-84.5
2026-04-23T13:50:18.202171	sess_28cbccc9	watch_01	00:01	00:01	COM6	34:81	203.0	-84.5
2026-04-23T13:50:18.202171	sess_28cbccc9	watch_01	00:01	00:01	COM6	34:81	229.0	-90.0
2026-04-23T13:50:18.202171	sess_28cbccc9	watch_01	00:01	00:01	COM6	34:81	205.0	-88.5
2026-04-23T13:50:18.202171	sess_28cbccc9	watch_01	00:01	00:01	COM6	34:81	206.0	-86.0
2026-04-23T13:50:18.202171	sess_28cbccc9	watch_01	00:01	00:01	COM6	34:81	212.0	-90.5
2026-04-23T13:50:18.202171	sess_28cbccc9	watch_01	00:01	00:01	COM6	34:81	225.0	-91.5
2026-04-23T13:50:18.202171	sess_28cbccc9	watch_01	00:01	00:01	COM6	34:81	213.0	-110.5
2026-04-23T13:50:18.202171	sess_28cbccc9	watch_01	00:01	00:01	COM6	34:81	622.0	-101.0
2026-04-23T13:50:18.202171	sess_28cbccc9	watch_01	00:01	00:01	COM6	34:81	497.0	-110.5
2026-04-23T13:50:18.202171	sess_28cbccc9	watch_01	00:01	00:01	COM6	34:81	380.0	-110.5
2026-04-23T13:50:18.202171	sess_28cbccc9	watch_01	00:01	00:01	COM6	34:81	382.0	-101.5
2026-04-23T13:50:18.202171	sess_28cbccc9	watch_01	00:01	00:01	COM6	34:81	360.0	-101.5
2026-04-23T13:50:28.860397	sess_ee3834b7	watch_01	00:02	00:02	COM9	E4:40	330.0	-87.0
2026-04-23T13:50:28.860397	sess_ee3834b7	watch_01	00:02	00:02	COM9	E4:40	298.0	-90.5
2026-04-23T13:50:28.860397	sess_ee3834b7	watch_01	00:02	00:02	COM9	E4:40	313.0	-87.0
2026-04-23T13:50:28.860397	sess_ee3834b7	watch_01	00:02	00:02	COM9	E4:40	321.0	-90.5
2026-04-23T13:50:28.860397	sess_ee3834b7	watch_01	00:02	00:02	COM9	E4:40	337.0	-90.5
2026-04-23T13:50:28.860397	sess_ee3834b7	watch_01	00:02	00:02	COM9	E4:40	312.0	-88.0
2026-04-23T13:50:28.860397	sess_ee3834b7	watch_01	00:02	00:02	COM9	E4:40	300.0	-91.5
2026-04-23T13:50:28.860397	sess_ee3834b7	watch_01	00:02	00:02	COM9	E4:40	313.0	-91.5
2026-04-23T13:50:28.860397	sess_ee3834b7	watch_01	00:02	00:02	COM9	E4:40	285.0	-90.0
2026-04-23T13:50:28.860397	sess_ee3834b7	watch_01	00:02	00:02	COM9	E4:40	291.0	-90.5
2026-04-23T13:50:28.860397	sess_ee3834b7	watch_01	00:02	00:02	COM9	E4:40	309.0	-90.5
2026-04-23T13:50:28.860397	sess_ee3834b7	watch_01	00:02	00:02	COM9	E4:40	257.0	-88.5
2026-04-23T13:50:28.860397	sess_ee3834b7	watch_01	00:02	00:02	COM9	E4:40	281.0	-87.0
2026-04-23T13:50:28.860397	sess_ee3834b7	watch_01	00:02	00:02	COM9	E4:40	260.0	-87.5
2026-04-23T13:50:28.860397	sess_ee3834b7	watch_01	00:02	00:02	COM9	E4:40	252.0	-88.5
2026-04-23T13:50:28.860397	sess_ee3834b7	watch_01	00:02	00:02	COM9	E4:40	294.0	-101.0
2026-04-23T13:50:28.860397	sess_ee3834b7	watch_01	00:02	00:02	COM9	E4:40	313.0	-90.5
2026-04-23T13:50:28.860397	sess_ee3834b7	watch_01	00:02	00:02	COM9	E4:40	267.0	-101.0
2026-04-23T13:50:28.860397	sess_ee3834b7	watch_01	00:02	00:02	COM9	E4:40	320.0	-90.5
2026-04-23T13:50:28.860397	sess_ee3834b7	watch_01	00:02	00:02	COM9	E4:40	318.0	-88.5
2026-04-23T13:50:28.860397	sess_ee3834b7	watch_01	00:02	00:02	COM9	E4:40	334.0	-90.0
2026-04-23T13:50:28.860397	sess_ee3834b7	watch_01	00:02	00:02	COM9	E4:40	233.0	-89.0
2026-04-23T13:50:28.860397	sess_ee3834b7	watch_01	00:02	00:02	COM9	E4:40	251.0	-88.5
2026-04-23T13:50:28.860397	sess_ee3834b7	watch_01	00:02	00:02	COM9	E4:40	281.0	-90.0
2026-04-23T13:50:28.860397	sess_ee3834b7	watch_01	00:02	00:02	COM9	E4:40	243.0	-90.5
2026-04-23T13:50:28.860397	sess_ee3834b7	watch_01	00:02	00:02	COM9	E4:40	249.0	-88.5
2026-04-23T13:50:28.860397	sess_ee3834b7	watch_01	00:02	00:02	COM9	E4:40	265.0	-87.0
2026-04-23T13:50:28.860397	sess_ee3834b7	watch_01	00:02	00:02	COM9	E4:40	281.0	-85.5
2026-04-23T13:50:28.860397	sess_ee3834b7	watch_01	00:02	00:02	COM9	E4:40	281.0	-85.0
2026-04-23T13:50:28.860397	sess_ee3834b7	watch_01	00:02	00:02	COM9	E4:40	287.0	-84.5
2026-04-23T13:50:28.860397	sess_ee3834b7	watch_01	00:02	00:02	COM9	E4:40	358.0	-90.5
2026-04-23T13:50:28.860397	sess_ee3834b7	watch_01	00:02	00:02	COM9	E4:40	329.0	-87.0
2026-04-23T13:50:28.860397	sess_ee3834b7	watch_01	00:02	00:02	COM9	E4:40	310.0	-88.5
2026-04-23T13:50:28.860397	sess_ee3834b7	watch_01	00:02	00:02	COM9	E4:40	332.0	-101.0
2026-04-23T13:50:28.860397	sess_ee3834b7	watch_01	00:02	00:02	COM9	E4:40	337.0	-92.0
2026-04-23T13:50:28.860397	sess_ee3834b7	watch_01	00:02	00:02	COM9	E4:40	355.0	-92.0
2026-04-23T13:50:28.860397	sess_ee3834b7	watch_01	00:02	00:02	COM9	E4:40	359.0	-101.0
2026-04-23T13:50:28.860397	sess_ee3834b7	watch_01	00:02	00:02	COM9	E4:40	360.0	-101.5
2026-04-23T13:50:28.860397	sess_ee3834b7	watch_01	00:02	00:02	COM9	E4:40	363.0	-110.5
2026-04-23T13:50:28.860397	sess_ee3834b7	watch_01	00:02	00:02	COM9	E4:40	565.0	-110.5
2026-04-23T13:50:28.860397	sess_ee3834b7	watch_01	00:02	00:02	COM9	E4:40	548.0	-110.5
2026-04-23T13:50:28.860397	sess_ee3834b7	watch_01	00:02	00:02	COM9	E4:40	560.0	-110.5
2026-04-23T13:50:28.860397	sess_ee3834b7	watch_01	00:02	00:02	COM9	E4:40	549.0	-101.5
2026-04-23T13:50:28.860397	sess_ee3834b7	watch_01	00:02	00:02	COM9	E4:40	553.0	-101.0
2026-04-23T13:50:28.860397	sess_ee3834b7	watch_01	00:02	00:02	COM9	E4:40	560.0	-92.0
2026-04-23T13:50:28.860397	sess_ee3834b7	watch_01	00:02	00:02	COM9	E4:40	559.0	-101.5
2026-04-23T13:50:28.860397	sess_ee3834b7	watch_01	00:02	00:02	COM9	E4:40	551.0	-92.0
2026-04-23T13:50:28.860397	sess_ee3834b7	watch_01	00:02	00:02	COM9	E4:40	561.0	-92.0
2026-04-23T13:50:28.860397	sess_ee3834b7	watch_01	00:02	00:02	COM9	E4:40	572.0	-92.0
2026-04-23T13:50:28.860397	sess_ee3834b7	watch_01	00:02	00:02	COM9	E4:40	612.0	-91.5
2026-04-23T13:50:28.860397	sess_ee3834b7	watch_01	00:02	00:02	COM9	E4:40	623.0	-101.5
2026-04-23T13:50:28.860397	sess_ee3834b7	watch_01	00:02	00:02	COM9	E4:40	578.0	-92.0
2026-04-23T13:50:28.860397	sess_ee3834b7	watch_01	00:02	00:02	COM9	E4:40	602.0	-119.0
2026-04-23T13:50:39.446084	sess_34131e51	watch_01	00:03	00:03	COM10	C7:85	607.0	-110.5
2026-04-23T13:50:39.450158	sess_34131e51	watch_01	00:03	00:03	COM10	C7:85	616.0	-119.0
2026-04-23T13:50:39.450158	sess_34131e51	watch_01	00:03	00:03	COM10	C7:85	598.0	-92.0
2026-04-23T13:50:39.450158	sess_34131e51	watch_01	00:03	00:03	COM10	C7:85	594.0	-92.0
2026-04-23T13:50:39.450158	sess_34131e51	watch_01	00:03	00:03	COM10	C7:85	580.0	-90.5
2026-04-23T13:50:39.450158	sess_34131e51	watch_01	00:03	00:03	COM10	C7:85	573.0	-91.5
2026-04-23T13:50:39.450158	sess_34131e51	watch_01	00:03	00:03	COM10	C7:85	573.0	-90.5
2026-04-23T13:50:39.450158	sess_34131e51	watch_01	00:03	00:03	COM10	C7:85	567.0	-90.0
2026-04-23T13:50:39.450158	sess_34131e51	watch_01	00:03	00:03	COM10	C7:85	562.0	-92.0
2026-04-23T13:50:39.450158	sess_34131e51	watch_01	00:03	00:03	COM10	C7:85	554.0	-90.5
2026-04-23T13:50:39.450158	sess_34131e51	watch_01	00:03	00:03	COM10	C7:85	554.0	-88.5
2026-04-23T13:50:39.450158	sess_34131e51	watch_01	00:03	00:03	COM10	C7:85	549.0	-87.0
2026-04-23T13:50:39.450158	sess_34131e51	watch_01	00:03	00:03	COM10	C7:85	537.0	-88.0
2026-04-23T13:50:39.450158	sess_34131e51	watch_01	00:03	00:03	COM10	C7:85	527.0	-88.0
2026-04-23T13:50:39.450158	sess_34131e51	watch_01	00:03	00:03	COM10	C7:85	525.0	-88.5
2026-04-23T13:50:39.450158	sess_34131e51	watch_01	00:03	00:03	COM10	C7:85	503.0	-90.5
2026-04-23T13:50:39.450158	sess_34131e51	watch_01	00:03	00:03	COM10	C7:85	486.0	-101.5
2026-04-23T13:50:39.450158	sess_34131e51	watch_01	00:03	00:03	COM10	C7:85	466.0	-92.0
2026-04-23T13:50:39.450158	sess_34131e51	watch_01	00:03	00:03	COM10	C7:85	484.0	-90.5
2026-04-23T13:50:39.450158	sess_34131e51	watch_01	00:03	00:03	COM10	C7:85	471.0	-92.0
2026-04-23T13:50:39.450158	sess_34131e51	watch_01	00:03	00:03	COM10	C7:85	460.0	-92.0
2026-04-23T13:50:39.450158	sess_34131e51	watch_01	00:03	00:03	COM10	C7:85	466.0	-92.0
2026-04-23T13:50:39.450158	sess_34131e51	watch_01	00:03	00:03	COM10	C7:85	461.0	-90.5
2026-04-23T13:50:39.450158	sess_34131e51	watch_01	00:03	00:03	COM10	C7:85	461.0	-89.5
2026-04-23T13:50:39.450158	sess_34131e51	watch_01	00:03	00:03	COM10	C7:85	434.0	-90.0
2026-04-23T13:50:39.450158	sess_34131e51	watch_01	00:03	00:03	COM10	C7:85	420.0	-90.5
2026-04-23T13:50:39.450158	sess_34131e51	watch_01	00:03	00:03	COM10	C7:85	397.0	-90.5
2026-04-23T13:50:39.450158	sess_34131e51	watch_01	00:03	00:03	COM10	C7:85	382.0	-90.5
2026-04-23T13:50:39.450158	sess_34131e51	watch_01	00:03	00:03	COM10	C7:85	370.0	-87.0
2026-04-23T13:50:39.450158	sess_34131e51	watch_01	00:03	00:03	COM10	C7:85	372.0	-86.0
2026-04-23T13:50:39.450158	sess_34131e51	watch_01	00:03	00:03	COM10	C7:85	366.0	-87.0
2026-04-23T13:50:39.450158	sess_34131e51	watch_01	00:03	00:03	COM10	C7:85	360.0	-87.0
2026-04-23T13:50:39.450158	sess_34131e51	watch_01	00:03	00:03	COM10	C7:85	347.0	-87.5
2026-04-23T13:50:39.450158	sess_34131e51	watch_01	00:03	00:03	COM10	C7:85	333.0	-90.5
2026-04-23T13:50:39.450158	sess_34131e51	watch_01	00:03	00:03	COM10	C7:85	315.0	-88.5
2026-04-23T13:50:39.450158	sess_34131e51	watch_01	00:03	00:03	COM10	C7:85	426.0	-88.5
2026-04-23T13:50:39.450158	sess_34131e51	watch_01	00:03	00:03	COM10	C7:85	416.0	-90.0
2026-04-23T13:50:39.450158	sess_34131e51	watch_01	00:03	00:03	COM10	C7:85	304.0	-86.5
2026-04-23T13:50:39.450158	sess_34131e51	watch_01	00:03	00:03	COM10	C7:85	300.0	-90.0
2026-04-23T13:50:39.450158	sess_34131e51	watch_01	00:03	00:03	COM10	C7:85	293.0	-90.0
2026-04-23T13:50:39.450158	sess_34131e51	watch_01	00:03	00:03	COM10	C7:85	294.0	-88.5
2026-04-23T13:50:39.450158	sess_34131e51	watch_01	00:03	00:03	COM10	C7:85	292.0	-86.0
2026-04-23T13:50:39.450158	sess_34131e51	watch_01	00:03	00:03	COM10	C7:85	289.0	-87.0
2026-04-23T13:50:39.450158	sess_34131e51	watch_01	00:03	00:03	COM10	C7:85	292.0	-86.5
2026-04-23T13:50:39.450158	sess_34131e51	watch_01	00:03	00:03	COM10	C7:85	298.0	-92.0
2026-04-23T13:50:39.450158	sess_34131e51	watch_01	00:03	00:03	COM10	C7:85	264.0	-101.0
2026-04-23T13:50:39.450158	sess_34131e51	watch_01	00:03	00:03	COM10	C7:85	275.0	-90.0
2026-04-23T13:50:39.450158	sess_34131e51	watch_01	00:03	00:03	COM10	C7:85	321.0	-101.0
2026-04-23T13:50:39.450158	sess_34131e51	watch_01	00:03	00:03	COM10	C7:85	263.0	-89.5
2026-04-23T13:50:39.450158	sess_34131e51	watch_01	00:03	00:03	COM10	C7:85	240.0	-101.5
2026-04-23T13:50:39.450158	sess_34131e51	watch_01	00:03	00:03	COM10	C7:85	249.0	-92.0
2026-04-23T13:50:39.450158	sess_34131e51	watch_01	00:03	00:03	COM10	C7:85	243.0	-119.0
2026-04-23T13:50:39.450158	sess_34131e51	watch_01	00:03	00:03	COM10	C7:85	255.0	-110.5
2026-04-23T13:50:39.450158	sess_34131e51	watch_01	00:03	00:03	COM10	C7:85	229.0	-91.5
2026-04-23T13:50:39.450158	sess_34131e51	watch_01	00:03	00:03	COM10	C7:85	251.0	-110.5
2026-04-23T13:50:39.450158	sess_34131e51	watch_01	00:03	00:03	COM10	C7:85	225.0	-92.0
2026-04-23T13:50:39.450158	sess_34131e51	watch_01	00:03	00:03	COM10	C7:85	217.0	-92.0
2026-04-23T13:50:39.450158	sess_34131e51	watch_01	00:03	00:03	COM10	C7:85	252.0	-90.5
2026-04-23T13:50:39.450158	sess_34131e51	watch_01	00:03	00:03	COM10	C7:85	289.0	-90.5
2026-04-23T13:50:39.450158	sess_34131e51	watch_01	00:03	00:03	COM10	C7:85	382.0	-91.5
2026-04-23T13:50:39.450158	sess_34131e51	watch_01	00:03	00:03	COM10	C7:85	402.0	-101.5
2026-04-23T13:50:39.450158	sess_34131e51	watch_01	00:03	00:03	COM10	C7:85	445.0	-110.5
2026-04-23T13:50:39.450158	sess_34131e51	watch_01	00:03	00:03	COM10	C7:85	469.0	-101.0
2026-04-23T13:50:39.450158	sess_34131e51	watch_01	00:03	00:03	COM10	C7:85	399.0	-110.5
2026-04-23T13:50:39.450158	sess_34131e51	watch_01	00:03	00:03	COM10	C7:85	406.0	-110.5
2026-04-23T13:50:39.450158	sess_34131e51	watch_01	00:03	00:03	COM10	C7:85	353.0	-92.0
2026-04-23T13:50:39.450158	sess_34131e51	watch_01	00:03	00:03	COM10	C7:85	364.0	-92.0
2026-04-23T13:50:39.450158	sess_34131e51	watch_01	00:03	00:03	COM10	C7:85	390.0	-92.0
2026-04-23T13:50:39.450158	sess_34131e51	watch_01	00:03	00:03	COM10	C7:85	365.0	-88.5
2026-04-23T13:50:39.450158	sess_34131e51	watch_01	00:03	00:03	COM10	C7:85	402.0	-89.0
2026-04-23T13:50:39.450158	sess_34131e51	watch_01	00:03	00:03	COM10	C7:85	378.0	-86.5
2026-04-23T13:50:39.450158	sess_34131e51	watch_01	00:03	00:03	COM10	C7:85	362.0	-92.0
2026-04-23T13:50:39.450158	sess_34131e51	watch_01	00:03	00:03	COM10	C7:85	364.0	-88.0
2026-04-23T13:50:39.450158	sess_34131e51	watch_01	00:03	00:03	COM10	C7:85	379.0	-89.5
2026-04-23T13:50:39.450158	sess_34131e51	watch_01	00:03	00:03	COM10	C7:85	352.0	-90.0
2026-04-23T13:50:39.450158	sess_34131e51	watch_01	00:03	00:03	COM10	C7:85	378.0	-101.5
2026-04-23T13:51:28.181457	sess_a52a667e	watch_01	00:03	00:03	COM10	09:03	471.0	-92.0
2026-04-23T13:51:28.181457	sess_a52a667e	watch_01	00:03	00:03	COM10	09:03	457.0	-110.5
2026-04-23T13:51:28.181457	sess_a52a667e	watch_01	00:03	00:03	COM10	09:03	455.0	-110.5
2026-04-23T13:51:28.181457	sess_a52a667e	watch_01	00:03	00:03	COM10	09:03	463.0	-90.0
2026-04-23T13:51:28.181457	sess_a52a667e	watch_01	00:03	00:03	COM10	09:03	443.0	-90.5
2026-04-23T13:51:28.181457	sess_a52a667e	watch_01	00:03	00:03	COM10	09:03	383.0	-92.0
2026-04-23T13:51:28.181457	sess_a52a667e	watch_01	00:03	00:03	COM10	09:03	390.0	-91.5
2026-04-23T13:51:28.181457	sess_a52a667e	watch_01	00:03	00:03	COM10	09:03	378.0	-101.5
2026-04-23T13:51:28.181457	sess_a52a667e	watch_01	00:03	00:03	COM10	09:03	397.0	-110.5
2026-04-23T13:51:28.181457	sess_a52a667e	watch_01	00:03	00:03	COM10	09:03	395.0	-110.5
2026-04-23T13:51:28.181457	sess_a52a667e	watch_01	00:03	00:03	COM10	09:03	407.0	-92.0
2026-04-23T13:51:28.181457	sess_a52a667e	watch_01	00:03	00:03	COM10	09:03	411.0	-110.5
2026-04-23T13:51:28.181457	sess_a52a667e	watch_01	00:03	00:03	COM10	09:03	432.0	-91.5
2026-04-23T13:51:28.181457	sess_a52a667e	watch_01	00:03	00:03	COM10	09:03	446.0	-90.5
2026-04-23T13:51:28.181457	sess_a52a667e	watch_01	00:03	00:03	COM10	09:03	427.0	-92.0
2026-04-23T13:51:28.181457	sess_a52a667e	watch_01	00:03	00:03	COM10	09:03	409.0	-92.0
2026-04-23T13:51:28.181457	sess_a52a667e	watch_01	00:03	00:03	COM10	09:03	508.0	-101.5
2026-04-23T13:51:28.181457	sess_a52a667e	watch_01	00:03	00:03	COM10	09:03	508.0	-92.0
2026-04-23T13:51:28.181457	sess_a52a667e	watch_01	00:03	00:03	COM10	09:03	411.0	-110.5
2026-04-23T13:51:28.181457	sess_a52a667e	watch_01	00:03	00:03	COM10	09:03	424.0	-110.5
2026-04-23T13:51:28.181457	sess_a52a667e	watch_01	00:03	00:03	COM10	09:03	478.0	-92.0
2026-04-23T13:51:28.181457	sess_a52a667e	watch_01	00:03	00:03	COM10	09:03	412.0	-101.5
2026-04-23T13:51:28.181457	sess_a52a667e	watch_01	00:03	00:03	COM10	09:03	427.0	-110.5
2026-04-23T13:51:28.181457	sess_a52a667e	watch_01	00:03	00:03	COM10	09:03	448.0	-92.0
2026-04-23T13:51:28.181457	sess_a52a667e	watch_01	00:03	00:03	COM10	09:03	398.0	-92.0
2026-04-23T13:51:28.181457	sess_a52a667e	watch_01	00:03	00:03	COM10	09:03	393.0	-92.0
2026-04-23T13:51:28.181457	sess_a52a667e	watch_01	00:03	00:03	COM10	09:03	534.0	-101.5
2026-04-23T13:51:28.181457	sess_a52a667e	watch_01	00:03	00:03	COM10	09:03	475.0	-110.5
2026-04-23T13:51:28.181457	sess_a52a667e	watch_01	00:03	00:03	COM10	09:03	368.0	-88.5
2026-04-23T13:51:28.181457	sess_a52a667e	watch_01	00:03	00:03	COM10	09:03	376.0	-90.5
2026-04-23T13:51:28.181457	sess_a52a667e	watch_01	00:03	00:03	COM10	09:03	371.0	-101.5
2026-04-23T13:51:28.181457	sess_a52a667e	watch_01	00:03	00:03	COM10	09:03	360.0	-88.5
2026-04-23T13:51:28.181457	sess_a52a667e	watch_01	00:03	00:03	COM10	09:03	345.0	-88.5
2026-04-23T13:51:28.181457	sess_a52a667e	watch_01	00:03	00:03	COM10	09:03	341.0	-88.5
2026-04-23T13:51:28.181457	sess_a52a667e	watch_01	00:03	00:03	COM10	09:03	346.0	-87.0
2026-04-23T13:51:28.181457	sess_a52a667e	watch_01	00:03	00:03	COM10	09:03	378.0	-101.5
2026-04-23T13:51:28.181457	sess_a52a667e	watch_01	00:03	00:03	COM10	09:03	393.0	-92.0
2026-04-23T13:51:28.181457	sess_a52a667e	watch_01	00:03	00:03	COM10	09:03	351.0	-101.0
2026-04-23T13:51:28.181457	sess_a52a667e	watch_01	00:03	00:03	COM10	09:03	391.0	-101.0
2026-04-23T13:51:28.181457	sess_a52a667e	watch_01	00:03	00:03	COM10	09:03	554.0	-90.5
2026-04-23T13:51:28.181457	sess_a52a667e	watch_01	00:03	00:03	COM10	09:03	464.0	-101.0
2026-04-23T13:51:28.181457	sess_a52a667e	watch_01	00:03	00:03	COM10	09:03	429.0	-110.5
2026-04-23T13:51:28.181457	sess_a52a667e	watch_01	00:03	00:03	COM10	09:03	481.0	-90.5
2026-04-23T13:51:28.181457	sess_a52a667e	watch_01	00:03	00:03	COM10	09:03	483.0	-110.5
2026-04-23T13:51:28.181457	sess_a52a667e	watch_01	00:03	00:03	COM10	09:03	455.0	-92.0
2026-04-23T13:51:28.181457	sess_a52a667e	watch_01	00:03	00:03	COM10	09:03	453.0	-110.5
2026-04-23T13:51:28.181457	sess_a52a667e	watch_01	00:03	00:03	COM10	09:03	469.0	-91.5
2026-04-23T13:53:01.626613	sess_4a8c87f6	watch_01	00:01	00:01	COM6	49:DB	363.0	-119.0
2026-04-23T13:53:01.626613	sess_4a8c87f6	watch_01	00:01	00:01	COM6	49:DB	357.0	-101.5
2026-04-23T13:53:01.626613	sess_4a8c87f6	watch_01	00:01	00:01	COM6	49:DB	392.0	-110.5
2026-04-23T13:53:01.626613	sess_4a8c87f6	watch_01	00:01	00:01	COM6	49:DB	343.0	-92.0
2026-04-23T13:53:01.626613	sess_4a8c87f6	watch_01	00:01	00:01	COM6	49:DB	313.0	-101.0
2026-04-23T13:53:01.626613	sess_4a8c87f6	watch_01	00:01	00:01	COM6	49:DB	274.0	-110.5
2026-04-23T13:53:01.626613	sess_4a8c87f6	watch_01	00:01	00:01	COM6	49:DB	271.0	-101.0
2026-04-23T13:53:01.626613	sess_4a8c87f6	watch_01	00:01	00:01	COM6	49:DB	262.0	-101.5
2026-04-23T13:53:01.626613	sess_4a8c87f6	watch_01	00:01	00:01	COM6	49:DB	258.0	-110.5
2026-04-23T13:53:01.626613	sess_4a8c87f6	watch_01	00:01	00:01	COM6	49:DB	299.0	-110.5
2026-04-23T13:53:01.626613	sess_4a8c87f6	watch_01	00:01	00:01	COM6	49:DB	312.0	-90.5
2026-04-23T13:53:01.626613	sess_4a8c87f6	watch_01	00:01	00:01	COM6	49:DB	338.0	-92.0
2026-04-23T13:53:01.626613	sess_4a8c87f6	watch_01	00:01	00:01	COM6	49:DB	300.0	-92.0
2026-04-23T13:53:12.405759	sess_dabc5f3a	watch_01	00:02	00:02	COM9	18:98	603.0	-119.0
2026-04-23T13:53:12.405759	sess_dabc5f3a	watch_01	00:02	00:02	COM9	18:98	611.0	-110.5
2026-04-23T16:02:59.091648	sess_e79401b1	watch_01	00:01	00:01	COM6	17:43	57.0	-75.0
2026-04-23T16:02:59.091648	sess_e79401b1	watch_01	00:01	00:01	COM6	17:43	56.0	-76.5
2026-04-23T16:02:59.091648	sess_e79401b1	watch_01	00:01	00:01	COM6	17:43	55.0	-77.0
2026-04-23T16:02:59.091648	sess_e79401b1	watch_01	00:01	00:01	COM6	17:43	56.0	-75.5
2026-04-23T16:02:59.091648	sess_e79401b1	watch_01	00:01	00:01	COM6	17:43	56.0	-76.5
2026-04-23T16:02:59.091648	sess_e79401b1	watch_01	00:01	00:01	COM6	17:43	55.0	-75.5
2026-04-23T16:02:59.091648	sess_e79401b1	watch_01	00:01	00:01	COM6	17:43	56.0	-76.5
2026-04-23T16:02:59.091648	sess_e79401b1	watch_01	00:01	00:01	COM6	17:43	56.0	-76.5
2026-04-23T16:02:59.091648	sess_e79401b1	watch_01	00:01	00:01	COM6	17:43	57.0	-76.0
2026-04-23T16:02:59.091648	sess_e79401b1	watch_01	00:01	00:01	COM6	17:43	58.0	-76.5
2026-04-23T16:02:59.091648	sess_e79401b1	watch_01	00:01	00:01	COM6	17:43	58.0	-76.5
2026-04-23T16:02:59.091648	sess_e79401b1	watch_01	00:01	00:01	COM6	17:43	59.0	-75.0
2026-04-23T16:02:59.091648	sess_e79401b1	watch_01	00:01	00:01	COM6	17:43	58.0	-76.5
2026-04-23T16:02:59.091648	sess_e79401b1	watch_01	00:01	00:01	COM6	17:43	55.0	-74.5
2026-04-23T16:02:59.091648	sess_e79401b1	watch_01	00:01	00:01	COM6	17:43	55.0	-76.5
2026-04-23T16:02:59.091648	sess_e79401b1	watch_01	00:01	00:01	COM6	17:43	55.0	-76.5
2026-04-23T16:02:59.091648	sess_e79401b1	watch_01	00:01	00:01	COM6	17:43	54.0	-76.5
2026-04-23T16:02:59.091648	sess_e79401b1	watch_01	00:01	00:01	COM6	17:43	56.0	-75.5
2026-04-23T16:02:59.091648	sess_e79401b1	watch_01	00:01	00:01	COM6	17:43	55.0	-75.0
2026-04-23T16:02:59.091648	sess_e79401b1	watch_01	00:01	00:01	COM6	17:43	57.0	-75.5
2026-04-23T16:02:59.091648	sess_e79401b1	watch_01	00:01	00:01	COM6	17:43	56.0	-75.0
2026-04-23T16:02:59.091648	sess_e79401b1	watch_01	00:01	00:01	COM6	17:43	56.0	-76.5
2026-04-23T16:02:59.091648	sess_e79401b1	watch_01	00:01	00:01	COM6	17:43	56.0	-75.5
2026-04-23T16:02:59.091648	sess_e79401b1	watch_01	00:01	00:01	COM6	17:43	57.0	-77.5
2026-04-23T16:02:59.091648	sess_e79401b1	watch_01	00:01	00:01	COM6	17:43	56.0	-76.5
2026-04-23T16:02:59.091648	sess_e79401b1	watch_01	00:01	00:01	COM6	17:43	57.0	-76.0
2026-04-23T16:02:59.091648	sess_e79401b1	watch_01	00:01	00:01	COM6	17:43	55.0	-75.5
2026-04-23T16:02:59.091648	sess_e79401b1	watch_01	00:01	00:01	COM6	17:43	54.0	-75.0
2026-04-23T16:02:59.091648	sess_e79401b1	watch_01	00:01	00:01	COM6	17:43	57.0	-77.5
2026-04-23T16:02:59.091648	sess_e79401b1	watch_01	00:01	00:01	COM6	17:43	55.0	-75.5
2026-04-23T16:02:59.091648	sess_e79401b1	watch_01	00:01	00:01	COM6	17:43	56.0	-75.5
2026-04-23T16:02:59.091648	sess_e79401b1	watch_01	00:01	00:01	COM6	17:43	55.0	-76.0
2026-04-23T16:02:59.091648	sess_e79401b1	watch_01	00:01	00:01	COM6	17:43	56.0	-75.5
2026-04-23T16:02:59.091648	sess_e79401b1	watch_01	00:01	00:01	COM6	17:43	55.0	-75.0
2026-04-23T16:02:59.091648	sess_e79401b1	watch_01	00:01	00:01	COM6	17:43	55.0	-75.5
2026-04-23T16:02:59.091648	sess_e79401b1	watch_01	00:01	00:01	COM6	17:43	56.0	-77.0
2026-04-23T16:02:59.091648	sess_e79401b1	watch_01	00:01	00:01	COM6	17:43	56.0	-75.5
2026-04-23T16:02:59.091648	sess_e79401b1	watch_01	00:01	00:01	COM6	17:43	56.0	-77.0
2026-04-23T16:02:59.091648	sess_e79401b1	watch_01	00:01	00:01	COM6	17:43	57.0	-76.0
2026-04-23T16:02:59.091648	sess_e79401b1	watch_01	00:01	00:01	COM6	17:43	56.0	-77.5
2026-04-23T16:02:59.091648	sess_e79401b1	watch_01	00:01	00:01	COM6	17:43	56.0	-75.5
2026-04-23T16:02:59.091648	sess_e79401b1	watch_01	00:01	00:01	COM6	17:43	55.0	-76.0
2026-04-23T16:02:59.091648	sess_e79401b1	watch_01	00:01	00:01	COM6	17:43	57.0	-77.5
2026-04-23T16:02:59.091648	sess_e79401b1	watch_01	00:01	00:01	COM6	17:43	56.0	-76.5
2026-04-23T16:02:59.091648	sess_e79401b1	watch_01	00:01	00:01	COM6	17:43	56.0	-73.5
2026-04-23T16:02:59.091648	sess_e79401b1	watch_01	00:01	00:01	COM6	17:43	57.0	-76.0
2026-04-23T16:02:59.091648	sess_e79401b1	watch_01	00:01	00:01	COM6	17:43	57.0	-78.0
2026-04-23T16:02:59.091648	sess_e79401b1	watch_01	00:01	00:01	COM6	17:43	54.0	-77.5
2026-04-23T16:02:59.091648	sess_e79401b1	watch_01	00:01	00:01	COM6	17:43	56.0	-76.5
2026-04-23T16:02:59.091648	sess_e79401b1	watch_01	00:01	00:01	COM6	17:43	57.0	-76.5
2026-04-23T16:02:59.091648	sess_e79401b1	watch_01	00:01	00:01	COM6	17:43	56.0	-76.0
2026-04-23T16:02:59.092649	sess_e79401b1	watch_01	00:01	00:01	COM6	17:43	57.0	-76.5
2026-04-23T16:02:59.092649	sess_e79401b1	watch_01	00:01	00:01	COM6	17:43	58.0	-75.5
2026-04-23T16:02:59.092649	sess_e79401b1	watch_01	00:01	00:01	COM6	17:43	55.0	-75.5
2026-04-23T16:02:59.092649	sess_e79401b1	watch_01	00:01	00:01	COM6	17:43	58.0	-75.5
2026-04-23T16:02:59.092649	sess_e79401b1	watch_01	00:01	00:01	COM6	17:43	56.0	-75.5
2026-04-23T16:02:59.092649	sess_e79401b1	watch_01	00:01	00:01	COM6	17:43	58.0	-75.0
2026-04-23T16:02:59.092649	sess_e79401b1	watch_01	00:01	00:01	COM6	17:43	56.0	-76.5
2026-04-23T16:02:59.092649	sess_e79401b1	watch_01	00:01	00:01	COM6	17:43	57.0	-75.5
2026-04-23T16:02:59.092649	sess_e79401b1	watch_01	00:01	00:01	COM6	17:43	55.0	-75.0
2026-04-23T16:02:59.092649	sess_e79401b1	watch_01	00:01	00:01	COM6	17:43	56.0	-76.5
2026-04-23T16:02:59.092649	sess_e79401b1	watch_01	00:01	00:01	COM6	17:43	57.0	-75.5
2026-04-23T16:02:59.092649	sess_e79401b1	watch_01	00:01	00:01	COM6	17:43	56.0	-75.0
2026-04-23T16:02:59.092649	sess_e79401b1	watch_01	00:01	00:01	COM6	17:43	55.0	-77.5
2026-04-23T16:02:59.092649	sess_e79401b1	watch_01	00:01	00:01	COM6	17:43	56.0	-76.0
2026-04-23T16:02:59.092649	sess_e79401b1	watch_01	00:01	00:01	COM6	17:43	56.0	-75.0
2026-04-23T16:02:59.092649	sess_e79401b1	watch_01	00:01	00:01	COM6	17:43	56.0	-74.0
2026-04-23T16:02:59.092649	sess_e79401b1	watch_01	00:01	00:01	COM6	17:43	58.0	-77.0
2026-04-23T16:02:59.092649	sess_e79401b1	watch_01	00:01	00:01	COM6	17:43	57.0	-76.5
2026-04-23T16:02:59.092649	sess_e79401b1	watch_01	00:01	00:01	COM6	17:43	56.0	-75.5
2026-04-23T16:02:59.092649	sess_e79401b1	watch_01	00:01	00:01	COM6	17:43	57.0	-76.5
2026-04-23T16:02:59.092649	sess_e79401b1	watch_01	00:01	00:01	COM6	17:43	57.0	-77.0
2026-04-23T16:02:59.092649	sess_e79401b1	watch_01	00:01	00:01	COM6	17:43	55.0	-76.5
2026-04-23T16:02:59.092649	sess_e79401b1	watch_01	00:01	00:01	COM6	17:43	56.0	-76.0
2026-04-23T16:02:59.092649	sess_e79401b1	watch_01	00:01	00:01	COM6	17:43	58.0	-76.0
2026-04-23T16:02:59.092649	sess_e79401b1	watch_01	00:01	00:01	COM6	17:43	58.0	-75.0
2026-04-23T16:02:59.092649	sess_e79401b1	watch_01	00:01	00:01	COM6	17:43	57.0	-76.0
2026-04-23T16:02:59.092649	sess_e79401b1	watch_01	00:01	00:01	COM6	17:43	56.0	-77.0
2026-04-23T16:02:59.092649	sess_e79401b1	watch_01	00:01	00:01	COM6	17:43	58.0	-76.0
2026-04-23T16:02:59.092649	sess_e79401b1	watch_01	00:01	00:01	COM6	17:43	58.0	-76.5
2026-04-23T16:03:09.714936	sess_765357fb	watch_01	00:02	00:02	COM9	F1:98	50.0	-77.5
2026-04-23T16:03:09.714936	sess_765357fb	watch_01	00:02	00:02	COM9	F1:98	49.0	-77.5
2026-04-23T16:03:09.714936	sess_765357fb	watch_01	00:02	00:02	COM9	F1:98	46.0	-77.5
2026-04-23T16:03:09.714936	sess_765357fb	watch_01	00:02	00:02	COM9	F1:98	47.0	-76.5
2026-04-23T16:03:09.714936	sess_765357fb	watch_01	00:02	00:02	COM9	F1:98	49.0	-78.5
2026-04-23T16:03:09.714936	sess_765357fb	watch_01	00:02	00:02	COM9	F1:98	47.0	-77.5
2026-04-23T16:03:09.714936	sess_765357fb	watch_01	00:02	00:02	COM9	F1:98	46.0	-76.5
2026-04-23T16:03:09.714936	sess_765357fb	watch_01	00:02	00:02	COM9	F1:98	47.0	-76.5
2026-04-23T16:03:09.714936	sess_765357fb	watch_01	00:02	00:02	COM9	F1:98	48.0	-77.5
2026-04-23T16:03:09.714936	sess_765357fb	watch_01	00:02	00:02	COM9	F1:98	48.0	-76.5
2026-04-23T16:03:09.714936	sess_765357fb	watch_01	00:02	00:02	COM9	F1:98	49.0	-76.5
2026-04-23T16:03:09.714936	sess_765357fb	watch_01	00:02	00:02	COM9	F1:98	47.0	-77.5
2026-04-23T16:03:09.714936	sess_765357fb	watch_01	00:02	00:02	COM9	F1:98	47.0	-77.5
2026-04-23T16:03:09.714936	sess_765357fb	watch_01	00:02	00:02	COM9	F1:98	46.0	-76.5
2026-04-23T16:03:09.714936	sess_765357fb	watch_01	00:02	00:02	COM9	F1:98	48.0	-76.5
2026-04-23T16:03:09.714936	sess_765357fb	watch_01	00:02	00:02	COM9	F1:98	47.0	-77.5
2026-04-23T16:03:09.714936	sess_765357fb	watch_01	00:02	00:02	COM9	F1:98	46.0	-76.5
2026-04-23T16:03:09.714936	sess_765357fb	watch_01	00:02	00:02	COM9	F1:98	47.0	-79.0
2026-04-23T16:03:09.714936	sess_765357fb	watch_01	00:02	00:02	COM9	F1:98	45.0	-76.5
2026-04-23T16:03:09.714936	sess_765357fb	watch_01	00:02	00:02	COM9	F1:98	46.0	-76.0
2026-04-23T16:03:09.714936	sess_765357fb	watch_01	00:02	00:02	COM9	F1:98	46.0	-76.5
2026-04-23T16:03:09.714936	sess_765357fb	watch_01	00:02	00:02	COM9	F1:98	47.0	-77.5
2026-04-23T16:03:09.714936	sess_765357fb	watch_01	00:02	00:02	COM9	F1:98	46.0	-77.5
2026-04-23T16:03:09.714936	sess_765357fb	watch_01	00:02	00:02	COM9	F1:98	47.0	-77.0
2026-04-23T16:03:09.714936	sess_765357fb	watch_01	00:02	00:02	COM9	F1:98	46.0	-77.5
2026-04-23T16:03:09.714936	sess_765357fb	watch_01	00:02	00:02	COM9	F1:98	46.0	-76.5
2026-04-23T16:03:09.714936	sess_765357fb	watch_01	00:02	00:02	COM9	F1:98	47.0	-79.0
2026-04-23T16:03:09.714936	sess_765357fb	watch_01	00:02	00:02	COM9	F1:98	49.0	-77.0
2026-04-23T16:03:09.714936	sess_765357fb	watch_01	00:02	00:02	COM9	F1:98	46.0	-77.5
2026-04-23T16:03:09.714936	sess_765357fb	watch_01	00:02	00:02	COM9	F1:98	47.0	-78.5
2026-04-23T16:03:09.714936	sess_765357fb	watch_01	00:02	00:02	COM9	F1:98	45.0	-77.0
2026-04-23T16:03:09.714936	sess_765357fb	watch_01	00:02	00:02	COM9	F1:98	46.0	-76.5
2026-04-23T16:03:09.714936	sess_765357fb	watch_01	00:02	00:02	COM9	F1:98	46.0	-77.5
2026-04-23T16:03:09.714936	sess_765357fb	watch_01	00:02	00:02	COM9	F1:98	45.0	-77.5
2026-04-23T16:03:09.714936	sess_765357fb	watch_01	00:02	00:02	COM9	F1:98	44.0	-77.0
2026-04-23T16:03:09.714936	sess_765357fb	watch_01	00:02	00:02	COM9	F1:98	46.0	-76.5
2026-04-23T16:03:09.714936	sess_765357fb	watch_01	00:02	00:02	COM9	F1:98	47.0	-77.5
2026-04-23T16:03:09.714936	sess_765357fb	watch_01	00:02	00:02	COM9	F1:98	49.0	-77.5
2026-04-23T16:03:09.714936	sess_765357fb	watch_01	00:02	00:02	COM9	F1:98	47.0	-76.5
2026-04-23T16:03:09.714936	sess_765357fb	watch_01	00:02	00:02	COM9	F1:98	48.0	-76.0
2026-04-23T16:03:09.714936	sess_765357fb	watch_01	00:02	00:02	COM9	F1:98	49.0	-78.5
2026-04-23T16:03:09.714936	sess_765357fb	watch_01	00:02	00:02	COM9	F1:98	48.0	-75.5
2026-04-23T16:03:09.714936	sess_765357fb	watch_01	00:02	00:02	COM9	F1:98	46.0	-78.5
2026-04-23T16:03:09.714936	sess_765357fb	watch_01	00:02	00:02	COM9	F1:98	47.0	-76.5
2026-04-23T16:03:09.714936	sess_765357fb	watch_01	00:02	00:02	COM9	F1:98	46.0	-76.5
2026-04-23T16:03:09.714936	sess_765357fb	watch_01	00:02	00:02	COM9	F1:98	46.0	-76.5
2026-04-23T16:03:09.714936	sess_765357fb	watch_01	00:02	00:02	COM9	F1:98	48.0	-78.5
2026-04-23T16:03:09.714936	sess_765357fb	watch_01	00:02	00:02	COM9	F1:98	46.0	-76.5
2026-04-23T16:03:09.714936	sess_765357fb	watch_01	00:02	00:02	COM9	F1:98	46.0	-76.5
2026-04-23T16:03:09.714936	sess_765357fb	watch_01	00:02	00:02	COM9	F1:98	48.0	-77.5
2026-04-23T16:03:09.714936	sess_765357fb	watch_01	00:02	00:02	COM9	F1:98	47.0	-76.5
2026-04-23T16:03:09.714936	sess_765357fb	watch_01	00:02	00:02	COM9	F1:98	49.0	-77.0
2026-04-23T16:03:09.714936	sess_765357fb	watch_01	00:02	00:02	COM9	F1:98	47.0	-76.5
2026-04-23T16:03:09.714936	sess_765357fb	watch_01	00:02	00:02	COM9	F1:98	46.0	-76.0
2026-04-23T16:03:09.714936	sess_765357fb	watch_01	00:02	00:02	COM9	F1:98	47.0	-78.5
2026-04-23T16:03:09.714936	sess_765357fb	watch_01	00:02	00:02	COM9	F1:98	49.0	-76.5
2026-04-23T16:03:09.714936	sess_765357fb	watch_01	00:02	00:02	COM9	F1:98	46.0	-76.5
2026-04-23T16:03:09.714936	sess_765357fb	watch_01	00:02	00:02	COM9	F1:98	47.0	-76.5
2026-04-23T16:03:09.714936	sess_765357fb	watch_01	00:02	00:02	COM9	F1:98	45.0	-73.5
2026-04-23T16:03:09.714936	sess_765357fb	watch_01	00:02	00:02	COM9	F1:98	50.0	-76.0
2026-04-23T16:03:09.714936	sess_765357fb	watch_01	00:02	00:02	COM9	F1:98	47.0	-77.5
2026-04-23T16:03:09.714936	sess_765357fb	watch_01	00:02	00:02	COM9	F1:98	47.0	-77.0
2026-04-23T16:03:09.714936	sess_765357fb	watch_01	00:02	00:02	COM9	F1:98	46.0	-76.0
2026-04-23T16:03:09.714936	sess_765357fb	watch_01	00:02	00:02	COM9	F1:98	50.0	-76.5
2026-04-23T16:03:09.714936	sess_765357fb	watch_01	00:02	00:02	COM9	F1:98	49.0	-77.5
2026-04-23T16:03:09.714936	sess_765357fb	watch_01	00:02	00:02	COM9	F1:98	50.0	-76.0
2026-04-23T16:03:09.714936	sess_765357fb	watch_01	00:02	00:02	COM9	F1:98	47.0	-78.0
2026-04-23T16:03:09.714936	sess_765357fb	watch_01	00:02	00:02	COM9	F1:98	47.0	-76.5
2026-04-23T16:03:09.714936	sess_765357fb	watch_01	00:02	00:02	COM9	F1:98	47.0	-76.5
2026-04-23T16:03:09.714936	sess_765357fb	watch_01	00:02	00:02	COM9	F1:98	46.0	-77.0
2026-04-23T16:03:09.714936	sess_765357fb	watch_01	00:02	00:02	COM9	F1:98	46.0	-78.0
2026-04-23T16:03:09.714936	sess_765357fb	watch_01	00:02	00:02	COM9	F1:98	42.0	-84.5
2026-04-23T16:03:09.714936	sess_765357fb	watch_01	00:02	00:02	COM9	F1:98	66.0	-83.0
2026-04-23T16:03:09.714936	sess_765357fb	watch_01	00:02	00:02	COM9	F1:98	59.0	-81.0
2026-04-23T16:03:09.714936	sess_765357fb	watch_01	00:02	00:02	COM9	F1:98	60.0	-82.0
2026-04-23T16:03:09.714936	sess_765357fb	watch_01	00:02	00:02	COM9	F1:98	56.0	-82.0
2026-04-23T16:03:09.714936	sess_765357fb	watch_01	00:02	00:02	COM9	F1:98	65.0	-84.0
2026-04-23T16:03:09.714936	sess_765357fb	watch_01	00:02	00:02	COM9	F1:98	88.0	-82.0
2026-04-23T16:03:09.714936	sess_765357fb	watch_01	00:02	00:02	COM9	F1:98	32.0	-82.5
2026-04-23T16:03:09.714936	sess_765357fb	watch_01	00:02	00:02	COM9	F1:98	56.0	-81.0
2026-04-23T16:03:41.278854	sess_89f8c053	watch_01	00:01	00:01	COM6	70:FD	55.0	-76.5
2026-04-23T16:03:41.278854	sess_89f8c053	watch_01	00:01	00:01	COM6	70:FD	57.0	-75.0
2026-04-23T16:03:41.278854	sess_89f8c053	watch_01	00:01	00:01	COM6	70:FD	57.0	-76.5
2026-04-23T16:03:41.278854	sess_89f8c053	watch_01	00:01	00:01	COM6	70:FD	55.0	-78.0
2026-04-23T16:03:41.278854	sess_89f8c053	watch_01	00:01	00:01	COM6	70:FD	55.0	-76.0
2026-04-23T16:03:41.278854	sess_89f8c053	watch_01	00:01	00:01	COM6	70:FD	54.0	-77.0
2026-04-23T16:03:41.278854	sess_89f8c053	watch_01	00:01	00:01	COM6	70:FD	56.0	-77.0
2026-04-23T16:03:41.278854	sess_89f8c053	watch_01	00:01	00:01	COM6	70:FD	56.0	-76.0
2026-04-23T16:03:41.278854	sess_89f8c053	watch_01	00:01	00:01	COM6	70:FD	54.0	-77.0
2026-04-23T16:03:41.278854	sess_89f8c053	watch_01	00:01	00:01	COM6	70:FD	54.0	-77.0
2026-04-23T16:03:41.278854	sess_89f8c053	watch_01	00:01	00:01	COM6	70:FD	54.0	-76.5
2026-04-23T16:03:41.278854	sess_89f8c053	watch_01	00:01	00:01	COM6	70:FD	56.0	-76.0
2026-04-23T16:03:41.278854	sess_89f8c053	watch_01	00:01	00:01	COM6	70:FD	54.0	-76.5
2026-04-23T16:03:41.278854	sess_89f8c053	watch_01	00:01	00:01	COM6	70:FD	54.0	-76.0
2026-04-23T16:03:41.278854	sess_89f8c053	watch_01	00:01	00:01	COM6	70:FD	54.0	-76.0
2026-04-23T16:03:41.278854	sess_89f8c053	watch_01	00:01	00:01	COM6	70:FD	56.0	-75.5
2026-04-23T16:03:41.278854	sess_89f8c053	watch_01	00:01	00:01	COM6	70:FD	54.0	-76.0
2026-04-23T16:03:41.278854	sess_89f8c053	watch_01	00:01	00:01	COM6	70:FD	54.0	-76.0
2026-04-23T16:03:41.278854	sess_89f8c053	watch_01	00:01	00:01	COM6	70:FD	53.0	-75.5
2026-04-23T16:03:41.278854	sess_89f8c053	watch_01	00:01	00:01	COM6	70:FD	55.0	-77.5
2026-04-23T16:03:41.278854	sess_89f8c053	watch_01	00:01	00:01	COM6	70:FD	58.0	-75.5
2026-04-23T16:03:41.278854	sess_89f8c053	watch_01	00:01	00:01	COM6	70:FD	57.0	-75.0
2026-04-23T16:03:41.278854	sess_89f8c053	watch_01	00:01	00:01	COM6	70:FD	56.0	-77.0
2026-04-23T16:03:41.278854	sess_89f8c053	watch_01	00:01	00:01	COM6	70:FD	55.0	-76.0
2026-04-23T16:03:41.278854	sess_89f8c053	watch_01	00:01	00:01	COM6	70:FD	58.0	-75.5
2026-04-23T16:03:41.278854	sess_89f8c053	watch_01	00:01	00:01	COM6	70:FD	57.0	-74.5
2026-04-23T16:03:41.278854	sess_89f8c053	watch_01	00:01	00:01	COM6	70:FD	55.0	-76.0
2026-04-23T16:03:41.278854	sess_89f8c053	watch_01	00:01	00:01	COM6	70:FD	56.0	-76.0
2026-04-23T16:03:41.278854	sess_89f8c053	watch_01	00:01	00:01	COM6	70:FD	54.0	-74.5
2026-04-23T16:03:41.278854	sess_89f8c053	watch_01	00:01	00:01	COM6	70:FD	56.0	-76.0
2026-04-23T16:03:41.278854	sess_89f8c053	watch_01	00:01	00:01	COM6	70:FD	56.0	-76.5
2026-04-23T16:03:41.278854	sess_89f8c053	watch_01	00:01	00:01	COM6	70:FD	57.0	-76.0
2026-04-23T16:03:41.278854	sess_89f8c053	watch_01	00:01	00:01	COM6	70:FD	56.0	-75.0
2026-04-23T16:03:41.278854	sess_89f8c053	watch_01	00:01	00:01	COM6	70:FD	58.0	-75.0
2026-04-23T16:03:41.278854	sess_89f8c053	watch_01	00:01	00:01	COM6	70:FD	54.0	-77.0
2026-04-23T16:03:41.278854	sess_89f8c053	watch_01	00:01	00:01	COM6	70:FD	55.0	-75.5
2026-04-23T16:03:41.278854	sess_89f8c053	watch_01	00:01	00:01	COM6	70:FD	55.0	-76.0
2026-04-23T16:03:41.278854	sess_89f8c053	watch_01	00:01	00:01	COM6	70:FD	55.0	-77.5
2026-04-23T16:03:41.278854	sess_89f8c053	watch_01	00:01	00:01	COM6	70:FD	55.0	-76.0
2026-04-23T16:03:41.278854	sess_89f8c053	watch_01	00:01	00:01	COM6	70:FD	56.0	-76.0
2026-04-23T16:03:41.278854	sess_89f8c053	watch_01	00:01	00:01	COM6	70:FD	53.0	-78.0
2026-04-23T16:03:41.278854	sess_89f8c053	watch_01	00:01	00:01	COM6	70:FD	54.0	-75.5
2026-04-23T16:03:41.278854	sess_89f8c053	watch_01	00:01	00:01	COM6	70:FD	56.0	-77.0
2026-04-23T16:03:41.278854	sess_89f8c053	watch_01	00:01	00:01	COM6	70:FD	54.0	-77.0
2026-04-23T16:03:41.278854	sess_89f8c053	watch_01	00:01	00:01	COM6	70:FD	57.0	-75.0
2026-04-23T16:03:41.278854	sess_89f8c053	watch_01	00:01	00:01	COM6	70:FD	54.0	-76.0
2026-04-23T16:03:41.278854	sess_89f8c053	watch_01	00:01	00:01	COM6	70:FD	56.0	-76.5
2026-04-23T16:03:41.278854	sess_89f8c053	watch_01	00:01	00:01	COM6	70:FD	54.0	-75.0
2026-04-23T16:03:41.278854	sess_89f8c053	watch_01	00:01	00:01	COM6	70:FD	54.0	-77.0
2026-04-23T16:03:41.278854	sess_89f8c053	watch_01	00:01	00:01	COM6	70:FD	56.0	-75.5
2026-04-23T16:03:41.278854	sess_89f8c053	watch_01	00:01	00:01	COM6	70:FD	58.0	-76.0
2026-04-23T16:03:41.278854	sess_89f8c053	watch_01	00:01	00:01	COM6	70:FD	54.0	-76.5
2026-04-23T16:03:41.278854	sess_89f8c053	watch_01	00:01	00:01	COM6	70:FD	55.0	-77.5
2026-04-23T16:03:41.278854	sess_89f8c053	watch_01	00:01	00:01	COM6	70:FD	56.0	-75.5
2026-04-23T16:03:41.278854	sess_89f8c053	watch_01	00:01	00:01	COM6	70:FD	57.0	-75.5
2026-04-23T16:03:41.278854	sess_89f8c053	watch_01	00:01	00:01	COM6	70:FD	56.0	-75.5
2026-04-23T16:03:41.278854	sess_89f8c053	watch_01	00:01	00:01	COM6	70:FD	55.0	-75.5
2026-04-23T16:03:41.278854	sess_89f8c053	watch_01	00:01	00:01	COM6	70:FD	54.0	-75.5
2026-04-23T16:03:41.278854	sess_89f8c053	watch_01	00:01	00:01	COM6	70:FD	55.0	-76.0
2026-04-23T16:03:41.278854	sess_89f8c053	watch_01	00:01	00:01	COM6	70:FD	55.0	-76.5
2026-04-23T16:03:41.278854	sess_89f8c053	watch_01	00:01	00:01	COM6	70:FD	55.0	-76.5
2026-04-23T16:03:41.278854	sess_89f8c053	watch_01	00:01	00:01	COM6	70:FD	57.0	-77.0
2026-04-23T16:03:41.278854	sess_89f8c053	watch_01	00:01	00:01	COM6	70:FD	57.0	-76.5
2026-04-23T16:03:41.278854	sess_89f8c053	watch_01	00:01	00:01	COM6	70:FD	56.0	-76.5
2026-04-23T16:03:41.278854	sess_89f8c053	watch_01	00:01	00:01	COM6	70:FD	55.0	-76.5
2026-04-23T16:03:41.278854	sess_89f8c053	watch_01	00:01	00:01	COM6	70:FD	55.0	-75.5
2026-04-23T16:03:41.278854	sess_89f8c053	watch_01	00:01	00:01	COM6	70:FD	56.0	-75.5
2026-04-23T16:03:41.278854	sess_89f8c053	watch_01	00:01	00:01	COM6	70:FD	55.0	-74.5
2026-04-23T16:03:41.278854	sess_89f8c053	watch_01	00:01	00:01	COM6	70:FD	57.0	-76.0
2026-04-23T16:03:41.278854	sess_89f8c053	watch_01	00:01	00:01	COM6	70:FD	57.0	-76.0
2026-04-23T16:03:41.278854	sess_89f8c053	watch_01	00:01	00:01	COM6	70:FD	57.0	-75.5
2026-04-23T16:03:41.278854	sess_89f8c053	watch_01	00:01	00:01	COM6	70:FD	55.0	-76.5
2026-04-23T16:03:41.278854	sess_89f8c053	watch_01	00:01	00:01	COM6	70:FD	55.0	-75.0
2026-04-23T16:03:41.278854	sess_89f8c053	watch_01	00:01	00:01	COM6	70:FD	56.0	-76.0
2026-04-23T16:03:41.278854	sess_89f8c053	watch_01	00:01	00:01	COM6	70:FD	55.0	-75.5
2026-04-23T16:03:41.278854	sess_89f8c053	watch_01	00:01	00:01	COM6	70:FD	56.0	-76.5
2026-04-23T16:03:41.278854	sess_89f8c053	watch_01	00:01	00:01	COM6	70:FD	56.0	-75.5
2026-04-23T16:03:41.278854	sess_89f8c053	watch_01	00:01	00:01	COM6	70:FD	54.0	-76.0
2026-04-23T16:03:41.278854	sess_89f8c053	watch_01	00:01	00:01	COM6	70:FD	55.0	-75.5
2026-04-23T16:03:41.278854	sess_89f8c053	watch_01	00:01	00:01	COM6	70:FD	55.0	-76.0
2026-04-23T16:03:57.083430	sess_0129a03d	watch_01	00:02	00:02	COM9	9A:68	78.0	-83.0
2026-04-23T16:03:57.083430	sess_0129a03d	watch_01	00:02	00:02	COM9	9A:68	77.0	-81.5
2026-04-23T16:03:57.083430	sess_0129a03d	watch_01	00:02	00:02	COM9	9A:68	101.0	-81.0
2026-04-23T16:03:57.083430	sess_0129a03d	watch_01	00:02	00:02	COM9	9A:68	108.0	-78.5
2026-04-23T16:03:57.083430	sess_0129a03d	watch_01	00:02	00:02	COM9	9A:68	109.0	-80.0
2026-04-23T16:03:57.083430	sess_0129a03d	watch_01	00:02	00:02	COM9	9A:68	108.0	-81.0
2026-04-23T16:03:57.083430	sess_0129a03d	watch_01	00:02	00:02	COM9	9A:68	105.0	-79.5
2026-04-23T16:03:57.083430	sess_0129a03d	watch_01	00:02	00:02	COM9	9A:68	95.0	-81.0
2026-04-23T16:03:57.083430	sess_0129a03d	watch_01	00:02	00:02	COM9	9A:68	84.0	-77.5
2026-04-23T16:03:57.083430	sess_0129a03d	watch_01	00:02	00:02	COM9	9A:68	79.0	-80.0
2026-04-23T16:03:57.083430	sess_0129a03d	watch_01	00:02	00:02	COM9	9A:68	78.0	-80.0
2026-04-23T16:03:57.083430	sess_0129a03d	watch_01	00:02	00:02	COM9	9A:68	76.0	-79.5
2026-04-23T16:03:57.083430	sess_0129a03d	watch_01	00:02	00:02	COM9	9A:68	76.0	-81.5
2026-04-23T16:03:57.083430	sess_0129a03d	watch_01	00:02	00:02	COM9	9A:68	78.0	-80.5
2026-04-23T16:03:57.083430	sess_0129a03d	watch_01	00:02	00:02	COM9	9A:68	80.0	-81.0
2026-04-23T16:03:57.083430	sess_0129a03d	watch_01	00:02	00:02	COM9	9A:68	77.0	-82.0
2026-04-23T16:03:57.083430	sess_0129a03d	watch_01	00:02	00:02	COM9	9A:68	86.0	-82.0
2026-04-23T16:03:57.083430	sess_0129a03d	watch_01	00:02	00:02	COM9	9A:68	90.0	-82.0
2026-04-23T16:03:57.083430	sess_0129a03d	watch_01	00:02	00:02	COM9	9A:68	92.0	-80.5
2026-04-23T16:03:57.083430	sess_0129a03d	watch_01	00:02	00:02	COM9	9A:68	99.0	-80.5
2026-04-23T16:03:57.083430	sess_0129a03d	watch_01	00:02	00:02	COM9	9A:68	110.0	-77.5
2026-04-23T16:03:57.083430	sess_0129a03d	watch_01	00:02	00:02	COM9	9A:68	111.0	-79.5
2026-04-23T16:03:57.083430	sess_0129a03d	watch_01	00:02	00:02	COM9	9A:68	113.0	-78.0
2026-04-23T16:03:57.083430	sess_0129a03d	watch_01	00:02	00:02	COM9	9A:68	93.0	-83.0
2026-04-23T16:03:57.083430	sess_0129a03d	watch_01	00:02	00:02	COM9	9A:68	92.0	-79.5
2026-04-23T16:03:57.083430	sess_0129a03d	watch_01	00:02	00:02	COM9	9A:68	76.0	-84.5
2026-04-23T16:03:57.083430	sess_0129a03d	watch_01	00:02	00:02	COM9	9A:68	108.0	-82.0
2026-04-23T16:03:57.083430	sess_0129a03d	watch_01	00:02	00:02	COM9	9A:68	114.0	-81.5
2026-04-23T16:03:57.083430	sess_0129a03d	watch_01	00:02	00:02	COM9	9A:68	77.0	-82.5
2026-04-23T16:03:57.083430	sess_0129a03d	watch_01	00:02	00:02	COM9	9A:68	77.0	-84.0
2026-04-23T16:03:57.083430	sess_0129a03d	watch_01	00:02	00:02	COM9	9A:68	93.0	-80.0
2026-04-23T16:03:57.083430	sess_0129a03d	watch_01	00:02	00:02	COM9	9A:68	123.0	-81.5
2026-04-23T16:03:57.083430	sess_0129a03d	watch_01	00:02	00:02	COM9	9A:68	86.0	-84.0
2026-04-23T16:03:57.083430	sess_0129a03d	watch_01	00:02	00:02	COM9	9A:68	88.0	-82.5
2026-04-23T16:03:57.083430	sess_0129a03d	watch_01	00:02	00:02	COM9	9A:68	105.0	-83.0
2026-04-23T16:03:57.083430	sess_0129a03d	watch_01	00:02	00:02	COM9	9A:68	77.0	-83.0
2026-04-23T16:03:57.083430	sess_0129a03d	watch_01	00:02	00:02	COM9	9A:68	62.0	-82.0
2026-04-23T16:03:57.083430	sess_0129a03d	watch_01	00:02	00:02	COM9	9A:68	71.0	-81.5
2026-04-23T16:03:57.083430	sess_0129a03d	watch_01	00:02	00:02	COM9	9A:68	77.0	-81.5
2026-04-23T16:03:57.083430	sess_0129a03d	watch_01	00:02	00:02	COM9	9A:68	67.0	-82.0
2026-04-23T16:03:57.083430	sess_0129a03d	watch_01	00:02	00:02	COM9	9A:68	63.0	-84.0
2026-04-23T16:03:57.083430	sess_0129a03d	watch_01	00:02	00:02	COM9	9A:68	80.0	-81.5
2026-04-23T16:03:57.083430	sess_0129a03d	watch_01	00:02	00:02	COM9	9A:68	63.0	-77.5
2026-04-23T16:03:57.083430	sess_0129a03d	watch_01	00:02	00:02	COM9	9A:68	62.0	-79.0
2026-04-23T16:03:57.083430	sess_0129a03d	watch_01	00:02	00:02	COM9	9A:68	123.0	-79.0
2026-04-23T16:03:57.083430	sess_0129a03d	watch_01	00:02	00:02	COM9	9A:68	84.0	-76.5
2026-04-23T16:03:57.083430	sess_0129a03d	watch_01	00:02	00:02	COM9	9A:68	92.0	-75.5
2026-04-23T16:03:57.083430	sess_0129a03d	watch_01	00:02	00:02	COM9	9A:68	78.0	-75.5
2026-04-23T16:03:57.083430	sess_0129a03d	watch_01	00:02	00:02	COM9	9A:68	78.0	-74.5
2026-04-23T16:03:57.083430	sess_0129a03d	watch_01	00:02	00:02	COM9	9A:68	80.0	-73.5
2026-04-23T16:03:57.083430	sess_0129a03d	watch_01	00:02	00:02	COM9	9A:68	93.0	-76.0
2026-04-23T16:03:57.083430	sess_0129a03d	watch_01	00:02	00:02	COM9	9A:68	90.0	-76.0
2026-04-23T16:03:57.083430	sess_0129a03d	watch_01	00:02	00:02	COM9	9A:68	84.0	-79.5
2026-04-23T16:03:57.083430	sess_0129a03d	watch_01	00:02	00:02	COM9	9A:68	77.0	-78.0
2026-04-23T16:03:57.083430	sess_0129a03d	watch_01	00:02	00:02	COM9	9A:68	82.0	-77.0
2026-04-23T16:03:57.083430	sess_0129a03d	watch_01	00:02	00:02	COM9	9A:68	91.0	-78.0
2026-04-23T16:03:57.083430	sess_0129a03d	watch_01	00:02	00:02	COM9	9A:68	88.0	-77.5
2026-04-23T16:03:57.083430	sess_0129a03d	watch_01	00:02	00:02	COM9	9A:68	110.0	-76.5
2026-04-23T16:03:57.083430	sess_0129a03d	watch_01	00:02	00:02	COM9	9A:68	77.0	-77.0
2026-04-23T16:03:57.083430	sess_0129a03d	watch_01	00:02	00:02	COM9	9A:68	61.0	-77.5
2026-04-23T16:03:57.083430	sess_0129a03d	watch_01	00:02	00:02	COM9	9A:68	71.0	-77.0
2026-04-23T16:03:57.083430	sess_0129a03d	watch_01	00:02	00:02	COM9	9A:68	68.0	-76.0
2026-04-23T16:03:57.083430	sess_0129a03d	watch_01	00:02	00:02	COM9	9A:68	68.0	-76.0
2026-04-23T16:03:57.083430	sess_0129a03d	watch_01	00:02	00:02	COM9	9A:68	67.0	-77.0
2026-04-23T16:03:57.083430	sess_0129a03d	watch_01	00:02	00:02	COM9	9A:68	69.0	-77.0
2026-04-23T16:03:57.083430	sess_0129a03d	watch_01	00:02	00:02	COM9	9A:68	69.0	-77.5
2026-04-23T16:03:57.083430	sess_0129a03d	watch_01	00:02	00:02	COM9	9A:68	64.0	-76.0
2026-04-23T16:03:57.083430	sess_0129a03d	watch_01	00:02	00:02	COM9	9A:68	66.0	-77.0
2026-04-23T16:03:57.083430	sess_0129a03d	watch_01	00:02	00:02	COM9	9A:68	71.0	-77.0
2026-04-23T16:03:57.083430	sess_0129a03d	watch_01	00:02	00:02	COM9	9A:68	71.0	-80.0
2026-04-23T16:03:57.083430	sess_0129a03d	watch_01	00:02	00:02	COM9	9A:68	78.0	-77.5
2026-04-23T16:03:57.083430	sess_0129a03d	watch_01	00:02	00:02	COM9	9A:68	77.0	-76.5
2026-04-23T16:03:57.083430	sess_0129a03d	watch_01	00:02	00:02	COM9	9A:68	71.0	-77.0
2026-04-23T16:03:57.083430	sess_0129a03d	watch_01	00:02	00:02	COM9	9A:68	73.0	-78.0
2026-04-23T16:03:57.083430	sess_0129a03d	watch_01	00:02	00:02	COM9	9A:68	71.0	-78.0
2026-04-23T16:03:57.083430	sess_0129a03d	watch_01	00:02	00:02	COM9	9A:68	65.0	-77.0
2026-04-23T16:03:57.083430	sess_0129a03d	watch_01	00:02	00:02	COM9	9A:68	72.0	-76.5
2026-04-23T16:03:57.083430	sess_0129a03d	watch_01	00:02	00:02	COM9	9A:68	72.0	-77.0
2026-04-23T16:04:13.144020	sess_9b78f5a3	watch_01	00:03	00:03	COM10	D3:B7	61.0	-70.0
2026-04-23T16:04:13.144020	sess_9b78f5a3	watch_01	00:03	00:03	COM10	D3:B7	61.0	-73.0
2026-04-23T16:04:13.144020	sess_9b78f5a3	watch_01	00:03	00:03	COM10	D3:B7	59.0	-71.5
2026-04-23T16:04:13.144020	sess_9b78f5a3	watch_01	00:03	00:03	COM10	D3:B7	61.0	-70.5
2026-04-23T16:04:13.144020	sess_9b78f5a3	watch_01	00:03	00:03	COM10	D3:B7	58.0	-71.0
2026-04-23T16:04:13.144020	sess_9b78f5a3	watch_01	00:03	00:03	COM10	D3:B7	54.0	-75.0
2026-04-23T16:04:13.144020	sess_9b78f5a3	watch_01	00:03	00:03	COM10	D3:B7	63.0	-71.0
2026-04-23T16:04:13.144020	sess_9b78f5a3	watch_01	00:03	00:03	COM10	D3:B7	59.0	-70.5
2026-04-23T16:04:13.144020	sess_9b78f5a3	watch_01	00:03	00:03	COM10	D3:B7	59.0	-71.5
2026-04-23T16:04:13.144020	sess_9b78f5a3	watch_01	00:03	00:03	COM10	D3:B7	61.0	-71.5
2026-04-23T16:04:13.144020	sess_9b78f5a3	watch_01	00:03	00:03	COM10	D3:B7	60.0	-71.5
2026-04-23T16:04:13.144020	sess_9b78f5a3	watch_01	00:03	00:03	COM10	D3:B7	60.0	-72.5
2026-04-23T16:04:13.144020	sess_9b78f5a3	watch_01	00:03	00:03	COM10	D3:B7	59.0	-71.5
2026-04-23T16:04:13.144020	sess_9b78f5a3	watch_01	00:03	00:03	COM10	D3:B7	55.0	-73.0
2026-04-23T16:04:13.144020	sess_9b78f5a3	watch_01	00:03	00:03	COM10	D3:B7	59.0	-71.5
2026-04-23T16:04:13.144020	sess_9b78f5a3	watch_01	00:03	00:03	COM10	D3:B7	58.0	-72.0
2026-04-23T16:04:13.144020	sess_9b78f5a3	watch_01	00:03	00:03	COM10	D3:B7	59.0	-71.5
2026-04-23T16:04:13.144020	sess_9b78f5a3	watch_01	00:03	00:03	COM10	D3:B7	58.0	-71.5
2026-04-23T16:04:13.144020	sess_9b78f5a3	watch_01	00:03	00:03	COM10	D3:B7	61.0	-73.0
2026-04-23T16:04:13.144020	sess_9b78f5a3	watch_01	00:03	00:03	COM10	D3:B7	60.0	-72.5
2026-04-23T16:04:13.144020	sess_9b78f5a3	watch_01	00:03	00:03	COM10	D3:B7	58.0	-71.5
2026-04-23T16:04:13.144020	sess_9b78f5a3	watch_01	00:03	00:03	COM10	D3:B7	60.0	-72.0
2026-04-23T16:04:13.144020	sess_9b78f5a3	watch_01	00:03	00:03	COM10	D3:B7	58.0	-71.0
2026-04-23T16:04:13.144020	sess_9b78f5a3	watch_01	00:03	00:03	COM10	D3:B7	58.0	-71.0
2026-04-23T16:04:13.144020	sess_9b78f5a3	watch_01	00:03	00:03	COM10	D3:B7	58.0	-71.5
2026-04-23T16:04:13.144020	sess_9b78f5a3	watch_01	00:03	00:03	COM10	D3:B7	57.0	-72.5
2026-04-23T16:04:13.144020	sess_9b78f5a3	watch_01	00:03	00:03	COM10	D3:B7	59.0	-72.0
2026-04-23T16:04:13.144020	sess_9b78f5a3	watch_01	00:03	00:03	COM10	D3:B7	59.0	-73.0
2026-04-23T16:04:13.144020	sess_9b78f5a3	watch_01	00:03	00:03	COM10	D3:B7	59.0	-72.5
2026-04-23T16:04:13.144020	sess_9b78f5a3	watch_01	00:03	00:03	COM10	D3:B7	61.0	-72.0
2026-04-23T16:04:13.144020	sess_9b78f5a3	watch_01	00:03	00:03	COM10	D3:B7	60.0	-72.5
2026-04-23T16:04:13.144020	sess_9b78f5a3	watch_01	00:03	00:03	COM10	D3:B7	59.0	-73.0
2026-04-23T16:04:13.144020	sess_9b78f5a3	watch_01	00:03	00:03	COM10	D3:B7	59.0	-72.0
2026-04-23T16:04:13.144020	sess_9b78f5a3	watch_01	00:03	00:03	COM10	D3:B7	55.0	-71.0
2026-04-23T16:04:13.144020	sess_9b78f5a3	watch_01	00:03	00:03	COM10	D3:B7	60.0	-71.5
2026-04-23T16:04:13.144020	sess_9b78f5a3	watch_01	00:03	00:03	COM10	D3:B7	59.0	-71.5
2026-04-23T16:04:13.144020	sess_9b78f5a3	watch_01	00:03	00:03	COM10	D3:B7	58.0	-72.5
2026-04-23T16:04:13.144020	sess_9b78f5a3	watch_01	00:03	00:03	COM10	D3:B7	60.0	-72.5
2026-04-23T16:04:13.144020	sess_9b78f5a3	watch_01	00:03	00:03	COM10	D3:B7	58.0	-72.5
2026-04-23T16:04:13.144020	sess_9b78f5a3	watch_01	00:03	00:03	COM10	D3:B7	59.0	-72.5
2026-04-23T16:04:13.144020	sess_9b78f5a3	watch_01	00:03	00:03	COM10	D3:B7	59.0	-71.5
2026-04-23T16:04:13.144020	sess_9b78f5a3	watch_01	00:03	00:03	COM10	D3:B7	57.0	-72.0
2026-04-23T16:04:13.144020	sess_9b78f5a3	watch_01	00:03	00:03	COM10	D3:B7	57.0	-73.0
2026-04-23T16:04:13.144020	sess_9b78f5a3	watch_01	00:03	00:03	COM10	D3:B7	60.0	-71.5
2026-04-23T16:04:13.144020	sess_9b78f5a3	watch_01	00:03	00:03	COM10	D3:B7	58.0	-72.0
2026-04-23T16:04:13.144020	sess_9b78f5a3	watch_01	00:03	00:03	COM10	D3:B7	60.0	-72.0
2026-04-23T16:04:13.144020	sess_9b78f5a3	watch_01	00:03	00:03	COM10	D3:B7	59.0	-73.5
2026-04-23T16:04:13.145020	sess_9b78f5a3	watch_01	00:03	00:03	COM10	D3:B7	58.0	-71.5
2026-04-23T16:04:13.145020	sess_9b78f5a3	watch_01	00:03	00:03	COM10	D3:B7	60.0	-72.5
2026-04-23T16:04:13.145020	sess_9b78f5a3	watch_01	00:03	00:03	COM10	D3:B7	60.0	-72.5
2026-04-23T16:04:13.145020	sess_9b78f5a3	watch_01	00:03	00:03	COM10	D3:B7	58.0	-72.0
2026-04-23T16:04:13.145020	sess_9b78f5a3	watch_01	00:03	00:03	COM10	D3:B7	62.0	-73.5
2026-04-23T16:04:13.145020	sess_9b78f5a3	watch_01	00:03	00:03	COM10	D3:B7	57.0	-71.0
2026-04-23T16:04:13.145020	sess_9b78f5a3	watch_01	00:03	00:03	COM10	D3:B7	59.0	-71.5
2026-04-23T16:04:13.145020	sess_9b78f5a3	watch_01	00:03	00:03	COM10	D3:B7	59.0	-72.0
2026-04-23T16:04:13.145020	sess_9b78f5a3	watch_01	00:03	00:03	COM10	D3:B7	60.0	-71.5
2026-04-23T16:04:13.145020	sess_9b78f5a3	watch_01	00:03	00:03	COM10	D3:B7	60.0	-72.5
2026-04-23T16:04:13.145020	sess_9b78f5a3	watch_01	00:03	00:03	COM10	D3:B7	59.0	-72.5
2026-04-23T16:04:13.145020	sess_9b78f5a3	watch_01	00:03	00:03	COM10	D3:B7	60.0	-71.5
2026-04-23T16:04:13.145020	sess_9b78f5a3	watch_01	00:03	00:03	COM10	D3:B7	57.0	-73.5
2026-04-23T16:04:13.145020	sess_9b78f5a3	watch_01	00:03	00:03	COM10	D3:B7	59.0	-71.5
2026-04-23T16:04:13.145020	sess_9b78f5a3	watch_01	00:03	00:03	COM10	D3:B7	58.0	-71.5
2026-04-23T16:04:13.145020	sess_9b78f5a3	watch_01	00:03	00:03	COM10	D3:B7	57.0	-71.0
2026-04-23T16:04:13.145020	sess_9b78f5a3	watch_01	00:03	00:03	COM10	D3:B7	58.0	-71.5
2026-04-23T16:04:13.145020	sess_9b78f5a3	watch_01	00:03	00:03	COM10	D3:B7	57.0	-73.0
2026-04-23T16:04:13.145020	sess_9b78f5a3	watch_01	00:03	00:03	COM10	D3:B7	60.0	-72.0
2026-04-23T16:04:13.145020	sess_9b78f5a3	watch_01	00:03	00:03	COM10	D3:B7	60.0	-71.5
2026-04-23T16:04:13.145020	sess_9b78f5a3	watch_01	00:03	00:03	COM10	D3:B7	58.0	-71.5
2026-04-23T16:04:13.145020	sess_9b78f5a3	watch_01	00:03	00:03	COM10	D3:B7	58.0	-71.5
2026-04-23T16:04:13.145020	sess_9b78f5a3	watch_01	00:03	00:03	COM10	D3:B7	58.0	-71.5
2026-04-23T16:04:13.145020	sess_9b78f5a3	watch_01	00:03	00:03	COM10	D3:B7	61.0	-72.5
2026-04-23T16:04:13.145020	sess_9b78f5a3	watch_01	00:03	00:03	COM10	D3:B7	58.0	-71.5
2026-04-23T16:04:13.145020	sess_9b78f5a3	watch_01	00:03	00:03	COM10	D3:B7	57.0	-71.5
2026-04-23T16:04:13.145020	sess_9b78f5a3	watch_01	00:03	00:03	COM10	D3:B7	57.0	-71.5
2026-04-23T16:04:13.145020	sess_9b78f5a3	watch_01	00:03	00:03	COM10	D3:B7	57.0	-72.0
2026-04-23T16:04:13.145020	sess_9b78f5a3	watch_01	00:03	00:03	COM10	D3:B7	58.0	-71.5
2026-04-23T16:04:13.145020	sess_9b78f5a3	watch_01	00:03	00:03	COM10	D3:B7	59.0	-72.5
2026-04-23T16:04:13.145020	sess_9b78f5a3	watch_01	00:03	00:03	COM10	D3:B7	58.0	-72.0
2026-04-23T16:04:13.145020	sess_9b78f5a3	watch_01	00:03	00:03	COM10	D3:B7	60.0	-73.0
2026-04-23T16:04:28.819521	sess_1f73288e	watch_01	00:01	00:01	COM6	4A:EA	54.0	-75.5
2026-04-23T16:04:28.819521	sess_1f73288e	watch_01	00:01	00:01	COM6	4A:EA	55.0	-77.5
2026-04-23T16:04:28.819521	sess_1f73288e	watch_01	00:01	00:01	COM6	4A:EA	59.0	-75.5
2026-04-23T16:04:28.819521	sess_1f73288e	watch_01	00:01	00:01	COM6	4A:EA	55.0	-74.5
2026-04-23T16:04:28.819521	sess_1f73288e	watch_01	00:01	00:01	COM6	4A:EA	55.0	-76.5
2026-04-23T16:04:28.819521	sess_1f73288e	watch_01	00:01	00:01	COM6	4A:EA	56.0	-76.5
2026-04-23T16:04:28.819521	sess_1f73288e	watch_01	00:01	00:01	COM6	4A:EA	57.0	-76.0
2026-04-23T16:04:28.819521	sess_1f73288e	watch_01	00:01	00:01	COM6	4A:EA	56.0	-76.5
2026-04-23T16:04:28.819521	sess_1f73288e	watch_01	00:01	00:01	COM6	4A:EA	56.0	-76.0
2026-04-23T16:04:28.819521	sess_1f73288e	watch_01	00:01	00:01	COM6	4A:EA	56.0	-75.5
2026-04-23T16:04:28.819521	sess_1f73288e	watch_01	00:01	00:01	COM6	4A:EA	58.0	-75.0
2026-04-23T16:04:28.819521	sess_1f73288e	watch_01	00:01	00:01	COM6	4A:EA	56.0	-76.5
2026-04-23T16:04:28.819521	sess_1f73288e	watch_01	00:01	00:01	COM6	4A:EA	57.0	-76.0
2026-04-23T16:04:28.819521	sess_1f73288e	watch_01	00:01	00:01	COM6	4A:EA	56.0	-75.5
2026-04-23T16:04:28.819521	sess_1f73288e	watch_01	00:01	00:01	COM6	4A:EA	57.0	-75.5
2026-04-23T16:04:28.819521	sess_1f73288e	watch_01	00:01	00:01	COM6	4A:EA	57.0	-76.5
2026-04-23T16:04:28.819521	sess_1f73288e	watch_01	00:01	00:01	COM6	4A:EA	55.0	-75.0
2026-04-23T16:04:28.819521	sess_1f73288e	watch_01	00:01	00:01	COM6	4A:EA	58.0	-76.0
2026-04-23T16:04:28.819521	sess_1f73288e	watch_01	00:01	00:01	COM6	4A:EA	57.0	-75.5
2026-04-23T16:04:28.819521	sess_1f73288e	watch_01	00:01	00:01	COM6	4A:EA	56.0	-76.0
2026-04-23T16:04:28.819521	sess_1f73288e	watch_01	00:01	00:01	COM6	4A:EA	56.0	-76.5
2026-04-23T16:04:28.819521	sess_1f73288e	watch_01	00:01	00:01	COM6	4A:EA	57.0	-75.5
2026-04-23T16:04:28.819521	sess_1f73288e	watch_01	00:01	00:01	COM6	4A:EA	57.0	-75.5
2026-04-23T16:04:28.819521	sess_1f73288e	watch_01	00:01	00:01	COM6	4A:EA	56.0	-75.5
2026-04-23T16:04:28.819521	sess_1f73288e	watch_01	00:01	00:01	COM6	4A:EA	55.0	-75.5
2026-04-23T16:04:28.819521	sess_1f73288e	watch_01	00:01	00:01	COM6	4A:EA	57.0	-76.0
2026-04-23T16:04:28.819521	sess_1f73288e	watch_01	00:01	00:01	COM6	4A:EA	58.0	-76.0
2026-04-23T16:04:28.819521	sess_1f73288e	watch_01	00:01	00:01	COM6	4A:EA	56.0	-77.5
2026-04-23T16:04:28.819521	sess_1f73288e	watch_01	00:01	00:01	COM6	4A:EA	55.0	-75.5
2026-04-23T16:04:28.819521	sess_1f73288e	watch_01	00:01	00:01	COM6	4A:EA	57.0	-76.5
2026-04-23T16:04:28.819521	sess_1f73288e	watch_01	00:01	00:01	COM6	4A:EA	57.0	-75.5
2026-04-23T16:04:28.819521	sess_1f73288e	watch_01	00:01	00:01	COM6	4A:EA	56.0	-75.5
2026-04-23T16:04:28.819521	sess_1f73288e	watch_01	00:01	00:01	COM6	4A:EA	55.0	-75.5
2026-04-23T16:04:28.819521	sess_1f73288e	watch_01	00:01	00:01	COM6	4A:EA	54.0	-76.0
2026-04-23T16:04:28.819521	sess_1f73288e	watch_01	00:01	00:01	COM6	4A:EA	54.0	-76.5
2026-04-23T16:04:28.819521	sess_1f73288e	watch_01	00:01	00:01	COM6	4A:EA	56.0	-76.5
2026-04-23T16:04:28.819521	sess_1f73288e	watch_01	00:01	00:01	COM6	4A:EA	55.0	-76.5
2026-04-23T16:04:28.819521	sess_1f73288e	watch_01	00:01	00:01	COM6	4A:EA	54.0	-75.5
2026-04-23T16:04:28.819521	sess_1f73288e	watch_01	00:01	00:01	COM6	4A:EA	55.0	-75.5
2026-04-23T16:04:28.819521	sess_1f73288e	watch_01	00:01	00:01	COM6	4A:EA	55.0	-76.5
2026-04-23T16:04:28.819521	sess_1f73288e	watch_01	00:01	00:01	COM6	4A:EA	58.0	-76.5
2026-04-23T16:04:28.819521	sess_1f73288e	watch_01	00:01	00:01	COM6	4A:EA	56.0	-75.0
2026-04-23T16:04:28.819521	sess_1f73288e	watch_01	00:01	00:01	COM6	4A:EA	58.0	-76.5
2026-04-23T16:04:28.819521	sess_1f73288e	watch_01	00:01	00:01	COM6	4A:EA	55.0	-75.5
2026-04-23T16:04:28.819521	sess_1f73288e	watch_01	00:01	00:01	COM6	4A:EA	56.0	-75.5
2026-04-23T16:04:28.819521	sess_1f73288e	watch_01	00:01	00:01	COM6	4A:EA	56.0	-75.5
2026-04-23T16:04:28.819521	sess_1f73288e	watch_01	00:01	00:01	COM6	4A:EA	56.0	-75.5
2026-04-23T16:04:28.819521	sess_1f73288e	watch_01	00:01	00:01	COM6	4A:EA	57.0	-76.0
2026-04-23T16:04:28.819521	sess_1f73288e	watch_01	00:01	00:01	COM6	4A:EA	56.0	-76.0
2026-04-23T16:04:28.819521	sess_1f73288e	watch_01	00:01	00:01	COM6	4A:EA	57.0	-76.5
2026-04-23T16:04:28.819521	sess_1f73288e	watch_01	00:01	00:01	COM6	4A:EA	58.0	-75.5
2026-04-23T16:04:28.819521	sess_1f73288e	watch_01	00:01	00:01	COM6	4A:EA	57.0	-75.5
2026-04-23T16:04:28.819521	sess_1f73288e	watch_01	00:01	00:01	COM6	4A:EA	55.0	-75.0
2026-04-23T16:04:28.819521	sess_1f73288e	watch_01	00:01	00:01	COM6	4A:EA	55.0	-75.5
2026-04-23T16:04:28.819521	sess_1f73288e	watch_01	00:01	00:01	COM6	4A:EA	55.0	-76.5
2026-04-23T16:04:28.819521	sess_1f73288e	watch_01	00:01	00:01	COM6	4A:EA	56.0	-76.5
2026-04-23T16:04:28.819521	sess_1f73288e	watch_01	00:01	00:01	COM6	4A:EA	57.0	-75.0
2026-04-23T16:04:28.819521	sess_1f73288e	watch_01	00:01	00:01	COM6	4A:EA	55.0	-76.0
2026-04-23T16:04:28.819521	sess_1f73288e	watch_01	00:01	00:01	COM6	4A:EA	56.0	-75.5
2026-04-23T16:04:28.819521	sess_1f73288e	watch_01	00:01	00:01	COM6	4A:EA	56.0	-75.5
2026-04-23T16:04:28.819521	sess_1f73288e	watch_01	00:01	00:01	COM6	4A:EA	56.0	-75.0
2026-04-23T16:04:28.819521	sess_1f73288e	watch_01	00:01	00:01	COM6	4A:EA	54.0	-74.5
2026-04-23T16:04:28.819521	sess_1f73288e	watch_01	00:01	00:01	COM6	4A:EA	55.0	-75.0
2026-04-23T16:04:28.819521	sess_1f73288e	watch_01	00:01	00:01	COM6	4A:EA	58.0	-75.5
2026-04-23T16:04:28.819521	sess_1f73288e	watch_01	00:01	00:01	COM6	4A:EA	54.0	-75.5
2026-04-23T16:04:28.819521	sess_1f73288e	watch_01	00:01	00:01	COM6	4A:EA	57.0	-75.5
2026-04-23T16:04:28.819521	sess_1f73288e	watch_01	00:01	00:01	COM6	4A:EA	57.0	-75.5
2026-04-23T16:04:28.819521	sess_1f73288e	watch_01	00:01	00:01	COM6	4A:EA	58.0	-75.5
2026-04-23T16:04:28.819521	sess_1f73288e	watch_01	00:01	00:01	COM6	4A:EA	58.0	-75.5
2026-04-23T16:04:28.819521	sess_1f73288e	watch_01	00:01	00:01	COM6	4A:EA	58.0	-75.0
2026-04-23T16:04:28.819521	sess_1f73288e	watch_01	00:01	00:01	COM6	4A:EA	57.0	-75.0
2026-04-23T16:04:28.819521	sess_1f73288e	watch_01	00:01	00:01	COM6	4A:EA	55.0	-75.5
2026-04-23T16:04:28.819521	sess_1f73288e	watch_01	00:01	00:01	COM6	4A:EA	55.0	-75.5
2026-04-23T16:04:28.819521	sess_1f73288e	watch_01	00:01	00:01	COM6	4A:EA	57.0	-74.5
2026-04-23T16:04:28.819521	sess_1f73288e	watch_01	00:01	00:01	COM6	4A:EA	58.0	-76.5
2026-04-23T16:04:28.819521	sess_1f73288e	watch_01	00:01	00:01	COM6	4A:EA	55.0	-75.5
2026-04-23T16:04:28.819521	sess_1f73288e	watch_01	00:01	00:01	COM6	4A:EA	55.0	-75.5
2026-04-23T16:04:28.819521	sess_1f73288e	watch_01	00:01	00:01	COM6	4A:EA	55.0	-75.0
2026-04-23T16:04:28.819521	sess_1f73288e	watch_01	00:01	00:01	COM6	4A:EA	55.0	-75.0
2026-04-23T16:04:28.819521	sess_1f73288e	watch_01	00:01	00:01	COM6	4A:EA	55.0	-75.5
2026-04-23T16:04:44.958598	sess_329ebaa2	watch_01	00:02	00:02	COM9	BC:00	69.0	-77.5
2026-04-23T16:04:44.958598	sess_329ebaa2	watch_01	00:02	00:02	COM9	BC:00	65.0	-77.0
2026-04-23T16:04:44.958598	sess_329ebaa2	watch_01	00:02	00:02	COM9	BC:00	69.0	-76.5
2026-04-23T16:04:44.958598	sess_329ebaa2	watch_01	00:02	00:02	COM9	BC:00	67.0	-76.5
2026-04-23T16:04:44.958598	sess_329ebaa2	watch_01	00:02	00:02	COM9	BC:00	67.0	-76.0
2026-04-23T16:04:44.958598	sess_329ebaa2	watch_01	00:02	00:02	COM9	BC:00	65.0	-76.5
2026-04-23T16:04:44.958598	sess_329ebaa2	watch_01	00:02	00:02	COM9	BC:00	64.0	-76.5
2026-04-23T16:04:44.958598	sess_329ebaa2	watch_01	00:02	00:02	COM9	BC:00	68.0	-77.0
2026-04-23T16:04:44.958598	sess_329ebaa2	watch_01	00:02	00:02	COM9	BC:00	66.0	-76.5
2026-04-23T16:04:44.958598	sess_329ebaa2	watch_01	00:02	00:02	COM9	BC:00	64.0	-77.0
2026-04-23T16:04:44.958598	sess_329ebaa2	watch_01	00:02	00:02	COM9	BC:00	68.0	-77.5
2026-04-23T16:04:44.958598	sess_329ebaa2	watch_01	00:02	00:02	COM9	BC:00	66.0	-77.0
2026-04-23T16:04:44.958598	sess_329ebaa2	watch_01	00:02	00:02	COM9	BC:00	66.0	-76.0
2026-04-23T16:04:44.958598	sess_329ebaa2	watch_01	00:02	00:02	COM9	BC:00	66.0	-77.0
2026-04-23T16:04:44.958598	sess_329ebaa2	watch_01	00:02	00:02	COM9	BC:00	66.0	-77.0
2026-04-23T16:04:44.958598	sess_329ebaa2	watch_01	00:02	00:02	COM9	BC:00	66.0	-76.5
2026-04-23T16:04:44.958598	sess_329ebaa2	watch_01	00:02	00:02	COM9	BC:00	65.0	-77.0
2026-04-23T16:04:44.958598	sess_329ebaa2	watch_01	00:02	00:02	COM9	BC:00	65.0	-76.5
2026-04-23T16:04:44.958598	sess_329ebaa2	watch_01	00:02	00:02	COM9	BC:00	68.0	-77.5
2026-04-23T16:04:44.958598	sess_329ebaa2	watch_01	00:02	00:02	COM9	BC:00	66.0	-77.0
2026-04-23T16:04:44.958598	sess_329ebaa2	watch_01	00:02	00:02	COM9	BC:00	66.0	-76.0
2026-04-23T16:04:44.958598	sess_329ebaa2	watch_01	00:02	00:02	COM9	BC:00	68.0	-76.5
2026-04-23T16:04:44.958598	sess_329ebaa2	watch_01	00:02	00:02	COM9	BC:00	65.0	-75.5
2026-04-23T16:04:44.958598	sess_329ebaa2	watch_01	00:02	00:02	COM9	BC:00	66.0	-76.0
2026-04-23T16:04:44.958598	sess_329ebaa2	watch_01	00:02	00:02	COM9	BC:00	68.0	-77.0
2026-04-23T16:04:44.958598	sess_329ebaa2	watch_01	00:02	00:02	COM9	BC:00	68.0	-77.0
2026-04-23T16:04:44.958598	sess_329ebaa2	watch_01	00:02	00:02	COM9	BC:00	66.0	-78.0
2026-04-23T16:04:44.958598	sess_329ebaa2	watch_01	00:02	00:02	COM9	BC:00	69.0	-77.0
2026-04-23T16:04:44.958598	sess_329ebaa2	watch_01	00:02	00:02	COM9	BC:00	65.0	-76.0
2026-04-23T16:04:44.958598	sess_329ebaa2	watch_01	00:02	00:02	COM9	BC:00	65.0	-76.5
2026-04-23T16:04:44.958598	sess_329ebaa2	watch_01	00:02	00:02	COM9	BC:00	63.0	-77.0
2026-04-23T16:04:44.958598	sess_329ebaa2	watch_01	00:02	00:02	COM9	BC:00	67.0	-76.5
2026-04-23T16:04:44.958598	sess_329ebaa2	watch_01	00:02	00:02	COM9	BC:00	64.0	-76.5
2026-04-23T16:04:44.958598	sess_329ebaa2	watch_01	00:02	00:02	COM9	BC:00	66.0	-77.0
2026-04-23T16:04:44.958598	sess_329ebaa2	watch_01	00:02	00:02	COM9	BC:00	67.0	-77.5
2026-04-23T16:04:44.958598	sess_329ebaa2	watch_01	00:02	00:02	COM9	BC:00	65.0	-78.0
2026-04-23T16:04:44.958598	sess_329ebaa2	watch_01	00:02	00:02	COM9	BC:00	67.0	-77.0
2026-04-23T16:04:44.958598	sess_329ebaa2	watch_01	00:02	00:02	COM9	BC:00	68.0	-77.0
2026-04-23T16:04:44.958598	sess_329ebaa2	watch_01	00:02	00:02	COM9	BC:00	69.0	-77.0
2026-04-23T16:04:44.958598	sess_329ebaa2	watch_01	00:02	00:02	COM9	BC:00	67.0	-77.0
2026-04-23T16:04:44.958598	sess_329ebaa2	watch_01	00:02	00:02	COM9	BC:00	67.0	-76.0
2026-04-23T16:04:44.958598	sess_329ebaa2	watch_01	00:02	00:02	COM9	BC:00	66.0	-77.5
2026-04-23T16:04:44.958598	sess_329ebaa2	watch_01	00:02	00:02	COM9	BC:00	67.0	-76.5
2026-04-23T16:04:44.958598	sess_329ebaa2	watch_01	00:02	00:02	COM9	BC:00	66.0	-77.0
2026-04-23T16:04:44.958598	sess_329ebaa2	watch_01	00:02	00:02	COM9	BC:00	66.0	-77.5
2026-04-23T16:04:44.958598	sess_329ebaa2	watch_01	00:02	00:02	COM9	BC:00	66.0	-77.5
2026-04-23T16:04:44.958598	sess_329ebaa2	watch_01	00:02	00:02	COM9	BC:00	66.0	-77.0
2026-04-23T16:04:44.958598	sess_329ebaa2	watch_01	00:02	00:02	COM9	BC:00	66.0	-78.0
2026-04-23T16:04:44.958598	sess_329ebaa2	watch_01	00:02	00:02	COM9	BC:00	65.0	-78.5
2026-04-23T16:04:44.958598	sess_329ebaa2	watch_01	00:02	00:02	COM9	BC:00	66.0	-77.5
2026-04-23T16:04:44.958598	sess_329ebaa2	watch_01	00:02	00:02	COM9	BC:00	67.0	-77.0
2026-04-23T16:04:44.958598	sess_329ebaa2	watch_01	00:02	00:02	COM9	BC:00	67.0	-77.0
2026-04-23T16:04:44.958598	sess_329ebaa2	watch_01	00:02	00:02	COM9	BC:00	69.0	-76.5
2026-04-23T16:04:44.958598	sess_329ebaa2	watch_01	00:02	00:02	COM9	BC:00	68.0	-76.5
2026-04-23T16:04:44.958598	sess_329ebaa2	watch_01	00:02	00:02	COM9	BC:00	68.0	-78.0
2026-04-23T16:04:44.958598	sess_329ebaa2	watch_01	00:02	00:02	COM9	BC:00	66.0	-77.0
2026-04-23T16:04:44.958598	sess_329ebaa2	watch_01	00:02	00:02	COM9	BC:00	67.0	-77.0
2026-04-23T16:04:44.958598	sess_329ebaa2	watch_01	00:02	00:02	COM9	BC:00	66.0	-77.0
2026-04-23T16:04:44.958598	sess_329ebaa2	watch_01	00:02	00:02	COM9	BC:00	63.0	-78.0
2026-04-23T16:04:44.958598	sess_329ebaa2	watch_01	00:02	00:02	COM9	BC:00	65.0	-76.5
2026-04-23T16:04:44.958598	sess_329ebaa2	watch_01	00:02	00:02	COM9	BC:00	66.0	-78.0
2026-04-23T16:04:44.958598	sess_329ebaa2	watch_01	00:02	00:02	COM9	BC:00	67.0	-77.0
2026-04-23T16:04:44.958598	sess_329ebaa2	watch_01	00:02	00:02	COM9	BC:00	68.0	-76.0
2026-04-23T16:04:44.958598	sess_329ebaa2	watch_01	00:02	00:02	COM9	BC:00	65.0	-77.5
2026-04-23T16:04:44.958598	sess_329ebaa2	watch_01	00:02	00:02	COM9	BC:00	66.0	-78.0
2026-04-23T16:04:44.958598	sess_329ebaa2	watch_01	00:02	00:02	COM9	BC:00	66.0	-76.5
2026-04-23T16:04:44.958598	sess_329ebaa2	watch_01	00:02	00:02	COM9	BC:00	64.0	-77.5
2026-04-23T16:04:44.958598	sess_329ebaa2	watch_01	00:02	00:02	COM9	BC:00	67.0	-75.5
2026-04-23T16:04:44.958598	sess_329ebaa2	watch_01	00:02	00:02	COM9	BC:00	64.0	-77.0
2026-04-23T16:04:44.958598	sess_329ebaa2	watch_01	00:02	00:02	COM9	BC:00	67.0	-77.5
2026-04-23T16:04:44.958598	sess_329ebaa2	watch_01	00:02	00:02	COM9	BC:00	66.0	-75.5
2026-04-23T16:04:44.958598	sess_329ebaa2	watch_01	00:02	00:02	COM9	BC:00	62.0	-77.5
2026-04-23T16:04:44.958598	sess_329ebaa2	watch_01	00:02	00:02	COM9	BC:00	65.0	-77.0
2026-04-23T16:04:44.959995	sess_329ebaa2	watch_01	00:02	00:02	COM9	BC:00	65.0	-77.5
2026-04-23T16:04:44.959995	sess_329ebaa2	watch_01	00:02	00:02	COM9	BC:00	65.0	-79.0
2026-04-23T16:04:44.959995	sess_329ebaa2	watch_01	00:02	00:02	COM9	BC:00	64.0	-77.0
2026-04-23T16:04:44.959995	sess_329ebaa2	watch_01	00:02	00:02	COM9	BC:00	67.0	-77.5
2026-04-23T16:04:44.959995	sess_329ebaa2	watch_01	00:02	00:02	COM9	BC:00	67.0	-76.5
2026-04-23T16:04:44.959995	sess_329ebaa2	watch_01	00:02	00:02	COM9	BC:00	66.0	-77.5
2026-04-23T16:05:00.886457	sess_4b9c0296	watch_01	00:03	00:03	COM10	00:BA	57.0	-71.5
2026-04-23T16:05:00.886457	sess_4b9c0296	watch_01	00:03	00:03	COM10	00:BA	61.0	-71.5
2026-04-23T16:05:00.886457	sess_4b9c0296	watch_01	00:03	00:03	COM10	00:BA	60.0	-72.0
2026-04-23T16:05:00.886457	sess_4b9c0296	watch_01	00:03	00:03	COM10	00:BA	59.0	-72.5
2026-04-23T16:05:00.886457	sess_4b9c0296	watch_01	00:03	00:03	COM10	00:BA	59.0	-71.5
2026-04-23T16:05:00.886457	sess_4b9c0296	watch_01	00:03	00:03	COM10	00:BA	59.0	-71.5
2026-04-23T16:05:00.886457	sess_4b9c0296	watch_01	00:03	00:03	COM10	00:BA	59.0	-73.5
2026-04-23T16:05:00.886457	sess_4b9c0296	watch_01	00:03	00:03	COM10	00:BA	62.0	-73.0
2026-04-23T16:05:00.886457	sess_4b9c0296	watch_01	00:03	00:03	COM10	00:BA	59.0	-73.0
2026-04-23T16:05:00.886457	sess_4b9c0296	watch_01	00:03	00:03	COM10	00:BA	59.0	-71.5
2026-04-23T16:05:00.886457	sess_4b9c0296	watch_01	00:03	00:03	COM10	00:BA	59.0	-71.5
2026-04-23T16:05:00.886457	sess_4b9c0296	watch_01	00:03	00:03	COM10	00:BA	58.0	-72.5
2026-04-23T16:05:00.886457	sess_4b9c0296	watch_01	00:03	00:03	COM10	00:BA	59.0	-71.5
2026-04-23T16:05:00.886457	sess_4b9c0296	watch_01	00:03	00:03	COM10	00:BA	65.0	-71.0
2026-04-23T16:05:00.886457	sess_4b9c0296	watch_01	00:03	00:03	COM10	00:BA	59.0	-72.0
2026-04-23T16:05:00.886457	sess_4b9c0296	watch_01	00:03	00:03	COM10	00:BA	58.0	-71.0
2026-04-23T16:05:00.886457	sess_4b9c0296	watch_01	00:03	00:03	COM10	00:BA	58.0	-71.5
2026-04-23T16:05:00.886457	sess_4b9c0296	watch_01	00:03	00:03	COM10	00:BA	58.0	-71.0
2026-04-23T16:05:00.886457	sess_4b9c0296	watch_01	00:03	00:03	COM10	00:BA	59.0	-71.5
2026-04-23T16:05:00.886457	sess_4b9c0296	watch_01	00:03	00:03	COM10	00:BA	58.0	-72.5
2026-04-23T16:05:00.886457	sess_4b9c0296	watch_01	00:03	00:03	COM10	00:BA	57.0	-71.0
2026-04-23T16:05:00.886457	sess_4b9c0296	watch_01	00:03	00:03	COM10	00:BA	61.0	-71.5
2026-04-23T16:05:00.886457	sess_4b9c0296	watch_01	00:03	00:03	COM10	00:BA	58.0	-71.0
2026-04-23T16:05:00.886457	sess_4b9c0296	watch_01	00:03	00:03	COM10	00:BA	60.0	-72.0
2026-04-23T16:05:00.886457	sess_4b9c0296	watch_01	00:03	00:03	COM10	00:BA	59.0	-71.0
2026-04-23T16:05:00.886457	sess_4b9c0296	watch_01	00:03	00:03	COM10	00:BA	59.0	-72.5
2026-04-23T16:05:00.886457	sess_4b9c0296	watch_01	00:03	00:03	COM10	00:BA	59.0	-72.0
2026-04-23T16:05:00.886457	sess_4b9c0296	watch_01	00:03	00:03	COM10	00:BA	58.0	-72.0
2026-04-23T16:05:00.886457	sess_4b9c0296	watch_01	00:03	00:03	COM10	00:BA	58.0	-72.0
2026-04-23T16:05:00.886457	sess_4b9c0296	watch_01	00:03	00:03	COM10	00:BA	58.0	-72.5
2026-04-23T16:05:00.886457	sess_4b9c0296	watch_01	00:03	00:03	COM10	00:BA	56.0	-71.0
2026-04-23T16:05:00.886457	sess_4b9c0296	watch_01	00:03	00:03	COM10	00:BA	58.0	-71.5
2026-04-23T16:05:00.886457	sess_4b9c0296	watch_01	00:03	00:03	COM10	00:BA	58.0	-72.0
2026-04-23T16:05:00.886457	sess_4b9c0296	watch_01	00:03	00:03	COM10	00:BA	60.0	-72.5
2026-04-23T16:05:00.886457	sess_4b9c0296	watch_01	00:03	00:03	COM10	00:BA	59.0	-71.0
2026-04-23T16:05:00.886457	sess_4b9c0296	watch_01	00:03	00:03	COM10	00:BA	58.0	-71.0
2026-04-23T16:05:00.886457	sess_4b9c0296	watch_01	00:03	00:03	COM10	00:BA	60.0	-71.0
2026-04-23T16:05:00.886457	sess_4b9c0296	watch_01	00:03	00:03	COM10	00:BA	59.0	-71.0
2026-04-23T16:05:00.886457	sess_4b9c0296	watch_01	00:03	00:03	COM10	00:BA	59.0	-72.0
2026-04-23T16:05:00.886457	sess_4b9c0296	watch_01	00:03	00:03	COM10	00:BA	57.0	-71.0
2026-04-23T16:05:00.886457	sess_4b9c0296	watch_01	00:03	00:03	COM10	00:BA	59.0	-71.0
2026-04-23T16:05:00.886457	sess_4b9c0296	watch_01	00:03	00:03	COM10	00:BA	59.0	-72.5
2026-04-23T16:05:00.886457	sess_4b9c0296	watch_01	00:03	00:03	COM10	00:BA	56.0	-72.5
2026-04-23T16:05:00.886457	sess_4b9c0296	watch_01	00:03	00:03	COM10	00:BA	60.0	-72.5
2026-04-23T16:05:00.886457	sess_4b9c0296	watch_01	00:03	00:03	COM10	00:BA	61.0	-72.0
2026-04-23T16:05:00.886457	sess_4b9c0296	watch_01	00:03	00:03	COM10	00:BA	59.0	-71.0
2026-04-23T16:05:00.886457	sess_4b9c0296	watch_01	00:03	00:03	COM10	00:BA	58.0	-71.5
2026-04-23T16:05:00.886457	sess_4b9c0296	watch_01	00:03	00:03	COM10	00:BA	59.0	-72.5
2026-04-23T16:05:00.886457	sess_4b9c0296	watch_01	00:03	00:03	COM10	00:BA	60.0	-72.0
2026-04-23T16:05:00.886457	sess_4b9c0296	watch_01	00:03	00:03	COM10	00:BA	58.0	-71.5
2026-04-23T16:05:00.886457	sess_4b9c0296	watch_01	00:03	00:03	COM10	00:BA	60.0	-72.5
2026-04-23T16:05:00.886457	sess_4b9c0296	watch_01	00:03	00:03	COM10	00:BA	58.0	-71.5
2026-04-23T16:05:00.886457	sess_4b9c0296	watch_01	00:03	00:03	COM10	00:BA	58.0	-72.0
2026-04-23T16:05:00.886457	sess_4b9c0296	watch_01	00:03	00:03	COM10	00:BA	59.0	-72.5
2026-04-23T16:05:00.886457	sess_4b9c0296	watch_01	00:03	00:03	COM10	00:BA	56.0	-71.5
2026-04-23T16:05:00.886457	sess_4b9c0296	watch_01	00:03	00:03	COM10	00:BA	60.0	-72.5
2026-04-23T16:05:00.886457	sess_4b9c0296	watch_01	00:03	00:03	COM10	00:BA	58.0	-71.5
2026-04-23T16:05:00.886457	sess_4b9c0296	watch_01	00:03	00:03	COM10	00:BA	59.0	-71.5
2026-04-23T16:05:00.886457	sess_4b9c0296	watch_01	00:03	00:03	COM10	00:BA	59.0	-71.5
2026-04-23T16:05:00.886457	sess_4b9c0296	watch_01	00:03	00:03	COM10	00:BA	61.0	-71.0
2026-04-23T16:05:00.886457	sess_4b9c0296	watch_01	00:03	00:03	COM10	00:BA	60.0	-71.0
2026-04-23T16:05:00.886457	sess_4b9c0296	watch_01	00:03	00:03	COM10	00:BA	59.0	-71.5
2026-04-23T16:05:00.886457	sess_4b9c0296	watch_01	00:03	00:03	COM10	00:BA	58.0	-71.5
2026-04-23T16:05:00.886457	sess_4b9c0296	watch_01	00:03	00:03	COM10	00:BA	58.0	-71.5
2026-04-23T16:05:00.886457	sess_4b9c0296	watch_01	00:03	00:03	COM10	00:BA	56.0	-71.5
2026-04-23T16:05:00.886457	sess_4b9c0296	watch_01	00:03	00:03	COM10	00:BA	59.0	-71.5
2026-04-23T16:05:00.886457	sess_4b9c0296	watch_01	00:03	00:03	COM10	00:BA	57.0	-71.0
2026-04-23T16:05:00.886457	sess_4b9c0296	watch_01	00:03	00:03	COM10	00:BA	61.0	-72.0
2026-04-23T16:05:00.886457	sess_4b9c0296	watch_01	00:03	00:03	COM10	00:BA	59.0	-72.0
2026-04-23T16:05:00.886457	sess_4b9c0296	watch_01	00:03	00:03	COM10	00:BA	61.0	-71.0
2026-04-23T16:05:00.886457	sess_4b9c0296	watch_01	00:03	00:03	COM10	00:BA	58.0	-71.0
2026-04-23T16:05:00.886457	sess_4b9c0296	watch_01	00:03	00:03	COM10	00:BA	59.0	-71.5
2026-04-23T16:05:00.886457	sess_4b9c0296	watch_01	00:03	00:03	COM10	00:BA	61.0	-71.5
2026-04-23T16:05:00.886457	sess_4b9c0296	watch_01	00:03	00:03	COM10	00:BA	60.0	-71.5
2026-04-23T16:05:00.886457	sess_4b9c0296	watch_01	00:03	00:03	COM10	00:BA	56.0	-72.0
2026-04-23T16:05:00.886457	sess_4b9c0296	watch_01	00:03	00:03	COM10	00:BA	59.0	-72.5
2026-04-23T16:05:00.886457	sess_4b9c0296	watch_01	00:03	00:03	COM10	00:BA	59.0	-71.0
2026-04-23T16:05:00.886457	sess_4b9c0296	watch_01	00:03	00:03	COM10	00:BA	60.0	-71.0
2026-04-23T16:05:00.886457	sess_4b9c0296	watch_01	00:03	00:03	COM10	00:BA	57.0	-71.5
2026-04-23T16:05:00.886457	sess_4b9c0296	watch_01	00:03	00:03	COM10	00:BA	58.0	-71.0
2026-04-23T16:05:16.756824	sess_a1ed894e	watch_01	00:01	00:01	COM6	D2:38	56.0	-75.5
2026-04-23T16:05:16.756824	sess_a1ed894e	watch_01	00:01	00:01	COM6	D2:38	56.0	-76.5
2026-04-23T16:05:16.756824	sess_a1ed894e	watch_01	00:01	00:01	COM6	D2:38	57.0	-77.0
2026-04-23T16:05:16.756824	sess_a1ed894e	watch_01	00:01	00:01	COM6	D2:38	57.0	-77.5
2026-04-23T16:05:16.756824	sess_a1ed894e	watch_01	00:01	00:01	COM6	D2:38	56.0	-75.0
2026-04-23T16:05:16.756824	sess_a1ed894e	watch_01	00:01	00:01	COM6	D2:38	56.0	-75.5
2026-04-23T16:05:16.756824	sess_a1ed894e	watch_01	00:01	00:01	COM6	D2:38	57.0	-75.0
2026-04-23T16:05:16.756824	sess_a1ed894e	watch_01	00:01	00:01	COM6	D2:38	56.0	-75.0
2026-04-23T16:05:16.756824	sess_a1ed894e	watch_01	00:01	00:01	COM6	D2:38	56.0	-75.5
2026-04-23T16:05:16.756824	sess_a1ed894e	watch_01	00:01	00:01	COM6	D2:38	55.0	-75.5
2026-04-23T16:05:16.756824	sess_a1ed894e	watch_01	00:01	00:01	COM6	D2:38	56.0	-77.5
2026-04-23T16:05:16.756824	sess_a1ed894e	watch_01	00:01	00:01	COM6	D2:38	52.0	-75.0
2026-04-23T16:05:16.756824	sess_a1ed894e	watch_01	00:01	00:01	COM6	D2:38	57.0	-74.5
2026-04-23T16:05:16.756824	sess_a1ed894e	watch_01	00:01	00:01	COM6	D2:38	55.0	-75.5
2026-04-23T16:05:16.756824	sess_a1ed894e	watch_01	00:01	00:01	COM6	D2:38	57.0	-76.5
2026-04-23T16:05:16.756824	sess_a1ed894e	watch_01	00:01	00:01	COM6	D2:38	53.0	-75.0
2026-04-23T16:05:16.756824	sess_a1ed894e	watch_01	00:01	00:01	COM6	D2:38	55.0	-77.0
2026-04-23T16:05:16.756824	sess_a1ed894e	watch_01	00:01	00:01	COM6	D2:38	55.0	-75.5
2026-04-23T16:05:16.756824	sess_a1ed894e	watch_01	00:01	00:01	COM6	D2:38	57.0	-75.0
2026-04-23T16:05:16.756824	sess_a1ed894e	watch_01	00:01	00:01	COM6	D2:38	56.0	-74.0
2026-04-23T16:05:16.756824	sess_a1ed894e	watch_01	00:01	00:01	COM6	D2:38	54.0	-75.5
2026-04-23T16:05:16.756824	sess_a1ed894e	watch_01	00:01	00:01	COM6	D2:38	58.0	-75.5
2026-04-23T16:05:16.756824	sess_a1ed894e	watch_01	00:01	00:01	COM6	D2:38	53.0	-76.5
2026-04-23T16:05:16.756824	sess_a1ed894e	watch_01	00:01	00:01	COM6	D2:38	56.0	-76.5
2026-04-23T16:05:16.756824	sess_a1ed894e	watch_01	00:01	00:01	COM6	D2:38	54.0	-75.5
2026-04-23T16:05:16.756824	sess_a1ed894e	watch_01	00:01	00:01	COM6	D2:38	54.0	-75.0
2026-04-23T16:05:16.756824	sess_a1ed894e	watch_01	00:01	00:01	COM6	D2:38	54.0	-74.0
2026-04-23T16:05:16.756824	sess_a1ed894e	watch_01	00:01	00:01	COM6	D2:38	56.0	-75.0
2026-04-23T16:05:16.756824	sess_a1ed894e	watch_01	00:01	00:01	COM6	D2:38	56.0	-74.5
2026-04-23T16:05:16.756824	sess_a1ed894e	watch_01	00:01	00:01	COM6	D2:38	54.0	-76.0
2026-04-23T16:05:16.756824	sess_a1ed894e	watch_01	00:01	00:01	COM6	D2:38	54.0	-75.0
2026-04-23T16:05:16.756824	sess_a1ed894e	watch_01	00:01	00:01	COM6	D2:38	55.0	-75.5
2026-04-23T16:05:16.756824	sess_a1ed894e	watch_01	00:01	00:01	COM6	D2:38	55.0	-77.5
2026-04-23T16:05:16.756824	sess_a1ed894e	watch_01	00:01	00:01	COM6	D2:38	56.0	-74.5
2026-04-23T16:05:16.756824	sess_a1ed894e	watch_01	00:01	00:01	COM6	D2:38	58.0	-75.5
2026-04-23T16:05:16.756824	sess_a1ed894e	watch_01	00:01	00:01	COM6	D2:38	57.0	-75.5
2026-04-23T16:05:16.756824	sess_a1ed894e	watch_01	00:01	00:01	COM6	D2:38	58.0	-75.0
2026-04-23T16:05:16.756824	sess_a1ed894e	watch_01	00:01	00:01	COM6	D2:38	58.0	-76.0
2026-04-23T16:05:16.756824	sess_a1ed894e	watch_01	00:01	00:01	COM6	D2:38	54.0	-74.0
2026-04-23T16:05:16.756824	sess_a1ed894e	watch_01	00:01	00:01	COM6	D2:38	56.0	-75.5
2026-04-23T16:05:16.756824	sess_a1ed894e	watch_01	00:01	00:01	COM6	D2:38	55.0	-75.0
2026-04-23T16:05:16.756824	sess_a1ed894e	watch_01	00:01	00:01	COM6	D2:38	56.0	-76.5
2026-04-23T16:05:16.756824	sess_a1ed894e	watch_01	00:01	00:01	COM6	D2:38	56.0	-75.5
2026-04-23T16:05:16.756824	sess_a1ed894e	watch_01	00:01	00:01	COM6	D2:38	56.0	-74.5
2026-04-23T16:05:16.756824	sess_a1ed894e	watch_01	00:01	00:01	COM6	D2:38	56.0	-76.5
2026-04-23T16:05:16.756824	sess_a1ed894e	watch_01	00:01	00:01	COM6	D2:38	56.0	-76.5
2026-04-23T16:05:16.756824	sess_a1ed894e	watch_01	00:01	00:01	COM6	D2:38	55.0	-75.5
2026-04-23T16:05:16.756824	sess_a1ed894e	watch_01	00:01	00:01	COM6	D2:38	56.0	-75.5
2026-04-23T16:05:16.756824	sess_a1ed894e	watch_01	00:01	00:01	COM6	D2:38	55.0	-75.5
2026-04-23T16:05:16.756824	sess_a1ed894e	watch_01	00:01	00:01	COM6	D2:38	56.0	-76.5
2026-04-23T16:05:16.756824	sess_a1ed894e	watch_01	00:01	00:01	COM6	D2:38	54.0	-76.0
2026-04-23T16:05:16.756824	sess_a1ed894e	watch_01	00:01	00:01	COM6	D2:38	57.0	-75.0
2026-04-23T16:05:16.756824	sess_a1ed894e	watch_01	00:01	00:01	COM6	D2:38	55.0	-76.5
2026-04-23T16:05:16.756824	sess_a1ed894e	watch_01	00:01	00:01	COM6	D2:38	54.0	-75.5
2026-04-23T16:05:16.756824	sess_a1ed894e	watch_01	00:01	00:01	COM6	D2:38	55.0	-75.5
2026-04-23T16:05:16.756824	sess_a1ed894e	watch_01	00:01	00:01	COM6	D2:38	57.0	-76.5
2026-04-23T16:05:16.756824	sess_a1ed894e	watch_01	00:01	00:01	COM6	D2:38	55.0	-75.5
2026-04-23T16:05:16.756824	sess_a1ed894e	watch_01	00:01	00:01	COM6	D2:38	54.0	-75.5
2026-04-23T16:05:16.756824	sess_a1ed894e	watch_01	00:01	00:01	COM6	D2:38	55.0	-75.0
2026-04-23T16:05:16.756824	sess_a1ed894e	watch_01	00:01	00:01	COM6	D2:38	55.0	-77.0
2026-04-23T16:05:16.756824	sess_a1ed894e	watch_01	00:01	00:01	COM6	D2:38	57.0	-75.5
2026-04-23T16:05:16.756824	sess_a1ed894e	watch_01	00:01	00:01	COM6	D2:38	56.0	-78.0
2026-04-23T16:05:16.756824	sess_a1ed894e	watch_01	00:01	00:01	COM6	D2:38	57.0	-75.5
2026-04-23T16:05:16.756824	sess_a1ed894e	watch_01	00:01	00:01	COM6	D2:38	57.0	-75.5
2026-04-23T16:05:16.756824	sess_a1ed894e	watch_01	00:01	00:01	COM6	D2:38	55.0	-75.0
2026-04-23T16:05:16.756824	sess_a1ed894e	watch_01	00:01	00:01	COM6	D2:38	55.0	-75.0
2026-04-23T16:05:16.756824	sess_a1ed894e	watch_01	00:01	00:01	COM6	D2:38	55.0	-75.0
2026-04-23T16:05:16.756824	sess_a1ed894e	watch_01	00:01	00:01	COM6	D2:38	57.0	-75.5
2026-04-23T16:05:16.756824	sess_a1ed894e	watch_01	00:01	00:01	COM6	D2:38	56.0	-76.0
2026-04-23T16:05:16.756824	sess_a1ed894e	watch_01	00:01	00:01	COM6	D2:38	55.0	-76.5
2026-04-23T16:05:16.756824	sess_a1ed894e	watch_01	00:01	00:01	COM6	D2:38	56.0	-76.0
2026-04-23T16:05:16.756824	sess_a1ed894e	watch_01	00:01	00:01	COM6	D2:38	55.0	-76.0
2026-04-23T16:05:16.756824	sess_a1ed894e	watch_01	00:01	00:01	COM6	D2:38	57.0	-76.5
2026-04-23T16:05:16.756824	sess_a1ed894e	watch_01	00:01	00:01	COM6	D2:38	57.0	-76.5
2026-04-23T16:05:16.756824	sess_a1ed894e	watch_01	00:01	00:01	COM6	D2:38	55.0	-75.5
2026-04-23T16:05:16.756824	sess_a1ed894e	watch_01	00:01	00:01	COM6	D2:38	57.0	-75.0
2026-04-23T16:05:16.756824	sess_a1ed894e	watch_01	00:01	00:01	COM6	D2:38	57.0	-77.0
2026-04-23T16:05:16.756824	sess_a1ed894e	watch_01	00:01	00:01	COM6	D2:38	53.0	-76.0
2026-04-23T16:05:16.756824	sess_a1ed894e	watch_01	00:01	00:01	COM6	D2:38	56.0	-75.0
2026-04-23T16:05:16.756824	sess_a1ed894e	watch_01	00:01	00:01	COM6	D2:38	55.0	-75.0
2026-04-23T16:05:32.669175	sess_efd239c0	watch_01	00:02	00:02	COM9	5B:BF	65.0	-77.5
2026-04-23T16:05:32.669175	sess_efd239c0	watch_01	00:02	00:02	COM9	5B:BF	65.0	-76.0
2026-04-23T16:05:32.669175	sess_efd239c0	watch_01	00:02	00:02	COM9	5B:BF	64.0	-78.0
2026-04-23T16:05:32.669175	sess_efd239c0	watch_01	00:02	00:02	COM9	5B:BF	64.0	-76.0
2026-04-23T16:05:32.669175	sess_efd239c0	watch_01	00:02	00:02	COM9	5B:BF	59.0	-76.5
2026-04-23T16:05:32.669175	sess_efd239c0	watch_01	00:02	00:02	COM9	5B:BF	64.0	-77.0
2026-04-23T16:05:32.669175	sess_efd239c0	watch_01	00:02	00:02	COM9	5B:BF	63.0	-76.0
2026-04-23T16:05:32.669175	sess_efd239c0	watch_01	00:02	00:02	COM9	5B:BF	62.0	-78.0
2026-04-23T16:05:32.669175	sess_efd239c0	watch_01	00:02	00:02	COM9	5B:BF	59.0	-77.0
2026-04-23T16:05:32.669175	sess_efd239c0	watch_01	00:02	00:02	COM9	5B:BF	64.0	-77.0
2026-04-23T16:05:32.669175	sess_efd239c0	watch_01	00:02	00:02	COM9	5B:BF	131.0	-88.5
2026-04-23T16:05:32.669175	sess_efd239c0	watch_01	00:02	00:02	COM9	5B:BF	57.0	-75.5
2026-04-23T16:05:32.669175	sess_efd239c0	watch_01	00:02	00:02	COM9	5B:BF	64.0	-76.5
2026-04-23T16:05:32.669175	sess_efd239c0	watch_01	00:02	00:02	COM9	5B:BF	132.0	-77.0
2026-04-23T16:05:32.669175	sess_efd239c0	watch_01	00:02	00:02	COM9	5B:BF	65.0	-77.0
2026-04-23T16:05:32.669175	sess_efd239c0	watch_01	00:02	00:02	COM9	5B:BF	64.0	-78.0
2026-04-23T16:05:32.669175	sess_efd239c0	watch_01	00:02	00:02	COM9	5B:BF	67.0	-77.0
2026-04-23T16:05:32.669175	sess_efd239c0	watch_01	00:02	00:02	COM9	5B:BF	69.0	-78.0
2026-04-23T16:05:32.669175	sess_efd239c0	watch_01	00:02	00:02	COM9	5B:BF	69.0	-78.0
2026-04-23T16:05:32.669175	sess_efd239c0	watch_01	00:02	00:02	COM9	5B:BF	70.0	-78.5
2026-04-23T16:05:32.669175	sess_efd239c0	watch_01	00:02	00:02	COM9	5B:BF	71.0	-78.0
2026-04-23T16:05:32.669175	sess_efd239c0	watch_01	00:02	00:02	COM9	5B:BF	69.0	-77.5
2026-04-23T16:05:32.669175	sess_efd239c0	watch_01	00:02	00:02	COM9	5B:BF	64.0	-77.0
2026-04-23T16:05:32.669175	sess_efd239c0	watch_01	00:02	00:02	COM9	5B:BF	56.0	-76.5
2026-04-23T16:05:32.669175	sess_efd239c0	watch_01	00:02	00:02	COM9	5B:BF	71.0	-78.0
2026-04-23T16:05:32.669175	sess_efd239c0	watch_01	00:02	00:02	COM9	5B:BF	61.0	-76.5
2026-04-23T16:05:32.669175	sess_efd239c0	watch_01	00:02	00:02	COM9	5B:BF	64.0	-77.0
2026-04-23T16:05:32.669175	sess_efd239c0	watch_01	00:02	00:02	COM9	5B:BF	62.0	-77.0
2026-04-23T16:05:32.669175	sess_efd239c0	watch_01	00:02	00:02	COM9	5B:BF	74.0	-76.5
2026-04-23T16:05:32.669175	sess_efd239c0	watch_01	00:02	00:02	COM9	5B:BF	70.0	-77.5
2026-04-23T16:05:32.669175	sess_efd239c0	watch_01	00:02	00:02	COM9	5B:BF	56.0	-78.5
2026-04-23T16:05:32.669175	sess_efd239c0	watch_01	00:02	00:02	COM9	5B:BF	66.0	-77.5
2026-04-23T16:05:32.669175	sess_efd239c0	watch_01	00:02	00:02	COM9	5B:BF	61.0	-76.0
2026-04-23T16:05:32.669175	sess_efd239c0	watch_01	00:02	00:02	COM9	5B:BF	69.0	-77.0
2026-04-23T16:05:32.669175	sess_efd239c0	watch_01	00:02	00:02	COM9	5B:BF	66.0	-76.5
2026-04-23T16:05:32.669175	sess_efd239c0	watch_01	00:02	00:02	COM9	5B:BF	64.0	-76.0
2026-04-23T16:05:32.669175	sess_efd239c0	watch_01	00:02	00:02	COM9	5B:BF	66.0	-78.5
2026-04-23T16:05:32.669175	sess_efd239c0	watch_01	00:02	00:02	COM9	5B:BF	65.0	-79.0
2026-04-23T16:05:32.669175	sess_efd239c0	watch_01	00:02	00:02	COM9	5B:BF	63.0	-76.0
2026-04-23T16:05:32.669175	sess_efd239c0	watch_01	00:02	00:02	COM9	5B:BF	68.0	-77.0
2026-04-23T16:05:32.669175	sess_efd239c0	watch_01	00:02	00:02	COM9	5B:BF	64.0	-76.0
2026-04-23T16:05:32.669175	sess_efd239c0	watch_01	00:02	00:02	COM9	5B:BF	68.0	-78.5
2026-04-23T16:05:32.669175	sess_efd239c0	watch_01	00:02	00:02	COM9	5B:BF	66.0	-78.5
2026-04-23T16:05:32.669175	sess_efd239c0	watch_01	00:02	00:02	COM9	5B:BF	63.0	-77.5
2026-04-23T16:05:32.669175	sess_efd239c0	watch_01	00:02	00:02	COM9	5B:BF	67.0	-77.5
2026-04-23T16:05:32.669175	sess_efd239c0	watch_01	00:02	00:02	COM9	5B:BF	65.0	-76.0
2026-04-23T16:05:32.669175	sess_efd239c0	watch_01	00:02	00:02	COM9	5B:BF	66.0	-78.0
2026-04-23T16:05:32.669175	sess_efd239c0	watch_01	00:02	00:02	COM9	5B:BF	65.0	-78.5
2026-04-23T16:05:32.669175	sess_efd239c0	watch_01	00:02	00:02	COM9	5B:BF	68.0	-78.0
2026-04-23T16:05:32.669175	sess_efd239c0	watch_01	00:02	00:02	COM9	5B:BF	68.0	-77.5
2026-04-23T16:05:32.669175	sess_efd239c0	watch_01	00:02	00:02	COM9	5B:BF	64.0	-76.5
2026-04-23T16:05:32.669175	sess_efd239c0	watch_01	00:02	00:02	COM9	5B:BF	65.0	-81.0
2026-04-23T16:05:32.669175	sess_efd239c0	watch_01	00:02	00:02	COM9	5B:BF	65.0	-76.5
2026-04-23T16:05:32.669175	sess_efd239c0	watch_01	00:02	00:02	COM9	5B:BF	65.0	-77.5
2026-04-23T16:05:32.669175	sess_efd239c0	watch_01	00:02	00:02	COM9	5B:BF	66.0	-77.0
2026-04-23T16:05:32.669175	sess_efd239c0	watch_01	00:02	00:02	COM9	5B:BF	65.0	-78.5
2026-04-23T16:05:32.669175	sess_efd239c0	watch_01	00:02	00:02	COM9	5B:BF	65.0	-77.0
2026-04-23T16:05:32.669175	sess_efd239c0	watch_01	00:02	00:02	COM9	5B:BF	64.0	-76.5
2026-04-23T16:05:32.669175	sess_efd239c0	watch_01	00:02	00:02	COM9	5B:BF	62.0	-77.0
2026-04-23T16:05:32.669175	sess_efd239c0	watch_01	00:02	00:02	COM9	5B:BF	66.0	-78.0
2026-04-23T16:05:32.669175	sess_efd239c0	watch_01	00:02	00:02	COM9	5B:BF	63.0	-78.0
2026-04-23T16:05:32.669175	sess_efd239c0	watch_01	00:02	00:02	COM9	5B:BF	64.0	-77.5
2026-04-23T16:05:32.669175	sess_efd239c0	watch_01	00:02	00:02	COM9	5B:BF	67.0	-78.0
2026-04-23T16:05:32.669175	sess_efd239c0	watch_01	00:02	00:02	COM9	5B:BF	66.0	-78.0
2026-04-23T16:05:32.669175	sess_efd239c0	watch_01	00:02	00:02	COM9	5B:BF	64.0	-80.5
2026-04-23T16:05:32.669175	sess_efd239c0	watch_01	00:02	00:02	COM9	5B:BF	64.0	-79.0
2026-04-23T16:05:32.669175	sess_efd239c0	watch_01	00:02	00:02	COM9	5B:BF	66.0	-79.0
2026-04-23T16:05:32.669175	sess_efd239c0	watch_01	00:02	00:02	COM9	5B:BF	64.0	-77.0
2026-04-23T16:05:32.669175	sess_efd239c0	watch_01	00:02	00:02	COM9	5B:BF	64.0	-78.0
2026-04-23T16:05:32.669175	sess_efd239c0	watch_01	00:02	00:02	COM9	5B:BF	64.0	-77.0
2026-04-23T16:05:32.669175	sess_efd239c0	watch_01	00:02	00:02	COM9	5B:BF	64.0	-77.5
2026-04-23T16:05:32.669175	sess_efd239c0	watch_01	00:02	00:02	COM9	5B:BF	67.0	-77.0
2026-04-23T16:05:32.669175	sess_efd239c0	watch_01	00:02	00:02	COM9	5B:BF	68.0	-77.0
2026-04-23T16:05:32.669175	sess_efd239c0	watch_01	00:02	00:02	COM9	5B:BF	68.0	-77.0
2026-04-23T16:05:32.669175	sess_efd239c0	watch_01	00:02	00:02	COM9	5B:BF	66.0	-78.5
2026-04-23T16:05:32.669175	sess_efd239c0	watch_01	00:02	00:02	COM9	5B:BF	65.0	-77.5
2026-04-23T16:05:48.421503	sess_98dbb95b	watch_01	00:03	00:03	COM10	DB:85	61.0	-72.0
2026-04-23T16:05:48.421503	sess_98dbb95b	watch_01	00:03	00:03	COM10	DB:85	57.0	-73.0
2026-04-23T16:05:48.421503	sess_98dbb95b	watch_01	00:03	00:03	COM10	DB:85	58.0	-70.0
2026-04-23T16:05:48.421503	sess_98dbb95b	watch_01	00:03	00:03	COM10	DB:85	61.0	-72.0
2026-04-23T16:05:48.421503	sess_98dbb95b	watch_01	00:03	00:03	COM10	DB:85	59.0	-71.0
2026-04-23T16:05:48.421503	sess_98dbb95b	watch_01	00:03	00:03	COM10	DB:85	62.0	-71.0
2026-04-23T16:05:48.421503	sess_98dbb95b	watch_01	00:03	00:03	COM10	DB:85	59.0	-71.0
2026-04-23T16:05:48.421503	sess_98dbb95b	watch_01	00:03	00:03	COM10	DB:85	60.0	-71.5
2026-04-23T16:05:48.421503	sess_98dbb95b	watch_01	00:03	00:03	COM10	DB:85	61.0	-71.5
2026-04-23T16:05:48.421503	sess_98dbb95b	watch_01	00:03	00:03	COM10	DB:85	61.0	-72.0
2026-04-23T16:05:48.421503	sess_98dbb95b	watch_01	00:03	00:03	COM10	DB:85	58.0	-71.5
2026-04-23T16:05:48.421503	sess_98dbb95b	watch_01	00:03	00:03	COM10	DB:85	59.0	-72.5
2026-04-23T16:05:48.421503	sess_98dbb95b	watch_01	00:03	00:03	COM10	DB:85	59.0	-71.5
2026-04-23T16:05:48.421503	sess_98dbb95b	watch_01	00:03	00:03	COM10	DB:85	59.0	-71.5
2026-04-23T16:05:48.421503	sess_98dbb95b	watch_01	00:03	00:03	COM10	DB:85	58.0	-71.0
2026-04-23T16:05:48.421503	sess_98dbb95b	watch_01	00:03	00:03	COM10	DB:85	59.0	-71.0
2026-04-23T16:05:48.421503	sess_98dbb95b	watch_01	00:03	00:03	COM10	DB:85	58.0	-71.5
2026-04-23T16:05:48.421503	sess_98dbb95b	watch_01	00:03	00:03	COM10	DB:85	58.0	-71.0
2026-04-23T16:05:48.421503	sess_98dbb95b	watch_01	00:03	00:03	COM10	DB:85	58.0	-71.0
2026-04-23T16:05:48.421503	sess_98dbb95b	watch_01	00:03	00:03	COM10	DB:85	60.0	-72.5
2026-04-23T16:05:48.421503	sess_98dbb95b	watch_01	00:03	00:03	COM10	DB:85	60.0	-72.0
2026-04-23T16:05:48.421503	sess_98dbb95b	watch_01	00:03	00:03	COM10	DB:85	58.0	-71.0
2026-04-23T16:05:48.421503	sess_98dbb95b	watch_01	00:03	00:03	COM10	DB:85	60.0	-71.0
2026-04-23T16:05:48.421503	sess_98dbb95b	watch_01	00:03	00:03	COM10	DB:85	60.0	-71.5
2026-04-23T16:05:48.421503	sess_98dbb95b	watch_01	00:03	00:03	COM10	DB:85	58.0	-71.5
2026-04-23T16:05:48.421503	sess_98dbb95b	watch_01	00:03	00:03	COM10	DB:85	58.0	-71.0
2026-04-23T16:05:48.421503	sess_98dbb95b	watch_01	00:03	00:03	COM10	DB:85	55.0	-72.5
2026-04-23T16:05:48.421503	sess_98dbb95b	watch_01	00:03	00:03	COM10	DB:85	61.0	-70.5
2026-04-23T16:05:48.421503	sess_98dbb95b	watch_01	00:03	00:03	COM10	DB:85	61.0	-70.0
2026-04-23T16:05:48.421503	sess_98dbb95b	watch_01	00:03	00:03	COM10	DB:85	63.0	-71.0
2026-04-23T16:05:48.421503	sess_98dbb95b	watch_01	00:03	00:03	COM10	DB:85	60.0	-71.0
2026-04-23T16:05:48.421503	sess_98dbb95b	watch_01	00:03	00:03	COM10	DB:85	58.0	-74.0
2026-04-23T16:05:48.421503	sess_98dbb95b	watch_01	00:03	00:03	COM10	DB:85	60.0	-71.5
2026-04-23T16:05:48.421503	sess_98dbb95b	watch_01	00:03	00:03	COM10	DB:85	62.0	-71.0
2026-04-23T16:05:48.421503	sess_98dbb95b	watch_01	00:03	00:03	COM10	DB:85	58.0	-71.5
2026-04-23T16:05:48.421503	sess_98dbb95b	watch_01	00:03	00:03	COM10	DB:85	58.0	-71.0
2026-04-23T16:05:48.421503	sess_98dbb95b	watch_01	00:03	00:03	COM10	DB:85	61.0	-73.0
2026-04-23T16:05:48.421503	sess_98dbb95b	watch_01	00:03	00:03	COM10	DB:85	55.0	-73.0
2026-04-23T16:05:48.421503	sess_98dbb95b	watch_01	00:03	00:03	COM10	DB:85	58.0	-71.0
2026-04-23T16:05:48.421503	sess_98dbb95b	watch_01	00:03	00:03	COM10	DB:85	58.0	-71.0
2026-04-23T16:05:48.421503	sess_98dbb95b	watch_01	00:03	00:03	COM10	DB:85	56.0	-74.0
2026-04-23T16:05:48.421503	sess_98dbb95b	watch_01	00:03	00:03	COM10	DB:85	58.0	-71.5
2026-04-23T16:05:48.421503	sess_98dbb95b	watch_01	00:03	00:03	COM10	DB:85	60.0	-71.5
2026-04-23T16:05:48.421503	sess_98dbb95b	watch_01	00:03	00:03	COM10	DB:85	56.0	-72.5
2026-04-23T16:05:48.421503	sess_98dbb95b	watch_01	00:03	00:03	COM10	DB:85	58.0	-71.0
2026-04-23T16:05:48.421503	sess_98dbb95b	watch_01	00:03	00:03	COM10	DB:85	60.0	-72.0
2026-04-23T16:05:48.421503	sess_98dbb95b	watch_01	00:03	00:03	COM10	DB:85	59.0	-71.0
2026-04-23T16:05:48.421503	sess_98dbb95b	watch_01	00:03	00:03	COM10	DB:85	56.0	-72.0
2026-04-23T16:05:48.421503	sess_98dbb95b	watch_01	00:03	00:03	COM10	DB:85	57.0	-71.0
2026-04-23T16:05:48.421503	sess_98dbb95b	watch_01	00:03	00:03	COM10	DB:85	58.0	-72.5
2026-04-23T16:05:48.421503	sess_98dbb95b	watch_01	00:03	00:03	COM10	DB:85	60.0	-73.0
2026-04-23T16:05:48.421503	sess_98dbb95b	watch_01	00:03	00:03	COM10	DB:85	59.0	-72.5
2026-04-23T16:05:48.421503	sess_98dbb95b	watch_01	00:03	00:03	COM10	DB:85	57.0	-71.0
2026-04-23T16:05:48.421503	sess_98dbb95b	watch_01	00:03	00:03	COM10	DB:85	58.0	-71.0
2026-04-23T16:05:48.421503	sess_98dbb95b	watch_01	00:03	00:03	COM10	DB:85	60.0	-71.5
2026-04-23T16:05:48.421503	sess_98dbb95b	watch_01	00:03	00:03	COM10	DB:85	59.0	-72.0
2026-04-23T16:05:48.421503	sess_98dbb95b	watch_01	00:03	00:03	COM10	DB:85	61.0	-71.5
2026-04-23T16:05:48.421503	sess_98dbb95b	watch_01	00:03	00:03	COM10	DB:85	58.0	-71.0
2026-04-23T16:05:48.421503	sess_98dbb95b	watch_01	00:03	00:03	COM10	DB:85	59.0	-71.0
2026-04-23T16:05:48.421503	sess_98dbb95b	watch_01	00:03	00:03	COM10	DB:85	57.0	-71.0
2026-04-23T16:05:48.421503	sess_98dbb95b	watch_01	00:03	00:03	COM10	DB:85	57.0	-71.5
2026-04-23T16:05:48.421503	sess_98dbb95b	watch_01	00:03	00:03	COM10	DB:85	58.0	-71.5
2026-04-23T16:05:48.421503	sess_98dbb95b	watch_01	00:03	00:03	COM10	DB:85	58.0	-71.5
2026-04-23T16:05:48.421503	sess_98dbb95b	watch_01	00:03	00:03	COM10	DB:85	55.0	-72.0
2026-04-23T16:05:48.421503	sess_98dbb95b	watch_01	00:03	00:03	COM10	DB:85	59.0	-72.0
2026-04-23T16:05:48.421503	sess_98dbb95b	watch_01	00:03	00:03	COM10	DB:85	56.0	-72.5
2026-04-23T16:05:48.421503	sess_98dbb95b	watch_01	00:03	00:03	COM10	DB:85	57.0	-71.5
2026-04-23T16:05:48.421503	sess_98dbb95b	watch_01	00:03	00:03	COM10	DB:85	57.0	-71.0
2026-04-23T16:05:48.421503	sess_98dbb95b	watch_01	00:03	00:03	COM10	DB:85	60.0	-71.5
2026-04-23T16:05:48.421503	sess_98dbb95b	watch_01	00:03	00:03	COM10	DB:85	58.0	-71.5
2026-04-23T16:05:48.421503	sess_98dbb95b	watch_01	00:03	00:03	COM10	DB:85	59.0	-72.0
2026-04-23T16:05:48.421503	sess_98dbb95b	watch_01	00:03	00:03	COM10	DB:85	58.0	-72.5
2026-04-23T16:05:48.421503	sess_98dbb95b	watch_01	00:03	00:03	COM10	DB:85	57.0	-71.0
2026-04-23T16:05:48.421503	sess_98dbb95b	watch_01	00:03	00:03	COM10	DB:85	57.0	-71.5
2026-04-23T16:05:48.421503	sess_98dbb95b	watch_01	00:03	00:03	COM10	DB:85	61.0	-71.5
2026-04-23T16:05:48.421503	sess_98dbb95b	watch_01	00:03	00:03	COM10	DB:85	61.0	-71.0
2026-04-23T16:05:48.421503	sess_98dbb95b	watch_01	00:03	00:03	COM10	DB:85	60.0	-71.0
2026-04-23T16:05:48.421503	sess_98dbb95b	watch_01	00:03	00:03	COM10	DB:85	58.0	-71.5
2026-04-23T16:05:48.421503	sess_98dbb95b	watch_01	00:03	00:03	COM10	DB:85	61.0	-71.5
2026-04-23T16:05:48.421503	sess_98dbb95b	watch_01	00:03	00:03	COM10	DB:85	60.0	-72.5
2026-04-23T16:06:04.470436	sess_9a752229	watch_01	00:01	00:01	COM6	40:ED	56.0	-76.5
2026-04-23T16:06:04.470436	sess_9a752229	watch_01	00:01	00:01	COM6	40:ED	57.0	-75.0
2026-04-23T16:06:04.470436	sess_9a752229	watch_01	00:01	00:01	COM6	40:ED	55.0	-75.5
2026-04-23T16:06:04.470436	sess_9a752229	watch_01	00:01	00:01	COM6	40:ED	58.0	-76.5
2026-04-23T16:06:04.470436	sess_9a752229	watch_01	00:01	00:01	COM6	40:ED	56.0	-75.5
2026-04-23T16:06:04.470436	sess_9a752229	watch_01	00:01	00:01	COM6	40:ED	55.0	-76.0
2026-04-23T16:06:04.470436	sess_9a752229	watch_01	00:01	00:01	COM6	40:ED	55.0	-75.0
2026-04-23T16:06:04.470436	sess_9a752229	watch_01	00:01	00:01	COM6	40:ED	57.0	-76.5
2026-04-23T16:06:04.470436	sess_9a752229	watch_01	00:01	00:01	COM6	40:ED	57.0	-75.5
2026-04-23T16:06:04.470436	sess_9a752229	watch_01	00:01	00:01	COM6	40:ED	58.0	-76.0
2026-04-23T16:06:04.470436	sess_9a752229	watch_01	00:01	00:01	COM6	40:ED	55.0	-75.5
2026-04-23T16:06:04.470436	sess_9a752229	watch_01	00:01	00:01	COM6	40:ED	58.0	-76.5
2026-04-23T16:06:04.470436	sess_9a752229	watch_01	00:01	00:01	COM6	40:ED	57.0	-75.0
2026-04-23T16:06:04.470436	sess_9a752229	watch_01	00:01	00:01	COM6	40:ED	57.0	-77.0
2026-04-23T16:06:04.470436	sess_9a752229	watch_01	00:01	00:01	COM6	40:ED	55.0	-76.0
2026-04-23T16:06:04.470436	sess_9a752229	watch_01	00:01	00:01	COM6	40:ED	55.0	-75.5
2026-04-23T16:06:04.470436	sess_9a752229	watch_01	00:01	00:01	COM6	40:ED	56.0	-75.5
2026-04-23T16:06:04.470436	sess_9a752229	watch_01	00:01	00:01	COM6	40:ED	56.0	-75.5
2026-04-23T16:06:04.470436	sess_9a752229	watch_01	00:01	00:01	COM6	40:ED	54.0	-75.5
2026-04-23T16:06:04.470436	sess_9a752229	watch_01	00:01	00:01	COM6	40:ED	57.0	-76.0
2026-04-23T16:06:04.470436	sess_9a752229	watch_01	00:01	00:01	COM6	40:ED	56.0	-76.0
2026-04-23T16:06:04.470436	sess_9a752229	watch_01	00:01	00:01	COM6	40:ED	55.0	-76.5
2026-04-23T16:06:04.470436	sess_9a752229	watch_01	00:01	00:01	COM6	40:ED	56.0	-76.0
2026-04-23T16:06:04.470436	sess_9a752229	watch_01	00:01	00:01	COM6	40:ED	55.0	-76.5
2026-04-23T16:06:04.470436	sess_9a752229	watch_01	00:01	00:01	COM6	40:ED	56.0	-75.5
2026-04-23T16:06:04.470436	sess_9a752229	watch_01	00:01	00:01	COM6	40:ED	54.0	-75.0
2026-04-23T16:06:04.470436	sess_9a752229	watch_01	00:01	00:01	COM6	40:ED	54.0	-75.0
2026-04-23T16:06:04.470436	sess_9a752229	watch_01	00:01	00:01	COM6	40:ED	58.0	-74.5
2026-04-23T16:06:04.470436	sess_9a752229	watch_01	00:01	00:01	COM6	40:ED	56.0	-75.5
2026-04-23T16:06:04.470436	sess_9a752229	watch_01	00:01	00:01	COM6	40:ED	56.0	-76.0
2026-04-23T16:06:04.470436	sess_9a752229	watch_01	00:01	00:01	COM6	40:ED	56.0	-75.0
2026-04-23T16:06:04.470436	sess_9a752229	watch_01	00:01	00:01	COM6	40:ED	55.0	-76.0
2026-04-23T16:06:04.470436	sess_9a752229	watch_01	00:01	00:01	COM6	40:ED	56.0	-75.5
2026-04-23T16:06:04.470436	sess_9a752229	watch_01	00:01	00:01	COM6	40:ED	57.0	-74.5
2026-04-23T16:06:04.470436	sess_9a752229	watch_01	00:01	00:01	COM6	40:ED	56.0	-75.5
2026-04-23T16:06:04.470436	sess_9a752229	watch_01	00:01	00:01	COM6	40:ED	58.0	-75.5
2026-04-23T16:06:04.470436	sess_9a752229	watch_01	00:01	00:01	COM6	40:ED	56.0	-75.5
2026-04-23T16:06:04.471945	sess_9a752229	watch_01	00:01	00:01	COM6	40:ED	54.0	-76.5
2026-04-23T16:06:04.471945	sess_9a752229	watch_01	00:01	00:01	COM6	40:ED	58.0	-75.5
2026-04-23T16:06:04.471945	sess_9a752229	watch_01	00:01	00:01	COM6	40:ED	57.0	-75.5
2026-04-23T16:06:04.471945	sess_9a752229	watch_01	00:01	00:01	COM6	40:ED	55.0	-75.0
2026-04-23T16:06:04.471945	sess_9a752229	watch_01	00:01	00:01	COM6	40:ED	56.0	-76.0
2026-04-23T16:06:04.471945	sess_9a752229	watch_01	00:01	00:01	COM6	40:ED	56.0	-76.5
2026-04-23T16:06:04.471945	sess_9a752229	watch_01	00:01	00:01	COM6	40:ED	57.0	-75.0
2026-04-23T16:06:04.471945	sess_9a752229	watch_01	00:01	00:01	COM6	40:ED	56.0	-75.5
2026-04-23T16:06:04.471945	sess_9a752229	watch_01	00:01	00:01	COM6	40:ED	55.0	-75.5
2026-04-23T16:06:04.471945	sess_9a752229	watch_01	00:01	00:01	COM6	40:ED	56.0	-75.5
2026-04-23T16:06:04.471945	sess_9a752229	watch_01	00:01	00:01	COM6	40:ED	55.0	-75.5
2026-04-23T16:06:04.471945	sess_9a752229	watch_01	00:01	00:01	COM6	40:ED	55.0	-77.0
2026-04-23T16:06:04.471945	sess_9a752229	watch_01	00:01	00:01	COM6	40:ED	54.0	-75.5
2026-04-23T16:06:04.471945	sess_9a752229	watch_01	00:01	00:01	COM6	40:ED	54.0	-75.5
2026-04-23T16:06:04.471945	sess_9a752229	watch_01	00:01	00:01	COM6	40:ED	57.0	-75.5
2026-04-23T16:06:04.471945	sess_9a752229	watch_01	00:01	00:01	COM6	40:ED	56.0	-75.5
2026-04-23T16:06:04.471945	sess_9a752229	watch_01	00:01	00:01	COM6	40:ED	56.0	-76.0
2026-04-23T16:06:04.471945	sess_9a752229	watch_01	00:01	00:01	COM6	40:ED	56.0	-75.5
2026-04-23T16:06:04.471945	sess_9a752229	watch_01	00:01	00:01	COM6	40:ED	55.0	-76.0
2026-04-23T16:06:04.471945	sess_9a752229	watch_01	00:01	00:01	COM6	40:ED	57.0	-75.5
2026-04-23T16:06:04.471945	sess_9a752229	watch_01	00:01	00:01	COM6	40:ED	56.0	-75.5
2026-04-23T16:06:04.471945	sess_9a752229	watch_01	00:01	00:01	COM6	40:ED	56.0	-75.5
2026-04-23T16:06:04.471945	sess_9a752229	watch_01	00:01	00:01	COM6	40:ED	56.0	-78.0
2026-04-23T16:06:04.471945	sess_9a752229	watch_01	00:01	00:01	COM6	40:ED	55.0	-75.5
2026-04-23T16:06:04.471945	sess_9a752229	watch_01	00:01	00:01	COM6	40:ED	56.0	-75.5
2026-04-23T16:06:04.472951	sess_9a752229	watch_01	00:01	00:01	COM6	40:ED	56.0	-75.0
2026-04-23T16:06:04.472951	sess_9a752229	watch_01	00:01	00:01	COM6	40:ED	56.0	-75.0
2026-04-23T16:06:04.472951	sess_9a752229	watch_01	00:01	00:01	COM6	40:ED	56.0	-75.0
2026-04-23T16:06:04.472951	sess_9a752229	watch_01	00:01	00:01	COM6	40:ED	55.0	-77.5
2026-04-23T16:06:04.472951	sess_9a752229	watch_01	00:01	00:01	COM6	40:ED	56.0	-76.5
2026-04-23T16:06:04.472951	sess_9a752229	watch_01	00:01	00:01	COM6	40:ED	57.0	-75.5
2026-04-23T16:06:04.472951	sess_9a752229	watch_01	00:01	00:01	COM6	40:ED	57.0	-76.0
2026-04-23T16:06:04.472951	sess_9a752229	watch_01	00:01	00:01	COM6	40:ED	56.0	-76.0
2026-04-23T16:06:04.472951	sess_9a752229	watch_01	00:01	00:01	COM6	40:ED	56.0	-75.5
2026-04-23T16:06:04.472951	sess_9a752229	watch_01	00:01	00:01	COM6	40:ED	54.0	-76.5
2026-04-23T16:06:04.472951	sess_9a752229	watch_01	00:01	00:01	COM6	40:ED	57.0	-76.0
2026-04-23T16:06:04.472951	sess_9a752229	watch_01	00:01	00:01	COM6	40:ED	55.0	-75.0
2026-04-23T16:06:04.472951	sess_9a752229	watch_01	00:01	00:01	COM6	40:ED	56.0	-75.5
2026-04-23T16:06:04.472951	sess_9a752229	watch_01	00:01	00:01	COM6	40:ED	55.0	-76.0
2026-04-23T16:06:04.472951	sess_9a752229	watch_01	00:01	00:01	COM6	40:ED	57.0	-76.0
2026-04-23T16:06:04.472951	sess_9a752229	watch_01	00:01	00:01	COM6	40:ED	54.0	-75.0
2026-04-23T16:06:04.472951	sess_9a752229	watch_01	00:01	00:01	COM6	40:ED	56.0	-75.5
2026-04-23T16:06:04.472951	sess_9a752229	watch_01	00:01	00:01	COM6	40:ED	54.0	-76.0
2026-04-23T16:06:20.233335	sess_94732503	watch_01	00:02	00:02	COM9	E9:97	64.0	-77.5
2026-04-23T16:06:20.233335	sess_94732503	watch_01	00:02	00:02	COM9	E9:97	66.0	-78.5
2026-04-23T16:06:20.233335	sess_94732503	watch_01	00:02	00:02	COM9	E9:97	65.0	-79.0
2026-04-23T16:06:20.233335	sess_94732503	watch_01	00:02	00:02	COM9	E9:97	67.0	-78.5
2026-04-23T16:06:20.233335	sess_94732503	watch_01	00:02	00:02	COM9	E9:97	65.0	-77.0
2026-04-23T16:06:20.233335	sess_94732503	watch_01	00:02	00:02	COM9	E9:97	65.0	-77.5
2026-04-23T16:06:20.233335	sess_94732503	watch_01	00:02	00:02	COM9	E9:97	67.0	-78.5
2026-04-23T16:06:20.233335	sess_94732503	watch_01	00:02	00:02	COM9	E9:97	66.0	-78.0
2026-04-23T16:06:20.233335	sess_94732503	watch_01	00:02	00:02	COM9	E9:97	64.0	-76.5
2026-04-23T16:06:20.233335	sess_94732503	watch_01	00:02	00:02	COM9	E9:97	64.0	-79.0
2026-04-23T16:06:20.233335	sess_94732503	watch_01	00:02	00:02	COM9	E9:97	66.0	-77.5
2026-04-23T16:06:20.233335	sess_94732503	watch_01	00:02	00:02	COM9	E9:97	64.0	-77.0
2026-04-23T16:06:20.233335	sess_94732503	watch_01	00:02	00:02	COM9	E9:97	65.0	-77.5
2026-04-23T16:06:20.233335	sess_94732503	watch_01	00:02	00:02	COM9	E9:97	65.0	-76.5
2026-04-23T16:06:20.233335	sess_94732503	watch_01	00:02	00:02	COM9	E9:97	67.0	-77.5
2026-04-23T16:06:20.233335	sess_94732503	watch_01	00:02	00:02	COM9	E9:97	67.0	-78.0
2026-04-23T16:06:20.233335	sess_94732503	watch_01	00:02	00:02	COM9	E9:97	65.0	-78.0
2026-04-23T16:06:20.233335	sess_94732503	watch_01	00:02	00:02	COM9	E9:97	65.0	-77.0
2026-04-23T16:06:20.233335	sess_94732503	watch_01	00:02	00:02	COM9	E9:97	63.0	-76.5
2026-04-23T16:06:20.233335	sess_94732503	watch_01	00:02	00:02	COM9	E9:97	66.0	-76.5
2026-04-23T16:06:20.233335	sess_94732503	watch_01	00:02	00:02	COM9	E9:97	66.0	-76.5
2026-04-23T16:06:20.233335	sess_94732503	watch_01	00:02	00:02	COM9	E9:97	67.0	-78.5
2026-04-23T16:06:20.233335	sess_94732503	watch_01	00:02	00:02	COM9	E9:97	65.0	-77.0
2026-04-23T16:06:20.233335	sess_94732503	watch_01	00:02	00:02	COM9	E9:97	64.0	-76.5
2026-04-23T16:06:20.233335	sess_94732503	watch_01	00:02	00:02	COM9	E9:97	66.0	-78.5
2026-04-23T16:06:20.233335	sess_94732503	watch_01	00:02	00:02	COM9	E9:97	66.0	-78.0
2026-04-23T16:06:20.233335	sess_94732503	watch_01	00:02	00:02	COM9	E9:97	63.0	-77.5
2026-04-23T16:06:20.233335	sess_94732503	watch_01	00:02	00:02	COM9	E9:97	65.0	-78.5
2026-04-23T16:06:20.233335	sess_94732503	watch_01	00:02	00:02	COM9	E9:97	68.0	-77.0
2026-04-23T16:06:20.233335	sess_94732503	watch_01	00:02	00:02	COM9	E9:97	68.0	-78.0
2026-04-23T16:06:20.233335	sess_94732503	watch_01	00:02	00:02	COM9	E9:97	66.0	-77.5
2026-04-23T16:06:20.233335	sess_94732503	watch_01	00:02	00:02	COM9	E9:97	67.0	-77.5
2026-04-23T16:06:20.233335	sess_94732503	watch_01	00:02	00:02	COM9	E9:97	67.0	-77.5
2026-04-23T16:06:20.233335	sess_94732503	watch_01	00:02	00:02	COM9	E9:97	66.0	-78.0
2026-04-23T16:06:20.233335	sess_94732503	watch_01	00:02	00:02	COM9	E9:97	65.0	-78.5
2026-04-23T16:06:20.233335	sess_94732503	watch_01	00:02	00:02	COM9	E9:97	64.0	-77.5
2026-04-23T16:06:20.233335	sess_94732503	watch_01	00:02	00:02	COM9	E9:97	64.0	-77.5
2026-04-23T16:06:20.233335	sess_94732503	watch_01	00:02	00:02	COM9	E9:97	64.0	-77.5
2026-04-23T16:06:20.233335	sess_94732503	watch_01	00:02	00:02	COM9	E9:97	68.0	-77.5
2026-04-23T16:06:20.233335	sess_94732503	watch_01	00:02	00:02	COM9	E9:97	64.0	-77.5
2026-04-23T16:06:20.233335	sess_94732503	watch_01	00:02	00:02	COM9	E9:97	66.0	-77.5
2026-04-23T16:06:20.233335	sess_94732503	watch_01	00:02	00:02	COM9	E9:97	68.0	-77.0
2026-04-23T16:06:20.233335	sess_94732503	watch_01	00:02	00:02	COM9	E9:97	63.0	-77.5
2026-04-23T16:06:20.233335	sess_94732503	watch_01	00:02	00:02	COM9	E9:97	64.0	-78.0
2026-04-23T16:06:20.233335	sess_94732503	watch_01	00:02	00:02	COM9	E9:97	68.0	-77.5
2026-04-23T16:06:20.233335	sess_94732503	watch_01	00:02	00:02	COM9	E9:97	66.0	-78.0
2026-04-23T16:06:20.233335	sess_94732503	watch_01	00:02	00:02	COM9	E9:97	66.0	-78.0
2026-04-23T16:06:20.233335	sess_94732503	watch_01	00:02	00:02	COM9	E9:97	66.0	-77.0
2026-04-23T16:06:20.233335	sess_94732503	watch_01	00:02	00:02	COM9	E9:97	67.0	-77.0
2026-04-23T16:06:20.233335	sess_94732503	watch_01	00:02	00:02	COM9	E9:97	63.0	-77.0
2026-04-23T16:06:20.233335	sess_94732503	watch_01	00:02	00:02	COM9	E9:97	65.0	-76.5
2026-04-23T16:06:20.233335	sess_94732503	watch_01	00:02	00:02	COM9	E9:97	63.0	-79.0
2026-04-23T16:06:20.233335	sess_94732503	watch_01	00:02	00:02	COM9	E9:97	69.0	-78.0
2026-04-23T16:06:20.233335	sess_94732503	watch_01	00:02	00:02	COM9	E9:97	65.0	-79.5
2026-04-23T16:06:20.233335	sess_94732503	watch_01	00:02	00:02	COM9	E9:97	67.0	-77.0
2026-04-23T16:06:20.233335	sess_94732503	watch_01	00:02	00:02	COM9	E9:97	66.0	-77.5
2026-04-23T16:06:20.233335	sess_94732503	watch_01	00:02	00:02	COM9	E9:97	63.0	-76.5
2026-04-23T16:06:20.233335	sess_94732503	watch_01	00:02	00:02	COM9	E9:97	68.0	-78.0
2026-04-23T16:06:20.233335	sess_94732503	watch_01	00:02	00:02	COM9	E9:97	64.0	-77.5
2026-04-23T16:06:20.233335	sess_94732503	watch_01	00:02	00:02	COM9	E9:97	63.0	-78.0
2026-04-23T16:06:20.233335	sess_94732503	watch_01	00:02	00:02	COM9	E9:97	64.0	-78.0
2026-04-23T16:06:20.233335	sess_94732503	watch_01	00:02	00:02	COM9	E9:97	65.0	-77.5
2026-04-23T16:06:20.233335	sess_94732503	watch_01	00:02	00:02	COM9	E9:97	64.0	-78.5
2026-04-23T16:06:20.233335	sess_94732503	watch_01	00:02	00:02	COM9	E9:97	63.0	-77.0
2026-04-23T16:06:20.233335	sess_94732503	watch_01	00:02	00:02	COM9	E9:97	65.0	-78.0
2026-04-23T16:06:20.233335	sess_94732503	watch_01	00:02	00:02	COM9	E9:97	68.0	-78.0
2026-04-23T16:06:20.233335	sess_94732503	watch_01	00:02	00:02	COM9	E9:97	67.0	-77.5
2026-04-23T16:06:20.233335	sess_94732503	watch_01	00:02	00:02	COM9	E9:97	67.0	-77.5
2026-04-23T16:06:20.233335	sess_94732503	watch_01	00:02	00:02	COM9	E9:97	66.0	-77.0
2026-04-23T16:06:20.233335	sess_94732503	watch_01	00:02	00:02	COM9	E9:97	69.0	-76.5
2026-04-23T16:06:20.233335	sess_94732503	watch_01	00:02	00:02	COM9	E9:97	64.0	-79.0
2026-04-23T16:06:20.233335	sess_94732503	watch_01	00:02	00:02	COM9	E9:97	65.0	-78.0
2026-04-23T16:06:36.241037	sess_482909af	watch_01	00:03	00:03	COM10	32:04	59.0	-72.0
2026-04-23T16:06:36.241037	sess_482909af	watch_01	00:03	00:03	COM10	32:04	56.0	-71.5
2026-04-23T16:06:36.241037	sess_482909af	watch_01	00:03	00:03	COM10	32:04	59.0	-72.0
2026-04-23T16:06:36.241037	sess_482909af	watch_01	00:03	00:03	COM10	32:04	60.0	-71.5
2026-04-23T16:06:36.241037	sess_482909af	watch_01	00:03	00:03	COM10	32:04	60.0	-71.0
2026-04-23T16:06:36.241037	sess_482909af	watch_01	00:03	00:03	COM10	32:04	59.0	-71.5
2026-04-23T16:06:36.241037	sess_482909af	watch_01	00:03	00:03	COM10	32:04	55.0	-71.5
2026-04-23T16:06:36.241037	sess_482909af	watch_01	00:03	00:03	COM10	32:04	58.0	-71.0
2026-04-23T16:06:36.241037	sess_482909af	watch_01	00:03	00:03	COM10	32:04	57.0	-71.0
2026-04-23T16:06:36.241037	sess_482909af	watch_01	00:03	00:03	COM10	32:04	56.0	-71.0
2026-04-23T16:06:36.241037	sess_482909af	watch_01	00:03	00:03	COM10	32:04	58.0	-71.5
2026-04-23T16:06:36.241037	sess_482909af	watch_01	00:03	00:03	COM10	32:04	60.0	-71.5
2026-04-23T16:06:36.241037	sess_482909af	watch_01	00:03	00:03	COM10	32:04	59.0	-71.5
2026-04-23T16:06:36.241037	sess_482909af	watch_01	00:03	00:03	COM10	32:04	60.0	-72.0
2026-04-23T16:06:36.241037	sess_482909af	watch_01	00:03	00:03	COM10	32:04	58.0	-72.0
2026-04-23T16:06:36.241037	sess_482909af	watch_01	00:03	00:03	COM10	32:04	59.0	-71.0
2026-04-23T16:06:36.241037	sess_482909af	watch_01	00:03	00:03	COM10	32:04	57.0	-71.0
2026-04-23T16:06:36.241037	sess_482909af	watch_01	00:03	00:03	COM10	32:04	61.0	-72.0
2026-04-23T16:06:36.241037	sess_482909af	watch_01	00:03	00:03	COM10	32:04	59.0	-71.5
2026-04-23T16:06:36.241037	sess_482909af	watch_01	00:03	00:03	COM10	32:04	57.0	-71.0
2026-04-23T16:06:36.241037	sess_482909af	watch_01	00:03	00:03	COM10	32:04	58.0	-71.5
2026-04-23T16:06:36.241037	sess_482909af	watch_01	00:03	00:03	COM10	32:04	58.0	-70.5
2026-04-23T16:06:36.241037	sess_482909af	watch_01	00:03	00:03	COM10	32:04	58.0	-71.5
2026-04-23T16:06:36.241037	sess_482909af	watch_01	00:03	00:03	COM10	32:04	60.0	-71.5
2026-04-23T16:06:36.241037	sess_482909af	watch_01	00:03	00:03	COM10	32:04	57.0	-71.5
2026-04-23T16:06:36.241037	sess_482909af	watch_01	00:03	00:03	COM10	32:04	60.0	-71.0
2026-04-23T16:06:36.241037	sess_482909af	watch_01	00:03	00:03	COM10	32:04	60.0	-71.0
2026-04-23T16:06:36.241037	sess_482909af	watch_01	00:03	00:03	COM10	32:04	60.0	-71.5
2026-04-23T16:06:36.241037	sess_482909af	watch_01	00:03	00:03	COM10	32:04	59.0	-71.0
2026-04-23T16:06:36.241037	sess_482909af	watch_01	00:03	00:03	COM10	32:04	60.0	-73.0
2026-04-23T16:06:36.241037	sess_482909af	watch_01	00:03	00:03	COM10	32:04	60.0	-71.5
2026-04-23T16:06:36.241037	sess_482909af	watch_01	00:03	00:03	COM10	32:04	59.0	-71.0
2026-04-23T16:06:36.241037	sess_482909af	watch_01	00:03	00:03	COM10	32:04	61.0	-71.5
2026-04-23T16:06:36.241037	sess_482909af	watch_01	00:03	00:03	COM10	32:04	58.0	-71.0
2026-04-23T16:06:36.241037	sess_482909af	watch_01	00:03	00:03	COM10	32:04	58.0	-72.0
2026-04-23T16:06:36.241037	sess_482909af	watch_01	00:03	00:03	COM10	32:04	60.0	-72.5
2026-04-23T16:06:36.241037	sess_482909af	watch_01	00:03	00:03	COM10	32:04	59.0	-71.5
2026-04-23T16:06:36.241037	sess_482909af	watch_01	00:03	00:03	COM10	32:04	58.0	-71.5
2026-04-23T16:06:36.241037	sess_482909af	watch_01	00:03	00:03	COM10	32:04	60.0	-71.5
2026-04-23T16:06:36.241037	sess_482909af	watch_01	00:03	00:03	COM10	32:04	59.0	-72.0
2026-04-23T16:06:36.241037	sess_482909af	watch_01	00:03	00:03	COM10	32:04	58.0	-71.5
2026-04-23T16:06:36.241037	sess_482909af	watch_01	00:03	00:03	COM10	32:04	56.0	-71.0
2026-04-23T16:06:36.241037	sess_482909af	watch_01	00:03	00:03	COM10	32:04	60.0	-72.0
2026-04-23T16:06:36.241037	sess_482909af	watch_01	00:03	00:03	COM10	32:04	57.0	-71.0
2026-04-23T16:06:36.241037	sess_482909af	watch_01	00:03	00:03	COM10	32:04	60.0	-71.0
2026-04-23T16:06:36.241037	sess_482909af	watch_01	00:03	00:03	COM10	32:04	58.0	-71.5
2026-04-23T16:06:36.241037	sess_482909af	watch_01	00:03	00:03	COM10	32:04	60.0	-71.5
2026-04-23T16:06:36.241037	sess_482909af	watch_01	00:03	00:03	COM10	32:04	58.0	-72.0
2026-04-23T16:06:36.241037	sess_482909af	watch_01	00:03	00:03	COM10	32:04	60.0	-71.0
2026-04-23T16:06:36.241037	sess_482909af	watch_01	00:03	00:03	COM10	32:04	61.0	-71.5
2026-04-23T16:06:36.241037	sess_482909af	watch_01	00:03	00:03	COM10	32:04	58.0	-71.5
2026-04-23T16:06:36.241037	sess_482909af	watch_01	00:03	00:03	COM10	32:04	58.0	-72.0
2026-04-23T16:06:36.241037	sess_482909af	watch_01	00:03	00:03	COM10	32:04	57.0	-71.0
2026-04-23T16:06:36.241037	sess_482909af	watch_01	00:03	00:03	COM10	32:04	60.0	-72.0
2026-04-23T16:06:36.241037	sess_482909af	watch_01	00:03	00:03	COM10	32:04	58.0	-71.0
2026-04-23T16:06:36.241037	sess_482909af	watch_01	00:03	00:03	COM10	32:04	58.0	-71.5
2026-04-23T16:06:36.241037	sess_482909af	watch_01	00:03	00:03	COM10	32:04	59.0	-71.0
2026-04-23T16:06:36.241037	sess_482909af	watch_01	00:03	00:03	COM10	32:04	59.0	-72.5
2026-04-23T16:06:36.241037	sess_482909af	watch_01	00:03	00:03	COM10	32:04	59.0	-72.0
2026-04-23T16:06:36.241037	sess_482909af	watch_01	00:03	00:03	COM10	32:04	59.0	-72.5
2026-04-23T16:06:36.241037	sess_482909af	watch_01	00:03	00:03	COM10	32:04	59.0	-71.5
2026-04-23T16:06:36.241037	sess_482909af	watch_01	00:03	00:03	COM10	32:04	58.0	-72.0
2026-04-23T16:06:36.241037	sess_482909af	watch_01	00:03	00:03	COM10	32:04	58.0	-71.0
2026-04-23T16:06:36.241037	sess_482909af	watch_01	00:03	00:03	COM10	32:04	58.0	-71.5
2026-04-23T16:06:36.241037	sess_482909af	watch_01	00:03	00:03	COM10	32:04	57.0	-71.0
2026-04-23T16:06:36.241037	sess_482909af	watch_01	00:03	00:03	COM10	32:04	60.0	-72.0
2026-04-23T16:06:36.241037	sess_482909af	watch_01	00:03	00:03	COM10	32:04	56.0	-72.5
2026-04-23T16:06:36.241037	sess_482909af	watch_01	00:03	00:03	COM10	32:04	60.0	-71.0
2026-04-23T16:06:36.241037	sess_482909af	watch_01	00:03	00:03	COM10	32:04	57.0	-71.0
2026-04-23T16:06:36.241037	sess_482909af	watch_01	00:03	00:03	COM10	32:04	60.0	-71.5
2026-04-23T16:06:36.241037	sess_482909af	watch_01	00:03	00:03	COM10	32:04	58.0	-71.0
2026-04-23T16:06:36.241037	sess_482909af	watch_01	00:03	00:03	COM10	32:04	59.0	-71.5
2026-04-23T16:06:36.241037	sess_482909af	watch_01	00:03	00:03	COM10	32:04	57.0	-71.0
2026-04-23T16:06:36.241037	sess_482909af	watch_01	00:03	00:03	COM10	32:04	60.0	-71.0
2026-04-23T16:06:36.241037	sess_482909af	watch_01	00:03	00:03	COM10	32:04	60.0	-71.5
2026-04-23T16:06:36.241037	sess_482909af	watch_01	00:03	00:03	COM10	32:04	60.0	-72.0
2026-04-23T16:06:36.241037	sess_482909af	watch_01	00:03	00:03	COM10	32:04	60.0	-72.5
2026-04-23T16:06:36.241037	sess_482909af	watch_01	00:03	00:03	COM10	32:04	57.0	-71.0
2026-04-23T16:06:36.241037	sess_482909af	watch_01	00:03	00:03	COM10	32:04	59.0	-71.0
2026-04-23T16:06:52.249710	sess_2751f3f3	watch_01	00:01	00:01	COM6	97:CF	57.0	-76.0
2026-04-23T16:06:52.249710	sess_2751f3f3	watch_01	00:01	00:01	COM6	97:CF	55.0	-76.5
2026-04-23T16:06:52.249710	sess_2751f3f3	watch_01	00:01	00:01	COM6	97:CF	54.0	-75.5
2026-04-23T16:06:52.249710	sess_2751f3f3	watch_01	00:01	00:01	COM6	97:CF	56.0	-75.0
2026-04-23T16:06:52.249710	sess_2751f3f3	watch_01	00:01	00:01	COM6	97:CF	55.0	-76.5
2026-04-23T16:06:52.249710	sess_2751f3f3	watch_01	00:01	00:01	COM6	97:CF	56.0	-76.0
2026-04-23T16:06:52.249710	sess_2751f3f3	watch_01	00:01	00:01	COM6	97:CF	55.0	-75.5
2026-04-23T16:06:52.249710	sess_2751f3f3	watch_01	00:01	00:01	COM6	97:CF	55.0	-77.5
2026-04-23T16:06:52.249710	sess_2751f3f3	watch_01	00:01	00:01	COM6	97:CF	55.0	-75.5
2026-04-23T16:06:52.249710	sess_2751f3f3	watch_01	00:01	00:01	COM6	97:CF	55.0	-75.0
2026-04-23T16:06:52.249710	sess_2751f3f3	watch_01	00:01	00:01	COM6	97:CF	57.0	-75.5
2026-04-23T16:06:52.249710	sess_2751f3f3	watch_01	00:01	00:01	COM6	97:CF	57.0	-76.5
2026-04-23T16:06:52.249710	sess_2751f3f3	watch_01	00:01	00:01	COM6	97:CF	55.0	-75.5
2026-04-23T16:06:52.249710	sess_2751f3f3	watch_01	00:01	00:01	COM6	97:CF	55.0	-76.0
2026-04-23T16:06:52.249710	sess_2751f3f3	watch_01	00:01	00:01	COM6	97:CF	56.0	-76.5
2026-04-23T16:06:52.249710	sess_2751f3f3	watch_01	00:01	00:01	COM6	97:CF	56.0	-76.0
2026-04-23T16:06:52.250712	sess_2751f3f3	watch_01	00:01	00:01	COM6	97:CF	57.0	-77.0
2026-04-23T16:06:52.250712	sess_2751f3f3	watch_01	00:01	00:01	COM6	97:CF	56.0	-75.0
2026-04-23T16:06:52.250712	sess_2751f3f3	watch_01	00:01	00:01	COM6	97:CF	57.0	-77.0
2026-04-23T16:06:52.250712	sess_2751f3f3	watch_01	00:01	00:01	COM6	97:CF	55.0	-76.5
2026-04-23T16:06:52.250712	sess_2751f3f3	watch_01	00:01	00:01	COM6	97:CF	56.0	-75.0
2026-04-23T16:06:52.250712	sess_2751f3f3	watch_01	00:01	00:01	COM6	97:CF	55.0	-76.0
2026-04-23T16:06:52.250712	sess_2751f3f3	watch_01	00:01	00:01	COM6	97:CF	56.0	-75.5
2026-04-23T16:06:52.250712	sess_2751f3f3	watch_01	00:01	00:01	COM6	97:CF	55.0	-75.5
2026-04-23T16:06:52.250712	sess_2751f3f3	watch_01	00:01	00:01	COM6	97:CF	57.0	-75.5
2026-04-23T16:06:52.250712	sess_2751f3f3	watch_01	00:01	00:01	COM6	97:CF	56.0	-76.0
2026-04-23T16:06:52.250712	sess_2751f3f3	watch_01	00:01	00:01	COM6	97:CF	54.0	-75.0
2026-04-23T16:06:52.250712	sess_2751f3f3	watch_01	00:01	00:01	COM6	97:CF	54.0	-75.5
2026-04-23T16:06:52.250712	sess_2751f3f3	watch_01	00:01	00:01	COM6	97:CF	56.0	-75.0
2026-04-23T16:06:52.250712	sess_2751f3f3	watch_01	00:01	00:01	COM6	97:CF	56.0	-75.5
2026-04-23T16:06:52.250712	sess_2751f3f3	watch_01	00:01	00:01	COM6	97:CF	53.0	-75.0
2026-04-23T16:06:52.250712	sess_2751f3f3	watch_01	00:01	00:01	COM6	97:CF	57.0	-76.5
2026-04-23T16:06:52.250712	sess_2751f3f3	watch_01	00:01	00:01	COM6	97:CF	56.0	-77.0
2026-04-23T16:06:52.250712	sess_2751f3f3	watch_01	00:01	00:01	COM6	97:CF	55.0	-75.5
2026-04-23T16:06:52.250712	sess_2751f3f3	watch_01	00:01	00:01	COM6	97:CF	54.0	-75.5
2026-04-23T16:06:52.250712	sess_2751f3f3	watch_01	00:01	00:01	COM6	97:CF	56.0	-76.5
2026-04-23T16:06:52.250712	sess_2751f3f3	watch_01	00:01	00:01	COM6	97:CF	56.0	-75.5
2026-04-23T16:06:52.250712	sess_2751f3f3	watch_01	00:01	00:01	COM6	97:CF	54.0	-75.5
2026-04-23T16:06:52.250712	sess_2751f3f3	watch_01	00:01	00:01	COM6	97:CF	55.0	-76.0
2026-04-23T16:06:52.250712	sess_2751f3f3	watch_01	00:01	00:01	COM6	97:CF	54.0	-75.5
2026-04-23T16:06:52.250712	sess_2751f3f3	watch_01	00:01	00:01	COM6	97:CF	58.0	-75.5
2026-04-23T16:06:52.250712	sess_2751f3f3	watch_01	00:01	00:01	COM6	97:CF	57.0	-75.0
2026-04-23T16:06:52.250712	sess_2751f3f3	watch_01	00:01	00:01	COM6	97:CF	57.0	-75.0
2026-04-23T16:06:52.250712	sess_2751f3f3	watch_01	00:01	00:01	COM6	97:CF	57.0	-74.5
2026-04-23T16:06:52.250712	sess_2751f3f3	watch_01	00:01	00:01	COM6	97:CF	57.0	-76.0
2026-04-23T16:06:52.250712	sess_2751f3f3	watch_01	00:01	00:01	COM6	97:CF	55.0	-75.0
2026-04-23T16:06:52.250712	sess_2751f3f3	watch_01	00:01	00:01	COM6	97:CF	56.0	-75.5
2026-04-23T16:06:52.250712	sess_2751f3f3	watch_01	00:01	00:01	COM6	97:CF	56.0	-76.0
2026-04-23T16:06:52.250712	sess_2751f3f3	watch_01	00:01	00:01	COM6	97:CF	56.0	-76.0
2026-04-23T16:06:52.250712	sess_2751f3f3	watch_01	00:01	00:01	COM6	97:CF	57.0	-76.0
2026-04-23T16:06:52.250712	sess_2751f3f3	watch_01	00:01	00:01	COM6	97:CF	58.0	-76.0
2026-04-23T16:06:52.250712	sess_2751f3f3	watch_01	00:01	00:01	COM6	97:CF	58.0	-76.0
2026-04-23T16:06:52.250712	sess_2751f3f3	watch_01	00:01	00:01	COM6	97:CF	57.0	-76.0
2026-04-23T16:06:52.250712	sess_2751f3f3	watch_01	00:01	00:01	COM6	97:CF	56.0	-75.5
2026-04-23T16:06:52.250712	sess_2751f3f3	watch_01	00:01	00:01	COM6	97:CF	56.0	-75.5
2026-04-23T16:06:52.250712	sess_2751f3f3	watch_01	00:01	00:01	COM6	97:CF	55.0	-76.0
2026-04-23T16:06:52.250712	sess_2751f3f3	watch_01	00:01	00:01	COM6	97:CF	58.0	-76.0
2026-04-23T16:06:52.250712	sess_2751f3f3	watch_01	00:01	00:01	COM6	97:CF	56.0	-74.5
2026-04-23T16:06:52.250712	sess_2751f3f3	watch_01	00:01	00:01	COM6	97:CF	58.0	-76.0
2026-04-23T16:06:52.250712	sess_2751f3f3	watch_01	00:01	00:01	COM6	97:CF	57.0	-76.5
2026-04-23T16:06:52.250712	sess_2751f3f3	watch_01	00:01	00:01	COM6	97:CF	56.0	-75.5
2026-04-23T16:06:52.250712	sess_2751f3f3	watch_01	00:01	00:01	COM6	97:CF	57.0	-75.5
2026-04-23T16:06:52.250712	sess_2751f3f3	watch_01	00:01	00:01	COM6	97:CF	58.0	-75.5
2026-04-23T16:06:52.250712	sess_2751f3f3	watch_01	00:01	00:01	COM6	97:CF	56.0	-75.0
2026-04-23T16:06:52.250712	sess_2751f3f3	watch_01	00:01	00:01	COM6	97:CF	56.0	-76.0
2026-04-23T16:06:52.250712	sess_2751f3f3	watch_01	00:01	00:01	COM6	97:CF	55.0	-75.5
2026-04-23T16:06:52.250712	sess_2751f3f3	watch_01	00:01	00:01	COM6	97:CF	56.0	-75.0
2026-04-23T16:06:52.250712	sess_2751f3f3	watch_01	00:01	00:01	COM6	97:CF	55.0	-77.5
2026-04-23T16:06:52.250712	sess_2751f3f3	watch_01	00:01	00:01	COM6	97:CF	56.0	-75.5
2026-04-23T16:06:52.250712	sess_2751f3f3	watch_01	00:01	00:01	COM6	97:CF	54.0	-76.0
2026-04-23T16:06:52.250712	sess_2751f3f3	watch_01	00:01	00:01	COM6	97:CF	54.0	-75.5
2026-04-23T16:06:52.250712	sess_2751f3f3	watch_01	00:01	00:01	COM6	97:CF	57.0	-75.5
2026-04-23T16:06:52.250712	sess_2751f3f3	watch_01	00:01	00:01	COM6	97:CF	58.0	-76.5
2026-04-23T16:06:52.250712	sess_2751f3f3	watch_01	00:01	00:01	COM6	97:CF	55.0	-75.5
2026-04-23T16:06:52.250712	sess_2751f3f3	watch_01	00:01	00:01	COM6	97:CF	55.0	-75.0
2026-04-23T16:06:52.250712	sess_2751f3f3	watch_01	00:01	00:01	COM6	97:CF	57.0	-75.5
2026-04-23T16:06:52.250712	sess_2751f3f3	watch_01	00:01	00:01	COM6	97:CF	56.0	-75.5
2026-04-23T16:06:52.250712	sess_2751f3f3	watch_01	00:01	00:01	COM6	97:CF	55.0	-75.5
2026-04-23T16:06:52.250712	sess_2751f3f3	watch_01	00:01	00:01	COM6	97:CF	55.0	-75.0
2026-04-23T16:06:52.250712	sess_2751f3f3	watch_01	00:01	00:01	COM6	97:CF	55.0	-75.5
2026-04-23T16:07:08.144103	sess_860d1149	watch_01	00:02	00:02	COM9	5B:A2	61.0	-77.0
2026-04-23T16:07:08.144103	sess_860d1149	watch_01	00:02	00:02	COM9	5B:A2	67.0	-78.0
2026-04-23T16:07:08.144103	sess_860d1149	watch_01	00:02	00:02	COM9	5B:A2	67.0	-77.5
2026-04-23T16:07:08.144103	sess_860d1149	watch_01	00:02	00:02	COM9	5B:A2	64.0	-78.5
2026-04-23T16:07:08.144103	sess_860d1149	watch_01	00:02	00:02	COM9	5B:A2	64.0	-78.0
2026-04-23T16:07:08.144103	sess_860d1149	watch_01	00:02	00:02	COM9	5B:A2	63.0	-77.0
2026-04-23T16:07:08.144103	sess_860d1149	watch_01	00:02	00:02	COM9	5B:A2	63.0	-78.0
2026-04-23T16:07:08.144103	sess_860d1149	watch_01	00:02	00:02	COM9	5B:A2	66.0	-77.5
2026-04-23T16:07:08.144103	sess_860d1149	watch_01	00:02	00:02	COM9	5B:A2	66.0	-78.0
2026-04-23T16:07:08.144103	sess_860d1149	watch_01	00:02	00:02	COM9	5B:A2	66.0	-77.0
2026-04-23T16:07:08.144103	sess_860d1149	watch_01	00:02	00:02	COM9	5B:A2	68.0	-76.5
2026-04-23T16:07:08.144103	sess_860d1149	watch_01	00:02	00:02	COM9	5B:A2	66.0	-76.5
2026-04-23T16:07:08.144103	sess_860d1149	watch_01	00:02	00:02	COM9	5B:A2	64.0	-77.0
2026-04-23T16:07:08.144103	sess_860d1149	watch_01	00:02	00:02	COM9	5B:A2	65.0	-78.5
2026-04-23T16:07:08.144103	sess_860d1149	watch_01	00:02	00:02	COM9	5B:A2	66.0	-76.5
2026-04-23T16:07:08.144103	sess_860d1149	watch_01	00:02	00:02	COM9	5B:A2	68.0	-79.0
2026-04-23T16:07:08.144103	sess_860d1149	watch_01	00:02	00:02	COM9	5B:A2	66.0	-79.0
2026-04-23T16:07:08.144103	sess_860d1149	watch_01	00:02	00:02	COM9	5B:A2	64.0	-78.0
2026-04-23T16:07:08.144103	sess_860d1149	watch_01	00:02	00:02	COM9	5B:A2	65.0	-77.0
2026-04-23T16:07:08.144103	sess_860d1149	watch_01	00:02	00:02	COM9	5B:A2	64.0	-77.0
2026-04-23T16:07:08.144103	sess_860d1149	watch_01	00:02	00:02	COM9	5B:A2	64.0	-77.5
2026-04-23T16:07:08.144103	sess_860d1149	watch_01	00:02	00:02	COM9	5B:A2	63.0	-79.0
2026-04-23T16:07:08.144103	sess_860d1149	watch_01	00:02	00:02	COM9	5B:A2	62.0	-78.0
2026-04-23T16:07:08.144103	sess_860d1149	watch_01	00:02	00:02	COM9	5B:A2	66.0	-78.0
2026-04-23T16:07:08.144103	sess_860d1149	watch_01	00:02	00:02	COM9	5B:A2	67.0	-77.0
2026-04-23T16:07:08.144103	sess_860d1149	watch_01	00:02	00:02	COM9	5B:A2	65.0	-76.5
2026-04-23T16:07:08.144103	sess_860d1149	watch_01	00:02	00:02	COM9	5B:A2	63.0	-76.5
2026-04-23T16:07:08.144103	sess_860d1149	watch_01	00:02	00:02	COM9	5B:A2	67.0	-77.5
2026-04-23T16:07:08.144103	sess_860d1149	watch_01	00:02	00:02	COM9	5B:A2	69.0	-77.5
2026-04-23T16:07:08.144103	sess_860d1149	watch_01	00:02	00:02	COM9	5B:A2	69.0	-77.0
2026-04-23T16:07:08.144103	sess_860d1149	watch_01	00:02	00:02	COM9	5B:A2	65.0	-78.5
2026-04-23T16:07:08.144103	sess_860d1149	watch_01	00:02	00:02	COM9	5B:A2	62.0	-77.5
2026-04-23T16:07:08.144103	sess_860d1149	watch_01	00:02	00:02	COM9	5B:A2	68.0	-78.0
2026-04-23T16:07:08.144103	sess_860d1149	watch_01	00:02	00:02	COM9	5B:A2	69.0	-78.0
2026-04-23T16:07:08.144103	sess_860d1149	watch_01	00:02	00:02	COM9	5B:A2	64.0	-77.0
2026-04-23T16:07:08.144103	sess_860d1149	watch_01	00:02	00:02	COM9	5B:A2	66.0	-78.0
2026-04-23T16:07:08.144103	sess_860d1149	watch_01	00:02	00:02	COM9	5B:A2	65.0	-77.5
2026-04-23T16:07:08.144103	sess_860d1149	watch_01	00:02	00:02	COM9	5B:A2	65.0	-78.5
2026-04-23T16:07:08.144103	sess_860d1149	watch_01	00:02	00:02	COM9	5B:A2	66.0	-77.5
2026-04-23T16:07:08.144103	sess_860d1149	watch_01	00:02	00:02	COM9	5B:A2	64.0	-77.5
2026-04-23T16:07:08.144103	sess_860d1149	watch_01	00:02	00:02	COM9	5B:A2	65.0	-79.0
2026-04-23T16:07:08.144103	sess_860d1149	watch_01	00:02	00:02	COM9	5B:A2	66.0	-78.0
2026-04-23T16:07:08.144103	sess_860d1149	watch_01	00:02	00:02	COM9	5B:A2	65.0	-78.0
2026-04-23T16:07:08.144103	sess_860d1149	watch_01	00:02	00:02	COM9	5B:A2	63.0	-77.0
2026-04-23T16:07:08.144103	sess_860d1149	watch_01	00:02	00:02	COM9	5B:A2	66.0	-76.5
2026-04-23T16:07:08.144103	sess_860d1149	watch_01	00:02	00:02	COM9	5B:A2	64.0	-77.5
2026-04-23T16:07:08.144103	sess_860d1149	watch_01	00:02	00:02	COM9	5B:A2	66.0	-77.5
2026-04-23T16:07:08.144103	sess_860d1149	watch_01	00:02	00:02	COM9	5B:A2	65.0	-77.5
2026-04-23T16:07:08.144103	sess_860d1149	watch_01	00:02	00:02	COM9	5B:A2	69.0	-77.5
2026-04-23T16:07:08.144103	sess_860d1149	watch_01	00:02	00:02	COM9	5B:A2	63.0	-78.0
2026-04-23T16:07:08.144103	sess_860d1149	watch_01	00:02	00:02	COM9	5B:A2	62.0	-79.0
2026-04-23T16:07:08.144103	sess_860d1149	watch_01	00:02	00:02	COM9	5B:A2	67.0	-77.0
2026-04-23T16:07:08.144103	sess_860d1149	watch_01	00:02	00:02	COM9	5B:A2	64.0	-77.5
2026-04-23T16:07:08.144103	sess_860d1149	watch_01	00:02	00:02	COM9	5B:A2	65.0	-77.0
2026-04-23T16:07:08.144103	sess_860d1149	watch_01	00:02	00:02	COM9	5B:A2	66.0	-77.5
2026-04-23T16:07:08.144103	sess_860d1149	watch_01	00:02	00:02	COM9	5B:A2	66.0	-76.5
2026-04-23T16:07:08.144103	sess_860d1149	watch_01	00:02	00:02	COM9	5B:A2	63.0	-78.0
2026-04-23T16:07:08.144103	sess_860d1149	watch_01	00:02	00:02	COM9	5B:A2	63.0	-78.0
2026-04-23T16:07:08.144103	sess_860d1149	watch_01	00:02	00:02	COM9	5B:A2	66.0	-77.0
2026-04-23T16:07:08.144103	sess_860d1149	watch_01	00:02	00:02	COM9	5B:A2	61.0	-77.5
2026-04-23T16:07:08.144103	sess_860d1149	watch_01	00:02	00:02	COM9	5B:A2	64.0	-78.0
2026-04-23T16:07:08.144103	sess_860d1149	watch_01	00:02	00:02	COM9	5B:A2	66.0	-78.0
2026-04-23T16:07:08.144103	sess_860d1149	watch_01	00:02	00:02	COM9	5B:A2	64.0	-79.5
2026-04-23T16:07:08.144103	sess_860d1149	watch_01	00:02	00:02	COM9	5B:A2	64.0	-77.0
2026-04-23T16:07:08.144103	sess_860d1149	watch_01	00:02	00:02	COM9	5B:A2	63.0	-77.0
2026-04-23T16:07:08.144103	sess_860d1149	watch_01	00:02	00:02	COM9	5B:A2	64.0	-79.0
2026-04-23T16:07:08.144103	sess_860d1149	watch_01	00:02	00:02	COM9	5B:A2	67.0	-77.0
2026-04-23T16:07:08.144103	sess_860d1149	watch_01	00:02	00:02	COM9	5B:A2	63.0	-77.0
2026-04-23T16:07:08.144103	sess_860d1149	watch_01	00:02	00:02	COM9	5B:A2	64.0	-78.0
2026-04-23T16:07:08.144103	sess_860d1149	watch_01	00:02	00:02	COM9	5B:A2	66.0	-77.5
2026-04-23T16:07:08.144103	sess_860d1149	watch_01	00:02	00:02	COM9	5B:A2	65.0	-77.0
2026-04-23T16:07:08.144103	sess_860d1149	watch_01	00:02	00:02	COM9	5B:A2	66.0	-77.5
2026-04-23T16:07:24.112827	sess_23a50ecf	watch_01	00:03	00:03	COM10	9C:E5	57.0	-71.5
2026-04-23T16:07:24.112827	sess_23a50ecf	watch_01	00:03	00:03	COM10	9C:E5	59.0	-72.0
2026-04-23T16:07:24.112827	sess_23a50ecf	watch_01	00:03	00:03	COM10	9C:E5	62.0	-72.5
2026-04-23T16:07:24.112827	sess_23a50ecf	watch_01	00:03	00:03	COM10	9C:E5	58.0	-72.0
2026-04-23T16:07:24.112827	sess_23a50ecf	watch_01	00:03	00:03	COM10	9C:E5	59.0	-71.0
2026-04-23T16:07:24.112827	sess_23a50ecf	watch_01	00:03	00:03	COM10	9C:E5	64.0	-71.0
2026-04-23T16:07:24.112827	sess_23a50ecf	watch_01	00:03	00:03	COM10	9C:E5	61.0	-72.0
2026-04-23T16:07:24.112827	sess_23a50ecf	watch_01	00:03	00:03	COM10	9C:E5	59.0	-72.0
2026-04-23T16:07:24.112827	sess_23a50ecf	watch_01	00:03	00:03	COM10	9C:E5	61.0	-72.0
2026-04-23T16:07:24.112827	sess_23a50ecf	watch_01	00:03	00:03	COM10	9C:E5	61.0	-71.5
2026-04-23T16:07:24.112827	sess_23a50ecf	watch_01	00:03	00:03	COM10	9C:E5	59.0	-71.5
2026-04-23T16:07:24.112827	sess_23a50ecf	watch_01	00:03	00:03	COM10	9C:E5	59.0	-71.0
2026-04-23T16:07:24.112827	sess_23a50ecf	watch_01	00:03	00:03	COM10	9C:E5	60.0	-71.0
2026-04-23T16:07:24.112827	sess_23a50ecf	watch_01	00:03	00:03	COM10	9C:E5	58.0	-71.5
2026-04-23T16:07:24.112827	sess_23a50ecf	watch_01	00:03	00:03	COM10	9C:E5	60.0	-71.5
2026-04-23T16:07:24.112827	sess_23a50ecf	watch_01	00:03	00:03	COM10	9C:E5	60.0	-72.0
2026-04-23T16:07:24.112827	sess_23a50ecf	watch_01	00:03	00:03	COM10	9C:E5	58.0	-72.0
2026-04-23T16:07:24.112827	sess_23a50ecf	watch_01	00:03	00:03	COM10	9C:E5	57.0	-71.0
2026-04-23T16:07:24.112827	sess_23a50ecf	watch_01	00:03	00:03	COM10	9C:E5	58.0	-71.5
2026-04-23T16:07:24.112827	sess_23a50ecf	watch_01	00:03	00:03	COM10	9C:E5	60.0	-72.0
2026-04-23T16:07:24.112827	sess_23a50ecf	watch_01	00:03	00:03	COM10	9C:E5	57.0	-71.0
2026-04-23T16:07:24.112827	sess_23a50ecf	watch_01	00:03	00:03	COM10	9C:E5	61.0	-71.0
2026-04-23T16:07:24.112827	sess_23a50ecf	watch_01	00:03	00:03	COM10	9C:E5	59.0	-72.5
2026-04-23T16:07:24.112827	sess_23a50ecf	watch_01	00:03	00:03	COM10	9C:E5	59.0	-72.0
2026-04-23T16:07:24.113830	sess_23a50ecf	watch_01	00:03	00:03	COM10	9C:E5	59.0	-71.5
2026-04-23T16:07:24.113830	sess_23a50ecf	watch_01	00:03	00:03	COM10	9C:E5	59.0	-71.0
2026-04-23T16:07:24.113830	sess_23a50ecf	watch_01	00:03	00:03	COM10	9C:E5	61.0	-72.0
2026-04-23T16:07:24.113830	sess_23a50ecf	watch_01	00:03	00:03	COM10	9C:E5	59.0	-71.0
2026-04-23T16:07:24.113830	sess_23a50ecf	watch_01	00:03	00:03	COM10	9C:E5	57.0	-72.0
2026-04-23T16:07:24.113830	sess_23a50ecf	watch_01	00:03	00:03	COM10	9C:E5	58.0	-71.0
2026-04-23T16:07:24.113830	sess_23a50ecf	watch_01	00:03	00:03	COM10	9C:E5	59.0	-72.5
2026-04-23T16:07:24.113830	sess_23a50ecf	watch_01	00:03	00:03	COM10	9C:E5	55.0	-71.5
2026-04-23T16:07:24.113830	sess_23a50ecf	watch_01	00:03	00:03	COM10	9C:E5	57.0	-71.0
2026-04-23T16:07:24.113830	sess_23a50ecf	watch_01	00:03	00:03	COM10	9C:E5	58.0	-72.0
2026-04-23T16:07:24.113830	sess_23a50ecf	watch_01	00:03	00:03	COM10	9C:E5	61.0	-71.0
2026-04-23T16:07:24.113830	sess_23a50ecf	watch_01	00:03	00:03	COM10	9C:E5	59.0	-71.5
2026-04-23T16:07:24.113830	sess_23a50ecf	watch_01	00:03	00:03	COM10	9C:E5	60.0	-73.0
2026-04-23T16:07:24.113830	sess_23a50ecf	watch_01	00:03	00:03	COM10	9C:E5	60.0	-71.5
2026-04-23T16:07:24.113830	sess_23a50ecf	watch_01	00:03	00:03	COM10	9C:E5	60.0	-71.5
2026-04-23T16:07:24.113830	sess_23a50ecf	watch_01	00:03	00:03	COM10	9C:E5	60.0	-71.0
2026-04-23T16:07:24.113830	sess_23a50ecf	watch_01	00:03	00:03	COM10	9C:E5	59.0	-71.5
2026-04-23T16:07:24.113830	sess_23a50ecf	watch_01	00:03	00:03	COM10	9C:E5	58.0	-71.0
2026-04-23T16:07:24.113830	sess_23a50ecf	watch_01	00:03	00:03	COM10	9C:E5	58.0	-71.0
2026-04-23T16:07:24.113830	sess_23a50ecf	watch_01	00:03	00:03	COM10	9C:E5	58.0	-71.0
2026-04-23T16:07:24.113830	sess_23a50ecf	watch_01	00:03	00:03	COM10	9C:E5	58.0	-71.0
2026-04-23T16:07:24.113830	sess_23a50ecf	watch_01	00:03	00:03	COM10	9C:E5	57.0	-71.5
2026-04-23T16:07:24.113830	sess_23a50ecf	watch_01	00:03	00:03	COM10	9C:E5	57.0	-71.0
2026-04-23T16:07:24.113830	sess_23a50ecf	watch_01	00:03	00:03	COM10	9C:E5	59.0	-71.0
2026-04-23T16:07:24.113830	sess_23a50ecf	watch_01	00:03	00:03	COM10	9C:E5	58.0	-71.5
2026-04-23T16:07:24.113830	sess_23a50ecf	watch_01	00:03	00:03	COM10	9C:E5	58.0	-71.0
2026-04-23T16:07:24.113830	sess_23a50ecf	watch_01	00:03	00:03	COM10	9C:E5	61.0	-71.5
2026-04-23T16:07:24.113830	sess_23a50ecf	watch_01	00:03	00:03	COM10	9C:E5	59.0	-71.5
2026-04-23T16:07:24.113830	sess_23a50ecf	watch_01	00:03	00:03	COM10	9C:E5	59.0	-71.5
2026-04-23T16:07:24.113830	sess_23a50ecf	watch_01	00:03	00:03	COM10	9C:E5	58.0	-72.0
2026-04-23T16:07:24.113830	sess_23a50ecf	watch_01	00:03	00:03	COM10	9C:E5	59.0	-72.0
2026-04-23T16:07:24.113830	sess_23a50ecf	watch_01	00:03	00:03	COM10	9C:E5	60.0	-72.0
2026-04-23T16:07:24.113830	sess_23a50ecf	watch_01	00:03	00:03	COM10	9C:E5	59.0	-72.5
2026-04-23T16:07:24.113830	sess_23a50ecf	watch_01	00:03	00:03	COM10	9C:E5	56.0	-71.5
2026-04-23T16:07:24.113830	sess_23a50ecf	watch_01	00:03	00:03	COM10	9C:E5	61.0	-72.0
2026-04-23T16:07:24.113830	sess_23a50ecf	watch_01	00:03	00:03	COM10	9C:E5	59.0	-71.0
2026-04-23T16:07:24.113830	sess_23a50ecf	watch_01	00:03	00:03	COM10	9C:E5	59.0	-71.5
2026-04-23T16:07:24.113830	sess_23a50ecf	watch_01	00:03	00:03	COM10	9C:E5	62.0	-71.0
2026-04-23T16:07:24.113830	sess_23a50ecf	watch_01	00:03	00:03	COM10	9C:E5	57.0	-71.5
2026-04-23T16:07:24.113830	sess_23a50ecf	watch_01	00:03	00:03	COM10	9C:E5	59.0	-71.0
2026-04-23T16:07:24.113830	sess_23a50ecf	watch_01	00:03	00:03	COM10	9C:E5	60.0	-72.0
2026-04-23T16:07:24.113830	sess_23a50ecf	watch_01	00:03	00:03	COM10	9C:E5	60.0	-72.5
2026-04-23T16:07:24.113830	sess_23a50ecf	watch_01	00:03	00:03	COM10	9C:E5	60.0	-72.5
2026-04-23T16:07:24.113830	sess_23a50ecf	watch_01	00:03	00:03	COM10	9C:E5	59.0	-71.5
2026-04-23T16:07:24.113830	sess_23a50ecf	watch_01	00:03	00:03	COM10	9C:E5	59.0	-71.0
2026-04-23T16:07:24.113830	sess_23a50ecf	watch_01	00:03	00:03	COM10	9C:E5	58.0	-71.0
2026-04-23T16:07:24.113830	sess_23a50ecf	watch_01	00:03	00:03	COM10	9C:E5	59.0	-71.0
2026-04-23T16:07:24.113830	sess_23a50ecf	watch_01	00:03	00:03	COM10	9C:E5	58.0	-72.5
2026-04-23T16:07:24.113830	sess_23a50ecf	watch_01	00:03	00:03	COM10	9C:E5	56.0	-71.5
2026-04-23T16:07:24.113830	sess_23a50ecf	watch_01	00:03	00:03	COM10	9C:E5	61.0	-71.0
2026-04-23T16:07:24.113830	sess_23a50ecf	watch_01	00:03	00:03	COM10	9C:E5	59.0	-71.0
2026-04-23T16:07:24.113830	sess_23a50ecf	watch_01	00:03	00:03	COM10	9C:E5	58.0	-71.5
2026-04-23T16:07:24.113830	sess_23a50ecf	watch_01	00:03	00:03	COM10	9C:E5	60.0	-71.0
2026-04-23T16:07:24.113830	sess_23a50ecf	watch_01	00:03	00:03	COM10	9C:E5	61.0	-71.0
2026-04-23T16:07:24.113830	sess_23a50ecf	watch_01	00:03	00:03	COM10	9C:E5	60.0	-71.0
2026-04-23T16:07:40.009025	sess_17486df4	watch_01	00:01	00:01	COM6	42:1B	56.0	-76.0
2026-04-23T16:07:40.009025	sess_17486df4	watch_01	00:01	00:01	COM6	42:1B	54.0	-75.5
2026-04-23T16:07:40.009025	sess_17486df4	watch_01	00:01	00:01	COM6	42:1B	55.0	-75.5
2026-04-23T16:07:40.009025	sess_17486df4	watch_01	00:01	00:01	COM6	42:1B	57.0	-76.0
2026-04-23T16:07:40.009025	sess_17486df4	watch_01	00:01	00:01	COM6	42:1B	57.0	-76.0
2026-04-23T16:07:40.009025	sess_17486df4	watch_01	00:01	00:01	COM6	42:1B	56.0	-77.0
2026-04-23T16:07:40.009025	sess_17486df4	watch_01	00:01	00:01	COM6	42:1B	56.0	-75.5
2026-04-23T16:07:40.009025	sess_17486df4	watch_01	00:01	00:01	COM6	42:1B	56.0	-75.5
2026-04-23T16:07:40.009025	sess_17486df4	watch_01	00:01	00:01	COM6	42:1B	56.0	-75.5
2026-04-23T16:07:40.009025	sess_17486df4	watch_01	00:01	00:01	COM6	42:1B	57.0	-75.5
2026-04-23T16:07:40.009025	sess_17486df4	watch_01	00:01	00:01	COM6	42:1B	57.0	-76.0
2026-04-23T16:07:40.009025	sess_17486df4	watch_01	00:01	00:01	COM6	42:1B	56.0	-76.5
2026-04-23T16:07:40.009025	sess_17486df4	watch_01	00:01	00:01	COM6	42:1B	55.0	-75.5
2026-04-23T16:07:40.009025	sess_17486df4	watch_01	00:01	00:01	COM6	42:1B	56.0	-75.5
2026-04-23T16:07:40.009025	sess_17486df4	watch_01	00:01	00:01	COM6	42:1B	56.0	-76.0
2026-04-23T16:07:40.009025	sess_17486df4	watch_01	00:01	00:01	COM6	42:1B	56.0	-76.0
2026-04-23T16:07:40.010026	sess_17486df4	watch_01	00:01	00:01	COM6	42:1B	55.0	-75.5
2026-04-23T16:07:40.010026	sess_17486df4	watch_01	00:01	00:01	COM6	42:1B	56.0	-75.5
2026-04-23T16:07:40.010026	sess_17486df4	watch_01	00:01	00:01	COM6	42:1B	58.0	-75.5
2026-04-23T16:07:40.010026	sess_17486df4	watch_01	00:01	00:01	COM6	42:1B	56.0	-76.5
2026-04-23T16:07:40.010026	sess_17486df4	watch_01	00:01	00:01	COM6	42:1B	56.0	-77.5
2026-04-23T16:07:40.010026	sess_17486df4	watch_01	00:01	00:01	COM6	42:1B	55.0	-76.0
2026-04-23T16:07:40.010026	sess_17486df4	watch_01	00:01	00:01	COM6	42:1B	55.0	-75.5
2026-04-23T16:07:40.010026	sess_17486df4	watch_01	00:01	00:01	COM6	42:1B	55.0	-75.5
2026-04-23T16:07:40.010026	sess_17486df4	watch_01	00:01	00:01	COM6	42:1B	57.0	-75.5
2026-04-23T16:07:40.010026	sess_17486df4	watch_01	00:01	00:01	COM6	42:1B	58.0	-75.5
2026-04-23T16:07:40.010026	sess_17486df4	watch_01	00:01	00:01	COM6	42:1B	55.0	-75.5
2026-04-23T16:07:40.010026	sess_17486df4	watch_01	00:01	00:01	COM6	42:1B	56.0	-76.5
2026-04-23T16:07:40.010026	sess_17486df4	watch_01	00:01	00:01	COM6	42:1B	56.0	-76.0
2026-04-23T16:07:40.010026	sess_17486df4	watch_01	00:01	00:01	COM6	42:1B	57.0	-76.5
2026-04-23T16:07:40.010026	sess_17486df4	watch_01	00:01	00:01	COM6	42:1B	56.0	-75.5
2026-04-23T16:07:40.010026	sess_17486df4	watch_01	00:01	00:01	COM6	42:1B	56.0	-76.0
2026-04-23T16:07:40.010026	sess_17486df4	watch_01	00:01	00:01	COM6	42:1B	57.0	-75.5
2026-04-23T16:07:40.010026	sess_17486df4	watch_01	00:01	00:01	COM6	42:1B	55.0	-75.5
2026-04-23T16:07:40.010026	sess_17486df4	watch_01	00:01	00:01	COM6	42:1B	57.0	-76.0
2026-04-23T16:07:40.010026	sess_17486df4	watch_01	00:01	00:01	COM6	42:1B	54.0	-74.5
2026-04-23T16:07:40.010026	sess_17486df4	watch_01	00:01	00:01	COM6	42:1B	55.0	-76.0
2026-04-23T16:07:40.010026	sess_17486df4	watch_01	00:01	00:01	COM6	42:1B	56.0	-76.0
2026-04-23T16:07:40.010026	sess_17486df4	watch_01	00:01	00:01	COM6	42:1B	55.0	-76.0
2026-04-23T16:07:40.010026	sess_17486df4	watch_01	00:01	00:01	COM6	42:1B	57.0	-76.5
2026-04-23T16:07:40.010026	sess_17486df4	watch_01	00:01	00:01	COM6	42:1B	55.0	-75.5
2026-04-23T16:07:40.010026	sess_17486df4	watch_01	00:01	00:01	COM6	42:1B	56.0	-75.0
2026-04-23T16:07:40.010026	sess_17486df4	watch_01	00:01	00:01	COM6	42:1B	56.0	-76.5
2026-04-23T16:07:40.010026	sess_17486df4	watch_01	00:01	00:01	COM6	42:1B	54.0	-77.5
2026-04-23T16:07:40.010026	sess_17486df4	watch_01	00:01	00:01	COM6	42:1B	54.0	-75.5
2026-04-23T16:07:40.010026	sess_17486df4	watch_01	00:01	00:01	COM6	42:1B	56.0	-75.5
2026-04-23T16:07:40.010026	sess_17486df4	watch_01	00:01	00:01	COM6	42:1B	57.0	-75.5
2026-04-23T16:07:40.010026	sess_17486df4	watch_01	00:01	00:01	COM6	42:1B	55.0	-76.0
2026-04-23T16:07:40.010026	sess_17486df4	watch_01	00:01	00:01	COM6	42:1B	56.0	-76.5
2026-04-23T16:07:40.010026	sess_17486df4	watch_01	00:01	00:01	COM6	42:1B	56.0	-75.5
2026-04-23T16:07:40.010026	sess_17486df4	watch_01	00:01	00:01	COM6	42:1B	55.0	-76.0
2026-04-23T16:07:40.010026	sess_17486df4	watch_01	00:01	00:01	COM6	42:1B	55.0	-76.0
2026-04-23T16:07:40.010026	sess_17486df4	watch_01	00:01	00:01	COM6	42:1B	57.0	-75.5
2026-04-23T16:07:40.010026	sess_17486df4	watch_01	00:01	00:01	COM6	42:1B	56.0	-76.5
2026-04-23T16:07:40.010026	sess_17486df4	watch_01	00:01	00:01	COM6	42:1B	57.0	-76.0
2026-04-23T16:07:40.010026	sess_17486df4	watch_01	00:01	00:01	COM6	42:1B	55.0	-74.5
2026-04-23T16:07:40.010026	sess_17486df4	watch_01	00:01	00:01	COM6	42:1B	55.0	-75.0
2026-04-23T16:07:40.010026	sess_17486df4	watch_01	00:01	00:01	COM6	42:1B	56.0	-75.5
2026-04-23T16:07:40.010026	sess_17486df4	watch_01	00:01	00:01	COM6	42:1B	55.0	-76.5
2026-04-23T16:07:40.010026	sess_17486df4	watch_01	00:01	00:01	COM6	42:1B	56.0	-77.5
2026-04-23T16:07:40.010026	sess_17486df4	watch_01	00:01	00:01	COM6	42:1B	56.0	-75.5
2026-04-23T16:07:40.010026	sess_17486df4	watch_01	00:01	00:01	COM6	42:1B	56.0	-75.5
2026-04-23T16:07:40.010026	sess_17486df4	watch_01	00:01	00:01	COM6	42:1B	56.0	-76.5
2026-04-23T16:07:40.010026	sess_17486df4	watch_01	00:01	00:01	COM6	42:1B	56.0	-75.5
2026-04-23T16:07:40.010026	sess_17486df4	watch_01	00:01	00:01	COM6	42:1B	56.0	-76.5
2026-04-23T16:07:40.010026	sess_17486df4	watch_01	00:01	00:01	COM6	42:1B	57.0	-75.5
2026-04-23T16:07:40.010026	sess_17486df4	watch_01	00:01	00:01	COM6	42:1B	54.0	-75.5
2026-04-23T16:07:40.010026	sess_17486df4	watch_01	00:01	00:01	COM6	42:1B	57.0	-75.5
2026-04-23T16:07:40.010026	sess_17486df4	watch_01	00:01	00:01	COM6	42:1B	56.0	-76.5
2026-04-23T16:07:40.010026	sess_17486df4	watch_01	00:01	00:01	COM6	42:1B	56.0	-76.0
2026-04-23T16:07:40.010026	sess_17486df4	watch_01	00:01	00:01	COM6	42:1B	55.0	-76.5
2026-04-23T16:07:40.010026	sess_17486df4	watch_01	00:01	00:01	COM6	42:1B	56.0	-75.5
2026-04-23T16:07:40.010026	sess_17486df4	watch_01	00:01	00:01	COM6	42:1B	56.0	-76.5
2026-04-23T16:07:40.010026	sess_17486df4	watch_01	00:01	00:01	COM6	42:1B	56.0	-76.0
2026-04-23T16:07:40.010026	sess_17486df4	watch_01	00:01	00:01	COM6	42:1B	56.0	-77.5
2026-04-23T16:07:40.010026	sess_17486df4	watch_01	00:01	00:01	COM6	42:1B	56.0	-75.5
2026-04-23T16:07:40.010026	sess_17486df4	watch_01	00:01	00:01	COM6	42:1B	57.0	-75.5
2026-04-23T16:07:40.010026	sess_17486df4	watch_01	00:01	00:01	COM6	42:1B	55.0	-75.0
2026-04-23T16:07:40.010026	sess_17486df4	watch_01	00:01	00:01	COM6	42:1B	55.0	-75.0
2026-04-23T16:07:40.010026	sess_17486df4	watch_01	00:01	00:01	COM6	42:1B	56.0	-76.5
2026-04-23T16:07:55.749387	sess_bf4614ee	watch_01	00:02	00:02	COM9	D4:27	67.0	-78.0
2026-04-23T16:07:55.749387	sess_bf4614ee	watch_01	00:02	00:02	COM9	D4:27	63.0	-79.0
2026-04-23T16:07:55.749387	sess_bf4614ee	watch_01	00:02	00:02	COM9	D4:27	65.0	-77.5
2026-04-23T16:07:55.749387	sess_bf4614ee	watch_01	00:02	00:02	COM9	D4:27	63.0	-78.5
2026-04-23T16:07:55.749387	sess_bf4614ee	watch_01	00:02	00:02	COM9	D4:27	70.0	-77.0
2026-04-23T16:07:55.749387	sess_bf4614ee	watch_01	00:02	00:02	COM9	D4:27	67.0	-76.5
2026-04-23T16:07:55.749387	sess_bf4614ee	watch_01	00:02	00:02	COM9	D4:27	65.0	-77.5
2026-04-23T16:07:55.749387	sess_bf4614ee	watch_01	00:02	00:02	COM9	D4:27	65.0	-78.5
2026-04-23T16:07:55.749387	sess_bf4614ee	watch_01	00:02	00:02	COM9	D4:27	64.0	-78.0
2026-04-23T16:07:55.749387	sess_bf4614ee	watch_01	00:02	00:02	COM9	D4:27	69.0	-77.5
2026-04-23T16:07:55.749387	sess_bf4614ee	watch_01	00:02	00:02	COM9	D4:27	70.0	-77.5
2026-04-23T16:07:55.749387	sess_bf4614ee	watch_01	00:02	00:02	COM9	D4:27	65.0	-78.5
2026-04-23T16:07:55.749387	sess_bf4614ee	watch_01	00:02	00:02	COM9	D4:27	63.0	-76.0
2026-04-23T16:07:55.749387	sess_bf4614ee	watch_01	00:02	00:02	COM9	D4:27	68.0	-76.5
2026-04-23T16:07:55.749387	sess_bf4614ee	watch_01	00:02	00:02	COM9	D4:27	65.0	-77.5
2026-04-23T16:07:55.749387	sess_bf4614ee	watch_01	00:02	00:02	COM9	D4:27	65.0	-76.5
2026-04-23T16:07:55.749387	sess_bf4614ee	watch_01	00:02	00:02	COM9	D4:27	68.0	-76.5
2026-04-23T16:07:55.749387	sess_bf4614ee	watch_01	00:02	00:02	COM9	D4:27	69.0	-77.5
2026-04-23T16:07:55.749387	sess_bf4614ee	watch_01	00:02	00:02	COM9	D4:27	68.0	-78.0
2026-04-23T16:07:55.749387	sess_bf4614ee	watch_01	00:02	00:02	COM9	D4:27	68.0	-77.0
2026-04-23T16:07:55.749387	sess_bf4614ee	watch_01	00:02	00:02	COM9	D4:27	62.0	-77.5
2026-04-23T16:07:55.749387	sess_bf4614ee	watch_01	00:02	00:02	COM9	D4:27	67.0	-78.0
2026-04-23T16:07:55.749387	sess_bf4614ee	watch_01	00:02	00:02	COM9	D4:27	64.0	-78.0
2026-04-23T16:07:55.749387	sess_bf4614ee	watch_01	00:02	00:02	COM9	D4:27	64.0	-77.0
2026-04-23T16:07:55.749387	sess_bf4614ee	watch_01	00:02	00:02	COM9	D4:27	68.0	-76.5
2026-04-23T16:07:55.749387	sess_bf4614ee	watch_01	00:02	00:02	COM9	D4:27	66.0	-76.5
2026-04-23T16:07:55.749387	sess_bf4614ee	watch_01	00:02	00:02	COM9	D4:27	65.0	-77.0
2026-04-23T16:07:55.749387	sess_bf4614ee	watch_01	00:02	00:02	COM9	D4:27	63.0	-77.0
2026-04-23T16:07:55.749387	sess_bf4614ee	watch_01	00:02	00:02	COM9	D4:27	67.0	-78.0
2026-04-23T16:07:55.749387	sess_bf4614ee	watch_01	00:02	00:02	COM9	D4:27	68.0	-77.5
2026-04-23T16:07:55.749387	sess_bf4614ee	watch_01	00:02	00:02	COM9	D4:27	65.0	-78.5
2026-04-23T16:07:55.749387	sess_bf4614ee	watch_01	00:02	00:02	COM9	D4:27	63.0	-78.0
2026-04-23T16:07:55.749387	sess_bf4614ee	watch_01	00:02	00:02	COM9	D4:27	62.0	-77.0
2026-04-23T16:07:55.749387	sess_bf4614ee	watch_01	00:02	00:02	COM9	D4:27	65.0	-77.5
2026-04-23T16:07:55.749387	sess_bf4614ee	watch_01	00:02	00:02	COM9	D4:27	62.0	-77.0
2026-04-23T16:07:55.749387	sess_bf4614ee	watch_01	00:02	00:02	COM9	D4:27	69.0	-76.5
2026-04-23T16:07:55.749387	sess_bf4614ee	watch_01	00:02	00:02	COM9	D4:27	67.0	-78.5
2026-04-23T16:07:55.749387	sess_bf4614ee	watch_01	00:02	00:02	COM9	D4:27	63.0	-77.5
2026-04-23T16:07:55.749387	sess_bf4614ee	watch_01	00:02	00:02	COM9	D4:27	63.0	-78.0
2026-04-23T16:07:55.749387	sess_bf4614ee	watch_01	00:02	00:02	COM9	D4:27	65.0	-76.5
2026-04-23T16:07:55.749387	sess_bf4614ee	watch_01	00:02	00:02	COM9	D4:27	62.0	-78.5
2026-04-23T16:07:55.749387	sess_bf4614ee	watch_01	00:02	00:02	COM9	D4:27	67.0	-79.0
2026-04-23T16:07:55.749387	sess_bf4614ee	watch_01	00:02	00:02	COM9	D4:27	68.0	-77.5
2026-04-23T16:07:55.749387	sess_bf4614ee	watch_01	00:02	00:02	COM9	D4:27	69.0	-77.5
2026-04-23T16:07:55.749387	sess_bf4614ee	watch_01	00:02	00:02	COM9	D4:27	68.0	-78.0
2026-04-23T16:07:55.749387	sess_bf4614ee	watch_01	00:02	00:02	COM9	D4:27	64.0	-77.5
2026-04-23T16:07:55.749387	sess_bf4614ee	watch_01	00:02	00:02	COM9	D4:27	67.0	-77.0
2026-04-23T16:07:55.749387	sess_bf4614ee	watch_01	00:02	00:02	COM9	D4:27	65.0	-78.0
2026-04-23T16:07:55.749387	sess_bf4614ee	watch_01	00:02	00:02	COM9	D4:27	66.0	-77.0
2026-04-23T16:07:55.749387	sess_bf4614ee	watch_01	00:02	00:02	COM9	D4:27	64.0	-78.0
2026-04-23T16:07:55.749387	sess_bf4614ee	watch_01	00:02	00:02	COM9	D4:27	65.0	-77.5
2026-04-23T16:07:55.749387	sess_bf4614ee	watch_01	00:02	00:02	COM9	D4:27	67.0	-77.0
2026-04-23T16:07:55.749387	sess_bf4614ee	watch_01	00:02	00:02	COM9	D4:27	65.0	-77.5
2026-04-23T16:07:55.749387	sess_bf4614ee	watch_01	00:02	00:02	COM9	D4:27	69.0	-78.5
2026-04-23T16:07:55.749387	sess_bf4614ee	watch_01	00:02	00:02	COM9	D4:27	64.0	-79.0
2026-04-23T16:07:55.749387	sess_bf4614ee	watch_01	00:02	00:02	COM9	D4:27	66.0	-77.5
2026-04-23T16:07:55.749387	sess_bf4614ee	watch_01	00:02	00:02	COM9	D4:27	65.0	-77.0
2026-04-23T16:07:55.749387	sess_bf4614ee	watch_01	00:02	00:02	COM9	D4:27	69.0	-78.5
2026-04-23T16:07:55.749387	sess_bf4614ee	watch_01	00:02	00:02	COM9	D4:27	63.0	-77.5
2026-04-23T16:07:55.749387	sess_bf4614ee	watch_01	00:02	00:02	COM9	D4:27	63.0	-77.0
2026-04-23T16:07:55.749387	sess_bf4614ee	watch_01	00:02	00:02	COM9	D4:27	64.0	-79.0
2026-04-23T16:07:55.749387	sess_bf4614ee	watch_01	00:02	00:02	COM9	D4:27	66.0	-79.0
2026-04-23T16:07:55.749387	sess_bf4614ee	watch_01	00:02	00:02	COM9	D4:27	65.0	-78.0
2026-04-23T16:07:55.749387	sess_bf4614ee	watch_01	00:02	00:02	COM9	D4:27	70.0	-78.0
2026-04-23T16:07:55.749387	sess_bf4614ee	watch_01	00:02	00:02	COM9	D4:27	67.0	-77.5
2026-04-23T16:07:55.749387	sess_bf4614ee	watch_01	00:02	00:02	COM9	D4:27	66.0	-77.0
2026-04-23T16:07:55.749387	sess_bf4614ee	watch_01	00:02	00:02	COM9	D4:27	63.0	-77.5
2026-04-23T16:07:55.749387	sess_bf4614ee	watch_01	00:02	00:02	COM9	D4:27	66.0	-77.5
2026-04-23T16:07:55.749387	sess_bf4614ee	watch_01	00:02	00:02	COM9	D4:27	62.0	-78.0
2026-04-23T16:07:55.749387	sess_bf4614ee	watch_01	00:02	00:02	COM9	D4:27	61.0	-78.0
2026-04-23T16:07:55.749387	sess_bf4614ee	watch_01	00:02	00:02	COM9	D4:27	67.0	-78.0
2026-04-23T16:07:55.749387	sess_bf4614ee	watch_01	00:02	00:02	COM9	D4:27	62.0	-78.5
2026-04-23T16:07:55.749387	sess_bf4614ee	watch_01	00:02	00:02	COM9	D4:27	65.0	-78.5
2026-04-23T16:07:55.749387	sess_bf4614ee	watch_01	00:02	00:02	COM9	D4:27	65.0	-77.5
2026-04-23T16:08:11.836494	sess_fe8e4fd0	watch_01	00:03	00:03	COM10	4E:C2	58.0	-72.0
2026-04-23T16:08:11.836494	sess_fe8e4fd0	watch_01	00:03	00:03	COM10	4E:C2	58.0	-72.5
2026-04-23T16:08:11.836494	sess_fe8e4fd0	watch_01	00:03	00:03	COM10	4E:C2	60.0	-71.5
2026-04-23T16:08:11.836494	sess_fe8e4fd0	watch_01	00:03	00:03	COM10	4E:C2	60.0	-72.0
2026-04-23T16:08:11.836494	sess_fe8e4fd0	watch_01	00:03	00:03	COM10	4E:C2	60.0	-71.5
2026-04-23T16:08:11.836494	sess_fe8e4fd0	watch_01	00:03	00:03	COM10	4E:C2	60.0	-71.5
2026-04-23T16:08:11.836494	sess_fe8e4fd0	watch_01	00:03	00:03	COM10	4E:C2	60.0	-72.0
2026-04-23T16:08:11.836494	sess_fe8e4fd0	watch_01	00:03	00:03	COM10	4E:C2	59.0	-71.5
2026-04-23T16:08:11.836494	sess_fe8e4fd0	watch_01	00:03	00:03	COM10	4E:C2	65.0	-71.5
2026-04-23T16:08:11.836494	sess_fe8e4fd0	watch_01	00:03	00:03	COM10	4E:C2	58.0	-71.0
2026-04-23T16:08:11.836494	sess_fe8e4fd0	watch_01	00:03	00:03	COM10	4E:C2	60.0	-71.0
2026-04-23T16:08:11.836494	sess_fe8e4fd0	watch_01	00:03	00:03	COM10	4E:C2	58.0	-71.0
2026-04-23T16:08:11.836494	sess_fe8e4fd0	watch_01	00:03	00:03	COM10	4E:C2	60.0	-71.5
2026-04-23T16:08:11.836494	sess_fe8e4fd0	watch_01	00:03	00:03	COM10	4E:C2	58.0	-71.5
2026-04-23T16:08:11.836494	sess_fe8e4fd0	watch_01	00:03	00:03	COM10	4E:C2	60.0	-71.0
2026-04-23T16:08:11.836494	sess_fe8e4fd0	watch_01	00:03	00:03	COM10	4E:C2	58.0	-72.5
2026-04-23T16:08:11.836494	sess_fe8e4fd0	watch_01	00:03	00:03	COM10	4E:C2	60.0	-71.0
2026-04-23T16:08:11.836494	sess_fe8e4fd0	watch_01	00:03	00:03	COM10	4E:C2	60.0	-71.0
2026-04-23T16:08:11.836494	sess_fe8e4fd0	watch_01	00:03	00:03	COM10	4E:C2	58.0	-71.0
2026-04-23T16:08:11.836494	sess_fe8e4fd0	watch_01	00:03	00:03	COM10	4E:C2	59.0	-72.5
2026-04-23T16:08:11.836494	sess_fe8e4fd0	watch_01	00:03	00:03	COM10	4E:C2	57.0	-71.0
2026-04-23T16:08:11.836494	sess_fe8e4fd0	watch_01	00:03	00:03	COM10	4E:C2	59.0	-71.5
2026-04-23T16:08:11.836494	sess_fe8e4fd0	watch_01	00:03	00:03	COM10	4E:C2	59.0	-71.5
2026-04-23T16:08:11.836494	sess_fe8e4fd0	watch_01	00:03	00:03	COM10	4E:C2	61.0	-71.0
2026-04-23T16:08:11.836494	sess_fe8e4fd0	watch_01	00:03	00:03	COM10	4E:C2	59.0	-71.5
2026-04-23T16:08:11.836494	sess_fe8e4fd0	watch_01	00:03	00:03	COM10	4E:C2	58.0	-72.0
2026-04-23T16:08:11.836494	sess_fe8e4fd0	watch_01	00:03	00:03	COM10	4E:C2	60.0	-71.5
2026-04-23T16:08:11.836494	sess_fe8e4fd0	watch_01	00:03	00:03	COM10	4E:C2	58.0	-71.0
2026-04-23T16:08:11.836494	sess_fe8e4fd0	watch_01	00:03	00:03	COM10	4E:C2	57.0	-71.0
2026-04-23T16:08:11.836494	sess_fe8e4fd0	watch_01	00:03	00:03	COM10	4E:C2	57.0	-71.0
2026-04-23T16:08:11.836494	sess_fe8e4fd0	watch_01	00:03	00:03	COM10	4E:C2	62.0	-71.0
2026-04-23T16:08:11.836494	sess_fe8e4fd0	watch_01	00:03	00:03	COM10	4E:C2	59.0	-71.5
2026-04-23T16:08:11.836494	sess_fe8e4fd0	watch_01	00:03	00:03	COM10	4E:C2	58.0	-71.5
2026-04-23T16:08:11.836494	sess_fe8e4fd0	watch_01	00:03	00:03	COM10	4E:C2	58.0	-71.0
2026-04-23T16:08:11.836494	sess_fe8e4fd0	watch_01	00:03	00:03	COM10	4E:C2	60.0	-71.5
2026-04-23T16:08:11.836494	sess_fe8e4fd0	watch_01	00:03	00:03	COM10	4E:C2	60.0	-71.5
2026-04-23T16:08:11.836494	sess_fe8e4fd0	watch_01	00:03	00:03	COM10	4E:C2	58.0	-70.0
2026-04-23T16:08:11.836494	sess_fe8e4fd0	watch_01	00:03	00:03	COM10	4E:C2	59.0	-71.0
2026-04-23T16:08:11.836494	sess_fe8e4fd0	watch_01	00:03	00:03	COM10	4E:C2	60.0	-71.0
2026-04-23T16:08:11.836494	sess_fe8e4fd0	watch_01	00:03	00:03	COM10	4E:C2	58.0	-71.0
2026-04-23T16:08:11.836494	sess_fe8e4fd0	watch_01	00:03	00:03	COM10	4E:C2	60.0	-71.0
2026-04-23T16:08:11.836494	sess_fe8e4fd0	watch_01	00:03	00:03	COM10	4E:C2	59.0	-72.0
2026-04-23T16:08:11.836494	sess_fe8e4fd0	watch_01	00:03	00:03	COM10	4E:C2	57.0	-71.5
2026-04-23T16:08:11.836494	sess_fe8e4fd0	watch_01	00:03	00:03	COM10	4E:C2	56.0	-71.0
2026-04-23T16:08:11.836494	sess_fe8e4fd0	watch_01	00:03	00:03	COM10	4E:C2	57.0	-71.5
2026-04-23T16:08:11.836494	sess_fe8e4fd0	watch_01	00:03	00:03	COM10	4E:C2	60.0	-71.0
2026-04-23T16:08:11.836494	sess_fe8e4fd0	watch_01	00:03	00:03	COM10	4E:C2	61.0	-71.0
2026-04-23T16:08:11.836494	sess_fe8e4fd0	watch_01	00:03	00:03	COM10	4E:C2	59.0	-71.0
2026-04-23T16:08:11.836494	sess_fe8e4fd0	watch_01	00:03	00:03	COM10	4E:C2	56.0	-71.0
2026-04-23T16:08:11.836494	sess_fe8e4fd0	watch_01	00:03	00:03	COM10	4E:C2	58.0	-71.0
2026-04-23T16:08:11.836494	sess_fe8e4fd0	watch_01	00:03	00:03	COM10	4E:C2	58.0	-71.5
2026-04-23T16:08:11.836494	sess_fe8e4fd0	watch_01	00:03	00:03	COM10	4E:C2	59.0	-71.5
2026-04-23T16:08:11.836494	sess_fe8e4fd0	watch_01	00:03	00:03	COM10	4E:C2	59.0	-72.0
2026-04-23T16:08:11.836494	sess_fe8e4fd0	watch_01	00:03	00:03	COM10	4E:C2	61.0	-72.0
2026-04-23T16:08:11.836494	sess_fe8e4fd0	watch_01	00:03	00:03	COM10	4E:C2	58.0	-71.5
2026-04-23T16:08:11.836494	sess_fe8e4fd0	watch_01	00:03	00:03	COM10	4E:C2	60.0	-71.0
2026-04-23T16:08:11.836494	sess_fe8e4fd0	watch_01	00:03	00:03	COM10	4E:C2	60.0	-72.5
2026-04-23T16:08:11.836494	sess_fe8e4fd0	watch_01	00:03	00:03	COM10	4E:C2	60.0	-71.0
2026-04-23T16:08:11.836494	sess_fe8e4fd0	watch_01	00:03	00:03	COM10	4E:C2	59.0	-72.0
2026-04-23T16:08:11.836494	sess_fe8e4fd0	watch_01	00:03	00:03	COM10	4E:C2	58.0	-71.0
2026-04-23T16:08:11.836494	sess_fe8e4fd0	watch_01	00:03	00:03	COM10	4E:C2	58.0	-71.5
2026-04-23T16:08:11.836494	sess_fe8e4fd0	watch_01	00:03	00:03	COM10	4E:C2	59.0	-71.5
2026-04-23T16:08:11.836494	sess_fe8e4fd0	watch_01	00:03	00:03	COM10	4E:C2	57.0	-71.5
2026-04-23T16:08:11.836494	sess_fe8e4fd0	watch_01	00:03	00:03	COM10	4E:C2	58.0	-70.0
2026-04-23T16:08:11.836494	sess_fe8e4fd0	watch_01	00:03	00:03	COM10	4E:C2	61.0	-72.5
2026-04-23T16:08:11.836494	sess_fe8e4fd0	watch_01	00:03	00:03	COM10	4E:C2	57.0	-71.0
2026-04-23T16:08:11.836494	sess_fe8e4fd0	watch_01	00:03	00:03	COM10	4E:C2	57.0	-71.5
2026-04-23T16:08:11.836494	sess_fe8e4fd0	watch_01	00:03	00:03	COM10	4E:C2	61.0	-71.5
2026-04-23T16:08:11.836494	sess_fe8e4fd0	watch_01	00:03	00:03	COM10	4E:C2	59.0	-71.0
2026-04-23T16:08:11.836494	sess_fe8e4fd0	watch_01	00:03	00:03	COM10	4E:C2	60.0	-72.5
2026-04-23T16:08:11.836494	sess_fe8e4fd0	watch_01	00:03	00:03	COM10	4E:C2	61.0	-71.5
2026-04-23T16:08:11.836494	sess_fe8e4fd0	watch_01	00:03	00:03	COM10	4E:C2	59.0	-71.0
2026-04-23T16:08:11.836494	sess_fe8e4fd0	watch_01	00:03	00:03	COM10	4E:C2	60.0	-71.5
2026-04-23T16:08:11.836494	sess_fe8e4fd0	watch_01	00:03	00:03	COM10	4E:C2	59.0	-72.5
2026-04-23T16:08:11.836494	sess_fe8e4fd0	watch_01	00:03	00:03	COM10	4E:C2	58.0	-71.5
2026-04-23T16:08:11.836494	sess_fe8e4fd0	watch_01	00:03	00:03	COM10	4E:C2	58.0	-71.0
2026-04-23T16:08:11.836494	sess_fe8e4fd0	watch_01	00:03	00:03	COM10	4E:C2	58.0	-71.5
2026-04-23T16:08:11.836494	sess_fe8e4fd0	watch_01	00:03	00:03	COM10	4E:C2	60.0	-72.5
2026-04-23T16:08:11.836494	sess_fe8e4fd0	watch_01	00:03	00:03	COM10	4E:C2	59.0	-71.5
2026-04-23T16:08:11.836494	sess_fe8e4fd0	watch_01	00:03	00:03	COM10	4E:C2	58.0	-71.5
2026-04-23T16:08:27.721113	sess_bf0ecf3b	watch_01	00:01	00:01	COM6	B4:CE	57.0	-77.5
2026-04-23T16:08:27.721113	sess_bf0ecf3b	watch_01	00:01	00:01	COM6	B4:CE	57.0	-76.5
2026-04-23T16:08:27.721113	sess_bf0ecf3b	watch_01	00:01	00:01	COM6	B4:CE	57.0	-76.0
2026-04-23T16:08:27.721113	sess_bf0ecf3b	watch_01	00:01	00:01	COM6	B4:CE	56.0	-75.5
2026-04-23T16:08:27.721113	sess_bf0ecf3b	watch_01	00:01	00:01	COM6	B4:CE	54.0	-76.5
2026-04-23T16:08:27.721113	sess_bf0ecf3b	watch_01	00:01	00:01	COM6	B4:CE	55.0	-76.5
2026-04-23T16:08:27.721113	sess_bf0ecf3b	watch_01	00:01	00:01	COM6	B4:CE	57.0	-76.0
2026-04-23T16:08:27.721113	sess_bf0ecf3b	watch_01	00:01	00:01	COM6	B4:CE	57.0	-75.5
2026-04-23T16:08:27.721113	sess_bf0ecf3b	watch_01	00:01	00:01	COM6	B4:CE	56.0	-76.5
2026-04-23T16:08:27.721113	sess_bf0ecf3b	watch_01	00:01	00:01	COM6	B4:CE	56.0	-75.5
2026-04-23T16:08:27.721113	sess_bf0ecf3b	watch_01	00:01	00:01	COM6	B4:CE	57.0	-76.5
2026-04-23T16:08:27.721113	sess_bf0ecf3b	watch_01	00:01	00:01	COM6	B4:CE	57.0	-76.5
2026-04-23T16:08:27.721113	sess_bf0ecf3b	watch_01	00:01	00:01	COM6	B4:CE	54.0	-76.5
2026-04-23T16:08:27.721113	sess_bf0ecf3b	watch_01	00:01	00:01	COM6	B4:CE	55.0	-76.0
2026-04-23T16:08:27.721113	sess_bf0ecf3b	watch_01	00:01	00:01	COM6	B4:CE	54.0	-75.5
2026-04-23T16:08:27.721113	sess_bf0ecf3b	watch_01	00:01	00:01	COM6	B4:CE	56.0	-76.0
2026-04-23T16:08:27.721113	sess_bf0ecf3b	watch_01	00:01	00:01	COM6	B4:CE	55.0	-76.5
2026-04-23T16:08:27.721113	sess_bf0ecf3b	watch_01	00:01	00:01	COM6	B4:CE	56.0	-76.5
2026-04-23T16:08:27.721113	sess_bf0ecf3b	watch_01	00:01	00:01	COM6	B4:CE	57.0	-76.0
2026-04-23T16:08:27.721113	sess_bf0ecf3b	watch_01	00:01	00:01	COM6	B4:CE	56.0	-75.5
2026-04-23T16:08:27.721113	sess_bf0ecf3b	watch_01	00:01	00:01	COM6	B4:CE	57.0	-75.5
2026-04-23T16:08:27.721113	sess_bf0ecf3b	watch_01	00:01	00:01	COM6	B4:CE	56.0	-75.5
2026-04-23T16:08:27.721113	sess_bf0ecf3b	watch_01	00:01	00:01	COM6	B4:CE	57.0	-75.5
2026-04-23T16:08:27.721113	sess_bf0ecf3b	watch_01	00:01	00:01	COM6	B4:CE	56.0	-75.5
2026-04-23T16:08:27.721113	sess_bf0ecf3b	watch_01	00:01	00:01	COM6	B4:CE	54.0	-75.5
2026-04-23T16:08:27.721113	sess_bf0ecf3b	watch_01	00:01	00:01	COM6	B4:CE	56.0	-76.5
2026-04-23T16:08:27.721113	sess_bf0ecf3b	watch_01	00:01	00:01	COM6	B4:CE	58.0	-75.5
2026-04-23T16:08:27.721113	sess_bf0ecf3b	watch_01	00:01	00:01	COM6	B4:CE	57.0	-75.5
2026-04-23T16:08:27.721113	sess_bf0ecf3b	watch_01	00:01	00:01	COM6	B4:CE	56.0	-76.0
2026-04-23T16:08:27.721113	sess_bf0ecf3b	watch_01	00:01	00:01	COM6	B4:CE	56.0	-75.5
2026-04-23T16:08:27.721113	sess_bf0ecf3b	watch_01	00:01	00:01	COM6	B4:CE	57.0	-75.5
2026-04-23T16:08:27.721113	sess_bf0ecf3b	watch_01	00:01	00:01	COM6	B4:CE	58.0	-76.5
2026-04-23T16:08:27.721113	sess_bf0ecf3b	watch_01	00:01	00:01	COM6	B4:CE	57.0	-75.5
2026-04-23T16:08:27.721113	sess_bf0ecf3b	watch_01	00:01	00:01	COM6	B4:CE	56.0	-75.5
2026-04-23T16:08:27.721113	sess_bf0ecf3b	watch_01	00:01	00:01	COM6	B4:CE	54.0	-75.0
2026-04-23T16:08:27.721113	sess_bf0ecf3b	watch_01	00:01	00:01	COM6	B4:CE	55.0	-74.5
2026-04-23T16:08:27.721113	sess_bf0ecf3b	watch_01	00:01	00:01	COM6	B4:CE	56.0	-76.5
2026-04-23T16:08:27.721113	sess_bf0ecf3b	watch_01	00:01	00:01	COM6	B4:CE	56.0	-76.0
2026-04-23T16:08:27.721113	sess_bf0ecf3b	watch_01	00:01	00:01	COM6	B4:CE	56.0	-76.0
2026-04-23T16:08:27.721113	sess_bf0ecf3b	watch_01	00:01	00:01	COM6	B4:CE	55.0	-77.0
2026-04-23T16:08:27.721113	sess_bf0ecf3b	watch_01	00:01	00:01	COM6	B4:CE	56.0	-76.0
2026-04-23T16:08:27.721113	sess_bf0ecf3b	watch_01	00:01	00:01	COM6	B4:CE	56.0	-76.0
2026-04-23T16:08:27.721113	sess_bf0ecf3b	watch_01	00:01	00:01	COM6	B4:CE	56.0	-75.5
2026-04-23T16:08:27.721113	sess_bf0ecf3b	watch_01	00:01	00:01	COM6	B4:CE	55.0	-75.5
2026-04-23T16:08:27.721113	sess_bf0ecf3b	watch_01	00:01	00:01	COM6	B4:CE	57.0	-76.0
2026-04-23T16:08:27.721113	sess_bf0ecf3b	watch_01	00:01	00:01	COM6	B4:CE	56.0	-75.5
2026-04-23T16:08:27.721113	sess_bf0ecf3b	watch_01	00:01	00:01	COM6	B4:CE	56.0	-75.5
2026-04-23T16:08:27.721113	sess_bf0ecf3b	watch_01	00:01	00:01	COM6	B4:CE	55.0	-76.0
2026-04-23T16:08:27.721113	sess_bf0ecf3b	watch_01	00:01	00:01	COM6	B4:CE	56.0	-75.5
2026-04-23T16:08:27.721113	sess_bf0ecf3b	watch_01	00:01	00:01	COM6	B4:CE	56.0	-76.0
2026-04-23T16:08:27.721113	sess_bf0ecf3b	watch_01	00:01	00:01	COM6	B4:CE	55.0	-76.5
2026-04-23T16:08:27.721113	sess_bf0ecf3b	watch_01	00:01	00:01	COM6	B4:CE	55.0	-75.0
2026-04-23T16:08:27.721113	sess_bf0ecf3b	watch_01	00:01	00:01	COM6	B4:CE	57.0	-75.5
2026-04-23T16:08:27.721113	sess_bf0ecf3b	watch_01	00:01	00:01	COM6	B4:CE	55.0	-75.5
2026-04-23T16:08:27.721113	sess_bf0ecf3b	watch_01	00:01	00:01	COM6	B4:CE	54.0	-75.5
2026-04-23T16:08:27.721113	sess_bf0ecf3b	watch_01	00:01	00:01	COM6	B4:CE	57.0	-75.5
2026-04-23T16:08:27.721113	sess_bf0ecf3b	watch_01	00:01	00:01	COM6	B4:CE	56.0	-76.5
2026-04-23T16:08:27.721113	sess_bf0ecf3b	watch_01	00:01	00:01	COM6	B4:CE	54.0	-75.0
2026-04-23T16:08:27.721113	sess_bf0ecf3b	watch_01	00:01	00:01	COM6	B4:CE	56.0	-76.0
2026-04-23T16:08:27.721113	sess_bf0ecf3b	watch_01	00:01	00:01	COM6	B4:CE	55.0	-75.5
2026-04-23T16:08:27.721113	sess_bf0ecf3b	watch_01	00:01	00:01	COM6	B4:CE	54.0	-77.0
2026-04-23T16:08:27.721113	sess_bf0ecf3b	watch_01	00:01	00:01	COM6	B4:CE	56.0	-76.0
2026-04-23T16:08:27.721113	sess_bf0ecf3b	watch_01	00:01	00:01	COM6	B4:CE	56.0	-75.0
2026-04-23T16:08:27.721113	sess_bf0ecf3b	watch_01	00:01	00:01	COM6	B4:CE	55.0	-75.5
2026-04-23T16:08:27.721113	sess_bf0ecf3b	watch_01	00:01	00:01	COM6	B4:CE	56.0	-75.5
2026-04-23T16:08:27.721113	sess_bf0ecf3b	watch_01	00:01	00:01	COM6	B4:CE	56.0	-75.5
2026-04-23T16:08:27.721113	sess_bf0ecf3b	watch_01	00:01	00:01	COM6	B4:CE	56.0	-76.0
2026-04-23T16:08:27.721113	sess_bf0ecf3b	watch_01	00:01	00:01	COM6	B4:CE	57.0	-76.0
2026-04-23T16:08:27.721113	sess_bf0ecf3b	watch_01	00:01	00:01	COM6	B4:CE	57.0	-76.5
2026-04-23T16:08:27.721113	sess_bf0ecf3b	watch_01	00:01	00:01	COM6	B4:CE	56.0	-75.0
2026-04-23T16:08:27.721113	sess_bf0ecf3b	watch_01	00:01	00:01	COM6	B4:CE	56.0	-75.5
2026-04-23T16:08:27.721113	sess_bf0ecf3b	watch_01	00:01	00:01	COM6	B4:CE	57.0	-77.5
2026-04-23T16:08:27.721113	sess_bf0ecf3b	watch_01	00:01	00:01	COM6	B4:CE	55.0	-75.5
2026-04-23T16:08:27.721113	sess_bf0ecf3b	watch_01	00:01	00:01	COM6	B4:CE	56.0	-76.0
2026-04-23T16:08:27.721113	sess_bf0ecf3b	watch_01	00:01	00:01	COM6	B4:CE	56.0	-75.0
2026-04-23T16:08:27.721113	sess_bf0ecf3b	watch_01	00:01	00:01	COM6	B4:CE	55.0	-75.5
2026-04-23T16:08:27.721113	sess_bf0ecf3b	watch_01	00:01	00:01	COM6	B4:CE	57.0	-75.0
2026-04-23T16:08:27.721113	sess_bf0ecf3b	watch_01	00:01	00:01	COM6	B4:CE	55.0	-75.5
2026-04-23T16:08:27.721113	sess_bf0ecf3b	watch_01	00:01	00:01	COM6	B4:CE	56.0	-76.0
2026-04-23T16:08:27.721113	sess_bf0ecf3b	watch_01	00:01	00:01	COM6	B4:CE	55.0	-77.0
2026-04-23T16:08:43.693347	sess_182bf509	watch_01	00:02	00:02	COM9	E5:11	66.0	-77.5
2026-04-23T16:08:43.693347	sess_182bf509	watch_01	00:02	00:02	COM9	E5:11	60.0	-76.0
2026-04-23T16:08:43.693347	sess_182bf509	watch_01	00:02	00:02	COM9	E5:11	66.0	-77.0
2026-04-23T16:08:43.693347	sess_182bf509	watch_01	00:02	00:02	COM9	E5:11	70.0	-79.0
2026-04-23T16:08:43.693347	sess_182bf509	watch_01	00:02	00:02	COM9	E5:11	62.0	-78.0
2026-04-23T16:08:43.693347	sess_182bf509	watch_01	00:02	00:02	COM9	E5:11	64.0	-77.5
2026-04-23T16:08:43.693347	sess_182bf509	watch_01	00:02	00:02	COM9	E5:11	63.0	-79.0
2026-04-23T16:08:43.693347	sess_182bf509	watch_01	00:02	00:02	COM9	E5:11	69.0	-78.0
2026-04-23T16:08:43.693347	sess_182bf509	watch_01	00:02	00:02	COM9	E5:11	65.0	-79.0
2026-04-23T16:08:43.693347	sess_182bf509	watch_01	00:02	00:02	COM9	E5:11	71.0	-77.5
2026-04-23T16:08:43.693347	sess_182bf509	watch_01	00:02	00:02	COM9	E5:11	61.0	-78.0
2026-04-23T16:08:43.693347	sess_182bf509	watch_01	00:02	00:02	COM9	E5:11	59.0	-77.0
2026-04-23T16:08:43.693347	sess_182bf509	watch_01	00:02	00:02	COM9	E5:11	65.0	-78.0
2026-04-23T16:08:43.693347	sess_182bf509	watch_01	00:02	00:02	COM9	E5:11	71.0	-80.5
2026-04-23T16:08:43.693347	sess_182bf509	watch_01	00:02	00:02	COM9	E5:11	67.0	-76.5
2026-04-23T16:08:43.693347	sess_182bf509	watch_01	00:02	00:02	COM9	E5:11	71.0	-77.5
2026-04-23T16:08:43.693347	sess_182bf509	watch_01	00:02	00:02	COM9	E5:11	67.0	-77.5
2026-04-23T16:08:43.693347	sess_182bf509	watch_01	00:02	00:02	COM9	E5:11	66.0	-77.0
2026-04-23T16:08:43.693347	sess_182bf509	watch_01	00:02	00:02	COM9	E5:11	68.0	-80.0
2026-04-23T16:08:43.693347	sess_182bf509	watch_01	00:02	00:02	COM9	E5:11	61.0	-80.0
2026-04-23T16:08:43.693347	sess_182bf509	watch_01	00:02	00:02	COM9	E5:11	73.0	-78.0
2026-04-23T16:08:43.693347	sess_182bf509	watch_01	00:02	00:02	COM9	E5:11	70.0	-77.0
2026-04-23T16:08:43.693347	sess_182bf509	watch_01	00:02	00:02	COM9	E5:11	60.0	-77.0
2026-04-23T16:08:43.693347	sess_182bf509	watch_01	00:02	00:02	COM9	E5:11	69.0	-79.5
2026-04-23T16:08:43.693347	sess_182bf509	watch_01	00:02	00:02	COM9	E5:11	67.0	-78.0
2026-04-23T16:08:43.693347	sess_182bf509	watch_01	00:02	00:02	COM9	E5:11	69.0	-78.0
2026-04-23T16:08:43.693347	sess_182bf509	watch_01	00:02	00:02	COM9	E5:11	66.0	-78.0
2026-04-23T16:08:43.693347	sess_182bf509	watch_01	00:02	00:02	COM9	E5:11	65.0	-79.5
2026-04-23T16:08:43.693347	sess_182bf509	watch_01	00:02	00:02	COM9	E5:11	70.0	-78.0
2026-04-23T16:08:43.693347	sess_182bf509	watch_01	00:02	00:02	COM9	E5:11	69.0	-90.5
2026-04-23T16:08:43.693347	sess_182bf509	watch_01	00:02	00:02	COM9	E5:11	65.0	-79.0
2026-04-23T16:08:43.693347	sess_182bf509	watch_01	00:02	00:02	COM9	E5:11	65.0	-79.0
2026-04-23T16:08:43.693347	sess_182bf509	watch_01	00:02	00:02	COM9	E5:11	65.0	-78.0
2026-04-23T16:08:43.693347	sess_182bf509	watch_01	00:02	00:02	COM9	E5:11	68.0	-78.0
2026-04-23T16:08:43.693347	sess_182bf509	watch_01	00:02	00:02	COM9	E5:11	67.0	-76.5
2026-04-23T16:08:43.693347	sess_182bf509	watch_01	00:02	00:02	COM9	E5:11	70.0	-77.5
2026-04-23T16:08:43.693347	sess_182bf509	watch_01	00:02	00:02	COM9	E5:11	65.0	-78.5
2026-04-23T16:08:43.693347	sess_182bf509	watch_01	00:02	00:02	COM9	E5:11	66.0	-78.5
2026-04-23T16:08:43.693347	sess_182bf509	watch_01	00:02	00:02	COM9	E5:11	64.0	-79.0
2026-04-23T16:08:43.693347	sess_182bf509	watch_01	00:02	00:02	COM9	E5:11	68.0	-79.0
2026-04-23T16:08:43.693347	sess_182bf509	watch_01	00:02	00:02	COM9	E5:11	66.0	-79.5
2026-04-23T16:08:43.693347	sess_182bf509	watch_01	00:02	00:02	COM9	E5:11	67.0	-78.0
2026-04-23T16:08:43.693347	sess_182bf509	watch_01	00:02	00:02	COM9	E5:11	69.0	-79.0
2026-04-23T16:08:43.693347	sess_182bf509	watch_01	00:02	00:02	COM9	E5:11	66.0	-77.5
2026-04-23T16:08:43.693347	sess_182bf509	watch_01	00:02	00:02	COM9	E5:11	67.0	-79.5
2026-04-23T16:08:43.693347	sess_182bf509	watch_01	00:02	00:02	COM9	E5:11	65.0	-78.5
2026-04-23T16:08:43.693347	sess_182bf509	watch_01	00:02	00:02	COM9	E5:11	64.0	-77.0
2026-04-23T16:08:43.693347	sess_182bf509	watch_01	00:02	00:02	COM9	E5:11	68.0	-78.5
2026-04-23T16:08:43.693347	sess_182bf509	watch_01	00:02	00:02	COM9	E5:11	68.0	-78.5
2026-04-23T16:08:43.693347	sess_182bf509	watch_01	00:02	00:02	COM9	E5:11	67.0	-79.0
2026-04-23T16:08:43.693347	sess_182bf509	watch_01	00:02	00:02	COM9	E5:11	62.0	-78.5
2026-04-23T16:08:43.693347	sess_182bf509	watch_01	00:02	00:02	COM9	E5:11	68.0	-78.0
2026-04-23T16:08:43.693347	sess_182bf509	watch_01	00:02	00:02	COM9	E5:11	68.0	-78.0
2026-04-23T16:08:43.693347	sess_182bf509	watch_01	00:02	00:02	COM9	E5:11	63.0	-79.5
2026-04-23T16:08:43.693347	sess_182bf509	watch_01	00:02	00:02	COM9	E5:11	63.0	-77.0
2026-04-23T16:08:43.693347	sess_182bf509	watch_01	00:02	00:02	COM9	E5:11	62.0	-77.0
2026-04-23T16:08:43.693347	sess_182bf509	watch_01	00:02	00:02	COM9	E5:11	63.0	-78.5
2026-04-23T16:08:43.693347	sess_182bf509	watch_01	00:02	00:02	COM9	E5:11	66.0	-76.5
2026-04-23T16:08:43.693347	sess_182bf509	watch_01	00:02	00:02	COM9	E5:11	65.0	-79.0
2026-04-23T16:08:43.693347	sess_182bf509	watch_01	00:02	00:02	COM9	E5:11	66.0	-78.0
2026-04-23T16:08:43.693347	sess_182bf509	watch_01	00:02	00:02	COM9	E5:11	67.0	-77.0
2026-04-23T16:08:43.693347	sess_182bf509	watch_01	00:02	00:02	COM9	E5:11	67.0	-78.0
2026-04-23T16:08:43.693347	sess_182bf509	watch_01	00:02	00:02	COM9	E5:11	66.0	-77.5
2026-04-23T16:08:43.693347	sess_182bf509	watch_01	00:02	00:02	COM9	E5:11	66.0	-79.5
2026-04-23T16:08:43.693347	sess_182bf509	watch_01	00:02	00:02	COM9	E5:11	67.0	-78.0
2026-04-23T16:08:43.693347	sess_182bf509	watch_01	00:02	00:02	COM9	E5:11	62.0	-78.0
2026-04-23T16:08:43.693347	sess_182bf509	watch_01	00:02	00:02	COM9	E5:11	67.0	-80.5
2026-04-23T16:08:43.693347	sess_182bf509	watch_01	00:02	00:02	COM9	E5:11	65.0	-79.5
2026-04-23T16:08:43.693347	sess_182bf509	watch_01	00:02	00:02	COM9	E5:11	65.0	-79.0
2026-04-23T16:08:43.693347	sess_182bf509	watch_01	00:02	00:02	COM9	E5:11	68.0	-79.0
2026-04-23T16:08:43.693347	sess_182bf509	watch_01	00:02	00:02	COM9	E5:11	66.0	-78.0
2026-04-23T16:08:59.559078	sess_a3bea7d0	watch_01	00:03	00:03	COM10	51:44	57.0	-71.0
2026-04-23T16:08:59.559078	sess_a3bea7d0	watch_01	00:03	00:03	COM10	51:44	60.0	-71.5
2026-04-23T16:08:59.559078	sess_a3bea7d0	watch_01	00:03	00:03	COM10	51:44	60.0	-71.5
2026-04-23T16:08:59.559078	sess_a3bea7d0	watch_01	00:03	00:03	COM10	51:44	60.0	-71.5
2026-04-23T16:08:59.559078	sess_a3bea7d0	watch_01	00:03	00:03	COM10	51:44	60.0	-71.0
2026-04-23T16:08:59.559078	sess_a3bea7d0	watch_01	00:03	00:03	COM10	51:44	59.0	-71.0
2026-04-23T16:08:59.559078	sess_a3bea7d0	watch_01	00:03	00:03	COM10	51:44	60.0	-71.5
2026-04-23T16:08:59.559078	sess_a3bea7d0	watch_01	00:03	00:03	COM10	51:44	60.0	-72.0
2026-04-23T16:08:59.559078	sess_a3bea7d0	watch_01	00:03	00:03	COM10	51:44	61.0	-71.5
2026-04-23T16:08:59.559078	sess_a3bea7d0	watch_01	00:03	00:03	COM10	51:44	58.0	-73.0
2026-04-23T16:08:59.559078	sess_a3bea7d0	watch_01	00:03	00:03	COM10	51:44	58.0	-71.0
2026-04-23T16:08:59.559078	sess_a3bea7d0	watch_01	00:03	00:03	COM10	51:44	61.0	-72.0
2026-04-23T16:08:59.559078	sess_a3bea7d0	watch_01	00:03	00:03	COM10	51:44	59.0	-72.5
2026-04-23T16:08:59.559078	sess_a3bea7d0	watch_01	00:03	00:03	COM10	51:44	61.0	-72.5
2026-04-23T16:08:59.559078	sess_a3bea7d0	watch_01	00:03	00:03	COM10	51:44	60.0	-71.5
2026-04-23T16:08:59.559078	sess_a3bea7d0	watch_01	00:03	00:03	COM10	51:44	58.0	-71.0
2026-04-23T16:08:59.559078	sess_a3bea7d0	watch_01	00:03	00:03	COM10	51:44	59.0	-72.0
2026-04-23T16:08:59.559078	sess_a3bea7d0	watch_01	00:03	00:03	COM10	51:44	60.0	-71.5
2026-04-23T16:08:59.559078	sess_a3bea7d0	watch_01	00:03	00:03	COM10	51:44	58.0	-71.0
2026-04-23T16:08:59.559078	sess_a3bea7d0	watch_01	00:03	00:03	COM10	51:44	59.0	-71.5
2026-04-23T16:08:59.559078	sess_a3bea7d0	watch_01	00:03	00:03	COM10	51:44	60.0	-71.5
2026-04-23T16:08:59.559078	sess_a3bea7d0	watch_01	00:03	00:03	COM10	51:44	59.0	-71.5
2026-04-23T16:08:59.559078	sess_a3bea7d0	watch_01	00:03	00:03	COM10	51:44	59.0	-71.0
2026-04-23T16:08:59.559078	sess_a3bea7d0	watch_01	00:03	00:03	COM10	51:44	63.0	-72.5
2026-04-23T16:08:59.559078	sess_a3bea7d0	watch_01	00:03	00:03	COM10	51:44	61.0	-71.5
2026-04-23T16:08:59.559078	sess_a3bea7d0	watch_01	00:03	00:03	COM10	51:44	59.0	-72.0
2026-04-23T16:08:59.559078	sess_a3bea7d0	watch_01	00:03	00:03	COM10	51:44	63.0	-72.0
2026-04-23T16:08:59.559078	sess_a3bea7d0	watch_01	00:03	00:03	COM10	51:44	57.0	-71.0
2026-04-23T16:08:59.559078	sess_a3bea7d0	watch_01	00:03	00:03	COM10	51:44	60.0	-71.0
2026-04-23T16:08:59.559078	sess_a3bea7d0	watch_01	00:03	00:03	COM10	51:44	57.0	-71.5
2026-04-23T16:08:59.559078	sess_a3bea7d0	watch_01	00:03	00:03	COM10	51:44	59.0	-71.0
2026-04-23T16:08:59.559078	sess_a3bea7d0	watch_01	00:03	00:03	COM10	51:44	60.0	-71.5
2026-04-23T16:08:59.559078	sess_a3bea7d0	watch_01	00:03	00:03	COM10	51:44	59.0	-72.5
2026-04-23T16:08:59.559078	sess_a3bea7d0	watch_01	00:03	00:03	COM10	51:44	62.0	-73.0
2026-04-23T16:08:59.559078	sess_a3bea7d0	watch_01	00:03	00:03	COM10	51:44	61.0	-71.0
2026-04-23T16:08:59.559078	sess_a3bea7d0	watch_01	00:03	00:03	COM10	51:44	56.0	-72.5
2026-04-23T16:08:59.559078	sess_a3bea7d0	watch_01	00:03	00:03	COM10	51:44	59.0	-71.5
2026-04-23T16:08:59.559078	sess_a3bea7d0	watch_01	00:03	00:03	COM10	51:44	58.0	-71.5
2026-04-23T16:08:59.559078	sess_a3bea7d0	watch_01	00:03	00:03	COM10	51:44	60.0	-72.0
2026-04-23T16:08:59.559078	sess_a3bea7d0	watch_01	00:03	00:03	COM10	51:44	60.0	-71.0
2026-04-23T16:08:59.559078	sess_a3bea7d0	watch_01	00:03	00:03	COM10	51:44	58.0	-71.0
2026-04-23T16:08:59.559078	sess_a3bea7d0	watch_01	00:03	00:03	COM10	51:44	58.0	-72.0
2026-04-23T16:08:59.559078	sess_a3bea7d0	watch_01	00:03	00:03	COM10	51:44	60.0	-72.5
2026-04-23T16:08:59.559078	sess_a3bea7d0	watch_01	00:03	00:03	COM10	51:44	57.0	-71.0
2026-04-23T16:08:59.559078	sess_a3bea7d0	watch_01	00:03	00:03	COM10	51:44	59.0	-71.5
2026-04-23T16:08:59.559078	sess_a3bea7d0	watch_01	00:03	00:03	COM10	51:44	58.0	-73.0
2026-04-23T16:08:59.559078	sess_a3bea7d0	watch_01	00:03	00:03	COM10	51:44	60.0	-71.0
2026-04-23T16:08:59.559078	sess_a3bea7d0	watch_01	00:03	00:03	COM10	51:44	58.0	-71.5
2026-04-23T16:08:59.559078	sess_a3bea7d0	watch_01	00:03	00:03	COM10	51:44	59.0	-71.5
2026-04-23T16:08:59.559078	sess_a3bea7d0	watch_01	00:03	00:03	COM10	51:44	58.0	-71.5
2026-04-23T16:08:59.559078	sess_a3bea7d0	watch_01	00:03	00:03	COM10	51:44	58.0	-71.0
2026-04-23T16:08:59.559078	sess_a3bea7d0	watch_01	00:03	00:03	COM10	51:44	56.0	-71.0
2026-04-23T16:08:59.559078	sess_a3bea7d0	watch_01	00:03	00:03	COM10	51:44	60.0	-71.0
2026-04-23T16:08:59.559078	sess_a3bea7d0	watch_01	00:03	00:03	COM10	51:44	59.0	-71.0
2026-04-23T16:08:59.559078	sess_a3bea7d0	watch_01	00:03	00:03	COM10	51:44	57.0	-73.0
2026-04-23T16:08:59.559078	sess_a3bea7d0	watch_01	00:03	00:03	COM10	51:44	58.0	-73.0
2026-04-23T16:08:59.559078	sess_a3bea7d0	watch_01	00:03	00:03	COM10	51:44	59.0	-71.5
2026-04-23T16:08:59.559078	sess_a3bea7d0	watch_01	00:03	00:03	COM10	51:44	60.0	-71.5
2026-04-23T16:08:59.559078	sess_a3bea7d0	watch_01	00:03	00:03	COM10	51:44	59.0	-72.0
2026-04-23T16:08:59.559078	sess_a3bea7d0	watch_01	00:03	00:03	COM10	51:44	61.0	-72.0
2026-04-23T16:08:59.559078	sess_a3bea7d0	watch_01	00:03	00:03	COM10	51:44	60.0	-71.5
2026-04-23T16:08:59.559078	sess_a3bea7d0	watch_01	00:03	00:03	COM10	51:44	63.0	-72.5
2026-04-23T16:08:59.559078	sess_a3bea7d0	watch_01	00:03	00:03	COM10	51:44	58.0	-71.0
2026-04-23T16:08:59.559078	sess_a3bea7d0	watch_01	00:03	00:03	COM10	51:44	61.0	-71.5
2026-04-23T16:08:59.559078	sess_a3bea7d0	watch_01	00:03	00:03	COM10	51:44	58.0	-71.5
2026-04-23T16:08:59.559078	sess_a3bea7d0	watch_01	00:03	00:03	COM10	51:44	59.0	-71.5
2026-04-23T16:08:59.559078	sess_a3bea7d0	watch_01	00:03	00:03	COM10	51:44	60.0	-71.5
2026-04-23T16:08:59.559078	sess_a3bea7d0	watch_01	00:03	00:03	COM10	51:44	57.0	-71.0
2026-04-23T16:08:59.559078	sess_a3bea7d0	watch_01	00:03	00:03	COM10	51:44	59.0	-71.0
2026-04-23T16:08:59.559078	sess_a3bea7d0	watch_01	00:03	00:03	COM10	51:44	61.0	-73.0
2026-04-23T16:08:59.559078	sess_a3bea7d0	watch_01	00:03	00:03	COM10	51:44	58.0	-72.5
2026-04-23T16:08:59.559078	sess_a3bea7d0	watch_01	00:03	00:03	COM10	51:44	61.0	-71.0
2026-04-23T16:08:59.559078	sess_a3bea7d0	watch_01	00:03	00:03	COM10	51:44	59.0	-71.5
2026-04-23T16:08:59.559078	sess_a3bea7d0	watch_01	00:03	00:03	COM10	51:44	59.0	-71.0
2026-04-23T16:08:59.559078	sess_a3bea7d0	watch_01	00:03	00:03	COM10	51:44	61.0	-71.5
2026-04-23T16:08:59.559078	sess_a3bea7d0	watch_01	00:03	00:03	COM10	51:44	57.0	-72.0
2026-04-23T16:08:59.559078	sess_a3bea7d0	watch_01	00:03	00:03	COM10	51:44	61.0	-71.0
2026-04-23T16:08:59.559078	sess_a3bea7d0	watch_01	00:03	00:03	COM10	51:44	57.0	-72.0
2026-04-23T16:08:59.559078	sess_a3bea7d0	watch_01	00:03	00:03	COM10	51:44	56.0	-71.5
2026-04-23T16:08:59.559078	sess_a3bea7d0	watch_01	00:03	00:03	COM10	51:44	58.0	-71.5
2026-04-23T16:09:15.324277	sess_c9064e22	watch_01	00:01	00:01	COM6	9E:CB	55.0	-75.5
2026-04-23T16:09:15.324277	sess_c9064e22	watch_01	00:01	00:01	COM6	9E:CB	55.0	-76.0
2026-04-23T16:09:15.324277	sess_c9064e22	watch_01	00:01	00:01	COM6	9E:CB	55.0	-76.0
2026-04-23T16:09:15.324277	sess_c9064e22	watch_01	00:01	00:01	COM6	9E:CB	56.0	-75.0
2026-04-23T16:09:15.324277	sess_c9064e22	watch_01	00:01	00:01	COM6	9E:CB	55.0	-75.5
2026-04-23T16:09:15.324277	sess_c9064e22	watch_01	00:01	00:01	COM6	9E:CB	58.0	-75.5
2026-04-23T16:09:15.324277	sess_c9064e22	watch_01	00:01	00:01	COM6	9E:CB	55.0	-77.0
2026-04-23T16:09:15.324277	sess_c9064e22	watch_01	00:01	00:01	COM6	9E:CB	54.0	-75.0
2026-04-23T16:09:15.324277	sess_c9064e22	watch_01	00:01	00:01	COM6	9E:CB	54.0	-75.5
2026-04-23T16:09:15.324277	sess_c9064e22	watch_01	00:01	00:01	COM6	9E:CB	56.0	-75.0
2026-04-23T16:09:15.324277	sess_c9064e22	watch_01	00:01	00:01	COM6	9E:CB	57.0	-75.0
2026-04-23T16:09:15.324277	sess_c9064e22	watch_01	00:01	00:01	COM6	9E:CB	56.0	-77.0
2026-04-23T16:09:15.324277	sess_c9064e22	watch_01	00:01	00:01	COM6	9E:CB	56.0	-75.5
2026-04-23T16:09:15.324277	sess_c9064e22	watch_01	00:01	00:01	COM6	9E:CB	55.0	-75.0
2026-04-23T16:09:15.324277	sess_c9064e22	watch_01	00:01	00:01	COM6	9E:CB	55.0	-77.5
2026-04-23T16:09:15.324277	sess_c9064e22	watch_01	00:01	00:01	COM6	9E:CB	56.0	-76.0
2026-04-23T16:09:15.324277	sess_c9064e22	watch_01	00:01	00:01	COM6	9E:CB	57.0	-74.5
2026-04-23T16:09:15.324277	sess_c9064e22	watch_01	00:01	00:01	COM6	9E:CB	57.0	-76.0
2026-04-23T16:09:15.324277	sess_c9064e22	watch_01	00:01	00:01	COM6	9E:CB	52.0	-76.0
2026-04-23T16:09:15.324277	sess_c9064e22	watch_01	00:01	00:01	COM6	9E:CB	58.0	-76.0
2026-04-23T16:09:15.324277	sess_c9064e22	watch_01	00:01	00:01	COM6	9E:CB	61.0	-73.0
2026-04-23T16:09:15.324277	sess_c9064e22	watch_01	00:01	00:01	COM6	9E:CB	52.0	-77.5
2026-04-23T16:09:15.324277	sess_c9064e22	watch_01	00:01	00:01	COM6	9E:CB	55.0	-75.5
2026-04-23T16:09:15.324277	sess_c9064e22	watch_01	00:01	00:01	COM6	9E:CB	58.0	-76.0
2026-04-23T16:09:15.324277	sess_c9064e22	watch_01	00:01	00:01	COM6	9E:CB	47.0	-79.5
2026-04-23T16:09:15.324277	sess_c9064e22	watch_01	00:01	00:01	COM6	9E:CB	56.0	-76.5
2026-04-23T16:09:15.324277	sess_c9064e22	watch_01	00:01	00:01	COM6	9E:CB	60.0	-72.5
2026-04-23T16:09:15.324277	sess_c9064e22	watch_01	00:01	00:01	COM6	9E:CB	53.0	-76.5
2026-04-23T16:09:15.325280	sess_c9064e22	watch_01	00:01	00:01	COM6	9E:CB	60.0	-75.0
2026-04-23T16:09:15.325280	sess_c9064e22	watch_01	00:01	00:01	COM6	9E:CB	60.0	-73.0
2026-04-23T16:09:15.325280	sess_c9064e22	watch_01	00:01	00:01	COM6	9E:CB	60.0	-75.0
2026-04-23T16:09:15.325280	sess_c9064e22	watch_01	00:01	00:01	COM6	9E:CB	63.0	-74.0
2026-04-23T16:09:15.325280	sess_c9064e22	watch_01	00:01	00:01	COM6	9E:CB	56.0	-74.0
2026-04-23T16:09:15.325280	sess_c9064e22	watch_01	00:01	00:01	COM6	9E:CB	61.0	-75.0
2026-04-23T16:09:15.325280	sess_c9064e22	watch_01	00:01	00:01	COM6	9E:CB	54.0	-75.5
2026-04-23T16:09:15.325280	sess_c9064e22	watch_01	00:01	00:01	COM6	9E:CB	45.0	-77.5
2026-04-23T16:09:15.325280	sess_c9064e22	watch_01	00:01	00:01	COM6	9E:CB	60.0	-72.5
2026-04-23T16:09:15.325280	sess_c9064e22	watch_01	00:01	00:01	COM6	9E:CB	60.0	-75.0
2026-04-23T16:09:15.325280	sess_c9064e22	watch_01	00:01	00:01	COM6	9E:CB	65.0	-72.0
2026-04-23T16:09:15.325280	sess_c9064e22	watch_01	00:01	00:01	COM6	9E:CB	57.0	-74.5
2026-04-23T16:09:15.325280	sess_c9064e22	watch_01	00:01	00:01	COM6	9E:CB	61.0	-75.0
2026-04-23T16:09:15.325280	sess_c9064e22	watch_01	00:01	00:01	COM6	9E:CB	59.0	-72.0
2026-04-23T16:09:15.325280	sess_c9064e22	watch_01	00:01	00:01	COM6	9E:CB	55.0	-76.0
2026-04-23T16:09:15.325280	sess_c9064e22	watch_01	00:01	00:01	COM6	9E:CB	55.0	-76.0
2026-04-23T16:09:15.325280	sess_c9064e22	watch_01	00:01	00:01	COM6	9E:CB	58.0	-74.0
2026-04-23T16:09:15.325280	sess_c9064e22	watch_01	00:01	00:01	COM6	9E:CB	56.0	-74.5
2026-04-23T16:09:15.325280	sess_c9064e22	watch_01	00:01	00:01	COM6	9E:CB	57.0	-73.0
2026-04-23T16:09:15.325280	sess_c9064e22	watch_01	00:01	00:01	COM6	9E:CB	56.0	-74.0
2026-04-23T16:09:15.325280	sess_c9064e22	watch_01	00:01	00:01	COM6	9E:CB	56.0	-74.0
2026-04-23T16:09:15.325280	sess_c9064e22	watch_01	00:01	00:01	COM6	9E:CB	58.0	-75.5
2026-04-23T16:09:15.325280	sess_c9064e22	watch_01	00:01	00:01	COM6	9E:CB	54.0	-75.5
2026-04-23T16:09:15.325280	sess_c9064e22	watch_01	00:01	00:01	COM6	9E:CB	56.0	-75.5
2026-04-23T16:09:15.325280	sess_c9064e22	watch_01	00:01	00:01	COM6	9E:CB	55.0	-75.0
2026-04-23T16:09:15.325280	sess_c9064e22	watch_01	00:01	00:01	COM6	9E:CB	57.0	-74.5
2026-04-23T16:09:15.325280	sess_c9064e22	watch_01	00:01	00:01	COM6	9E:CB	56.0	-78.5
2026-04-23T16:09:15.325280	sess_c9064e22	watch_01	00:01	00:01	COM6	9E:CB	52.0	-76.0
2026-04-23T16:09:15.325280	sess_c9064e22	watch_01	00:01	00:01	COM6	9E:CB	57.0	-74.5
2026-04-23T16:09:15.325280	sess_c9064e22	watch_01	00:01	00:01	COM6	9E:CB	53.0	-75.5
2026-04-23T16:09:15.326280	sess_c9064e22	watch_01	00:01	00:01	COM6	9E:CB	56.0	-76.0
2026-04-23T16:09:15.326280	sess_c9064e22	watch_01	00:01	00:01	COM6	9E:CB	56.0	-75.5
2026-04-23T16:09:15.326280	sess_c9064e22	watch_01	00:01	00:01	COM6	9E:CB	56.0	-75.0
2026-04-23T16:09:15.326280	sess_c9064e22	watch_01	00:01	00:01	COM6	9E:CB	56.0	-75.5
2026-04-23T16:09:15.326280	sess_c9064e22	watch_01	00:01	00:01	COM6	9E:CB	57.0	-75.5
2026-04-23T16:09:15.326280	sess_c9064e22	watch_01	00:01	00:01	COM6	9E:CB	56.0	-75.5
2026-04-23T16:09:15.326280	sess_c9064e22	watch_01	00:01	00:01	COM6	9E:CB	57.0	-75.5
2026-04-23T16:09:15.326280	sess_c9064e22	watch_01	00:01	00:01	COM6	9E:CB	55.0	-76.5
2026-04-23T16:09:15.326280	sess_c9064e22	watch_01	00:01	00:01	COM6	9E:CB	56.0	-75.5
2026-04-23T16:09:15.326280	sess_c9064e22	watch_01	00:01	00:01	COM6	9E:CB	54.0	-75.5
2026-04-23T16:09:15.326280	sess_c9064e22	watch_01	00:01	00:01	COM6	9E:CB	54.0	-75.5
2026-04-23T16:09:15.326280	sess_c9064e22	watch_01	00:01	00:01	COM6	9E:CB	55.0	-76.0
2026-04-23T16:09:15.326280	sess_c9064e22	watch_01	00:01	00:01	COM6	9E:CB	55.0	-75.0
2026-04-23T16:09:15.326280	sess_c9064e22	watch_01	00:01	00:01	COM6	9E:CB	56.0	-75.5
2026-04-23T16:09:15.326280	sess_c9064e22	watch_01	00:01	00:01	COM6	9E:CB	55.0	-76.5
2026-04-23T16:09:15.326280	sess_c9064e22	watch_01	00:01	00:01	COM6	9E:CB	56.0	-76.5
2026-04-23T16:09:15.326280	sess_c9064e22	watch_01	00:01	00:01	COM6	9E:CB	55.0	-75.5
2026-04-23T16:09:15.326280	sess_c9064e22	watch_01	00:01	00:01	COM6	9E:CB	54.0	-75.5
2026-04-23T16:09:15.326280	sess_c9064e22	watch_01	00:01	00:01	COM6	9E:CB	55.0	-75.5
2026-04-23T16:09:15.326280	sess_c9064e22	watch_01	00:01	00:01	COM6	9E:CB	56.0	-76.5
2026-04-23T16:09:15.326280	sess_c9064e22	watch_01	00:01	00:01	COM6	9E:CB	55.0	-75.0
2026-04-23T16:09:31.263877	sess_4a58aa24	watch_01	00:02	00:02	COM9	FB:97	67.0	-79.0
2026-04-23T16:09:31.263877	sess_4a58aa24	watch_01	00:02	00:02	COM9	FB:97	67.0	-78.5
2026-04-23T16:09:31.263877	sess_4a58aa24	watch_01	00:02	00:02	COM9	FB:97	68.0	-79.5
2026-04-23T16:09:31.263877	sess_4a58aa24	watch_01	00:02	00:02	COM9	FB:97	67.0	-80.0
2026-04-23T16:09:31.263877	sess_4a58aa24	watch_01	00:02	00:02	COM9	FB:97	62.0	-80.0
2026-04-23T16:09:31.263877	sess_4a58aa24	watch_01	00:02	00:02	COM9	FB:97	68.0	-80.0
2026-04-23T16:09:31.263877	sess_4a58aa24	watch_01	00:02	00:02	COM9	FB:97	65.0	-78.0
2026-04-23T16:09:31.263877	sess_4a58aa24	watch_01	00:02	00:02	COM9	FB:97	67.0	-79.0
2026-04-23T16:09:31.263877	sess_4a58aa24	watch_01	00:02	00:02	COM9	FB:97	64.0	-77.0
2026-04-23T16:09:31.263877	sess_4a58aa24	watch_01	00:02	00:02	COM9	FB:97	61.0	-77.5
2026-04-23T16:09:31.263877	sess_4a58aa24	watch_01	00:02	00:02	COM9	FB:97	65.0	-80.5
2026-04-23T16:09:31.263877	sess_4a58aa24	watch_01	00:02	00:02	COM9	FB:97	66.0	-79.5
2026-04-23T16:09:31.263877	sess_4a58aa24	watch_01	00:02	00:02	COM9	FB:97	64.0	-79.5
2026-04-23T16:09:31.263877	sess_4a58aa24	watch_01	00:02	00:02	COM9	FB:97	67.0	-77.5
2026-04-23T16:09:31.263877	sess_4a58aa24	watch_01	00:02	00:02	COM9	FB:97	64.0	-80.0
2026-04-23T16:09:31.263877	sess_4a58aa24	watch_01	00:02	00:02	COM9	FB:97	67.0	-80.0
2026-04-23T16:09:31.263877	sess_4a58aa24	watch_01	00:02	00:02	COM9	FB:97	62.0	-78.0
2026-04-23T16:09:31.263877	sess_4a58aa24	watch_01	00:02	00:02	COM9	FB:97	67.0	-78.5
2026-04-23T16:09:31.263877	sess_4a58aa24	watch_01	00:02	00:02	COM9	FB:97	66.0	-79.0
2026-04-23T16:09:31.263877	sess_4a58aa24	watch_01	00:02	00:02	COM9	FB:97	67.0	-79.0
2026-04-23T16:09:31.263877	sess_4a58aa24	watch_01	00:02	00:02	COM9	FB:97	64.0	-79.0
2026-04-23T16:09:31.263877	sess_4a58aa24	watch_01	00:02	00:02	COM9	FB:97	63.0	-79.0
2026-04-23T16:09:31.263877	sess_4a58aa24	watch_01	00:02	00:02	COM9	FB:97	61.0	-78.5
2026-04-23T16:09:31.263877	sess_4a58aa24	watch_01	00:02	00:02	COM9	FB:97	65.0	-78.5
2026-04-23T16:09:31.263877	sess_4a58aa24	watch_01	00:02	00:02	COM9	FB:97	65.0	-77.5
2026-04-23T16:09:31.263877	sess_4a58aa24	watch_01	00:02	00:02	COM9	FB:97	68.0	-79.5
2026-04-23T16:09:31.263877	sess_4a58aa24	watch_01	00:02	00:02	COM9	FB:97	66.0	-78.5
2026-04-23T16:09:31.263877	sess_4a58aa24	watch_01	00:02	00:02	COM9	FB:97	61.0	-77.0
2026-04-23T16:09:31.263877	sess_4a58aa24	watch_01	00:02	00:02	COM9	FB:97	65.0	-77.0
2026-04-23T16:09:31.263877	sess_4a58aa24	watch_01	00:02	00:02	COM9	FB:97	66.0	-79.0
2026-04-23T16:09:31.263877	sess_4a58aa24	watch_01	00:02	00:02	COM9	FB:97	64.0	-79.0
2026-04-23T16:09:31.263877	sess_4a58aa24	watch_01	00:02	00:02	COM9	FB:97	65.0	-78.5
2026-04-23T16:09:31.263877	sess_4a58aa24	watch_01	00:02	00:02	COM9	FB:97	61.0	-80.0
2026-04-23T16:09:31.263877	sess_4a58aa24	watch_01	00:02	00:02	COM9	FB:97	66.0	-78.5
2026-04-23T16:09:31.263877	sess_4a58aa24	watch_01	00:02	00:02	COM9	FB:97	64.0	-79.5
2026-04-23T16:09:31.263877	sess_4a58aa24	watch_01	00:02	00:02	COM9	FB:97	67.0	-80.0
2026-04-23T16:09:31.263877	sess_4a58aa24	watch_01	00:02	00:02	COM9	FB:97	66.0	-78.0
2026-04-23T16:09:31.263877	sess_4a58aa24	watch_01	00:02	00:02	COM9	FB:97	62.0	-77.5
2026-04-23T16:09:31.263877	sess_4a58aa24	watch_01	00:02	00:02	COM9	FB:97	65.0	-79.5
2026-04-23T16:09:31.263877	sess_4a58aa24	watch_01	00:02	00:02	COM9	FB:97	66.0	-79.5
2026-04-23T16:09:31.263877	sess_4a58aa24	watch_01	00:02	00:02	COM9	FB:97	65.0	-77.5
2026-04-23T16:09:31.263877	sess_4a58aa24	watch_01	00:02	00:02	COM9	FB:97	61.0	-78.5
2026-04-23T16:09:31.263877	sess_4a58aa24	watch_01	00:02	00:02	COM9	FB:97	63.0	-78.0
2026-04-23T16:09:31.263877	sess_4a58aa24	watch_01	00:02	00:02	COM9	FB:97	66.0	-78.0
2026-04-23T16:09:31.263877	sess_4a58aa24	watch_01	00:02	00:02	COM9	FB:97	63.0	-79.5
2026-04-23T16:09:31.263877	sess_4a58aa24	watch_01	00:02	00:02	COM9	FB:97	63.0	-78.5
2026-04-23T16:09:31.263877	sess_4a58aa24	watch_01	00:02	00:02	COM9	FB:97	65.0	-79.0
2026-04-23T16:09:31.263877	sess_4a58aa24	watch_01	00:02	00:02	COM9	FB:97	64.0	-76.5
2026-04-23T16:09:31.263877	sess_4a58aa24	watch_01	00:02	00:02	COM9	FB:97	65.0	-79.0
2026-04-23T16:09:31.263877	sess_4a58aa24	watch_01	00:02	00:02	COM9	FB:97	65.0	-77.5
2026-04-23T16:09:31.263877	sess_4a58aa24	watch_01	00:02	00:02	COM9	FB:97	69.0	-79.0
2026-04-23T16:09:31.263877	sess_4a58aa24	watch_01	00:02	00:02	COM9	FB:97	65.0	-79.0
2026-04-23T16:09:31.263877	sess_4a58aa24	watch_01	00:02	00:02	COM9	FB:97	62.0	-78.5
2026-04-23T16:09:31.263877	sess_4a58aa24	watch_01	00:02	00:02	COM9	FB:97	66.0	-79.0
2026-04-23T16:09:31.263877	sess_4a58aa24	watch_01	00:02	00:02	COM9	FB:97	69.0	-78.5
2026-04-23T16:09:31.263877	sess_4a58aa24	watch_01	00:02	00:02	COM9	FB:97	62.0	-78.0
2026-04-23T16:09:31.263877	sess_4a58aa24	watch_01	00:02	00:02	COM9	FB:97	62.0	-79.0
2026-04-23T16:09:31.263877	sess_4a58aa24	watch_01	00:02	00:02	COM9	FB:97	66.0	-78.5
2026-04-23T16:09:31.263877	sess_4a58aa24	watch_01	00:02	00:02	COM9	FB:97	68.0	-78.0
2026-04-23T16:09:31.263877	sess_4a58aa24	watch_01	00:02	00:02	COM9	FB:97	66.0	-78.5
2026-04-23T16:09:31.263877	sess_4a58aa24	watch_01	00:02	00:02	COM9	FB:97	67.0	-78.0
2026-04-23T16:09:31.263877	sess_4a58aa24	watch_01	00:02	00:02	COM9	FB:97	69.0	-78.5
2026-04-23T16:09:31.263877	sess_4a58aa24	watch_01	00:02	00:02	COM9	FB:97	66.0	-79.5
2026-04-23T16:09:31.264878	sess_4a58aa24	watch_01	00:02	00:02	COM9	FB:97	65.0	-79.5
2026-04-23T16:09:31.264878	sess_4a58aa24	watch_01	00:02	00:02	COM9	FB:97	62.0	-78.5
2026-04-23T16:09:31.264878	sess_4a58aa24	watch_01	00:02	00:02	COM9	FB:97	65.0	-79.0
2026-04-23T16:09:31.264878	sess_4a58aa24	watch_01	00:02	00:02	COM9	FB:97	67.0	-78.5
2026-04-23T16:09:31.264878	sess_4a58aa24	watch_01	00:02	00:02	COM9	FB:97	63.0	-78.5
2026-04-23T16:09:31.264878	sess_4a58aa24	watch_01	00:02	00:02	COM9	FB:97	64.0	-79.5
2026-04-23T16:09:31.264878	sess_4a58aa24	watch_01	00:02	00:02	COM9	FB:97	67.0	-79.5
2026-04-23T16:09:31.264878	sess_4a58aa24	watch_01	00:02	00:02	COM9	FB:97	68.0	-79.0
2026-04-23T16:09:31.264878	sess_4a58aa24	watch_01	00:02	00:02	COM9	FB:97	62.0	-77.0
2026-04-23T16:09:31.264878	sess_4a58aa24	watch_01	00:02	00:02	COM9	FB:97	61.0	-77.0
2026-04-23T16:09:31.264878	sess_4a58aa24	watch_01	00:02	00:02	COM9	FB:97	66.0	-80.0
2026-04-23T16:09:31.264878	sess_4a58aa24	watch_01	00:02	00:02	COM9	FB:97	66.0	-80.0
2026-04-23T16:09:31.264878	sess_4a58aa24	watch_01	00:02	00:02	COM9	FB:97	66.0	-79.5
2026-04-23T16:09:31.264878	sess_4a58aa24	watch_01	00:02	00:02	COM9	FB:97	66.0	-81.0
2026-04-23T16:09:47.173540	sess_d7e5b857	watch_01	00:03	00:03	COM10	32:66	61.0	-71.5
2026-04-23T16:09:47.173540	sess_d7e5b857	watch_01	00:03	00:03	COM10	32:66	59.0	-71.0
2026-04-23T16:09:47.173540	sess_d7e5b857	watch_01	00:03	00:03	COM10	32:66	60.0	-71.5
2026-04-23T16:09:47.173540	sess_d7e5b857	watch_01	00:03	00:03	COM10	32:66	60.0	-70.5
2026-04-23T16:09:47.173540	sess_d7e5b857	watch_01	00:03	00:03	COM10	32:66	59.0	-72.0
2026-04-23T16:09:47.173540	sess_d7e5b857	watch_01	00:03	00:03	COM10	32:66	60.0	-71.5
2026-04-23T16:09:47.173540	sess_d7e5b857	watch_01	00:03	00:03	COM10	32:66	59.0	-71.0
2026-04-23T16:09:47.173540	sess_d7e5b857	watch_01	00:03	00:03	COM10	32:66	58.0	-71.0
2026-04-23T16:09:47.173540	sess_d7e5b857	watch_01	00:03	00:03	COM10	32:66	57.0	-71.0
2026-04-23T16:09:47.173540	sess_d7e5b857	watch_01	00:03	00:03	COM10	32:66	58.0	-71.0
2026-04-23T16:09:47.173540	sess_d7e5b857	watch_01	00:03	00:03	COM10	32:66	61.0	-71.0
2026-04-23T16:09:47.173540	sess_d7e5b857	watch_01	00:03	00:03	COM10	32:66	60.0	-71.0
2026-04-23T16:09:47.173540	sess_d7e5b857	watch_01	00:03	00:03	COM10	32:66	58.0	-72.5
2026-04-23T16:09:47.173540	sess_d7e5b857	watch_01	00:03	00:03	COM10	32:66	60.0	-72.0
2026-04-23T16:09:47.173540	sess_d7e5b857	watch_01	00:03	00:03	COM10	32:66	60.0	-71.0
2026-04-23T16:09:47.173540	sess_d7e5b857	watch_01	00:03	00:03	COM10	32:66	59.0	-71.5
2026-04-23T16:09:47.173540	sess_d7e5b857	watch_01	00:03	00:03	COM10	32:66	60.0	-71.5
2026-04-23T16:09:47.173540	sess_d7e5b857	watch_01	00:03	00:03	COM10	32:66	60.0	-72.0
2026-04-23T16:09:47.173540	sess_d7e5b857	watch_01	00:03	00:03	COM10	32:66	59.0	-71.0
2026-04-23T16:09:47.173540	sess_d7e5b857	watch_01	00:03	00:03	COM10	32:66	59.0	-71.0
2026-04-23T16:09:47.173540	sess_d7e5b857	watch_01	00:03	00:03	COM10	32:66	61.0	-71.5
2026-04-23T16:09:47.173540	sess_d7e5b857	watch_01	00:03	00:03	COM10	32:66	60.0	-71.0
2026-04-23T16:09:47.173540	sess_d7e5b857	watch_01	00:03	00:03	COM10	32:66	59.0	-71.0
2026-04-23T16:09:47.173540	sess_d7e5b857	watch_01	00:03	00:03	COM10	32:66	59.0	-71.0
2026-04-23T16:09:47.173540	sess_d7e5b857	watch_01	00:03	00:03	COM10	32:66	58.0	-71.0
2026-04-23T16:09:47.173540	sess_d7e5b857	watch_01	00:03	00:03	COM10	32:66	61.0	-71.0
2026-04-23T16:09:47.173540	sess_d7e5b857	watch_01	00:03	00:03	COM10	32:66	59.0	-71.5
2026-04-23T16:09:47.173540	sess_d7e5b857	watch_01	00:03	00:03	COM10	32:66	60.0	-71.5
2026-04-23T16:09:47.173540	sess_d7e5b857	watch_01	00:03	00:03	COM10	32:66	59.0	-71.0
2026-04-23T16:09:47.173540	sess_d7e5b857	watch_01	00:03	00:03	COM10	32:66	58.0	-71.5
2026-04-23T16:09:47.173540	sess_d7e5b857	watch_01	00:03	00:03	COM10	32:66	61.0	-70.5
2026-04-23T16:09:47.173540	sess_d7e5b857	watch_01	00:03	00:03	COM10	32:66	61.0	-71.0
2026-04-23T16:09:47.173540	sess_d7e5b857	watch_01	00:03	00:03	COM10	32:66	60.0	-71.0
2026-04-23T16:09:47.173540	sess_d7e5b857	watch_01	00:03	00:03	COM10	32:66	61.0	-71.0
2026-04-23T16:09:47.173540	sess_d7e5b857	watch_01	00:03	00:03	COM10	32:66	58.0	-72.0
2026-04-23T16:09:47.173540	sess_d7e5b857	watch_01	00:03	00:03	COM10	32:66	58.0	-71.0
2026-04-23T16:09:47.173540	sess_d7e5b857	watch_01	00:03	00:03	COM10	32:66	58.0	-70.5
2026-04-23T16:09:47.173540	sess_d7e5b857	watch_01	00:03	00:03	COM10	32:66	59.0	-71.0
2026-04-23T16:09:47.173540	sess_d7e5b857	watch_01	00:03	00:03	COM10	32:66	59.0	-71.0
2026-04-23T16:09:47.173540	sess_d7e5b857	watch_01	00:03	00:03	COM10	32:66	58.0	-71.5
2026-04-23T16:09:47.173540	sess_d7e5b857	watch_01	00:03	00:03	COM10	32:66	61.0	-71.5
2026-04-23T16:09:47.173540	sess_d7e5b857	watch_01	00:03	00:03	COM10	32:66	60.0	-71.5
2026-04-23T16:09:47.173540	sess_d7e5b857	watch_01	00:03	00:03	COM10	32:66	61.0	-71.5
2026-04-23T16:09:47.173540	sess_d7e5b857	watch_01	00:03	00:03	COM10	32:66	59.0	-71.0
2026-04-23T16:09:47.173540	sess_d7e5b857	watch_01	00:03	00:03	COM10	32:66	58.0	-71.5
2026-04-23T16:09:47.173540	sess_d7e5b857	watch_01	00:03	00:03	COM10	32:66	58.0	-71.5
2026-04-23T16:09:47.173540	sess_d7e5b857	watch_01	00:03	00:03	COM10	32:66	58.0	-73.0
2026-04-23T16:09:47.173540	sess_d7e5b857	watch_01	00:03	00:03	COM10	32:66	60.0	-71.0
2026-04-23T16:09:47.173540	sess_d7e5b857	watch_01	00:03	00:03	COM10	32:66	61.0	-71.5
2026-04-23T16:09:47.173540	sess_d7e5b857	watch_01	00:03	00:03	COM10	32:66	61.0	-71.0
2026-04-23T16:09:47.173540	sess_d7e5b857	watch_01	00:03	00:03	COM10	32:66	56.0	-71.5
2026-04-23T16:09:47.173540	sess_d7e5b857	watch_01	00:03	00:03	COM10	32:66	59.0	-72.0
2026-04-23T16:09:47.173540	sess_d7e5b857	watch_01	00:03	00:03	COM10	32:66	59.0	-71.0
2026-04-23T16:09:47.173540	sess_d7e5b857	watch_01	00:03	00:03	COM10	32:66	59.0	-71.5
2026-04-23T16:09:47.173540	sess_d7e5b857	watch_01	00:03	00:03	COM10	32:66	57.0	-71.5
2026-04-23T16:09:47.173540	sess_d7e5b857	watch_01	00:03	00:03	COM10	32:66	60.0	-71.0
2026-04-23T16:09:47.173540	sess_d7e5b857	watch_01	00:03	00:03	COM10	32:66	59.0	-71.0
2026-04-23T16:09:47.173540	sess_d7e5b857	watch_01	00:03	00:03	COM10	32:66	60.0	-71.0
2026-04-23T16:09:47.173540	sess_d7e5b857	watch_01	00:03	00:03	COM10	32:66	59.0	-71.0
2026-04-23T16:09:47.174541	sess_d7e5b857	watch_01	00:03	00:03	COM10	32:66	61.0	-71.0
2026-04-23T16:09:47.174541	sess_d7e5b857	watch_01	00:03	00:03	COM10	32:66	58.0	-71.0
2026-04-23T16:09:47.174541	sess_d7e5b857	watch_01	00:03	00:03	COM10	32:66	59.0	-71.0
2026-04-23T16:09:47.174541	sess_d7e5b857	watch_01	00:03	00:03	COM10	32:66	58.0	-71.5
2026-04-23T16:09:47.174541	sess_d7e5b857	watch_01	00:03	00:03	COM10	32:66	59.0	-72.0
2026-04-23T16:09:47.174541	sess_d7e5b857	watch_01	00:03	00:03	COM10	32:66	61.0	-71.5
2026-04-23T16:09:47.174541	sess_d7e5b857	watch_01	00:03	00:03	COM10	32:66	58.0	-71.0
2026-04-23T16:09:47.174541	sess_d7e5b857	watch_01	00:03	00:03	COM10	32:66	59.0	-71.0
2026-04-23T16:09:47.174541	sess_d7e5b857	watch_01	00:03	00:03	COM10	32:66	56.0	-71.5
2026-04-23T16:09:47.174541	sess_d7e5b857	watch_01	00:03	00:03	COM10	32:66	59.0	-71.0
2026-04-23T16:09:47.174541	sess_d7e5b857	watch_01	00:03	00:03	COM10	32:66	60.0	-71.0
2026-04-23T16:09:47.174541	sess_d7e5b857	watch_01	00:03	00:03	COM10	32:66	59.0	-71.5
2026-04-23T16:09:47.174541	sess_d7e5b857	watch_01	00:03	00:03	COM10	32:66	59.0	-71.0
2026-04-23T16:09:47.174541	sess_d7e5b857	watch_01	00:03	00:03	COM10	32:66	60.0	-73.0
2026-04-23T16:09:47.174541	sess_d7e5b857	watch_01	00:03	00:03	COM10	32:66	58.0	-71.5
2026-04-23T16:09:47.174541	sess_d7e5b857	watch_01	00:03	00:03	COM10	32:66	58.0	-72.5
2026-04-23T16:09:47.174541	sess_d7e5b857	watch_01	00:03	00:03	COM10	32:66	60.0	-71.0
2026-04-23T16:09:47.174541	sess_d7e5b857	watch_01	00:03	00:03	COM10	32:66	60.0	-71.0
2026-04-23T16:09:47.174541	sess_d7e5b857	watch_01	00:03	00:03	COM10	32:66	62.0	-71.0
2026-04-23T16:09:47.174541	sess_d7e5b857	watch_01	00:03	00:03	COM10	32:66	58.0	-71.0
2026-04-23T16:09:47.174541	sess_d7e5b857	watch_01	00:03	00:03	COM10	32:66	61.0	-71.5
2026-04-23T16:10:03.129273	sess_96aa562b	watch_01	00:01	00:01	COM6	5E:7E	56.0	-76.0
2026-04-23T16:10:03.129273	sess_96aa562b	watch_01	00:01	00:01	COM6	5E:7E	55.0	-75.0
2026-04-23T16:10:03.129273	sess_96aa562b	watch_01	00:01	00:01	COM6	5E:7E	55.0	-75.5
2026-04-23T16:10:03.129273	sess_96aa562b	watch_01	00:01	00:01	COM6	5E:7E	56.0	-75.5
2026-04-23T16:10:03.129273	sess_96aa562b	watch_01	00:01	00:01	COM6	5E:7E	57.0	-76.5
2026-04-23T16:10:03.129273	sess_96aa562b	watch_01	00:01	00:01	COM6	5E:7E	57.0	-76.5
2026-04-23T16:10:03.129273	sess_96aa562b	watch_01	00:01	00:01	COM6	5E:7E	56.0	-74.5
2026-04-23T16:10:03.129273	sess_96aa562b	watch_01	00:01	00:01	COM6	5E:7E	56.0	-74.5
2026-04-23T16:10:03.129273	sess_96aa562b	watch_01	00:01	00:01	COM6	5E:7E	57.0	-76.5
2026-04-23T16:10:03.129273	sess_96aa562b	watch_01	00:01	00:01	COM6	5E:7E	57.0	-76.5
2026-04-23T16:10:03.129273	sess_96aa562b	watch_01	00:01	00:01	COM6	5E:7E	56.0	-77.0
2026-04-23T16:10:03.129273	sess_96aa562b	watch_01	00:01	00:01	COM6	5E:7E	56.0	-76.5
2026-04-23T16:10:03.129273	sess_96aa562b	watch_01	00:01	00:01	COM6	5E:7E	55.0	-76.0
2026-04-23T16:10:03.129273	sess_96aa562b	watch_01	00:01	00:01	COM6	5E:7E	54.0	-75.5
2026-04-23T16:10:03.129273	sess_96aa562b	watch_01	00:01	00:01	COM6	5E:7E	54.0	-76.5
2026-04-23T16:10:03.129273	sess_96aa562b	watch_01	00:01	00:01	COM6	5E:7E	56.0	-75.5
2026-04-23T16:10:03.129273	sess_96aa562b	watch_01	00:01	00:01	COM6	5E:7E	57.0	-75.5
2026-04-23T16:10:03.129273	sess_96aa562b	watch_01	00:01	00:01	COM6	5E:7E	57.0	-75.5
2026-04-23T16:10:03.129273	sess_96aa562b	watch_01	00:01	00:01	COM6	5E:7E	55.0	-75.5
2026-04-23T16:10:03.129273	sess_96aa562b	watch_01	00:01	00:01	COM6	5E:7E	55.0	-76.5
2026-04-23T16:10:03.129273	sess_96aa562b	watch_01	00:01	00:01	COM6	5E:7E	56.0	-75.5
2026-04-23T16:10:03.129273	sess_96aa562b	watch_01	00:01	00:01	COM6	5E:7E	55.0	-76.0
2026-04-23T16:10:03.129273	sess_96aa562b	watch_01	00:01	00:01	COM6	5E:7E	57.0	-76.0
2026-04-23T16:10:03.129273	sess_96aa562b	watch_01	00:01	00:01	COM6	5E:7E	57.0	-76.5
2026-04-23T16:10:03.129273	sess_96aa562b	watch_01	00:01	00:01	COM6	5E:7E	54.0	-75.0
2026-04-23T16:10:03.130274	sess_96aa562b	watch_01	00:01	00:01	COM6	5E:7E	55.0	-76.0
2026-04-23T16:10:03.130274	sess_96aa562b	watch_01	00:01	00:01	COM6	5E:7E	55.0	-75.5
2026-04-23T16:10:03.130274	sess_96aa562b	watch_01	00:01	00:01	COM6	5E:7E	58.0	-76.5
2026-04-23T16:10:03.130274	sess_96aa562b	watch_01	00:01	00:01	COM6	5E:7E	55.0	-75.5
2026-04-23T16:10:03.130274	sess_96aa562b	watch_01	00:01	00:01	COM6	5E:7E	57.0	-76.0
2026-04-23T16:10:03.130274	sess_96aa562b	watch_01	00:01	00:01	COM6	5E:7E	55.0	-75.5
2026-04-23T16:10:03.130274	sess_96aa562b	watch_01	00:01	00:01	COM6	5E:7E	56.0	-76.0
2026-04-23T16:10:03.130274	sess_96aa562b	watch_01	00:01	00:01	COM6	5E:7E	56.0	-76.5
2026-04-23T16:10:03.130274	sess_96aa562b	watch_01	00:01	00:01	COM6	5E:7E	58.0	-76.0
2026-04-23T16:10:03.130274	sess_96aa562b	watch_01	00:01	00:01	COM6	5E:7E	55.0	-75.5
2026-04-23T16:10:03.130274	sess_96aa562b	watch_01	00:01	00:01	COM6	5E:7E	55.0	-75.0
2026-04-23T16:10:03.130274	sess_96aa562b	watch_01	00:01	00:01	COM6	5E:7E	56.0	-76.0
2026-04-23T16:10:03.130274	sess_96aa562b	watch_01	00:01	00:01	COM6	5E:7E	56.0	-75.5
2026-04-23T16:10:03.130274	sess_96aa562b	watch_01	00:01	00:01	COM6	5E:7E	56.0	-77.5
2026-04-23T16:10:03.130274	sess_96aa562b	watch_01	00:01	00:01	COM6	5E:7E	54.0	-75.0
2026-04-23T16:10:03.130274	sess_96aa562b	watch_01	00:01	00:01	COM6	5E:7E	55.0	-75.5
2026-04-23T16:10:03.130274	sess_96aa562b	watch_01	00:01	00:01	COM6	5E:7E	56.0	-74.5
2026-04-23T16:10:03.130274	sess_96aa562b	watch_01	00:01	00:01	COM6	5E:7E	55.0	-74.5
2026-04-23T16:10:03.130274	sess_96aa562b	watch_01	00:01	00:01	COM6	5E:7E	55.0	-77.0
2026-04-23T16:10:03.130274	sess_96aa562b	watch_01	00:01	00:01	COM6	5E:7E	56.0	-75.5
2026-04-23T16:10:03.130274	sess_96aa562b	watch_01	00:01	00:01	COM6	5E:7E	55.0	-75.0
2026-04-23T16:10:03.130274	sess_96aa562b	watch_01	00:01	00:01	COM6	5E:7E	56.0	-75.0
2026-04-23T16:10:03.130274	sess_96aa562b	watch_01	00:01	00:01	COM6	5E:7E	54.0	-75.5
2026-04-23T16:10:03.130274	sess_96aa562b	watch_01	00:01	00:01	COM6	5E:7E	57.0	-74.5
2026-04-23T16:10:03.130274	sess_96aa562b	watch_01	00:01	00:01	COM6	5E:7E	56.0	-75.5
2026-04-23T16:10:03.130274	sess_96aa562b	watch_01	00:01	00:01	COM6	5E:7E	57.0	-76.0
2026-04-23T16:10:03.130274	sess_96aa562b	watch_01	00:01	00:01	COM6	5E:7E	54.0	-77.5
2026-04-23T16:10:03.130274	sess_96aa562b	watch_01	00:01	00:01	COM6	5E:7E	55.0	-77.5
2026-04-23T16:10:03.130274	sess_96aa562b	watch_01	00:01	00:01	COM6	5E:7E	57.0	-77.5
2026-04-23T16:10:03.130274	sess_96aa562b	watch_01	00:01	00:01	COM6	5E:7E	56.0	-75.5
2026-04-23T16:10:03.130274	sess_96aa562b	watch_01	00:01	00:01	COM6	5E:7E	55.0	-75.5
2026-04-23T16:10:03.130274	sess_96aa562b	watch_01	00:01	00:01	COM6	5E:7E	55.0	-76.0
2026-04-23T16:10:03.130274	sess_96aa562b	watch_01	00:01	00:01	COM6	5E:7E	55.0	-77.5
2026-04-23T16:10:03.130274	sess_96aa562b	watch_01	00:01	00:01	COM6	5E:7E	57.0	-76.5
2026-04-23T16:10:03.130274	sess_96aa562b	watch_01	00:01	00:01	COM6	5E:7E	57.0	-76.0
2026-04-23T16:10:03.130274	sess_96aa562b	watch_01	00:01	00:01	COM6	5E:7E	58.0	-75.0
2026-04-23T16:10:03.130274	sess_96aa562b	watch_01	00:01	00:01	COM6	5E:7E	57.0	-75.0
2026-04-23T16:10:03.130274	sess_96aa562b	watch_01	00:01	00:01	COM6	5E:7E	57.0	-75.5
2026-04-23T16:10:03.130274	sess_96aa562b	watch_01	00:01	00:01	COM6	5E:7E	54.0	-75.0
2026-04-23T16:10:03.130274	sess_96aa562b	watch_01	00:01	00:01	COM6	5E:7E	55.0	-75.0
2026-04-23T16:10:03.130274	sess_96aa562b	watch_01	00:01	00:01	COM6	5E:7E	54.0	-76.0
2026-04-23T16:10:03.130274	sess_96aa562b	watch_01	00:01	00:01	COM6	5E:7E	54.0	-76.0
2026-04-23T16:10:03.130274	sess_96aa562b	watch_01	00:01	00:01	COM6	5E:7E	56.0	-77.0
2026-04-23T16:10:03.130274	sess_96aa562b	watch_01	00:01	00:01	COM6	5E:7E	55.0	-74.5
2026-04-23T16:10:03.130274	sess_96aa562b	watch_01	00:01	00:01	COM6	5E:7E	56.0	-74.5
2026-04-23T16:10:03.130274	sess_96aa562b	watch_01	00:01	00:01	COM6	5E:7E	55.0	-74.5
2026-04-23T16:10:03.130274	sess_96aa562b	watch_01	00:01	00:01	COM6	5E:7E	56.0	-74.5
2026-04-23T16:10:03.130274	sess_96aa562b	watch_01	00:01	00:01	COM6	5E:7E	53.0	-76.5
2026-04-23T16:10:03.130274	sess_96aa562b	watch_01	00:01	00:01	COM6	5E:7E	54.0	-75.5
2026-04-23T16:10:03.130274	sess_96aa562b	watch_01	00:01	00:01	COM6	5E:7E	54.0	-75.5
2026-04-23T16:10:03.130274	sess_96aa562b	watch_01	00:01	00:01	COM6	5E:7E	56.0	-76.5
2026-04-23T16:10:03.130274	sess_96aa562b	watch_01	00:01	00:01	COM6	5E:7E	55.0	-75.0
2026-04-23T16:10:03.130274	sess_96aa562b	watch_01	00:01	00:01	COM6	5E:7E	56.0	-76.0
2026-04-23T16:10:03.130274	sess_96aa562b	watch_01	00:01	00:01	COM6	5E:7E	56.0	-76.0
2026-04-23T16:10:03.130274	sess_96aa562b	watch_01	00:01	00:01	COM6	5E:7E	54.0	-77.0
2026-04-23T16:10:19.453637	sess_b11150bd	watch_01	00:02	00:02	COM9	99:72	66.0	-80.5
2026-04-23T16:10:19.453637	sess_b11150bd	watch_01	00:02	00:02	COM9	99:72	66.0	-80.0
2026-04-23T16:10:19.453637	sess_b11150bd	watch_01	00:02	00:02	COM9	99:72	68.0	-79.0
2026-04-23T16:10:19.453637	sess_b11150bd	watch_01	00:02	00:02	COM9	99:72	66.0	-79.0
2026-04-23T16:10:19.453637	sess_b11150bd	watch_01	00:02	00:02	COM9	99:72	65.0	-78.0
2026-04-23T16:10:19.453637	sess_b11150bd	watch_01	00:02	00:02	COM9	99:72	67.0	-78.0
2026-04-23T16:10:19.453637	sess_b11150bd	watch_01	00:02	00:02	COM9	99:72	62.0	-78.0
2026-04-23T16:10:19.453637	sess_b11150bd	watch_01	00:02	00:02	COM9	99:72	64.0	-80.0
2026-04-23T16:10:19.453637	sess_b11150bd	watch_01	00:02	00:02	COM9	99:72	63.0	-80.5
2026-04-23T16:10:19.453637	sess_b11150bd	watch_01	00:02	00:02	COM9	99:72	68.0	-78.0
2026-04-23T16:10:19.453637	sess_b11150bd	watch_01	00:02	00:02	COM9	99:72	64.0	-79.0
2026-04-23T16:10:19.453637	sess_b11150bd	watch_01	00:02	00:02	COM9	99:72	68.0	-78.5
2026-04-23T16:10:19.453637	sess_b11150bd	watch_01	00:02	00:02	COM9	99:72	68.0	-79.5
2026-04-23T16:10:19.453637	sess_b11150bd	watch_01	00:02	00:02	COM9	99:72	65.0	-80.0
2026-04-23T16:10:19.453637	sess_b11150bd	watch_01	00:02	00:02	COM9	99:72	63.0	-80.0
2026-04-23T16:10:19.453637	sess_b11150bd	watch_01	00:02	00:02	COM9	99:72	69.0	-78.5
2026-04-23T16:10:19.453637	sess_b11150bd	watch_01	00:02	00:02	COM9	99:72	67.0	-78.0
2026-04-23T16:10:19.453637	sess_b11150bd	watch_01	00:02	00:02	COM9	99:72	64.0	-79.5
2026-04-23T16:10:19.453637	sess_b11150bd	watch_01	00:02	00:02	COM9	99:72	67.0	-78.0
2026-04-23T16:10:19.453637	sess_b11150bd	watch_01	00:02	00:02	COM9	99:72	68.0	-80.0
2026-04-23T16:10:19.453637	sess_b11150bd	watch_01	00:02	00:02	COM9	99:72	65.0	-79.0
2026-04-23T16:10:19.453637	sess_b11150bd	watch_01	00:02	00:02	COM9	99:72	68.0	-78.0
2026-04-23T16:10:19.453637	sess_b11150bd	watch_01	00:02	00:02	COM9	99:72	66.0	-78.5
2026-04-23T16:10:19.453637	sess_b11150bd	watch_01	00:02	00:02	COM9	99:72	67.0	-77.0
2026-04-23T16:10:19.453637	sess_b11150bd	watch_01	00:02	00:02	COM9	99:72	68.0	-78.0
2026-04-23T16:10:19.453637	sess_b11150bd	watch_01	00:02	00:02	COM9	99:72	63.0	-80.5
2026-04-23T16:10:19.453637	sess_b11150bd	watch_01	00:02	00:02	COM9	99:72	65.0	-79.0
2026-04-23T16:10:19.453637	sess_b11150bd	watch_01	00:02	00:02	COM9	99:72	69.0	-78.0
2026-04-23T16:10:19.453637	sess_b11150bd	watch_01	00:02	00:02	COM9	99:72	66.0	-77.0
2026-04-23T16:10:19.453637	sess_b11150bd	watch_01	00:02	00:02	COM9	99:72	62.0	-77.5
2026-04-23T16:10:19.453637	sess_b11150bd	watch_01	00:02	00:02	COM9	99:72	61.0	-79.5
2026-04-23T16:10:19.453637	sess_b11150bd	watch_01	00:02	00:02	COM9	99:72	66.0	-77.5
2026-04-23T16:10:19.453637	sess_b11150bd	watch_01	00:02	00:02	COM9	99:72	63.0	-76.5
2026-04-23T16:10:19.453637	sess_b11150bd	watch_01	00:02	00:02	COM9	99:72	63.0	-78.5
2026-04-23T16:10:19.453637	sess_b11150bd	watch_01	00:02	00:02	COM9	99:72	62.0	-80.0
2026-04-23T16:10:19.453637	sess_b11150bd	watch_01	00:02	00:02	COM9	99:72	65.0	-80.5
2026-04-23T16:10:19.453637	sess_b11150bd	watch_01	00:02	00:02	COM9	99:72	69.0	-79.5
2026-04-23T16:10:19.453637	sess_b11150bd	watch_01	00:02	00:02	COM9	99:72	68.0	-78.5
2026-04-23T16:10:19.453637	sess_b11150bd	watch_01	00:02	00:02	COM9	99:72	63.0	-78.5
2026-04-23T16:10:19.453637	sess_b11150bd	watch_01	00:02	00:02	COM9	99:72	64.0	-80.0
2026-04-23T16:10:19.453637	sess_b11150bd	watch_01	00:02	00:02	COM9	99:72	66.0	-77.0
2026-04-23T16:10:19.453637	sess_b11150bd	watch_01	00:02	00:02	COM9	99:72	65.0	-77.5
2026-04-23T16:10:19.453637	sess_b11150bd	watch_01	00:02	00:02	COM9	99:72	66.0	-79.0
2026-04-23T16:10:19.453637	sess_b11150bd	watch_01	00:02	00:02	COM9	99:72	68.0	-79.5
2026-04-23T16:10:19.453637	sess_b11150bd	watch_01	00:02	00:02	COM9	99:72	66.0	-79.0
2026-04-23T16:10:19.453637	sess_b11150bd	watch_01	00:02	00:02	COM9	99:72	65.0	-77.5
2026-04-23T16:10:19.453637	sess_b11150bd	watch_01	00:02	00:02	COM9	99:72	68.0	-78.0
2026-04-23T16:10:19.453637	sess_b11150bd	watch_01	00:02	00:02	COM9	99:72	68.0	-79.0
2026-04-23T16:10:19.453637	sess_b11150bd	watch_01	00:02	00:02	COM9	99:72	63.0	-78.0
2026-04-23T16:10:19.453637	sess_b11150bd	watch_01	00:02	00:02	COM9	99:72	65.0	-78.0
2026-04-23T16:10:19.453637	sess_b11150bd	watch_01	00:02	00:02	COM9	99:72	69.0	-79.5
2026-04-23T16:10:19.453637	sess_b11150bd	watch_01	00:02	00:02	COM9	99:72	67.0	-79.0
2026-04-23T16:10:19.453637	sess_b11150bd	watch_01	00:02	00:02	COM9	99:72	62.0	-79.5
2026-04-23T16:10:19.453637	sess_b11150bd	watch_01	00:02	00:02	COM9	99:72	67.0	-77.5
2026-04-23T16:10:19.453637	sess_b11150bd	watch_01	00:02	00:02	COM9	99:72	66.0	-79.5
2026-04-23T16:10:19.453637	sess_b11150bd	watch_01	00:02	00:02	COM9	99:72	62.0	-80.5
2026-04-23T16:10:19.453637	sess_b11150bd	watch_01	00:02	00:02	COM9	99:72	65.0	-79.5
2026-04-23T16:10:19.453637	sess_b11150bd	watch_01	00:02	00:02	COM9	99:72	65.0	-77.5
2026-04-23T16:10:19.453637	sess_b11150bd	watch_01	00:02	00:02	COM9	99:72	65.0	-78.0
2026-04-23T16:10:19.453637	sess_b11150bd	watch_01	00:02	00:02	COM9	99:72	61.0	-78.0
2026-04-23T16:10:19.453637	sess_b11150bd	watch_01	00:02	00:02	COM9	99:72	61.0	-80.0
2026-04-23T16:10:19.453637	sess_b11150bd	watch_01	00:02	00:02	COM9	99:72	67.0	-78.5
2026-04-23T16:10:19.453637	sess_b11150bd	watch_01	00:02	00:02	COM9	99:72	65.0	-78.0
2026-04-23T16:10:19.453637	sess_b11150bd	watch_01	00:02	00:02	COM9	99:72	67.0	-78.5
2026-04-23T16:10:19.453637	sess_b11150bd	watch_01	00:02	00:02	COM9	99:72	64.0	-78.5
2026-04-23T16:10:19.453637	sess_b11150bd	watch_01	00:02	00:02	COM9	99:72	64.0	-77.5
2026-04-23T16:10:19.453637	sess_b11150bd	watch_01	00:02	00:02	COM9	99:72	63.0	-80.5
2026-04-23T16:10:19.453637	sess_b11150bd	watch_01	00:02	00:02	COM9	99:72	68.0	-79.5
2026-04-23T16:10:19.453637	sess_b11150bd	watch_01	00:02	00:02	COM9	99:72	67.0	-80.0
2026-04-23T16:10:19.453637	sess_b11150bd	watch_01	00:02	00:02	COM9	99:72	67.0	-79.0
2026-04-23T16:10:19.453637	sess_b11150bd	watch_01	00:02	00:02	COM9	99:72	64.0	-78.5
2026-04-23T16:10:19.453637	sess_b11150bd	watch_01	00:02	00:02	COM9	99:72	67.0	-78.5
2026-04-23T16:10:19.453637	sess_b11150bd	watch_01	00:02	00:02	COM9	99:72	69.0	-79.0
2026-04-23T16:10:19.453637	sess_b11150bd	watch_01	00:02	00:02	COM9	99:72	69.0	-79.0
2026-04-23T16:10:19.453637	sess_b11150bd	watch_01	00:02	00:02	COM9	99:72	67.0	-78.0
2026-04-23T16:10:19.453637	sess_b11150bd	watch_01	00:02	00:02	COM9	99:72	67.0	-77.0
2026-04-23T16:10:19.453637	sess_b11150bd	watch_01	00:02	00:02	COM9	99:72	68.0	-78.5
2026-04-23T16:10:35.111743	sess_48938fe2	watch_01	00:03	00:03	COM10	6F:11	60.0	-71.5
2026-04-23T16:10:35.111743	sess_48938fe2	watch_01	00:03	00:03	COM10	6F:11	59.0	-71.0
2026-04-23T16:10:35.111743	sess_48938fe2	watch_01	00:03	00:03	COM10	6F:11	61.0	-71.5
2026-04-23T16:10:35.111743	sess_48938fe2	watch_01	00:03	00:03	COM10	6F:11	58.0	-71.5
2026-04-23T16:10:35.111743	sess_48938fe2	watch_01	00:03	00:03	COM10	6F:11	59.0	-70.5
2026-04-23T16:10:35.111743	sess_48938fe2	watch_01	00:03	00:03	COM10	6F:11	59.0	-71.5
2026-04-23T16:10:35.111743	sess_48938fe2	watch_01	00:03	00:03	COM10	6F:11	59.0	-71.0
2026-04-23T16:10:35.111743	sess_48938fe2	watch_01	00:03	00:03	COM10	6F:11	58.0	-71.0
2026-04-23T16:10:35.111743	sess_48938fe2	watch_01	00:03	00:03	COM10	6F:11	58.0	-71.0
2026-04-23T16:10:35.111743	sess_48938fe2	watch_01	00:03	00:03	COM10	6F:11	59.0	-71.0
2026-04-23T16:10:35.111743	sess_48938fe2	watch_01	00:03	00:03	COM10	6F:11	59.0	-72.0
2026-04-23T16:10:35.111743	sess_48938fe2	watch_01	00:03	00:03	COM10	6F:11	61.0	-71.5
2026-04-23T16:10:35.111743	sess_48938fe2	watch_01	00:03	00:03	COM10	6F:11	58.0	-71.5
2026-04-23T16:10:35.111743	sess_48938fe2	watch_01	00:03	00:03	COM10	6F:11	59.0	-71.5
2026-04-23T16:10:35.111743	sess_48938fe2	watch_01	00:03	00:03	COM10	6F:11	59.0	-71.0
2026-04-23T16:10:35.111743	sess_48938fe2	watch_01	00:03	00:03	COM10	6F:11	61.0	-71.5
2026-04-23T16:10:35.111743	sess_48938fe2	watch_01	00:03	00:03	COM10	6F:11	58.0	-71.0
2026-04-23T16:10:35.111743	sess_48938fe2	watch_01	00:03	00:03	COM10	6F:11	58.0	-71.5
2026-04-23T16:10:35.111743	sess_48938fe2	watch_01	00:03	00:03	COM10	6F:11	60.0	-71.0
2026-04-23T16:10:35.111743	sess_48938fe2	watch_01	00:03	00:03	COM10	6F:11	61.0	-71.5
2026-04-23T16:10:35.111743	sess_48938fe2	watch_01	00:03	00:03	COM10	6F:11	60.0	-71.0
2026-04-23T16:10:35.111743	sess_48938fe2	watch_01	00:03	00:03	COM10	6F:11	60.0	-71.5
2026-04-23T16:10:35.111743	sess_48938fe2	watch_01	00:03	00:03	COM10	6F:11	60.0	-71.5
2026-04-23T16:10:35.111743	sess_48938fe2	watch_01	00:03	00:03	COM10	6F:11	58.0	-71.0
2026-04-23T16:10:35.111743	sess_48938fe2	watch_01	00:03	00:03	COM10	6F:11	61.0	-71.0
2026-04-23T16:10:35.112743	sess_48938fe2	watch_01	00:03	00:03	COM10	6F:11	59.0	-71.0
2026-04-23T16:10:35.112743	sess_48938fe2	watch_01	00:03	00:03	COM10	6F:11	60.0	-71.0
2026-04-23T16:10:35.112743	sess_48938fe2	watch_01	00:03	00:03	COM10	6F:11	59.0	-73.0
2026-04-23T16:10:35.112743	sess_48938fe2	watch_01	00:03	00:03	COM10	6F:11	61.0	-71.5
2026-04-23T16:10:35.112743	sess_48938fe2	watch_01	00:03	00:03	COM10	6F:11	59.0	-71.0
2026-04-23T16:10:35.112743	sess_48938fe2	watch_01	00:03	00:03	COM10	6F:11	60.0	-71.5
2026-04-23T16:10:35.112743	sess_48938fe2	watch_01	00:03	00:03	COM10	6F:11	57.0	-71.0
2026-04-23T16:10:35.112743	sess_48938fe2	watch_01	00:03	00:03	COM10	6F:11	58.0	-71.0
2026-04-23T16:10:35.112743	sess_48938fe2	watch_01	00:03	00:03	COM10	6F:11	60.0	-71.5
2026-04-23T16:10:35.112743	sess_48938fe2	watch_01	00:03	00:03	COM10	6F:11	61.0	-71.0
2026-04-23T16:10:35.112743	sess_48938fe2	watch_01	00:03	00:03	COM10	6F:11	59.0	-71.5
2026-04-23T16:10:35.112743	sess_48938fe2	watch_01	00:03	00:03	COM10	6F:11	60.0	-71.0
2026-04-23T16:10:35.112743	sess_48938fe2	watch_01	00:03	00:03	COM10	6F:11	57.0	-71.0
2026-04-23T16:10:35.112743	sess_48938fe2	watch_01	00:03	00:03	COM10	6F:11	60.0	-71.0
2026-04-23T16:10:35.112743	sess_48938fe2	watch_01	00:03	00:03	COM10	6F:11	57.0	-71.0
2026-04-23T16:10:35.112743	sess_48938fe2	watch_01	00:03	00:03	COM10	6F:11	57.0	-71.0
2026-04-23T16:10:35.112743	sess_48938fe2	watch_01	00:03	00:03	COM10	6F:11	58.0	-71.0
2026-04-23T16:10:35.112743	sess_48938fe2	watch_01	00:03	00:03	COM10	6F:11	60.0	-71.0
2026-04-23T16:10:35.112743	sess_48938fe2	watch_01	00:03	00:03	COM10	6F:11	60.0	-71.0
2026-04-23T16:10:35.112743	sess_48938fe2	watch_01	00:03	00:03	COM10	6F:11	58.0	-71.0
2026-04-23T16:10:35.112743	sess_48938fe2	watch_01	00:03	00:03	COM10	6F:11	59.0	-71.5
2026-04-23T16:10:35.112743	sess_48938fe2	watch_01	00:03	00:03	COM10	6F:11	60.0	-71.5
2026-04-23T16:10:35.112743	sess_48938fe2	watch_01	00:03	00:03	COM10	6F:11	59.0	-72.0
2026-04-23T16:10:35.112743	sess_48938fe2	watch_01	00:03	00:03	COM10	6F:11	59.0	-72.5
2026-04-23T16:10:35.112743	sess_48938fe2	watch_01	00:03	00:03	COM10	6F:11	59.0	-72.0
2026-04-23T16:10:35.112743	sess_48938fe2	watch_01	00:03	00:03	COM10	6F:11	60.0	-72.5
2026-04-23T16:10:35.112743	sess_48938fe2	watch_01	00:03	00:03	COM10	6F:11	59.0	-71.5
2026-04-23T16:10:35.112743	sess_48938fe2	watch_01	00:03	00:03	COM10	6F:11	60.0	-71.5
2026-04-23T16:10:35.112743	sess_48938fe2	watch_01	00:03	00:03	COM10	6F:11	60.0	-71.0
2026-04-23T16:10:35.112743	sess_48938fe2	watch_01	00:03	00:03	COM10	6F:11	60.0	-71.5
2026-04-23T16:10:35.112743	sess_48938fe2	watch_01	00:03	00:03	COM10	6F:11	60.0	-71.5
2026-04-23T16:10:35.112743	sess_48938fe2	watch_01	00:03	00:03	COM10	6F:11	60.0	-71.0
2026-04-23T16:10:35.112743	sess_48938fe2	watch_01	00:03	00:03	COM10	6F:11	59.0	-71.0
2026-04-23T16:10:35.112743	sess_48938fe2	watch_01	00:03	00:03	COM10	6F:11	59.0	-72.0
2026-04-23T16:10:35.112743	sess_48938fe2	watch_01	00:03	00:03	COM10	6F:11	58.0	-71.0
2026-04-23T16:10:35.112743	sess_48938fe2	watch_01	00:03	00:03	COM10	6F:11	60.0	-72.5
2026-04-23T16:10:35.112743	sess_48938fe2	watch_01	00:03	00:03	COM10	6F:11	60.0	-71.5
2026-04-23T16:10:35.112743	sess_48938fe2	watch_01	00:03	00:03	COM10	6F:11	59.0	-71.5
2026-04-23T16:10:35.112743	sess_48938fe2	watch_01	00:03	00:03	COM10	6F:11	58.0	-71.0
2026-04-23T16:10:35.112743	sess_48938fe2	watch_01	00:03	00:03	COM10	6F:11	59.0	-71.0
2026-04-23T16:10:35.112743	sess_48938fe2	watch_01	00:03	00:03	COM10	6F:11	59.0	-70.0
2026-04-23T16:10:35.112743	sess_48938fe2	watch_01	00:03	00:03	COM10	6F:11	58.0	-71.0
2026-04-23T16:10:35.112743	sess_48938fe2	watch_01	00:03	00:03	COM10	6F:11	58.0	-71.0
2026-04-23T16:10:35.112743	sess_48938fe2	watch_01	00:03	00:03	COM10	6F:11	60.0	-71.0
2026-04-23T16:10:35.112743	sess_48938fe2	watch_01	00:03	00:03	COM10	6F:11	59.0	-72.0
2026-04-23T16:10:35.112743	sess_48938fe2	watch_01	00:03	00:03	COM10	6F:11	60.0	-71.0
2026-04-23T16:10:35.112743	sess_48938fe2	watch_01	00:03	00:03	COM10	6F:11	61.0	-71.5
2026-04-23T16:10:35.112743	sess_48938fe2	watch_01	00:03	00:03	COM10	6F:11	57.0	-71.0
2026-04-23T16:10:35.112743	sess_48938fe2	watch_01	00:03	00:03	COM10	6F:11	58.0	-71.5
2026-04-23T16:10:35.112743	sess_48938fe2	watch_01	00:03	00:03	COM10	6F:11	59.0	-71.0
2026-04-23T16:10:35.112743	sess_48938fe2	watch_01	00:03	00:03	COM10	6F:11	60.0	-72.0
2026-04-23T16:10:35.112743	sess_48938fe2	watch_01	00:03	00:03	COM10	6F:11	58.0	-71.5
2026-04-23T16:10:35.112743	sess_48938fe2	watch_01	00:03	00:03	COM10	6F:11	58.0	-71.5
2026-04-23T16:10:35.112743	sess_48938fe2	watch_01	00:03	00:03	COM10	6F:11	58.0	-71.5
2026-04-23T16:10:35.112743	sess_48938fe2	watch_01	00:03	00:03	COM10	6F:11	56.0	-71.0
2026-04-23T16:10:51.064015	sess_599a228e	watch_01	00:01	00:01	COM6	B8:C9	54.0	-78.0
2026-04-23T16:10:51.064015	sess_599a228e	watch_01	00:01	00:01	COM6	B8:C9	55.0	-77.0
2026-04-23T16:10:51.064015	sess_599a228e	watch_01	00:01	00:01	COM6	B8:C9	56.0	-75.5
2026-04-23T16:10:51.064015	sess_599a228e	watch_01	00:01	00:01	COM6	B8:C9	54.0	-74.0
2026-04-23T16:10:51.064015	sess_599a228e	watch_01	00:01	00:01	COM6	B8:C9	55.0	-74.5
2026-04-23T16:10:51.064015	sess_599a228e	watch_01	00:01	00:01	COM6	B8:C9	57.0	-75.5
2026-04-23T16:10:51.064015	sess_599a228e	watch_01	00:01	00:01	COM6	B8:C9	55.0	-74.5
2026-04-23T16:10:51.064015	sess_599a228e	watch_01	00:01	00:01	COM6	B8:C9	57.0	-75.0
2026-04-23T16:10:51.064015	sess_599a228e	watch_01	00:01	00:01	COM6	B8:C9	57.0	-75.0
2026-04-23T16:10:51.064015	sess_599a228e	watch_01	00:01	00:01	COM6	B8:C9	56.0	-75.0
2026-04-23T16:10:51.064015	sess_599a228e	watch_01	00:01	00:01	COM6	B8:C9	57.0	-74.5
2026-04-23T16:10:51.064015	sess_599a228e	watch_01	00:01	00:01	COM6	B8:C9	54.0	-75.0
2026-04-23T16:10:51.064015	sess_599a228e	watch_01	00:01	00:01	COM6	B8:C9	56.0	-76.0
2026-04-23T16:10:51.064015	sess_599a228e	watch_01	00:01	00:01	COM6	B8:C9	55.0	-75.5
2026-04-23T16:10:51.064015	sess_599a228e	watch_01	00:01	00:01	COM6	B8:C9	54.0	-75.0
2026-04-23T16:10:51.064015	sess_599a228e	watch_01	00:01	00:01	COM6	B8:C9	55.0	-75.0
2026-04-23T16:10:51.064015	sess_599a228e	watch_01	00:01	00:01	COM6	B8:C9	55.0	-75.0
2026-04-23T16:10:51.064015	sess_599a228e	watch_01	00:01	00:01	COM6	B8:C9	53.0	-75.5
2026-04-23T16:10:51.064015	sess_599a228e	watch_01	00:01	00:01	COM6	B8:C9	53.0	-75.0
2026-04-23T16:10:51.064015	sess_599a228e	watch_01	00:01	00:01	COM6	B8:C9	56.0	-75.0
2026-04-23T16:10:51.064015	sess_599a228e	watch_01	00:01	00:01	COM6	B8:C9	55.0	-75.5
2026-04-23T16:10:51.064015	sess_599a228e	watch_01	00:01	00:01	COM6	B8:C9	55.0	-76.5
2026-04-23T16:10:51.064015	sess_599a228e	watch_01	00:01	00:01	COM6	B8:C9	56.0	-75.5
2026-04-23T16:10:51.064015	sess_599a228e	watch_01	00:01	00:01	COM6	B8:C9	56.0	-77.5
2026-04-23T16:10:51.064015	sess_599a228e	watch_01	00:01	00:01	COM6	B8:C9	56.0	-76.0
2026-04-23T16:10:51.064015	sess_599a228e	watch_01	00:01	00:01	COM6	B8:C9	54.0	-78.5
2026-04-23T16:10:51.064015	sess_599a228e	watch_01	00:01	00:01	COM6	B8:C9	56.0	-76.5
2026-04-23T16:10:51.064015	sess_599a228e	watch_01	00:01	00:01	COM6	B8:C9	54.0	-77.5
2026-04-23T16:10:51.064015	sess_599a228e	watch_01	00:01	00:01	COM6	B8:C9	55.0	-76.5
2026-04-23T16:10:51.064015	sess_599a228e	watch_01	00:01	00:01	COM6	B8:C9	56.0	-75.5
2026-04-23T16:10:51.064015	sess_599a228e	watch_01	00:01	00:01	COM6	B8:C9	56.0	-77.0
2026-04-23T16:10:51.064015	sess_599a228e	watch_01	00:01	00:01	COM6	B8:C9	55.0	-76.5
2026-04-23T16:10:51.064015	sess_599a228e	watch_01	00:01	00:01	COM6	B8:C9	56.0	-76.0
2026-04-23T16:10:51.064015	sess_599a228e	watch_01	00:01	00:01	COM6	B8:C9	54.0	-78.0
2026-04-23T16:10:51.064015	sess_599a228e	watch_01	00:01	00:01	COM6	B8:C9	54.0	-77.5
2026-04-23T16:10:51.064015	sess_599a228e	watch_01	00:01	00:01	COM6	B8:C9	55.0	-77.5
2026-04-23T16:10:51.064015	sess_599a228e	watch_01	00:01	00:01	COM6	B8:C9	54.0	-78.5
2026-04-23T16:10:51.064015	sess_599a228e	watch_01	00:01	00:01	COM6	B8:C9	58.0	-75.5
2026-04-23T16:10:51.064015	sess_599a228e	watch_01	00:01	00:01	COM6	B8:C9	54.0	-77.5
2026-04-23T16:10:51.064015	sess_599a228e	watch_01	00:01	00:01	COM6	B8:C9	55.0	-75.5
2026-04-23T16:10:51.064015	sess_599a228e	watch_01	00:01	00:01	COM6	B8:C9	56.0	-76.5
2026-04-23T16:10:51.064015	sess_599a228e	watch_01	00:01	00:01	COM6	B8:C9	55.0	-76.5
2026-04-23T16:10:51.064015	sess_599a228e	watch_01	00:01	00:01	COM6	B8:C9	54.0	-77.5
2026-04-23T16:10:51.064015	sess_599a228e	watch_01	00:01	00:01	COM6	B8:C9	56.0	-76.0
2026-04-23T16:10:51.064015	sess_599a228e	watch_01	00:01	00:01	COM6	B8:C9	56.0	-77.5
2026-04-23T16:10:51.064015	sess_599a228e	watch_01	00:01	00:01	COM6	B8:C9	56.0	-77.0
2026-04-23T16:10:51.064015	sess_599a228e	watch_01	00:01	00:01	COM6	B8:C9	54.0	-76.0
2026-04-23T16:10:51.064015	sess_599a228e	watch_01	00:01	00:01	COM6	B8:C9	55.0	-74.5
2026-04-23T16:10:51.064015	sess_599a228e	watch_01	00:01	00:01	COM6	B8:C9	54.0	-75.5
2026-04-23T16:10:51.064015	sess_599a228e	watch_01	00:01	00:01	COM6	B8:C9	55.0	-76.5
2026-04-23T16:10:51.064015	sess_599a228e	watch_01	00:01	00:01	COM6	B8:C9	55.0	-77.0
2026-04-23T16:10:51.064015	sess_599a228e	watch_01	00:01	00:01	COM6	B8:C9	55.0	-76.0
2026-04-23T16:10:51.064015	sess_599a228e	watch_01	00:01	00:01	COM6	B8:C9	55.0	-76.5
2026-04-23T16:10:51.064015	sess_599a228e	watch_01	00:01	00:01	COM6	B8:C9	57.0	-76.0
2026-04-23T16:10:51.064015	sess_599a228e	watch_01	00:01	00:01	COM6	B8:C9	57.0	-76.5
2026-04-23T16:10:51.064015	sess_599a228e	watch_01	00:01	00:01	COM6	B8:C9	54.0	-78.5
2026-04-23T16:10:51.064015	sess_599a228e	watch_01	00:01	00:01	COM6	B8:C9	56.0	-75.5
2026-04-23T16:10:51.064015	sess_599a228e	watch_01	00:01	00:01	COM6	B8:C9	57.0	-75.0
2026-04-23T16:10:51.064015	sess_599a228e	watch_01	00:01	00:01	COM6	B8:C9	56.0	-76.0
2026-04-23T16:10:51.064015	sess_599a228e	watch_01	00:01	00:01	COM6	B8:C9	56.0	-76.5
2026-04-23T16:10:51.064015	sess_599a228e	watch_01	00:01	00:01	COM6	B8:C9	55.0	-76.5
2026-04-23T16:10:51.064015	sess_599a228e	watch_01	00:01	00:01	COM6	B8:C9	57.0	-75.5
2026-04-23T16:10:51.064015	sess_599a228e	watch_01	00:01	00:01	COM6	B8:C9	57.0	-75.5
2026-04-23T16:10:51.064015	sess_599a228e	watch_01	00:01	00:01	COM6	B8:C9	55.0	-75.5
2026-04-23T16:10:51.064015	sess_599a228e	watch_01	00:01	00:01	COM6	B8:C9	54.0	-76.0
2026-04-23T16:10:51.064015	sess_599a228e	watch_01	00:01	00:01	COM6	B8:C9	58.0	-76.5
2026-04-23T16:10:51.064015	sess_599a228e	watch_01	00:01	00:01	COM6	B8:C9	57.0	-76.0
2026-04-23T16:10:51.064015	sess_599a228e	watch_01	00:01	00:01	COM6	B8:C9	55.0	-78.5
2026-04-23T16:10:51.064015	sess_599a228e	watch_01	00:01	00:01	COM6	B8:C9	54.0	-77.0
2026-04-23T16:10:51.064015	sess_599a228e	watch_01	00:01	00:01	COM6	B8:C9	57.0	-76.0
2026-04-23T16:10:51.064015	sess_599a228e	watch_01	00:01	00:01	COM6	B8:C9	56.0	-76.5
2026-04-23T16:10:51.064015	sess_599a228e	watch_01	00:01	00:01	COM6	B8:C9	55.0	-76.5
2026-04-23T16:10:51.064015	sess_599a228e	watch_01	00:01	00:01	COM6	B8:C9	56.0	-76.0
2026-04-23T16:10:51.064015	sess_599a228e	watch_01	00:01	00:01	COM6	B8:C9	56.0	-76.5
2026-04-23T16:10:51.064015	sess_599a228e	watch_01	00:01	00:01	COM6	B8:C9	56.0	-77.0
2026-04-23T16:10:51.064015	sess_599a228e	watch_01	00:01	00:01	COM6	B8:C9	55.0	-77.0
2026-04-23T16:10:51.064015	sess_599a228e	watch_01	00:01	00:01	COM6	B8:C9	54.0	-79.0
2026-04-23T16:10:51.064015	sess_599a228e	watch_01	00:01	00:01	COM6	B8:C9	56.0	-76.5
2026-04-23T16:10:51.064015	sess_599a228e	watch_01	00:01	00:01	COM6	B8:C9	57.0	-76.0
2026-04-23T16:10:51.064015	sess_599a228e	watch_01	00:01	00:01	COM6	B8:C9	56.0	-78.0
2026-04-23T16:11:06.946757	sess_fba3f5b4	watch_01	00:02	00:02	COM9	78:01	68.0	-78.5
2026-04-23T16:11:06.946757	sess_fba3f5b4	watch_01	00:02	00:02	COM9	78:01	68.0	-78.5
2026-04-23T16:11:06.946757	sess_fba3f5b4	watch_01	00:02	00:02	COM9	78:01	66.0	-78.0
2026-04-23T16:11:06.946757	sess_fba3f5b4	watch_01	00:02	00:02	COM9	78:01	65.0	-80.0
2026-04-23T16:11:06.946757	sess_fba3f5b4	watch_01	00:02	00:02	COM9	78:01	69.0	-80.0
2026-04-23T16:11:06.946757	sess_fba3f5b4	watch_01	00:02	00:02	COM9	78:01	66.0	-77.5
2026-04-23T16:11:06.946757	sess_fba3f5b4	watch_01	00:02	00:02	COM9	78:01	66.0	-78.5
2026-04-23T16:11:06.946757	sess_fba3f5b4	watch_01	00:02	00:02	COM9	78:01	66.0	-80.0
2026-04-23T16:11:06.947759	sess_fba3f5b4	watch_01	00:02	00:02	COM9	78:01	68.0	-80.0
2026-04-23T16:11:06.947759	sess_fba3f5b4	watch_01	00:02	00:02	COM9	78:01	65.0	-77.0
2026-04-23T16:11:06.947759	sess_fba3f5b4	watch_01	00:02	00:02	COM9	78:01	63.0	-78.0
2026-04-23T16:11:06.947759	sess_fba3f5b4	watch_01	00:02	00:02	COM9	78:01	68.0	-78.5
2026-04-23T16:11:06.947759	sess_fba3f5b4	watch_01	00:02	00:02	COM9	78:01	61.0	-78.0
2026-04-23T16:11:06.947759	sess_fba3f5b4	watch_01	00:02	00:02	COM9	78:01	68.0	-77.5
2026-04-23T16:11:06.947759	sess_fba3f5b4	watch_01	00:02	00:02	COM9	78:01	67.0	-77.0
2026-04-23T16:11:06.947759	sess_fba3f5b4	watch_01	00:02	00:02	COM9	78:01	69.0	-78.0
2026-04-23T16:11:06.947759	sess_fba3f5b4	watch_01	00:02	00:02	COM9	78:01	65.0	-78.0
2026-04-23T16:11:06.947759	sess_fba3f5b4	watch_01	00:02	00:02	COM9	78:01	67.0	-80.0
2026-04-23T16:11:06.947759	sess_fba3f5b4	watch_01	00:02	00:02	COM9	78:01	67.0	-78.0
2026-04-23T16:11:06.947759	sess_fba3f5b4	watch_01	00:02	00:02	COM9	78:01	64.0	-78.5
2026-04-23T16:11:06.947759	sess_fba3f5b4	watch_01	00:02	00:02	COM9	78:01	63.0	-78.5
2026-04-23T16:11:06.947759	sess_fba3f5b4	watch_01	00:02	00:02	COM9	78:01	67.0	-78.5
2026-04-23T16:11:06.947759	sess_fba3f5b4	watch_01	00:02	00:02	COM9	78:01	67.0	-79.5
2026-04-23T16:11:06.947759	sess_fba3f5b4	watch_01	00:02	00:02	COM9	78:01	62.0	-77.5
2026-04-23T16:11:06.947759	sess_fba3f5b4	watch_01	00:02	00:02	COM9	78:01	68.0	-79.0
2026-04-23T16:11:06.947759	sess_fba3f5b4	watch_01	00:02	00:02	COM9	78:01	63.0	-78.5
2026-04-23T16:11:06.947759	sess_fba3f5b4	watch_01	00:02	00:02	COM9	78:01	65.0	-78.0
2026-04-23T16:11:06.947759	sess_fba3f5b4	watch_01	00:02	00:02	COM9	78:01	65.0	-78.5
2026-04-23T16:11:06.947759	sess_fba3f5b4	watch_01	00:02	00:02	COM9	78:01	67.0	-78.0
2026-04-23T16:11:06.947759	sess_fba3f5b4	watch_01	00:02	00:02	COM9	78:01	61.0	-78.5
2026-04-23T16:11:06.947759	sess_fba3f5b4	watch_01	00:02	00:02	COM9	78:01	64.0	-79.5
2026-04-23T16:11:06.947759	sess_fba3f5b4	watch_01	00:02	00:02	COM9	78:01	64.0	-78.5
2026-04-23T16:11:06.947759	sess_fba3f5b4	watch_01	00:02	00:02	COM9	78:01	68.0	-79.0
2026-04-23T16:11:06.947759	sess_fba3f5b4	watch_01	00:02	00:02	COM9	78:01	68.0	-79.0
2026-04-23T16:11:06.947759	sess_fba3f5b4	watch_01	00:02	00:02	COM9	78:01	65.0	-77.5
2026-04-23T16:11:06.947759	sess_fba3f5b4	watch_01	00:02	00:02	COM9	78:01	64.0	-78.5
2026-04-23T16:11:06.947759	sess_fba3f5b4	watch_01	00:02	00:02	COM9	78:01	68.0	-79.0
2026-04-23T16:11:06.947759	sess_fba3f5b4	watch_01	00:02	00:02	COM9	78:01	65.0	-78.5
2026-04-23T16:11:06.947759	sess_fba3f5b4	watch_01	00:02	00:02	COM9	78:01	62.0	-78.5
2026-04-23T16:11:06.947759	sess_fba3f5b4	watch_01	00:02	00:02	COM9	78:01	66.0	-78.5
2026-04-23T16:11:06.947759	sess_fba3f5b4	watch_01	00:02	00:02	COM9	78:01	62.0	-78.5
2026-04-23T16:11:06.947759	sess_fba3f5b4	watch_01	00:02	00:02	COM9	78:01	63.0	-79.0
2026-04-23T16:11:06.947759	sess_fba3f5b4	watch_01	00:02	00:02	COM9	78:01	63.0	-80.0
2026-04-23T16:11:06.947759	sess_fba3f5b4	watch_01	00:02	00:02	COM9	78:01	66.0	-78.0
2026-04-23T16:11:06.947759	sess_fba3f5b4	watch_01	00:02	00:02	COM9	78:01	67.0	-78.0
2026-04-23T16:11:06.947759	sess_fba3f5b4	watch_01	00:02	00:02	COM9	78:01	62.0	-77.0
2026-04-23T16:11:06.947759	sess_fba3f5b4	watch_01	00:02	00:02	COM9	78:01	67.0	-78.5
2026-04-23T16:11:06.947759	sess_fba3f5b4	watch_01	00:02	00:02	COM9	78:01	67.0	-79.0
2026-04-23T16:11:06.947759	sess_fba3f5b4	watch_01	00:02	00:02	COM9	78:01	67.0	-78.5
2026-04-23T16:11:06.947759	sess_fba3f5b4	watch_01	00:02	00:02	COM9	78:01	67.0	-79.0
2026-04-23T16:11:06.947759	sess_fba3f5b4	watch_01	00:02	00:02	COM9	78:01	62.0	-78.0
2026-04-23T16:11:06.947759	sess_fba3f5b4	watch_01	00:02	00:02	COM9	78:01	65.0	-78.5
2026-04-23T16:11:06.947759	sess_fba3f5b4	watch_01	00:02	00:02	COM9	78:01	64.0	-79.0
2026-04-23T16:11:06.947759	sess_fba3f5b4	watch_01	00:02	00:02	COM9	78:01	66.0	-79.0
2026-04-23T16:11:06.947759	sess_fba3f5b4	watch_01	00:02	00:02	COM9	78:01	67.0	-78.0
2026-04-23T16:11:06.947759	sess_fba3f5b4	watch_01	00:02	00:02	COM9	78:01	66.0	-80.0
2026-04-23T16:11:06.947759	sess_fba3f5b4	watch_01	00:02	00:02	COM9	78:01	69.0	-77.5
2026-04-23T16:11:06.947759	sess_fba3f5b4	watch_01	00:02	00:02	COM9	78:01	64.0	-77.5
2026-04-23T16:11:06.947759	sess_fba3f5b4	watch_01	00:02	00:02	COM9	78:01	63.0	-79.0
2026-04-23T16:11:06.947759	sess_fba3f5b4	watch_01	00:02	00:02	COM9	78:01	61.0	-78.5
2026-04-23T16:11:06.947759	sess_fba3f5b4	watch_01	00:02	00:02	COM9	78:01	63.0	-78.0
2026-04-23T16:11:06.947759	sess_fba3f5b4	watch_01	00:02	00:02	COM9	78:01	65.0	-79.5
2026-04-23T16:11:06.947759	sess_fba3f5b4	watch_01	00:02	00:02	COM9	78:01	67.0	-76.5
2026-04-23T16:11:06.947759	sess_fba3f5b4	watch_01	00:02	00:02	COM9	78:01	64.0	-77.5
2026-04-23T16:11:06.947759	sess_fba3f5b4	watch_01	00:02	00:02	COM9	78:01	68.0	-80.0
2026-04-23T16:11:06.947759	sess_fba3f5b4	watch_01	00:02	00:02	COM9	78:01	66.0	-79.0
2026-04-23T16:11:06.947759	sess_fba3f5b4	watch_01	00:02	00:02	COM9	78:01	68.0	-78.5
2026-04-23T16:11:06.947759	sess_fba3f5b4	watch_01	00:02	00:02	COM9	78:01	64.0	-78.0
2026-04-23T16:11:06.947759	sess_fba3f5b4	watch_01	00:02	00:02	COM9	78:01	66.0	-78.0
2026-04-23T16:11:06.947759	sess_fba3f5b4	watch_01	00:02	00:02	COM9	78:01	65.0	-80.0
2026-04-23T16:11:06.947759	sess_fba3f5b4	watch_01	00:02	00:02	COM9	78:01	66.0	-79.0
2026-04-23T16:11:06.947759	sess_fba3f5b4	watch_01	00:02	00:02	COM9	78:01	67.0	-78.5
2026-04-23T16:11:06.947759	sess_fba3f5b4	watch_01	00:02	00:02	COM9	78:01	64.0	-80.0
2026-04-23T16:11:22.912792	sess_c4d0831d	watch_01	00:03	00:03	COM10	1C:20	59.0	-71.0
2026-04-23T16:11:22.912792	sess_c4d0831d	watch_01	00:03	00:03	COM10	1C:20	60.0	-72.0
2026-04-23T16:11:22.912792	sess_c4d0831d	watch_01	00:03	00:03	COM10	1C:20	61.0	-71.0
2026-04-23T16:11:22.912792	sess_c4d0831d	watch_01	00:03	00:03	COM10	1C:20	57.0	-71.0
2026-04-23T16:11:22.912792	sess_c4d0831d	watch_01	00:03	00:03	COM10	1C:20	58.0	-71.5
2026-04-23T16:11:22.912792	sess_c4d0831d	watch_01	00:03	00:03	COM10	1C:20	61.0	-71.0
2026-04-23T16:11:22.912792	sess_c4d0831d	watch_01	00:03	00:03	COM10	1C:20	59.0	-71.0
2026-04-23T16:11:22.912792	sess_c4d0831d	watch_01	00:03	00:03	COM10	1C:20	60.0	-71.5
2026-04-23T16:11:22.912792	sess_c4d0831d	watch_01	00:03	00:03	COM10	1C:20	61.0	-71.5
2026-04-23T16:11:22.912792	sess_c4d0831d	watch_01	00:03	00:03	COM10	1C:20	61.0	-71.0
2026-04-23T16:11:22.912792	sess_c4d0831d	watch_01	00:03	00:03	COM10	1C:20	59.0	-71.0
2026-04-23T16:11:22.912792	sess_c4d0831d	watch_01	00:03	00:03	COM10	1C:20	61.0	-71.5
2026-04-23T16:11:22.912792	sess_c4d0831d	watch_01	00:03	00:03	COM10	1C:20	59.0	-71.0
2026-04-23T16:11:22.912792	sess_c4d0831d	watch_01	00:03	00:03	COM10	1C:20	59.0	-71.0
2026-04-23T16:11:22.912792	sess_c4d0831d	watch_01	00:03	00:03	COM10	1C:20	62.0	-71.5
2026-04-23T16:11:22.912792	sess_c4d0831d	watch_01	00:03	00:03	COM10	1C:20	61.0	-71.5
2026-04-23T16:11:22.912792	sess_c4d0831d	watch_01	00:03	00:03	COM10	1C:20	57.0	-71.0
2026-04-23T16:11:22.912792	sess_c4d0831d	watch_01	00:03	00:03	COM10	1C:20	58.0	-71.0
2026-04-23T16:11:22.912792	sess_c4d0831d	watch_01	00:03	00:03	COM10	1C:20	63.0	-71.0
2026-04-23T16:11:22.912792	sess_c4d0831d	watch_01	00:03	00:03	COM10	1C:20	60.0	-72.0
2026-04-23T16:11:22.912792	sess_c4d0831d	watch_01	00:03	00:03	COM10	1C:20	58.0	-71.0
2026-04-23T16:11:22.912792	sess_c4d0831d	watch_01	00:03	00:03	COM10	1C:20	57.0	-72.0
2026-04-23T16:11:22.912792	sess_c4d0831d	watch_01	00:03	00:03	COM10	1C:20	58.0	-71.0
2026-04-23T16:11:22.912792	sess_c4d0831d	watch_01	00:03	00:03	COM10	1C:20	61.0	-71.0
2026-04-23T16:11:22.912792	sess_c4d0831d	watch_01	00:03	00:03	COM10	1C:20	58.0	-72.0
2026-04-23T16:11:22.912792	sess_c4d0831d	watch_01	00:03	00:03	COM10	1C:20	59.0	-71.0
2026-04-23T16:11:22.912792	sess_c4d0831d	watch_01	00:03	00:03	COM10	1C:20	60.0	-72.0
2026-04-23T16:11:22.912792	sess_c4d0831d	watch_01	00:03	00:03	COM10	1C:20	58.0	-72.0
2026-04-23T16:11:22.912792	sess_c4d0831d	watch_01	00:03	00:03	COM10	1C:20	58.0	-71.5
2026-04-23T16:11:22.912792	sess_c4d0831d	watch_01	00:03	00:03	COM10	1C:20	61.0	-71.5
2026-04-23T16:11:22.912792	sess_c4d0831d	watch_01	00:03	00:03	COM10	1C:20	59.0	-71.5
2026-04-23T16:11:22.912792	sess_c4d0831d	watch_01	00:03	00:03	COM10	1C:20	59.0	-71.5
2026-04-23T16:11:22.912792	sess_c4d0831d	watch_01	00:03	00:03	COM10	1C:20	62.0	-71.0
2026-04-23T16:11:22.912792	sess_c4d0831d	watch_01	00:03	00:03	COM10	1C:20	60.0	-71.5
2026-04-23T16:11:22.912792	sess_c4d0831d	watch_01	00:03	00:03	COM10	1C:20	59.0	-71.5
2026-04-23T16:11:22.912792	sess_c4d0831d	watch_01	00:03	00:03	COM10	1C:20	58.0	-71.0
2026-04-23T16:11:22.912792	sess_c4d0831d	watch_01	00:03	00:03	COM10	1C:20	58.0	-71.0
2026-04-23T16:11:22.912792	sess_c4d0831d	watch_01	00:03	00:03	COM10	1C:20	61.0	-71.0
2026-04-23T16:11:22.912792	sess_c4d0831d	watch_01	00:03	00:03	COM10	1C:20	59.0	-71.0
2026-04-23T16:11:22.912792	sess_c4d0831d	watch_01	00:03	00:03	COM10	1C:20	59.0	-71.0
2026-04-23T16:11:22.912792	sess_c4d0831d	watch_01	00:03	00:03	COM10	1C:20	59.0	-71.0
2026-04-23T16:11:22.912792	sess_c4d0831d	watch_01	00:03	00:03	COM10	1C:20	59.0	-71.0
2026-04-23T16:11:22.912792	sess_c4d0831d	watch_01	00:03	00:03	COM10	1C:20	60.0	-71.0
2026-04-23T16:11:22.912792	sess_c4d0831d	watch_01	00:03	00:03	COM10	1C:20	58.0	-71.0
2026-04-23T16:11:22.912792	sess_c4d0831d	watch_01	00:03	00:03	COM10	1C:20	58.0	-71.0
2026-04-23T16:11:22.912792	sess_c4d0831d	watch_01	00:03	00:03	COM10	1C:20	60.0	-71.0
2026-04-23T16:11:22.912792	sess_c4d0831d	watch_01	00:03	00:03	COM10	1C:20	57.0	-71.0
2026-04-23T16:11:22.912792	sess_c4d0831d	watch_01	00:03	00:03	COM10	1C:20	60.0	-71.0
2026-04-23T16:11:22.912792	sess_c4d0831d	watch_01	00:03	00:03	COM10	1C:20	59.0	-71.0
2026-04-23T16:11:22.912792	sess_c4d0831d	watch_01	00:03	00:03	COM10	1C:20	60.0	-71.0
2026-04-23T16:11:22.912792	sess_c4d0831d	watch_01	00:03	00:03	COM10	1C:20	58.0	-71.5
2026-04-23T16:11:22.912792	sess_c4d0831d	watch_01	00:03	00:03	COM10	1C:20	59.0	-71.0
2026-04-23T16:11:22.912792	sess_c4d0831d	watch_01	00:03	00:03	COM10	1C:20	60.0	-71.0
2026-04-23T16:11:22.912792	sess_c4d0831d	watch_01	00:03	00:03	COM10	1C:20	57.0	-71.0
2026-04-23T16:11:22.912792	sess_c4d0831d	watch_01	00:03	00:03	COM10	1C:20	58.0	-73.0
2026-04-23T16:11:22.912792	sess_c4d0831d	watch_01	00:03	00:03	COM10	1C:20	58.0	-71.0
2026-04-23T16:11:22.912792	sess_c4d0831d	watch_01	00:03	00:03	COM10	1C:20	61.0	-71.0
2026-04-23T16:11:22.912792	sess_c4d0831d	watch_01	00:03	00:03	COM10	1C:20	59.0	-71.0
2026-04-23T16:11:22.912792	sess_c4d0831d	watch_01	00:03	00:03	COM10	1C:20	58.0	-72.0
2026-04-23T16:11:22.912792	sess_c4d0831d	watch_01	00:03	00:03	COM10	1C:20	58.0	-71.0
2026-04-23T16:11:22.912792	sess_c4d0831d	watch_01	00:03	00:03	COM10	1C:20	59.0	-71.0
2026-04-23T16:11:22.912792	sess_c4d0831d	watch_01	00:03	00:03	COM10	1C:20	60.0	-71.0
2026-04-23T16:11:22.912792	sess_c4d0831d	watch_01	00:03	00:03	COM10	1C:20	57.0	-71.5
2026-04-23T16:11:22.912792	sess_c4d0831d	watch_01	00:03	00:03	COM10	1C:20	60.0	-72.0
2026-04-23T16:11:22.912792	sess_c4d0831d	watch_01	00:03	00:03	COM10	1C:20	58.0	-71.0
2026-04-23T16:11:22.912792	sess_c4d0831d	watch_01	00:03	00:03	COM10	1C:20	59.0	-71.0
2026-04-23T16:11:22.912792	sess_c4d0831d	watch_01	00:03	00:03	COM10	1C:20	55.0	-71.0
2026-04-23T16:11:22.912792	sess_c4d0831d	watch_01	00:03	00:03	COM10	1C:20	61.0	-71.0
2026-04-23T16:11:22.912792	sess_c4d0831d	watch_01	00:03	00:03	COM10	1C:20	58.0	-71.5
2026-04-23T16:11:22.912792	sess_c4d0831d	watch_01	00:03	00:03	COM10	1C:20	61.0	-71.5
2026-04-23T16:11:22.912792	sess_c4d0831d	watch_01	00:03	00:03	COM10	1C:20	59.0	-72.0
2026-04-23T16:11:22.912792	sess_c4d0831d	watch_01	00:03	00:03	COM10	1C:20	61.0	-71.0
2026-04-23T16:11:22.912792	sess_c4d0831d	watch_01	00:03	00:03	COM10	1C:20	57.0	-71.0
2026-04-23T16:11:22.912792	sess_c4d0831d	watch_01	00:03	00:03	COM10	1C:20	57.0	-71.0
2026-04-23T16:11:22.912792	sess_c4d0831d	watch_01	00:03	00:03	COM10	1C:20	58.0	-71.5
2026-04-23T16:11:22.912792	sess_c4d0831d	watch_01	00:03	00:03	COM10	1C:20	60.0	-71.0
2026-04-23T16:11:22.912792	sess_c4d0831d	watch_01	00:03	00:03	COM10	1C:20	60.0	-71.0
2026-04-23T16:11:22.912792	sess_c4d0831d	watch_01	00:03	00:03	COM10	1C:20	61.0	-71.5
2026-04-23T16:11:22.912792	sess_c4d0831d	watch_01	00:03	00:03	COM10	1C:20	61.0	-72.0
2026-04-23T16:11:22.912792	sess_c4d0831d	watch_01	00:03	00:03	COM10	1C:20	57.0	-70.5
