timestamp	session_id	watch_id	anchor	board_mac	serial_port	watch_mac	distance_cm	rssi_dbm
2026-04-23T12:57:14.764732	sess_ae65b3eb	watch_01	00:01	00:01	COM6	A2:F9	84.0	-84.0
2026-04-23T12:57:14.764732	sess_ae65b3eb	watch_01	00:01	00:01	COM6	A2:F9	65.0	-82.5
2026-04-23T12:57:14.764732	sess_ae65b3eb	watch_01	00:01	00:01	COM6	A2:F9	123.0	-82.0
2026-04-23T12:57:14.764732	sess_ae65b3eb	watch_01	00:01	00:01	COM6	A2:F9	117.0	-81.5
2026-04-23T12:57:14.764732	sess_ae65b3eb	watch_01	00:01	00:01	COM6	A2:F9	102.0	-81.0
2026-04-23T12:57:14.764732	sess_ae65b3eb	watch_01	00:01	00:01	COM6	A2:F9	105.0	-82.5
2026-04-23T12:57:14.764732	sess_ae65b3eb	watch_01	00:01	00:01	COM6	A2:F9	75.0	-85.0
2026-04-23T12:57:14.764732	sess_ae65b3eb	watch_01	00:01	00:01	COM6	A2:F9	91.0	-82.5
2026-04-23T12:57:14.764732	sess_ae65b3eb	watch_01	00:01	00:01	COM6	A2:F9	101.0	-81.5
2026-04-23T12:57:14.764732	sess_ae65b3eb	watch_01	00:01	00:01	COM6	A2:F9	79.0	-83.0
2026-04-23T12:57:14.764732	sess_ae65b3eb	watch_01	00:01	00:01	COM6	A2:F9	54.0	-81.0
2026-04-23T12:57:14.764732	sess_ae65b3eb	watch_01	00:01	00:01	COM6	A2:F9	56.0	-77.5
2026-04-23T12:57:14.764732	sess_ae65b3eb	watch_01	00:01	00:01	COM6	A2:F9	62.0	-78.5
2026-04-23T12:57:14.764732	sess_ae65b3eb	watch_01	00:01	00:01	COM6	A2:F9	74.0	-79.0
2026-04-23T12:57:14.764732	sess_ae65b3eb	watch_01	00:01	00:01	COM6	A2:F9	76.0	-79.5
2026-04-23T12:57:14.764732	sess_ae65b3eb	watch_01	00:01	00:01	COM6	A2:F9	106.0	-81.0
2026-04-23T12:57:14.764732	sess_ae65b3eb	watch_01	00:01	00:01	COM6	A2:F9	58.0	-81.5
2026-04-23T12:57:14.764732	sess_ae65b3eb	watch_01	00:01	00:01	COM6	A2:F9	114.0	-81.5
2026-04-23T12:57:14.764732	sess_ae65b3eb	watch_01	00:01	00:01	COM6	A2:F9	144.0	-82.5
2026-04-23T12:57:14.764732	sess_ae65b3eb	watch_01	00:01	00:01	COM6	A2:F9	124.0	-82.0
2026-04-23T12:57:14.764732	sess_ae65b3eb	watch_01	00:01	00:01	COM6	A2:F9	81.0	-83.5
2026-04-23T12:57:14.764732	sess_ae65b3eb	watch_01	00:01	00:01	COM6	A2:F9	104.0	-81.5
2026-04-23T12:57:14.764732	sess_ae65b3eb	watch_01	00:01	00:01	COM6	A2:F9	104.0	-81.5
2026-04-23T12:57:14.764732	sess_ae65b3eb	watch_01	00:01	00:01	COM6	A2:F9	88.0	-82.5
2026-04-23T12:57:14.764732	sess_ae65b3eb	watch_01	00:01	00:01	COM6	A2:F9	92.0	-83.0
2026-04-23T12:57:14.764732	sess_ae65b3eb	watch_01	00:01	00:01	COM6	A2:F9	96.0	-83.5
2026-04-23T12:57:14.764732	sess_ae65b3eb	watch_01	00:01	00:01	COM6	A2:F9	140.0	-85.0
2026-04-23T12:57:14.764732	sess_ae65b3eb	watch_01	00:01	00:01	COM6	A2:F9	79.0	-83.0
2026-04-23T12:57:14.764732	sess_ae65b3eb	watch_01	00:01	00:01	COM6	A2:F9	127.0	-79.5
2026-04-23T12:57:14.764732	sess_ae65b3eb	watch_01	00:01	00:01	COM6	A2:F9	108.0	-80.0
2026-04-23T12:57:14.764732	sess_ae65b3eb	watch_01	00:01	00:01	COM6	A2:F9	105.0	-78.0
2026-04-23T12:57:14.764732	sess_ae65b3eb	watch_01	00:01	00:01	COM6	A2:F9	114.0	-81.0
2026-04-23T12:57:14.764732	sess_ae65b3eb	watch_01	00:01	00:01	COM6	A2:F9	117.0	-78.5
2026-04-23T12:57:14.764732	sess_ae65b3eb	watch_01	00:01	00:01	COM6	A2:F9	121.0	-79.5
2026-04-23T12:57:14.764732	sess_ae65b3eb	watch_01	00:01	00:01	COM6	A2:F9	84.0	-79.0
2026-04-23T12:57:14.764732	sess_ae65b3eb	watch_01	00:01	00:01	COM6	A2:F9	85.0	-77.0
2026-04-23T12:57:14.764732	sess_ae65b3eb	watch_01	00:01	00:01	COM6	A2:F9	67.0	-81.0
2026-04-23T12:57:14.764732	sess_ae65b3eb	watch_01	00:01	00:01	COM6	A2:F9	83.0	-78.5
2026-04-23T12:57:14.764732	sess_ae65b3eb	watch_01	00:01	00:01	COM6	A2:F9	85.0	-79.0
2026-04-23T12:57:14.764732	sess_ae65b3eb	watch_01	00:01	00:01	COM6	A2:F9	84.0	-79.0
2026-04-23T12:57:14.764732	sess_ae65b3eb	watch_01	00:01	00:01	COM6	A2:F9	82.0	-79.0
2026-04-23T12:57:14.764732	sess_ae65b3eb	watch_01	00:01	00:01	COM6	A2:F9	82.0	-80.5
2026-04-23T12:57:14.764732	sess_ae65b3eb	watch_01	00:01	00:01	COM6	A2:F9	79.0	-80.0
2026-04-23T12:57:14.764732	sess_ae65b3eb	watch_01	00:01	00:01	COM6	A2:F9	78.0	-81.0
2026-04-23T12:57:14.764732	sess_ae65b3eb	watch_01	00:01	00:01	COM6	A2:F9	83.0	-81.5
2026-04-23T12:57:14.764732	sess_ae65b3eb	watch_01	00:01	00:01	COM6	A2:F9	85.0	-83.0
2026-04-23T12:57:14.764732	sess_ae65b3eb	watch_01	00:01	00:01	COM6	A2:F9	86.0	-82.5
2026-04-23T12:57:14.764732	sess_ae65b3eb	watch_01	00:01	00:01	COM6	A2:F9	88.0	-82.5
2026-04-23T12:57:14.764732	sess_ae65b3eb	watch_01	00:01	00:01	COM6	A2:F9	90.0	-82.0
2026-04-23T12:57:14.764732	sess_ae65b3eb	watch_01	00:01	00:01	COM6	A2:F9	95.0	-82.5
2026-04-23T12:57:14.764732	sess_ae65b3eb	watch_01	00:01	00:01	COM6	A2:F9	103.0	-82.5
2026-04-23T12:57:14.764732	sess_ae65b3eb	watch_01	00:01	00:01	COM6	A2:F9	105.0	-82.5
2026-04-23T12:57:14.764732	sess_ae65b3eb	watch_01	00:01	00:01	COM6	A2:F9	98.0	-82.0
2026-04-23T12:57:14.764732	sess_ae65b3eb	watch_01	00:01	00:01	COM6	A2:F9	93.0	-82.0
2026-04-23T12:57:14.764732	sess_ae65b3eb	watch_01	00:01	00:01	COM6	A2:F9	90.0	-81.5
2026-04-23T12:57:14.764732	sess_ae65b3eb	watch_01	00:01	00:01	COM6	A2:F9	87.0	-81.0
2026-04-23T12:57:14.764732	sess_ae65b3eb	watch_01	00:01	00:01	COM6	A2:F9	85.0	-77.0
2026-04-23T12:57:14.764732	sess_ae65b3eb	watch_01	00:01	00:01	COM6	A2:F9	82.0	-77.5
2026-04-23T12:57:14.764732	sess_ae65b3eb	watch_01	00:01	00:01	COM6	A2:F9	81.0	-76.0
2026-04-23T12:57:14.764732	sess_ae65b3eb	watch_01	00:01	00:01	COM6	A2:F9	85.0	-80.5
2026-04-23T12:57:14.764732	sess_ae65b3eb	watch_01	00:01	00:01	COM6	A2:F9	84.0	-79.5
2026-04-23T12:57:14.764732	sess_ae65b3eb	watch_01	00:01	00:01	COM6	A2:F9	80.0	-75.0
2026-04-23T12:57:14.764732	sess_ae65b3eb	watch_01	00:01	00:01	COM6	A2:F9	77.0	-73.5
2026-04-23T12:57:14.764732	sess_ae65b3eb	watch_01	00:01	00:01	COM6	A2:F9	77.0	-73.5
2026-04-23T12:57:14.764732	sess_ae65b3eb	watch_01	00:01	00:01	COM6	A2:F9	76.0	-74.5
2026-04-23T12:57:14.764732	sess_ae65b3eb	watch_01	00:01	00:01	COM6	A2:F9	77.0	-74.5
2026-04-23T12:57:14.764732	sess_ae65b3eb	watch_01	00:01	00:01	COM6	A2:F9	74.0	-76.5
2026-04-23T12:57:14.764732	sess_ae65b3eb	watch_01	00:01	00:01	COM6	A2:F9	74.0	-76.5
2026-04-23T12:57:14.764732	sess_ae65b3eb	watch_01	00:01	00:01	COM6	A2:F9	74.0	-80.0
2026-04-23T12:57:14.764732	sess_ae65b3eb	watch_01	00:01	00:01	COM6	A2:F9	74.0	-80.5
2026-04-23T12:57:14.764732	sess_ae65b3eb	watch_01	00:01	00:01	COM6	A2:F9	72.0	-80.5
2026-04-23T12:57:14.764732	sess_ae65b3eb	watch_01	00:01	00:01	COM6	A2:F9	68.0	-81.0
2026-04-23T12:57:14.764732	sess_ae65b3eb	watch_01	00:01	00:01	COM6	A2:F9	67.0	-80.0
2026-04-23T12:57:14.764732	sess_ae65b3eb	watch_01	00:01	00:01	COM6	A2:F9	62.0	-81.5
2026-04-23T12:57:14.764732	sess_ae65b3eb	watch_01	00:01	00:01	COM6	A2:F9	78.0	-78.0
2026-04-23T12:57:14.764732	sess_ae65b3eb	watch_01	00:01	00:01	COM6	A2:F9	84.0	-78.0
2026-04-23T12:57:14.764732	sess_ae65b3eb	watch_01	00:01	00:01	COM6	A2:F9	56.0	-77.0
2026-04-23T12:57:14.764732	sess_ae65b3eb	watch_01	00:01	00:01	COM6	A2:F9	48.0	-79.5
2026-04-23T12:57:14.764732	sess_ae65b3eb	watch_01	00:01	00:01	COM6	A2:F9	56.0	-77.0
2026-04-23T13:09:11.473923	sess_0de94e8c	watch_01	00:01	00:01	COM6	AA:99	52.0	-74.5
2026-04-23T13:09:11.473923	sess_0de94e8c	watch_01	00:01	00:01	COM6	AA:99	53.0	-71.5
2026-04-23T13:09:11.473923	sess_0de94e8c	watch_01	00:01	00:01	COM6	AA:99	55.0	-73.5
2026-04-23T13:09:11.473923	sess_0de94e8c	watch_01	00:01	00:01	COM6	AA:99	53.0	-72.5
2026-04-23T13:09:11.473923	sess_0de94e8c	watch_01	00:01	00:01	COM6	AA:99	52.0	-72.5
2026-04-23T13:09:11.473923	sess_0de94e8c	watch_01	00:01	00:01	COM6	AA:99	51.0	-73.0
2026-04-23T13:09:11.473923	sess_0de94e8c	watch_01	00:01	00:01	COM6	AA:99	53.0	-74.0
2026-04-23T13:09:11.473923	sess_0de94e8c	watch_01	00:01	00:01	COM6	AA:99	49.0	-72.5
2026-04-23T13:09:11.473923	sess_0de94e8c	watch_01	00:01	00:01	COM6	AA:99	51.0	-72.5
2026-04-23T13:09:11.473923	sess_0de94e8c	watch_01	00:01	00:01	COM6	AA:99	50.0	-70.5
2026-04-23T13:09:11.473923	sess_0de94e8c	watch_01	00:01	00:01	COM6	AA:99	50.0	-72.5
2026-04-23T13:09:11.473923	sess_0de94e8c	watch_01	00:01	00:01	COM6	AA:99	52.0	-73.5
2026-04-23T13:09:11.473923	sess_0de94e8c	watch_01	00:01	00:01	COM6	AA:99	54.0	-73.0
2026-04-23T13:09:11.473923	sess_0de94e8c	watch_01	00:01	00:01	COM6	AA:99	51.0	-73.5
2026-04-23T13:09:11.473923	sess_0de94e8c	watch_01	00:01	00:01	COM6	AA:99	53.0	-73.5
2026-04-23T13:09:11.473923	sess_0de94e8c	watch_01	00:01	00:01	COM6	AA:99	53.0	-73.5
2026-04-23T13:09:11.473923	sess_0de94e8c	watch_01	00:01	00:01	COM6	AA:99	54.0	-74.0
2026-04-23T13:09:11.473923	sess_0de94e8c	watch_01	00:01	00:01	COM6	AA:99	53.0	-73.5
2026-04-23T13:09:11.473923	sess_0de94e8c	watch_01	00:01	00:01	COM6	AA:99	53.0	-73.5
2026-04-23T13:09:11.473923	sess_0de94e8c	watch_01	00:01	00:01	COM6	AA:99	55.0	-74.0
2026-04-23T13:09:11.473923	sess_0de94e8c	watch_01	00:01	00:01	COM6	AA:99	54.0	-74.0
2026-04-23T13:09:11.473923	sess_0de94e8c	watch_01	00:01	00:01	COM6	AA:99	55.0	-74.5
2026-04-23T13:09:11.473923	sess_0de94e8c	watch_01	00:01	00:01	COM6	AA:99	55.0	-75.5
2026-04-23T13:09:11.473923	sess_0de94e8c	watch_01	00:01	00:01	COM6	AA:99	54.0	-74.0
2026-04-23T13:09:11.473923	sess_0de94e8c	watch_01	00:01	00:01	COM6	AA:99	54.0	-74.0
2026-04-23T13:09:11.473923	sess_0de94e8c	watch_01	00:01	00:01	COM6	AA:99	54.0	-75.0
2026-04-23T13:09:11.473923	sess_0de94e8c	watch_01	00:01	00:01	COM6	AA:99	54.0	-73.5
2026-04-23T13:09:11.473923	sess_0de94e8c	watch_01	00:01	00:01	COM6	AA:99	53.0	-75.0
2026-04-23T13:09:11.473923	sess_0de94e8c	watch_01	00:01	00:01	COM6	AA:99	53.0	-75.0
2026-04-23T13:09:11.473923	sess_0de94e8c	watch_01	00:01	00:01	COM6	AA:99	55.0	-75.0
2026-04-23T13:09:11.473923	sess_0de94e8c	watch_01	00:01	00:01	COM6	AA:99	59.0	-74.0
2026-04-23T13:09:11.473923	sess_0de94e8c	watch_01	00:01	00:01	COM6	AA:99	59.0	-73.0
2026-04-23T13:09:11.473923	sess_0de94e8c	watch_01	00:01	00:01	COM6	AA:99	61.0	-72.0
2026-04-23T13:09:11.473923	sess_0de94e8c	watch_01	00:01	00:01	COM6	AA:99	60.0	-73.0
2026-04-23T13:09:11.473923	sess_0de94e8c	watch_01	00:01	00:01	COM6	AA:99	57.0	-72.0
2026-04-23T13:09:11.473923	sess_0de94e8c	watch_01	00:01	00:01	COM6	AA:99	57.0	-72.0
2026-04-23T13:09:11.473923	sess_0de94e8c	watch_01	00:01	00:01	COM6	AA:99	57.0	-72.0
2026-04-23T13:09:11.473923	sess_0de94e8c	watch_01	00:01	00:01	COM6	AA:99	57.0	-71.0
2026-04-23T13:09:11.473923	sess_0de94e8c	watch_01	00:01	00:01	COM6	AA:99	58.0	-72.0
2026-04-23T13:09:11.473923	sess_0de94e8c	watch_01	00:01	00:01	COM6	AA:99	57.0	-72.0
2026-04-23T13:09:11.473923	sess_0de94e8c	watch_01	00:01	00:01	COM6	AA:99	56.0	-71.0
2026-04-23T13:09:11.473923	sess_0de94e8c	watch_01	00:01	00:01	COM6	AA:99	58.0	-71.0
2026-04-23T13:09:11.473923	sess_0de94e8c	watch_01	00:01	00:01	COM6	AA:99	56.0	-71.0
2026-04-23T13:09:11.473923	sess_0de94e8c	watch_01	00:01	00:01	COM6	AA:99	57.0	-71.0
2026-04-23T13:09:11.473923	sess_0de94e8c	watch_01	00:01	00:01	COM6	AA:99	57.0	-71.0
2026-04-23T13:09:11.473923	sess_0de94e8c	watch_01	00:01	00:01	COM6	AA:99	59.0	-71.0
2026-04-23T13:09:11.473923	sess_0de94e8c	watch_01	00:01	00:01	COM6	AA:99	60.0	-71.0
2026-04-23T13:09:11.473923	sess_0de94e8c	watch_01	00:01	00:01	COM6	AA:99	59.0	-71.0
2026-04-23T13:09:11.473923	sess_0de94e8c	watch_01	00:01	00:01	COM6	AA:99	60.0	-71.5
2026-04-23T13:09:11.473923	sess_0de94e8c	watch_01	00:01	00:01	COM6	AA:99	59.0	-71.0
2026-04-23T13:09:11.473923	sess_0de94e8c	watch_01	00:01	00:01	COM6	AA:99	59.0	-72.0
2026-04-23T13:09:11.473923	sess_0de94e8c	watch_01	00:01	00:01	COM6	AA:99	59.0	-71.5
2026-04-23T13:09:11.473923	sess_0de94e8c	watch_01	00:01	00:01	COM6	AA:99	58.0	-72.5
2026-04-23T13:09:11.473923	sess_0de94e8c	watch_01	00:01	00:01	COM6	AA:99	61.0	-72.5
2026-04-23T13:09:11.473923	sess_0de94e8c	watch_01	00:01	00:01	COM6	AA:99	60.0	-72.0
2026-04-23T13:09:11.473923	sess_0de94e8c	watch_01	00:01	00:01	COM6	AA:99	60.0	-72.0
2026-04-23T13:09:11.473923	sess_0de94e8c	watch_01	00:01	00:01	COM6	AA:99	60.0	-71.5
2026-04-23T13:09:11.473923	sess_0de94e8c	watch_01	00:01	00:01	COM6	AA:99	60.0	-71.5
2026-04-23T13:09:11.473923	sess_0de94e8c	watch_01	00:01	00:01	COM6	AA:99	61.0	-72.5
2026-04-23T13:09:11.473923	sess_0de94e8c	watch_01	00:01	00:01	COM6	AA:99	59.0	-72.5
2026-04-23T13:09:11.473923	sess_0de94e8c	watch_01	00:01	00:01	COM6	AA:99	59.0	-74.0
2026-04-23T13:09:11.473923	sess_0de94e8c	watch_01	00:01	00:01	COM6	AA:99	52.0	-74.0
2026-04-23T13:09:11.473923	sess_0de94e8c	watch_01	00:01	00:01	COM6	AA:99	53.0	-74.0
2026-04-23T13:09:11.473923	sess_0de94e8c	watch_01	00:01	00:01	COM6	AA:99	53.0	-73.5
2026-04-23T13:09:11.473923	sess_0de94e8c	watch_01	00:01	00:01	COM6	AA:99	53.0	-73.5
2026-04-23T13:09:11.473923	sess_0de94e8c	watch_01	00:01	00:01	COM6	AA:99	53.0	-74.0
2026-04-23T13:09:11.473923	sess_0de94e8c	watch_01	00:01	00:01	COM6	AA:99	54.0	-74.5
2026-04-23T13:09:11.473923	sess_0de94e8c	watch_01	00:01	00:01	COM6	AA:99	54.0	-74.0
2026-04-23T13:09:11.473923	sess_0de94e8c	watch_01	00:01	00:01	COM6	AA:99	51.0	-74.0
2026-04-23T13:09:11.473923	sess_0de94e8c	watch_01	00:01	00:01	COM6	AA:99	54.0	-73.0
2026-04-23T13:09:11.473923	sess_0de94e8c	watch_01	00:01	00:01	COM6	AA:99	54.0	-73.0
2026-04-23T13:09:11.473923	sess_0de94e8c	watch_01	00:01	00:01	COM6	AA:99	54.0	-73.5
2026-04-23T13:09:11.473923	sess_0de94e8c	watch_01	00:01	00:01	COM6	AA:99	51.0	-73.5
2026-04-23T13:09:11.473923	sess_0de94e8c	watch_01	00:01	00:01	COM6	AA:99	54.0	-73.5
2026-04-23T13:09:11.473923	sess_0de94e8c	watch_01	00:01	00:01	COM6	AA:99	55.0	-75.5
2026-04-23T13:09:11.473923	sess_0de94e8c	watch_01	00:01	00:01	COM6	AA:99	53.0	-75.0
2026-04-23T13:09:11.473923	sess_0de94e8c	watch_01	00:01	00:01	COM6	AA:99	53.0	-74.5
2026-04-23T13:09:11.473923	sess_0de94e8c	watch_01	00:01	00:01	COM6	AA:99	54.0	-75.0
2026-04-23T13:09:11.473923	sess_0de94e8c	watch_01	00:01	00:01	COM6	AA:99	51.0	-75.5
2026-04-23T13:09:11.473923	sess_0de94e8c	watch_01	00:01	00:01	COM6	AA:99	51.0	-74.5
2026-04-23T13:09:22.492873	sess_136410b1	watch_01	00:01	00:01	COM6	62:31	52.0	-75.5
2026-04-23T13:09:22.492873	sess_136410b1	watch_01	00:01	00:01	COM6	62:31	54.0	-75.5
2026-04-23T13:09:22.492873	sess_136410b1	watch_01	00:01	00:01	COM6	62:31	53.0	-75.5
2026-04-23T13:09:22.492873	sess_136410b1	watch_01	00:01	00:01	COM6	62:31	54.0	-75.5
2026-04-23T13:09:22.492873	sess_136410b1	watch_01	00:01	00:01	COM6	62:31	54.0	-75.0
2026-04-23T13:09:22.492873	sess_136410b1	watch_01	00:01	00:01	COM6	62:31	52.0	-75.0
2026-04-23T13:09:22.492873	sess_136410b1	watch_01	00:01	00:01	COM6	62:31	54.0	-75.5
2026-04-23T13:09:22.492873	sess_136410b1	watch_01	00:01	00:01	COM6	62:31	53.0	-75.0
2026-04-23T13:09:22.492873	sess_136410b1	watch_01	00:01	00:01	COM6	62:31	53.0	-74.5
2026-04-23T13:09:22.492873	sess_136410b1	watch_01	00:01	00:01	COM6	62:31	52.0	-73.5
2026-04-23T13:09:22.492873	sess_136410b1	watch_01	00:01	00:01	COM6	62:31	54.0	-74.0
2026-04-23T13:09:22.492873	sess_136410b1	watch_01	00:01	00:01	COM6	62:31	53.0	-75.5
2026-04-23T13:09:22.492873	sess_136410b1	watch_01	00:01	00:01	COM6	62:31	52.0	-75.0
2026-04-23T13:09:22.492873	sess_136410b1	watch_01	00:01	00:01	COM6	62:31	52.0	-74.5
2026-04-23T13:09:22.492873	sess_136410b1	watch_01	00:01	00:01	COM6	62:31	53.0	-75.0
2026-04-23T13:09:22.492873	sess_136410b1	watch_01	00:01	00:01	COM6	62:31	54.0	-74.5
2026-04-23T13:09:22.492873	sess_136410b1	watch_01	00:01	00:01	COM6	62:31	54.0	-75.5
2026-04-23T13:09:22.492873	sess_136410b1	watch_01	00:01	00:01	COM6	62:31	54.0	-75.0
2026-04-23T13:09:22.492873	sess_136410b1	watch_01	00:01	00:01	COM6	62:31	54.0	-75.0
2026-04-23T13:09:22.492873	sess_136410b1	watch_01	00:01	00:01	COM6	62:31	55.0	-75.0
2026-04-23T13:09:22.492873	sess_136410b1	watch_01	00:01	00:01	COM6	62:31	57.0	-73.5
2026-04-23T13:09:22.492873	sess_136410b1	watch_01	00:01	00:01	COM6	62:31	57.0	-74.5
2026-04-23T13:09:22.492873	sess_136410b1	watch_01	00:01	00:01	COM6	62:31	59.0	-70.5
2026-04-23T13:09:22.492873	sess_136410b1	watch_01	00:01	00:01	COM6	62:31	57.0	-69.5
2026-04-23T13:09:22.492873	sess_136410b1	watch_01	00:01	00:01	COM6	62:31	57.0	-70.5
2026-04-23T13:09:22.492873	sess_136410b1	watch_01	00:01	00:01	COM6	62:31	56.0	-69.5
2026-04-23T13:09:22.492873	sess_136410b1	watch_01	00:01	00:01	COM6	62:31	57.0	-70.0
2026-04-23T13:09:22.492873	sess_136410b1	watch_01	00:01	00:01	COM6	62:31	57.0	-70.0
2026-04-23T13:09:22.492873	sess_136410b1	watch_01	00:01	00:01	COM6	62:31	57.0	-70.0
2026-04-23T13:09:22.492873	sess_136410b1	watch_01	00:01	00:01	COM6	62:31	56.0	-70.0
2026-04-23T13:09:22.492873	sess_136410b1	watch_01	00:01	00:01	COM6	62:31	56.0	-70.0
2026-04-23T13:09:22.492873	sess_136410b1	watch_01	00:01	00:01	COM6	62:31	57.0	-71.0
2026-04-23T13:09:22.492873	sess_136410b1	watch_01	00:01	00:01	COM6	62:31	56.0	-71.5
2026-04-23T13:09:22.492873	sess_136410b1	watch_01	00:01	00:01	COM6	62:31	54.0	-70.5
2026-04-23T13:09:22.492873	sess_136410b1	watch_01	00:01	00:01	COM6	62:31	55.0	-70.5
2026-04-23T13:09:22.492873	sess_136410b1	watch_01	00:01	00:01	COM6	62:31	56.0	-71.0
2026-04-23T13:09:22.492873	sess_136410b1	watch_01	00:01	00:01	COM6	62:31	57.0	-71.5
2026-04-23T13:09:22.492873	sess_136410b1	watch_01	00:01	00:01	COM6	62:31	57.0	-71.0
2026-04-23T13:09:22.492873	sess_136410b1	watch_01	00:01	00:01	COM6	62:31	56.0	-72.0
2026-04-23T13:09:22.492873	sess_136410b1	watch_01	00:01	00:01	COM6	62:31	59.0	-72.0
2026-04-23T13:09:22.492873	sess_136410b1	watch_01	00:01	00:01	COM6	62:31	58.0	-72.0
2026-04-23T13:09:22.492873	sess_136410b1	watch_01	00:01	00:01	COM6	62:31	58.0	-71.5
2026-04-23T13:09:22.492873	sess_136410b1	watch_01	00:01	00:01	COM6	62:31	58.0	-72.5
2026-04-23T13:09:22.492873	sess_136410b1	watch_01	00:01	00:01	COM6	62:31	59.0	-72.0
2026-04-23T13:09:22.492873	sess_136410b1	watch_01	00:01	00:01	COM6	62:31	61.0	-72.0
2026-04-23T13:09:22.492873	sess_136410b1	watch_01	00:01	00:01	COM6	62:31	61.0	-72.0
2026-04-23T13:09:22.492873	sess_136410b1	watch_01	00:01	00:01	COM6	62:31	61.0	-71.5
2026-04-23T13:09:22.492873	sess_136410b1	watch_01	00:01	00:01	COM6	62:31	59.0	-74.0
2026-04-23T13:09:22.492873	sess_136410b1	watch_01	00:01	00:01	COM6	62:31	60.0	-74.0
2026-04-23T13:09:22.492873	sess_136410b1	watch_01	00:01	00:01	COM6	62:31	58.0	-74.0
2026-04-23T13:09:22.492873	sess_136410b1	watch_01	00:01	00:01	COM6	62:31	57.0	-75.0
2026-04-23T13:09:22.492873	sess_136410b1	watch_01	00:01	00:01	COM6	62:31	60.0	-74.5
2026-04-23T13:09:22.492873	sess_136410b1	watch_01	00:01	00:01	COM6	62:31	58.0	-74.0
2026-04-23T13:09:22.492873	sess_136410b1	watch_01	00:01	00:01	COM6	62:31	59.0	-74.5
2026-04-23T13:09:22.492873	sess_136410b1	watch_01	00:01	00:01	COM6	62:31	59.0	-75.0
2026-04-23T13:09:22.492873	sess_136410b1	watch_01	00:01	00:01	COM6	62:31	59.0	-75.5
2026-04-23T13:09:22.492873	sess_136410b1	watch_01	00:01	00:01	COM6	62:31	57.0	-74.0
2026-04-23T13:09:22.492873	sess_136410b1	watch_01	00:01	00:01	COM6	62:31	58.0	-74.5
2026-04-23T13:09:22.492873	sess_136410b1	watch_01	00:01	00:01	COM6	62:31	60.0	-75.0
2026-04-23T13:09:22.492873	sess_136410b1	watch_01	00:01	00:01	COM6	62:31	59.0	-75.0
2026-04-23T13:09:22.492873	sess_136410b1	watch_01	00:01	00:01	COM6	62:31	59.0	-75.5
2026-04-23T13:09:22.492873	sess_136410b1	watch_01	00:01	00:01	COM6	62:31	59.0	-75.5
2026-04-23T13:09:22.492873	sess_136410b1	watch_01	00:01	00:01	COM6	62:31	58.0	-75.5
2026-04-23T13:09:22.492873	sess_136410b1	watch_01	00:01	00:01	COM6	62:31	53.0	-75.0
2026-04-23T13:09:22.492873	sess_136410b1	watch_01	00:01	00:01	COM6	62:31	55.0	-75.5
2026-04-23T13:09:22.492873	sess_136410b1	watch_01	00:01	00:01	COM6	62:31	54.0	-75.0
2026-04-23T13:09:22.492873	sess_136410b1	watch_01	00:01	00:01	COM6	62:31	53.0	-74.0
2026-04-23T13:09:22.492873	sess_136410b1	watch_01	00:01	00:01	COM6	62:31	51.0	-76.5
2026-04-23T13:09:22.492873	sess_136410b1	watch_01	00:01	00:01	COM6	62:31	53.0	-75.0
2026-04-23T13:09:22.492873	sess_136410b1	watch_01	00:01	00:01	COM6	62:31	51.0	-76.0
2026-04-23T13:09:22.492873	sess_136410b1	watch_01	00:01	00:01	COM6	62:31	50.0	-74.5
2026-04-23T13:09:22.492873	sess_136410b1	watch_01	00:01	00:01	COM6	62:31	51.0	-76.0
2026-04-23T13:09:22.492873	sess_136410b1	watch_01	00:01	00:01	COM6	62:31	53.0	-76.0
2026-04-23T13:09:22.492873	sess_136410b1	watch_01	00:01	00:01	COM6	62:31	52.0	-75.5
2026-04-23T13:09:22.492873	sess_136410b1	watch_01	00:01	00:01	COM6	62:31	52.0	-75.0
2026-04-23T13:09:22.492873	sess_136410b1	watch_01	00:01	00:01	COM6	62:31	52.0	-74.5
2026-04-23T13:09:22.492873	sess_136410b1	watch_01	00:01	00:01	COM6	62:31	52.0	-74.5
2026-04-23T13:09:22.492873	sess_136410b1	watch_01	00:01	00:01	COM6	62:31	53.0	-75.5
2026-04-23T13:09:22.492873	sess_136410b1	watch_01	00:01	00:01	COM6	62:31	52.0	-74.5
2026-04-23T13:09:33.378831	sess_014aa94c	watch_01	00:01	00:01	COM6	82:07	54.0	-75.5
2026-04-23T13:09:33.378831	sess_014aa94c	watch_01	00:01	00:01	COM6	82:07	54.0	-75.5
2026-04-23T13:09:33.378831	sess_014aa94c	watch_01	00:01	00:01	COM6	82:07	54.0	-75.5
2026-04-23T13:09:33.378831	sess_014aa94c	watch_01	00:01	00:01	COM6	82:07	53.0	-75.5
2026-04-23T13:09:33.378831	sess_014aa94c	watch_01	00:01	00:01	COM6	82:07	55.0	-75.0
2026-04-23T13:09:33.378831	sess_014aa94c	watch_01	00:01	00:01	COM6	82:07	56.0	-74.5
2026-04-23T13:09:33.378831	sess_014aa94c	watch_01	00:01	00:01	COM6	82:07	57.0	-74.5
2026-04-23T13:09:33.378831	sess_014aa94c	watch_01	00:01	00:01	COM6	82:07	55.0	-75.0
2026-04-23T13:09:33.378831	sess_014aa94c	watch_01	00:01	00:01	COM6	82:07	54.0	-75.5
2026-04-23T13:09:33.378831	sess_014aa94c	watch_01	00:01	00:01	COM6	82:07	53.0	-75.5
2026-04-23T13:09:33.378831	sess_014aa94c	watch_01	00:01	00:01	COM6	82:07	55.0	-74.5
2026-04-23T13:09:33.378831	sess_014aa94c	watch_01	00:01	00:01	COM6	82:07	54.0	-75.5
2026-04-23T13:09:33.378831	sess_014aa94c	watch_01	00:01	00:01	COM6	82:07	57.0	-74.5
2026-04-23T13:09:33.378831	sess_014aa94c	watch_01	00:01	00:01	COM6	82:07	64.0	-78.0
2026-04-23T13:09:33.378831	sess_014aa94c	watch_01	00:01	00:01	COM6	82:07	64.0	-76.0
2026-04-23T13:09:33.378831	sess_014aa94c	watch_01	00:01	00:01	COM6	82:07	65.0	-81.0
2026-04-23T13:09:33.378831	sess_014aa94c	watch_01	00:01	00:01	COM6	82:07	48.0	-81.0
2026-04-23T13:09:33.378831	sess_014aa94c	watch_01	00:01	00:01	COM6	82:07	41.0	-80.5
2026-04-23T13:09:33.378831	sess_014aa94c	watch_01	00:01	00:01	COM6	82:07	52.0	-78.0
2026-04-23T13:09:33.378831	sess_014aa94c	watch_01	00:01	00:01	COM6	82:07	89.0	-79.0
2026-04-23T13:09:33.378831	sess_014aa94c	watch_01	00:01	00:01	COM6	82:07	68.0	-78.5
2026-04-23T13:09:33.378831	sess_014aa94c	watch_01	00:01	00:01	COM6	82:07	72.0	-76.5
2026-04-23T13:09:33.378831	sess_014aa94c	watch_01	00:01	00:01	COM6	82:07	74.0	-77.5
2026-04-23T13:09:33.378831	sess_014aa94c	watch_01	00:01	00:01	COM6	82:07	73.0	-76.5
2026-04-23T13:09:33.378831	sess_014aa94c	watch_01	00:01	00:01	COM6	82:07	73.0	-79.5
2026-04-23T13:09:33.378831	sess_014aa94c	watch_01	00:01	00:01	COM6	82:07	91.0	-78.0
2026-04-23T13:09:33.378831	sess_014aa94c	watch_01	00:01	00:01	COM6	82:07	57.0	-81.5
2026-04-23T13:09:33.378831	sess_014aa94c	watch_01	00:01	00:01	COM6	82:07	78.0	-76.0
2026-04-23T13:09:33.378831	sess_014aa94c	watch_01	00:01	00:01	COM6	82:07	77.0	-75.5
2026-04-23T13:09:33.378831	sess_014aa94c	watch_01	00:01	00:01	COM6	82:07	83.0	-75.5
2026-04-23T13:09:33.378831	sess_014aa94c	watch_01	00:01	00:01	COM6	82:07	78.0	-75.0
2026-04-23T13:09:33.378831	sess_014aa94c	watch_01	00:01	00:01	COM6	82:07	77.0	-76.5
2026-04-23T13:09:33.378831	sess_014aa94c	watch_01	00:01	00:01	COM6	82:07	73.0	-78.0
2026-04-23T13:09:33.378831	sess_014aa94c	watch_01	00:01	00:01	COM6	82:07	66.0	-79.5
2026-04-23T13:09:33.378831	sess_014aa94c	watch_01	00:01	00:01	COM6	82:07	68.0	-78.0
2026-04-23T13:09:33.378831	sess_014aa94c	watch_01	00:01	00:01	COM6	82:07	69.0	-78.0
2026-04-23T13:09:33.378831	sess_014aa94c	watch_01	00:01	00:01	COM6	82:07	69.0	-77.5
2026-04-23T13:09:33.378831	sess_014aa94c	watch_01	00:01	00:01	COM6	82:07	73.0	-77.5
2026-04-23T13:09:33.378831	sess_014aa94c	watch_01	00:01	00:01	COM6	82:07	74.0	-77.5
2026-04-23T13:09:33.378831	sess_014aa94c	watch_01	00:01	00:01	COM6	82:07	86.0	-76.0
2026-04-23T13:09:33.378831	sess_014aa94c	watch_01	00:01	00:01	COM6	82:07	98.0	-76.0
2026-04-23T13:09:33.378831	sess_014aa94c	watch_01	00:01	00:01	COM6	82:07	75.0	-77.0
2026-04-23T13:09:33.378831	sess_014aa94c	watch_01	00:01	00:01	COM6	82:07	59.0	-81.0
2026-04-23T13:09:33.378831	sess_014aa94c	watch_01	00:01	00:01	COM6	82:07	61.0	-81.5
2026-04-23T13:09:33.378831	sess_014aa94c	watch_01	00:01	00:01	COM6	82:07	66.0	-81.0
2026-04-23T13:09:33.378831	sess_014aa94c	watch_01	00:01	00:01	COM6	82:07	72.0	-76.0
2026-04-23T13:09:33.378831	sess_014aa94c	watch_01	00:01	00:01	COM6	82:07	65.0	-79.5
2026-04-23T13:09:33.378831	sess_014aa94c	watch_01	00:01	00:01	COM6	82:07	65.0	-81.0
2026-04-23T13:09:33.378831	sess_014aa94c	watch_01	00:01	00:01	COM6	82:07	65.0	-80.5
2026-04-23T13:09:33.378831	sess_014aa94c	watch_01	00:01	00:01	COM6	82:07	65.0	-80.5
2026-04-23T13:09:33.378831	sess_014aa94c	watch_01	00:01	00:01	COM6	82:07	66.0	-78.0
2026-04-23T13:09:33.378831	sess_014aa94c	watch_01	00:01	00:01	COM6	82:07	71.0	-79.5
2026-04-23T13:09:33.378831	sess_014aa94c	watch_01	00:01	00:01	COM6	82:07	84.0	-78.5
2026-04-23T13:09:33.378831	sess_014aa94c	watch_01	00:01	00:01	COM6	82:07	79.0	-78.5
2026-04-23T13:09:33.378831	sess_014aa94c	watch_01	00:01	00:01	COM6	82:07	85.0	-77.0
2026-04-23T13:09:33.378831	sess_014aa94c	watch_01	00:01	00:01	COM6	82:07	76.0	-80.5
2026-04-23T13:09:33.378831	sess_014aa94c	watch_01	00:01	00:01	COM6	82:07	82.0	-80.0
2026-04-23T13:09:33.378831	sess_014aa94c	watch_01	00:01	00:01	COM6	82:07	91.0	-81.0
2026-04-23T13:09:33.378831	sess_014aa94c	watch_01	00:01	00:01	COM6	82:07	70.0	-81.5
2026-04-23T13:09:33.378831	sess_014aa94c	watch_01	00:01	00:01	COM6	82:07	78.0	-81.0
2026-04-23T13:09:33.378831	sess_014aa94c	watch_01	00:01	00:01	COM6	82:07	77.0	-81.0
2026-04-23T13:09:33.378831	sess_014aa94c	watch_01	00:01	00:01	COM6	82:07	60.0	-81.5
2026-04-23T13:09:33.378831	sess_014aa94c	watch_01	00:01	00:01	COM6	82:07	60.0	-82.5
2026-04-23T13:09:33.378831	sess_014aa94c	watch_01	00:01	00:01	COM6	82:07	64.0	-81.0
2026-04-23T13:09:33.378831	sess_014aa94c	watch_01	00:01	00:01	COM6	82:07	61.0	-80.5
2026-04-23T13:09:33.378831	sess_014aa94c	watch_01	00:01	00:01	COM6	82:07	63.0	-81.5
2026-04-23T13:09:33.378831	sess_014aa94c	watch_01	00:01	00:01	COM6	82:07	55.0	-82.5
2026-04-23T13:09:33.378831	sess_014aa94c	watch_01	00:01	00:01	COM6	82:07	57.0	-81.5
2026-04-23T13:09:33.378831	sess_014aa94c	watch_01	00:01	00:01	COM6	82:07	58.0	-81.0
2026-04-23T13:09:33.378831	sess_014aa94c	watch_01	00:01	00:01	COM6	82:07	59.0	-81.0
2026-04-23T13:09:33.378831	sess_014aa94c	watch_01	00:01	00:01	COM6	82:07	61.0	-79.5
2026-04-23T13:09:33.378831	sess_014aa94c	watch_01	00:01	00:01	COM6	82:07	61.0	-82.0
2026-04-23T13:09:33.378831	sess_014aa94c	watch_01	00:01	00:01	COM6	82:07	61.0	-82.5
2026-04-23T13:09:33.378831	sess_014aa94c	watch_01	00:01	00:01	COM6	82:07	62.0	-82.0
2026-04-23T13:09:33.378831	sess_014aa94c	watch_01	00:01	00:01	COM6	82:07	59.0	-82.0
2026-04-23T13:09:33.378831	sess_014aa94c	watch_01	00:01	00:01	COM6	82:07	63.0	-82.0
2026-04-23T13:09:33.378831	sess_014aa94c	watch_01	00:01	00:01	COM6	82:07	61.0	-83.5
2026-04-23T13:09:33.378831	sess_014aa94c	watch_01	00:01	00:01	COM6	82:07	58.0	-84.0
2026-04-23T13:09:33.378831	sess_014aa94c	watch_01	00:01	00:01	COM6	82:07	59.0	-84.5
2026-04-23T13:09:33.378831	sess_014aa94c	watch_01	00:01	00:01	COM6	82:07	61.0	-84.0
2026-04-23T13:09:44.360924	sess_900a1dd3	watch_01	00:01	00:01	COM6	E4:D0	66.0	-79.0
2026-04-23T13:09:44.360924	sess_900a1dd3	watch_01	00:01	00:01	COM6	E4:D0	65.0	-78.5
2026-04-23T13:09:44.360924	sess_900a1dd3	watch_01	00:01	00:01	COM6	E4:D0	59.0	-83.5
2026-04-23T13:09:44.360924	sess_900a1dd3	watch_01	00:01	00:01	COM6	E4:D0	63.0	-81.0
2026-04-23T13:09:44.360924	sess_900a1dd3	watch_01	00:01	00:01	COM6	E4:D0	62.0	-82.0
2026-04-23T13:09:44.360924	sess_900a1dd3	watch_01	00:01	00:01	COM6	E4:D0	61.0	-82.5
2026-04-23T13:09:44.360924	sess_900a1dd3	watch_01	00:01	00:01	COM6	E4:D0	65.0	-81.5
2026-04-23T13:09:44.360924	sess_900a1dd3	watch_01	00:01	00:01	COM6	E4:D0	58.0	-83.0
2026-04-23T13:09:44.360924	sess_900a1dd3	watch_01	00:01	00:01	COM6	E4:D0	56.0	-83.0
2026-04-23T13:09:44.360924	sess_900a1dd3	watch_01	00:01	00:01	COM6	E4:D0	57.0	-83.5
2026-04-23T13:09:44.360924	sess_900a1dd3	watch_01	00:01	00:01	COM6	E4:D0	61.0	-83.0
2026-04-23T13:09:44.360924	sess_900a1dd3	watch_01	00:01	00:01	COM6	E4:D0	62.0	-82.0
2026-04-23T13:09:44.360924	sess_900a1dd3	watch_01	00:01	00:01	COM6	E4:D0	58.0	-82.5
2026-04-23T13:09:44.360924	sess_900a1dd3	watch_01	00:01	00:01	COM6	E4:D0	61.0	-79.5
2026-04-23T13:09:44.360924	sess_900a1dd3	watch_01	00:01	00:01	COM6	E4:D0	77.0	-76.5
2026-04-23T13:09:44.360924	sess_900a1dd3	watch_01	00:01	00:01	COM6	E4:D0	78.0	-76.5
2026-04-23T13:09:44.360924	sess_900a1dd3	watch_01	00:01	00:01	COM6	E4:D0	74.0	-78.5
2026-04-23T13:09:44.360924	sess_900a1dd3	watch_01	00:01	00:01	COM6	E4:D0	73.0	-78.0
2026-04-23T13:09:44.360924	sess_900a1dd3	watch_01	00:01	00:01	COM6	E4:D0	56.0	-79.5
2026-04-23T13:09:44.360924	sess_900a1dd3	watch_01	00:01	00:01	COM6	E4:D0	51.0	-80.0
2026-04-23T13:09:44.360924	sess_900a1dd3	watch_01	00:01	00:01	COM6	E4:D0	52.0	-78.5
2026-04-23T13:09:44.360924	sess_900a1dd3	watch_01	00:01	00:01	COM6	E4:D0	59.0	-77.0
2026-04-23T13:09:44.360924	sess_900a1dd3	watch_01	00:01	00:01	COM6	E4:D0	58.0	-78.5
2026-04-23T13:09:44.360924	sess_900a1dd3	watch_01	00:01	00:01	COM6	E4:D0	54.0	-77.5
2026-04-23T13:09:44.360924	sess_900a1dd3	watch_01	00:01	00:01	COM6	E4:D0	58.0	-79.0
2026-04-23T13:09:44.360924	sess_900a1dd3	watch_01	00:01	00:01	COM6	E4:D0	53.0	-79.5
2026-04-23T13:09:44.360924	sess_900a1dd3	watch_01	00:01	00:01	COM6	E4:D0	53.0	-78.0
2026-04-23T13:09:44.360924	sess_900a1dd3	watch_01	00:01	00:01	COM6	E4:D0	54.0	-79.0
2026-04-23T13:09:44.360924	sess_900a1dd3	watch_01	00:01	00:01	COM6	E4:D0	53.0	-79.5
2026-04-23T13:09:44.360924	sess_900a1dd3	watch_01	00:01	00:01	COM6	E4:D0	48.0	-79.5
2026-04-23T13:09:44.360924	sess_900a1dd3	watch_01	00:01	00:01	COM6	E4:D0	49.0	-80.5
2026-04-23T13:09:44.360924	sess_900a1dd3	watch_01	00:01	00:01	COM6	E4:D0	52.0	-80.5
2026-04-23T13:09:44.360924	sess_900a1dd3	watch_01	00:01	00:01	COM6	E4:D0	51.0	-80.0
2026-04-23T13:09:44.360924	sess_900a1dd3	watch_01	00:01	00:01	COM6	E4:D0	50.0	-80.0
2026-04-23T13:09:44.360924	sess_900a1dd3	watch_01	00:01	00:01	COM6	E4:D0	49.0	-79.0
2026-04-23T13:09:44.360924	sess_900a1dd3	watch_01	00:01	00:01	COM6	E4:D0	52.0	-80.5
2026-04-23T13:09:44.360924	sess_900a1dd3	watch_01	00:01	00:01	COM6	E4:D0	48.0	-79.5
2026-04-23T13:09:44.360924	sess_900a1dd3	watch_01	00:01	00:01	COM6	E4:D0	49.0	-81.0
2026-04-23T13:09:44.360924	sess_900a1dd3	watch_01	00:01	00:01	COM6	E4:D0	43.0	-79.0
2026-04-23T13:09:44.360924	sess_900a1dd3	watch_01	00:01	00:01	COM6	E4:D0	45.0	-80.0
2026-04-23T13:09:44.360924	sess_900a1dd3	watch_01	00:01	00:01	COM6	E4:D0	46.0	-80.0
2026-04-23T13:09:44.360924	sess_900a1dd3	watch_01	00:01	00:01	COM6	E4:D0	43.0	-80.5
2026-04-23T13:09:44.360924	sess_900a1dd3	watch_01	00:01	00:01	COM6	E4:D0	47.0	-79.0
2026-04-23T13:09:44.360924	sess_900a1dd3	watch_01	00:01	00:01	COM6	E4:D0	52.0	-80.0
2026-04-23T13:09:44.360924	sess_900a1dd3	watch_01	00:01	00:01	COM6	E4:D0	46.0	-80.0
2026-04-23T13:09:44.360924	sess_900a1dd3	watch_01	00:01	00:01	COM6	E4:D0	66.0	-78.5
2026-04-23T13:09:44.360924	sess_900a1dd3	watch_01	00:01	00:01	COM6	E4:D0	84.0	-77.5
2026-04-23T13:09:44.360924	sess_900a1dd3	watch_01	00:01	00:01	COM6	E4:D0	77.0	-78.0
2026-04-23T13:09:44.360924	sess_900a1dd3	watch_01	00:01	00:01	COM6	E4:D0	73.0	-79.0
2026-04-23T13:09:44.360924	sess_900a1dd3	watch_01	00:01	00:01	COM6	E4:D0	67.0	-80.0
2026-04-23T13:09:44.360924	sess_900a1dd3	watch_01	00:01	00:01	COM6	E4:D0	66.0	-79.0
2026-04-23T13:09:44.360924	sess_900a1dd3	watch_01	00:01	00:01	COM6	E4:D0	62.0	-79.5
2026-04-23T13:09:44.360924	sess_900a1dd3	watch_01	00:01	00:01	COM6	E4:D0	65.0	-79.0
2026-04-23T13:09:44.360924	sess_900a1dd3	watch_01	00:01	00:01	COM6	E4:D0	67.0	-80.0
2026-04-23T13:09:44.360924	sess_900a1dd3	watch_01	00:01	00:01	COM6	E4:D0	66.0	-80.5
2026-04-23T13:09:44.360924	sess_900a1dd3	watch_01	00:01	00:01	COM6	E4:D0	64.0	-79.5
2026-04-23T13:09:44.360924	sess_900a1dd3	watch_01	00:01	00:01	COM6	E4:D0	68.0	-81.0
2026-04-23T13:09:44.360924	sess_900a1dd3	watch_01	00:01	00:01	COM6	E4:D0	65.0	-81.0
2026-04-23T13:09:44.360924	sess_900a1dd3	watch_01	00:01	00:01	COM6	E4:D0	67.0	-80.5
2026-04-23T13:09:44.360924	sess_900a1dd3	watch_01	00:01	00:01	COM6	E4:D0	65.0	-80.5
2026-04-23T13:09:44.360924	sess_900a1dd3	watch_01	00:01	00:01	COM6	E4:D0	67.0	-81.0
2026-04-23T13:09:44.360924	sess_900a1dd3	watch_01	00:01	00:01	COM6	E4:D0	68.0	-80.0
2026-04-23T13:09:44.360924	sess_900a1dd3	watch_01	00:01	00:01	COM6	E4:D0	71.0	-79.0
2026-04-23T13:09:44.360924	sess_900a1dd3	watch_01	00:01	00:01	COM6	E4:D0	69.0	-79.5
2026-04-23T13:09:44.360924	sess_900a1dd3	watch_01	00:01	00:01	COM6	E4:D0	69.0	-80.5
2026-04-23T13:09:44.360924	sess_900a1dd3	watch_01	00:01	00:01	COM6	E4:D0	66.0	-80.5
2026-04-23T13:09:44.360924	sess_900a1dd3	watch_01	00:01	00:01	COM6	E4:D0	65.0	-79.5
2026-04-23T13:09:44.360924	sess_900a1dd3	watch_01	00:01	00:01	COM6	E4:D0	66.0	-78.5
2026-04-23T13:09:44.360924	sess_900a1dd3	watch_01	00:01	00:01	COM6	E4:D0	63.0	-78.0
2026-04-23T13:09:44.360924	sess_900a1dd3	watch_01	00:01	00:01	COM6	E4:D0	67.0	-80.0
2026-04-23T13:09:44.360924	sess_900a1dd3	watch_01	00:01	00:01	COM6	E4:D0	62.0	-80.0
2026-04-23T13:09:44.360924	sess_900a1dd3	watch_01	00:01	00:01	COM6	E4:D0	71.0	-80.5
2026-04-23T13:09:44.360924	sess_900a1dd3	watch_01	00:01	00:01	COM6	E4:D0	76.0	-79.5
2026-04-23T13:09:44.360924	sess_900a1dd3	watch_01	00:01	00:01	COM6	E4:D0	74.0	-79.0
2026-04-23T13:09:44.360924	sess_900a1dd3	watch_01	00:01	00:01	COM6	E4:D0	74.0	-78.0
2026-04-23T13:09:44.360924	sess_900a1dd3	watch_01	00:01	00:01	COM6	E4:D0	73.0	-80.5
2026-04-23T13:09:44.360924	sess_900a1dd3	watch_01	00:01	00:01	COM6	E4:D0	67.0	-80.0
2026-04-23T13:09:44.360924	sess_900a1dd3	watch_01	00:01	00:01	COM6	E4:D0	63.0	-80.0
2026-04-23T13:09:44.360924	sess_900a1dd3	watch_01	00:01	00:01	COM6	E4:D0	63.0	-78.0
2026-04-23T13:09:44.360924	sess_900a1dd3	watch_01	00:01	00:01	COM6	E4:D0	62.0	-79.5
2026-04-23T13:09:54.979050	sess_d723d323	watch_01	00:01	00:01	COM6	35:98	57.0	-76.0
2026-04-23T13:09:54.979050	sess_d723d323	watch_01	00:01	00:01	COM6	35:98	59.0	-75.5
2026-04-23T13:09:54.979050	sess_d723d323	watch_01	00:01	00:01	COM6	35:98	59.0	-76.0
2026-04-23T13:09:54.979050	sess_d723d323	watch_01	00:01	00:01	COM6	35:98	58.0	-76.0
2026-04-23T13:09:54.979050	sess_d723d323	watch_01	00:01	00:01	COM6	35:98	56.0	-76.5
2026-04-23T13:09:54.979050	sess_d723d323	watch_01	00:01	00:01	COM6	35:98	54.0	-79.0
2026-04-23T13:09:54.979050	sess_d723d323	watch_01	00:01	00:01	COM6	35:98	51.0	-78.5
2026-04-23T13:09:54.979050	sess_d723d323	watch_01	00:01	00:01	COM6	35:98	46.0	-80.5
2026-04-23T13:09:54.979050	sess_d723d323	watch_01	00:01	00:01	COM6	35:98	42.0	-81.0
2026-04-23T13:09:54.979050	sess_d723d323	watch_01	00:01	00:01	COM6	35:98	43.0	-80.0
2026-04-23T13:09:54.979050	sess_d723d323	watch_01	00:01	00:01	COM6	35:98	43.0	-80.0
2026-04-23T13:09:54.979050	sess_d723d323	watch_01	00:01	00:01	COM6	35:98	53.0	-80.5
2026-04-23T13:09:54.979050	sess_d723d323	watch_01	00:01	00:01	COM6	35:98	59.0	-80.0
2026-04-23T13:09:54.979050	sess_d723d323	watch_01	00:01	00:01	COM6	35:98	58.0	-78.0
2026-04-23T13:09:54.979050	sess_d723d323	watch_01	00:01	00:01	COM6	35:98	60.0	-77.0
2026-04-23T13:09:54.979050	sess_d723d323	watch_01	00:01	00:01	COM6	35:98	57.0	-77.0
2026-04-23T13:09:54.979050	sess_d723d323	watch_01	00:01	00:01	COM6	35:98	56.0	-77.5
2026-04-23T13:09:54.979050	sess_d723d323	watch_01	00:01	00:01	COM6	35:98	57.0	-77.0
2026-04-23T13:09:54.979050	sess_d723d323	watch_01	00:01	00:01	COM6	35:98	54.0	-77.5
2026-04-23T13:09:54.979050	sess_d723d323	watch_01	00:01	00:01	COM6	35:98	54.0	-77.5
2026-04-23T13:09:54.979050	sess_d723d323	watch_01	00:01	00:01	COM6	35:98	53.0	-79.5
2026-04-23T13:09:54.979050	sess_d723d323	watch_01	00:01	00:01	COM6	35:98	54.0	-76.5
2026-04-23T13:09:54.979050	sess_d723d323	watch_01	00:01	00:01	COM6	35:98	53.0	-77.5
2026-04-23T13:09:54.979050	sess_d723d323	watch_01	00:01	00:01	COM6	35:98	54.0	-76.0
2026-04-23T13:09:54.979050	sess_d723d323	watch_01	00:01	00:01	COM6	35:98	54.0	-76.5
2026-04-23T13:09:54.979050	sess_d723d323	watch_01	00:01	00:01	COM6	35:98	55.0	-75.5
2026-04-23T13:09:54.979050	sess_d723d323	watch_01	00:01	00:01	COM6	35:98	56.0	-76.5
2026-04-23T13:09:54.979050	sess_d723d323	watch_01	00:01	00:01	COM6	35:98	58.0	-77.0
2026-04-23T13:09:54.979050	sess_d723d323	watch_01	00:01	00:01	COM6	35:98	55.0	-77.0
2026-04-23T13:09:54.979050	sess_d723d323	watch_01	00:01	00:01	COM6	35:98	56.0	-76.5
2026-04-23T13:09:54.979050	sess_d723d323	watch_01	00:01	00:01	COM6	35:98	55.0	-77.0
2026-04-23T13:09:54.979050	sess_d723d323	watch_01	00:01	00:01	COM6	35:98	53.0	-77.5
2026-04-23T13:09:54.979050	sess_d723d323	watch_01	00:01	00:01	COM6	35:98	52.0	-79.0
2026-04-23T13:09:54.979050	sess_d723d323	watch_01	00:01	00:01	COM6	35:98	47.0	-78.0
2026-04-23T13:09:54.979050	sess_d723d323	watch_01	00:01	00:01	COM6	35:98	46.0	-79.5
2026-04-23T13:09:54.979050	sess_d723d323	watch_01	00:01	00:01	COM6	35:98	44.0	-80.0
2026-04-23T13:09:54.979050	sess_d723d323	watch_01	00:01	00:01	COM6	35:98	46.0	-79.0
2026-04-23T13:09:54.979050	sess_d723d323	watch_01	00:01	00:01	COM6	35:98	49.0	-79.5
2026-04-23T13:09:54.979050	sess_d723d323	watch_01	00:01	00:01	COM6	35:98	51.0	-77.0
2026-04-23T13:09:54.979050	sess_d723d323	watch_01	00:01	00:01	COM6	35:98	50.0	-77.0
2026-04-23T13:09:54.979050	sess_d723d323	watch_01	00:01	00:01	COM6	35:98	49.0	-79.0
2026-04-23T13:09:54.979050	sess_d723d323	watch_01	00:01	00:01	COM6	35:98	50.0	-78.5
2026-04-23T13:09:54.979050	sess_d723d323	watch_01	00:01	00:01	COM6	35:98	48.0	-78.0
2026-04-23T13:09:54.979050	sess_d723d323	watch_01	00:01	00:01	COM6	35:98	49.0	-76.5
2026-04-23T13:09:54.979050	sess_d723d323	watch_01	00:01	00:01	COM6	35:98	52.0	-77.0
2026-04-23T13:09:54.979050	sess_d723d323	watch_01	00:01	00:01	COM6	35:98	47.0	-80.0
2026-04-23T13:09:54.979050	sess_d723d323	watch_01	00:01	00:01	COM6	35:98	52.0	-77.0
2026-04-23T13:09:54.979050	sess_d723d323	watch_01	00:01	00:01	COM6	35:98	52.0	-77.0
2026-04-23T13:09:54.979050	sess_d723d323	watch_01	00:01	00:01	COM6	35:98	53.0	-77.0
2026-04-23T13:09:54.979050	sess_d723d323	watch_01	00:01	00:01	COM6	35:98	51.0	-77.0
2026-04-23T13:09:54.979050	sess_d723d323	watch_01	00:01	00:01	COM6	35:98	48.0	-79.5
2026-04-23T13:09:54.979050	sess_d723d323	watch_01	00:01	00:01	COM6	35:98	51.0	-79.5
2026-04-23T13:09:54.979050	sess_d723d323	watch_01	00:01	00:01	COM6	35:98	53.0	-78.0
2026-04-23T13:09:54.979050	sess_d723d323	watch_01	00:01	00:01	COM6	35:98	54.0	-77.0
2026-04-23T13:09:54.979050	sess_d723d323	watch_01	00:01	00:01	COM6	35:98	55.0	-76.0
2026-04-23T13:09:54.979050	sess_d723d323	watch_01	00:01	00:01	COM6	35:98	55.0	-77.5
2026-04-23T13:09:54.979050	sess_d723d323	watch_01	00:01	00:01	COM6	35:98	57.0	-76.0
2026-04-23T13:09:54.979050	sess_d723d323	watch_01	00:01	00:01	COM6	35:98	53.0	-77.5
2026-04-23T13:09:54.979050	sess_d723d323	watch_01	00:01	00:01	COM6	35:98	50.0	-77.0
2026-04-23T13:09:54.979050	sess_d723d323	watch_01	00:01	00:01	COM6	35:98	51.0	-77.5
2026-04-23T13:09:54.979050	sess_d723d323	watch_01	00:01	00:01	COM6	35:98	51.0	-79.0
2026-04-23T13:09:54.979050	sess_d723d323	watch_01	00:01	00:01	COM6	35:98	54.0	-77.0
2026-04-23T13:09:54.979050	sess_d723d323	watch_01	00:01	00:01	COM6	35:98	55.0	-78.0
2026-04-23T13:09:54.979050	sess_d723d323	watch_01	00:01	00:01	COM6	35:98	52.0	-79.5
2026-04-23T13:09:54.979050	sess_d723d323	watch_01	00:01	00:01	COM6	35:98	51.0	-80.0
2026-04-23T13:09:54.979050	sess_d723d323	watch_01	00:01	00:01	COM6	35:98	52.0	-80.0
2026-04-23T13:09:54.979050	sess_d723d323	watch_01	00:01	00:01	COM6	35:98	54.0	-78.5
2026-04-23T13:09:54.979050	sess_d723d323	watch_01	00:01	00:01	COM6	35:98	52.0	-79.5
2026-04-23T13:09:54.979050	sess_d723d323	watch_01	00:01	00:01	COM6	35:98	53.0	-78.5
2026-04-23T13:09:54.979050	sess_d723d323	watch_01	00:01	00:01	COM6	35:98	56.0	-78.5
2026-04-23T13:09:54.979050	sess_d723d323	watch_01	00:01	00:01	COM6	35:98	54.0	-76.5
2026-04-23T13:09:54.979050	sess_d723d323	watch_01	00:01	00:01	COM6	35:98	60.0	-76.0
2026-04-23T13:09:54.979050	sess_d723d323	watch_01	00:01	00:01	COM6	35:98	53.0	-77.0
2026-04-23T13:09:54.979050	sess_d723d323	watch_01	00:01	00:01	COM6	35:98	57.0	-76.5
2026-04-23T13:09:54.979050	sess_d723d323	watch_01	00:01	00:01	COM6	35:98	54.0	-77.0
2026-04-23T13:09:54.979050	sess_d723d323	watch_01	00:01	00:01	COM6	35:98	56.0	-76.0
2026-04-23T13:09:54.979050	sess_d723d323	watch_01	00:01	00:01	COM6	35:98	56.0	-77.5
2026-04-23T13:09:54.979050	sess_d723d323	watch_01	00:01	00:01	COM6	35:98	53.0	-80.0
2026-04-23T13:09:54.979050	sess_d723d323	watch_01	00:01	00:01	COM6	35:98	53.0	-78.0
2026-04-23T13:09:54.979050	sess_d723d323	watch_01	00:01	00:01	COM6	35:98	51.0	-77.5
2026-04-23T13:10:05.603924	sess_1c771473	watch_01	00:01	00:01	COM6	DF:7C	48.0	-77.5
2026-04-23T13:10:05.603924	sess_1c771473	watch_01	00:01	00:01	COM6	DF:7C	106.0	-82.5
2026-04-23T13:10:05.603924	sess_1c771473	watch_01	00:01	00:01	COM6	DF:7C	124.0	-80.5
2026-04-23T13:10:05.603924	sess_1c771473	watch_01	00:01	00:01	COM6	DF:7C	87.0	-83.5
2026-04-23T13:10:05.603924	sess_1c771473	watch_01	00:01	00:01	COM6	DF:7C	137.0	-77.5
2026-04-23T13:10:05.603924	sess_1c771473	watch_01	00:01	00:01	COM6	DF:7C	132.0	-77.0
2026-04-23T13:10:05.603924	sess_1c771473	watch_01	00:01	00:01	COM6	DF:7C	128.0	-76.0
2026-04-23T13:10:05.603924	sess_1c771473	watch_01	00:01	00:01	COM6	DF:7C	128.0	-76.0
2026-04-23T13:10:05.603924	sess_1c771473	watch_01	00:01	00:01	COM6	DF:7C	130.0	-76.5
2026-04-23T13:10:05.603924	sess_1c771473	watch_01	00:01	00:01	COM6	DF:7C	132.0	-77.5
2026-04-23T13:10:05.603924	sess_1c771473	watch_01	00:01	00:01	COM6	DF:7C	134.0	-76.5
2026-04-23T13:10:05.603924	sess_1c771473	watch_01	00:01	00:01	COM6	DF:7C	134.0	-76.5
2026-04-23T13:10:05.603924	sess_1c771473	watch_01	00:01	00:01	COM6	DF:7C	135.0	-77.5
2026-04-23T13:10:05.603924	sess_1c771473	watch_01	00:01	00:01	COM6	DF:7C	118.0	-76.0
2026-04-23T13:10:05.603924	sess_1c771473	watch_01	00:01	00:01	COM6	DF:7C	122.0	-76.5
2026-04-23T13:10:05.603924	sess_1c771473	watch_01	00:01	00:01	COM6	DF:7C	137.0	-78.5
2026-04-23T13:10:05.603924	sess_1c771473	watch_01	00:01	00:01	COM6	DF:7C	112.0	-79.0
2026-04-23T13:10:05.603924	sess_1c771473	watch_01	00:01	00:01	COM6	DF:7C	137.0	-78.5
2026-04-23T13:10:05.603924	sess_1c771473	watch_01	00:01	00:01	COM6	DF:7C	137.0	-77.5
2026-04-23T13:10:05.603924	sess_1c771473	watch_01	00:01	00:01	COM6	DF:7C	136.0	-78.5
2026-04-23T13:10:05.603924	sess_1c771473	watch_01	00:01	00:01	COM6	DF:7C	130.0	-80.0
2026-04-23T13:10:05.603924	sess_1c771473	watch_01	00:01	00:01	COM6	DF:7C	134.0	-78.5
2026-04-23T13:10:05.603924	sess_1c771473	watch_01	00:01	00:01	COM6	DF:7C	125.0	-79.0
2026-04-23T13:10:05.603924	sess_1c771473	watch_01	00:01	00:01	COM6	DF:7C	123.0	-78.0
2026-04-23T13:10:05.603924	sess_1c771473	watch_01	00:01	00:01	COM6	DF:7C	126.0	-78.5
2026-04-23T13:10:05.603924	sess_1c771473	watch_01	00:01	00:01	COM6	DF:7C	126.0	-78.5
2026-04-23T13:10:05.603924	sess_1c771473	watch_01	00:01	00:01	COM6	DF:7C	125.0	-78.5
2026-04-23T13:10:05.603924	sess_1c771473	watch_01	00:01	00:01	COM6	DF:7C	126.0	-76.5
2026-04-23T13:10:05.603924	sess_1c771473	watch_01	00:01	00:01	COM6	DF:7C	123.0	-78.5
2026-04-23T13:10:05.603924	sess_1c771473	watch_01	00:01	00:01	COM6	DF:7C	126.0	-78.5
2026-04-23T13:10:05.603924	sess_1c771473	watch_01	00:01	00:01	COM6	DF:7C	127.0	-77.0
2026-04-23T13:10:05.603924	sess_1c771473	watch_01	00:01	00:01	COM6	DF:7C	125.0	-78.5
2026-04-23T13:10:05.603924	sess_1c771473	watch_01	00:01	00:01	COM6	DF:7C	125.0	-79.5
2026-04-23T13:10:05.603924	sess_1c771473	watch_01	00:01	00:01	COM6	DF:7C	124.0	-79.0
2026-04-23T13:10:05.603924	sess_1c771473	watch_01	00:01	00:01	COM6	DF:7C	125.0	-78.5
2026-04-23T13:10:05.603924	sess_1c771473	watch_01	00:01	00:01	COM6	DF:7C	124.0	-79.0
2026-04-23T13:10:05.603924	sess_1c771473	watch_01	00:01	00:01	COM6	DF:7C	122.0	-79.0
2026-04-23T13:10:05.603924	sess_1c771473	watch_01	00:01	00:01	COM6	DF:7C	122.0	-80.5
2026-04-23T13:10:05.603924	sess_1c771473	watch_01	00:01	00:01	COM6	DF:7C	129.0	-79.0
2026-04-23T13:10:05.603924	sess_1c771473	watch_01	00:01	00:01	COM6	DF:7C	133.0	-80.5
2026-04-23T13:10:05.603924	sess_1c771473	watch_01	00:01	00:01	COM6	DF:7C	133.0	-79.0
2026-04-23T13:10:05.603924	sess_1c771473	watch_01	00:01	00:01	COM6	DF:7C	130.0	-80.5
2026-04-23T13:10:05.603924	sess_1c771473	watch_01	00:01	00:01	COM6	DF:7C	128.0	-80.0
2026-04-23T13:10:05.603924	sess_1c771473	watch_01	00:01	00:01	COM6	DF:7C	126.0	-79.0
2026-04-23T13:10:05.603924	sess_1c771473	watch_01	00:01	00:01	COM6	DF:7C	122.0	-78.0
2026-04-23T13:10:05.603924	sess_1c771473	watch_01	00:01	00:01	COM6	DF:7C	119.0	-80.0
2026-04-23T13:10:05.603924	sess_1c771473	watch_01	00:01	00:01	COM6	DF:7C	123.0	-81.0
2026-04-23T13:10:05.603924	sess_1c771473	watch_01	00:01	00:01	COM6	DF:7C	127.0	-80.0
2026-04-23T13:10:05.603924	sess_1c771473	watch_01	00:01	00:01	COM6	DF:7C	129.0	-79.5
2026-04-23T13:10:05.603924	sess_1c771473	watch_01	00:01	00:01	COM6	DF:7C	126.0	-78.5
2026-04-23T13:10:05.603924	sess_1c771473	watch_01	00:01	00:01	COM6	DF:7C	136.0	-79.0
2026-04-23T13:10:05.603924	sess_1c771473	watch_01	00:01	00:01	COM6	DF:7C	131.0	-79.0
2026-04-23T13:10:05.603924	sess_1c771473	watch_01	00:01	00:01	COM6	DF:7C	133.0	-78.5
2026-04-23T13:10:05.603924	sess_1c771473	watch_01	00:01	00:01	COM6	DF:7C	129.0	-80.5
2026-04-23T13:10:05.603924	sess_1c771473	watch_01	00:01	00:01	COM6	DF:7C	126.0	-80.0
2026-04-23T13:10:05.603924	sess_1c771473	watch_01	00:01	00:01	COM6	DF:7C	126.0	-79.0
2026-04-23T13:10:05.603924	sess_1c771473	watch_01	00:01	00:01	COM6	DF:7C	114.0	-79.5
2026-04-23T13:10:05.603924	sess_1c771473	watch_01	00:01	00:01	COM6	DF:7C	114.0	-80.0
2026-04-23T13:10:05.603924	sess_1c771473	watch_01	00:01	00:01	COM6	DF:7C	114.0	-79.0
2026-04-23T13:10:05.603924	sess_1c771473	watch_01	00:01	00:01	COM6	DF:7C	118.0	-79.5
2026-04-23T13:10:05.603924	sess_1c771473	watch_01	00:01	00:01	COM6	DF:7C	123.0	-80.0
2026-04-23T13:10:05.603924	sess_1c771473	watch_01	00:01	00:01	COM6	DF:7C	109.0	-79.5
2026-04-23T13:10:05.603924	sess_1c771473	watch_01	00:01	00:01	COM6	DF:7C	128.0	-79.5
2026-04-23T13:10:05.603924	sess_1c771473	watch_01	00:01	00:01	COM6	DF:7C	116.0	-78.5
2026-04-23T13:10:05.603924	sess_1c771473	watch_01	00:01	00:01	COM6	DF:7C	125.0	-79.0
2026-04-23T13:10:05.603924	sess_1c771473	watch_01	00:01	00:01	COM6	DF:7C	118.0	-80.0
2026-04-23T13:10:05.603924	sess_1c771473	watch_01	00:01	00:01	COM6	DF:7C	122.0	-78.0
2026-04-23T13:10:05.603924	sess_1c771473	watch_01	00:01	00:01	COM6	DF:7C	116.0	-80.0
2026-04-23T13:10:05.603924	sess_1c771473	watch_01	00:01	00:01	COM6	DF:7C	116.0	-80.0
2026-04-23T13:10:05.603924	sess_1c771473	watch_01	00:01	00:01	COM6	DF:7C	120.0	-79.0
2026-04-23T13:10:05.603924	sess_1c771473	watch_01	00:01	00:01	COM6	DF:7C	126.0	-79.0
2026-04-23T13:10:05.603924	sess_1c771473	watch_01	00:01	00:01	COM6	DF:7C	124.0	-79.0
2026-04-23T13:10:05.603924	sess_1c771473	watch_01	00:01	00:01	COM6	DF:7C	118.0	-79.0
2026-04-23T13:10:05.603924	sess_1c771473	watch_01	00:01	00:01	COM6	DF:7C	115.0	-80.0
2026-04-23T13:10:05.603924	sess_1c771473	watch_01	00:01	00:01	COM6	DF:7C	115.0	-80.0
2026-04-23T13:10:05.603924	sess_1c771473	watch_01	00:01	00:01	COM6	DF:7C	124.0	-80.0
2026-04-23T13:10:05.603924	sess_1c771473	watch_01	00:01	00:01	COM6	DF:7C	121.0	-80.0
2026-04-23T13:10:05.603924	sess_1c771473	watch_01	00:01	00:01	COM6	DF:7C	129.0	-79.0
2026-04-23T13:10:05.603924	sess_1c771473	watch_01	00:01	00:01	COM6	DF:7C	127.0	-79.0
2026-04-23T13:10:05.603924	sess_1c771473	watch_01	00:01	00:01	COM6	DF:7C	122.0	-79.0
2026-04-23T13:10:16.410343	sess_1d71f0bd	watch_01	00:01	00:01	COM6	E1:31	123.0	-80.5
2026-04-23T13:10:16.410343	sess_1d71f0bd	watch_01	00:01	00:01	COM6	E1:31	123.0	-79.0
2026-04-23T13:10:16.410343	sess_1d71f0bd	watch_01	00:01	00:01	COM6	E1:31	115.0	-80.0
2026-04-23T13:10:16.410343	sess_1d71f0bd	watch_01	00:01	00:01	COM6	E1:31	114.0	-79.5
2026-04-23T13:10:16.410343	sess_1d71f0bd	watch_01	00:01	00:01	COM6	E1:31	115.0	-79.0
2026-04-23T13:10:16.410343	sess_1d71f0bd	watch_01	00:01	00:01	COM6	E1:31	124.0	-80.0
2026-04-23T13:10:16.410343	sess_1d71f0bd	watch_01	00:01	00:01	COM6	E1:31	114.0	-80.0
2026-04-23T13:10:16.410343	sess_1d71f0bd	watch_01	00:01	00:01	COM6	E1:31	114.0	-80.0
2026-04-23T13:10:16.410343	sess_1d71f0bd	watch_01	00:01	00:01	COM6	E1:31	120.0	-79.0
2026-04-23T13:10:16.410343	sess_1d71f0bd	watch_01	00:01	00:01	COM6	E1:31	116.0	-79.0
2026-04-23T13:10:16.410343	sess_1d71f0bd	watch_01	00:01	00:01	COM6	E1:31	117.0	-79.0
2026-04-23T13:10:16.410343	sess_1d71f0bd	watch_01	00:01	00:01	COM6	E1:31	112.0	-80.0
2026-04-23T13:10:16.410343	sess_1d71f0bd	watch_01	00:01	00:01	COM6	E1:31	123.0	-79.0
2026-04-23T13:10:16.410343	sess_1d71f0bd	watch_01	00:01	00:01	COM6	E1:31	122.0	-78.5
2026-04-23T13:10:16.410343	sess_1d71f0bd	watch_01	00:01	00:01	COM6	E1:31	119.0	-78.5
2026-04-23T13:10:16.410343	sess_1d71f0bd	watch_01	00:01	00:01	COM6	E1:31	126.0	-79.0
2026-04-23T13:10:16.410343	sess_1d71f0bd	watch_01	00:01	00:01	COM6	E1:31	123.0	-79.5
2026-04-23T13:10:16.410343	sess_1d71f0bd	watch_01	00:01	00:01	COM6	E1:31	118.0	-79.0
2026-04-23T13:10:16.410343	sess_1d71f0bd	watch_01	00:01	00:01	COM6	E1:31	114.0	-80.0
2026-04-23T13:10:16.410343	sess_1d71f0bd	watch_01	00:01	00:01	COM6	E1:31	123.0	-78.0
2026-04-23T13:10:16.410343	sess_1d71f0bd	watch_01	00:01	00:01	COM6	E1:31	121.0	-80.0
2026-04-23T13:10:16.410343	sess_1d71f0bd	watch_01	00:01	00:01	COM6	E1:31	102.0	-79.5
2026-04-23T13:10:16.410343	sess_1d71f0bd	watch_01	00:01	00:01	COM6	E1:31	137.0	-80.0
2026-04-23T13:10:16.410343	sess_1d71f0bd	watch_01	00:01	00:01	COM6	E1:31	127.0	-79.5
2026-04-23T13:10:16.410343	sess_1d71f0bd	watch_01	00:01	00:01	COM6	E1:31	122.0	-79.5
2026-04-23T13:10:16.410343	sess_1d71f0bd	watch_01	00:01	00:01	COM6	E1:31	114.0	-80.5
2026-04-23T13:10:16.410343	sess_1d71f0bd	watch_01	00:01	00:01	COM6	E1:31	120.0	-79.0
2026-04-23T13:10:16.410343	sess_1d71f0bd	watch_01	00:01	00:01	COM6	E1:31	123.0	-80.0
2026-04-23T13:10:16.410343	sess_1d71f0bd	watch_01	00:01	00:01	COM6	E1:31	123.0	-79.0
2026-04-23T13:10:16.410343	sess_1d71f0bd	watch_01	00:01	00:01	COM6	E1:31	120.0	-80.0
2026-04-23T13:10:16.410343	sess_1d71f0bd	watch_01	00:01	00:01	COM6	E1:31	122.0	-80.5
2026-04-23T13:10:16.410343	sess_1d71f0bd	watch_01	00:01	00:01	COM6	E1:31	118.0	-79.5
2026-04-23T13:10:16.410343	sess_1d71f0bd	watch_01	00:01	00:01	COM6	E1:31	122.0	-79.5
2026-04-23T13:10:16.410343	sess_1d71f0bd	watch_01	00:01	00:01	COM6	E1:31	119.0	-78.0
2026-04-23T13:10:16.410343	sess_1d71f0bd	watch_01	00:01	00:01	COM6	E1:31	123.0	-80.5
2026-04-23T13:10:16.410343	sess_1d71f0bd	watch_01	00:01	00:01	COM6	E1:31	121.0	-80.0
2026-04-23T13:10:16.410343	sess_1d71f0bd	watch_01	00:01	00:01	COM6	E1:31	129.0	-79.0
2026-04-23T13:10:16.410343	sess_1d71f0bd	watch_01	00:01	00:01	COM6	E1:31	84.0	-80.5
2026-04-23T13:10:16.410343	sess_1d71f0bd	watch_01	00:01	00:01	COM6	E1:31	120.0	-78.0
2026-04-23T13:10:16.410343	sess_1d71f0bd	watch_01	00:01	00:01	COM6	E1:31	118.0	-79.5
2026-04-23T13:10:16.410343	sess_1d71f0bd	watch_01	00:01	00:01	COM6	E1:31	118.0	-79.5
2026-04-23T13:10:16.410343	sess_1d71f0bd	watch_01	00:01	00:01	COM6	E1:31	119.0	-81.0
2026-04-23T13:10:16.410343	sess_1d71f0bd	watch_01	00:01	00:01	COM6	E1:31	125.0	-80.5
2026-04-23T13:10:16.410343	sess_1d71f0bd	watch_01	00:01	00:01	COM6	E1:31	125.0	-80.5
2026-04-23T13:10:16.410343	sess_1d71f0bd	watch_01	00:01	00:01	COM6	E1:31	127.0	-80.0
2026-04-23T13:10:16.410343	sess_1d71f0bd	watch_01	00:01	00:01	COM6	E1:31	128.0	-81.0
2026-04-23T13:10:16.410343	sess_1d71f0bd	watch_01	00:01	00:01	COM6	E1:31	132.0	-81.0
2026-04-23T13:10:16.410343	sess_1d71f0bd	watch_01	00:01	00:01	COM6	E1:31	120.0	-78.5
2026-04-23T13:10:16.410343	sess_1d71f0bd	watch_01	00:01	00:01	COM6	E1:31	120.0	-79.5
2026-04-23T13:10:16.410343	sess_1d71f0bd	watch_01	00:01	00:01	COM6	E1:31	125.0	-80.5
2026-04-23T13:10:16.410343	sess_1d71f0bd	watch_01	00:01	00:01	COM6	E1:31	120.0	-80.5
2026-04-23T13:10:16.410343	sess_1d71f0bd	watch_01	00:01	00:01	COM6	E1:31	130.0	-78.5
2026-04-23T13:10:16.410343	sess_1d71f0bd	watch_01	00:01	00:01	COM6	E1:31	128.0	-81.0
2026-04-23T13:10:16.410343	sess_1d71f0bd	watch_01	00:01	00:01	COM6	E1:31	111.0	-80.0
2026-04-23T13:10:16.410343	sess_1d71f0bd	watch_01	00:01	00:01	COM6	E1:31	90.0	-80.0
2026-04-23T13:10:16.410343	sess_1d71f0bd	watch_01	00:01	00:01	COM6	E1:31	112.0	-78.5
2026-04-23T13:10:16.410343	sess_1d71f0bd	watch_01	00:01	00:01	COM6	E1:31	105.0	-80.5
2026-04-23T13:10:16.410343	sess_1d71f0bd	watch_01	00:01	00:01	COM6	E1:31	129.0	-80.5
2026-04-23T13:10:16.410343	sess_1d71f0bd	watch_01	00:01	00:01	COM6	E1:31	122.0	-79.5
2026-04-23T13:10:16.410343	sess_1d71f0bd	watch_01	00:01	00:01	COM6	E1:31	125.0	-79.5
2026-04-23T13:10:16.410343	sess_1d71f0bd	watch_01	00:01	00:01	COM6	E1:31	82.0	-80.0
2026-04-23T13:10:16.410343	sess_1d71f0bd	watch_01	00:01	00:01	COM6	E1:31	62.0	-80.5
2026-04-23T13:10:16.410343	sess_1d71f0bd	watch_01	00:01	00:01	COM6	E1:31	54.0	-81.0
2026-04-23T13:10:16.410343	sess_1d71f0bd	watch_01	00:01	00:01	COM6	E1:31	83.0	-76.0
2026-04-23T13:10:16.410343	sess_1d71f0bd	watch_01	00:01	00:01	COM6	E1:31	80.0	-77.0
2026-04-23T13:10:16.410343	sess_1d71f0bd	watch_01	00:01	00:01	COM6	E1:31	73.0	-83.0
2026-04-23T13:10:16.410343	sess_1d71f0bd	watch_01	00:01	00:01	COM6	E1:31	86.0	-78.0
2026-04-23T13:10:16.410343	sess_1d71f0bd	watch_01	00:01	00:01	COM6	E1:31	80.0	-77.5
2026-04-23T13:10:16.410343	sess_1d71f0bd	watch_01	00:01	00:01	COM6	E1:31	61.0	-78.5
2026-04-23T13:10:16.410343	sess_1d71f0bd	watch_01	00:01	00:01	COM6	E1:31	58.0	-74.5
2026-04-23T13:10:16.410343	sess_1d71f0bd	watch_01	00:01	00:01	COM6	E1:31	65.0	-74.5
2026-04-23T13:10:16.410343	sess_1d71f0bd	watch_01	00:01	00:01	COM6	E1:31	58.0	-80.5
2026-04-23T13:10:16.410343	sess_1d71f0bd	watch_01	00:01	00:01	COM6	E1:31	61.0	-75.5
2026-04-23T13:10:16.410343	sess_1d71f0bd	watch_01	00:01	00:01	COM6	E1:31	63.0	-76.0
2026-04-23T13:10:16.410343	sess_1d71f0bd	watch_01	00:01	00:01	COM6	E1:31	62.0	-79.0
2026-04-23T13:10:16.410343	sess_1d71f0bd	watch_01	00:01	00:01	COM6	E1:31	66.0	-75.5
2026-04-23T13:10:16.410343	sess_1d71f0bd	watch_01	00:01	00:01	COM6	E1:31	67.0	-75.0
2026-04-23T13:10:16.410343	sess_1d71f0bd	watch_01	00:01	00:01	COM6	E1:31	67.0	-75.5
2026-04-23T13:10:16.410343	sess_1d71f0bd	watch_01	00:01	00:01	COM6	E1:31	67.0	-75.5
2026-04-23T13:10:16.410343	sess_1d71f0bd	watch_01	00:01	00:01	COM6	E1:31	68.0	-75.0
2026-04-23T13:10:27.016416	sess_a22ed81d	watch_01	00:01	00:01	COM6	1C:3B	64.0	-76.0
2026-04-23T13:10:27.016416	sess_a22ed81d	watch_01	00:01	00:01	COM6	1C:3B	61.0	-76.0
2026-04-23T13:10:27.016416	sess_a22ed81d	watch_01	00:01	00:01	COM6	1C:3B	59.0	-75.0
2026-04-23T13:10:27.016416	sess_a22ed81d	watch_01	00:01	00:01	COM6	1C:3B	54.0	-73.5
2026-04-23T13:10:27.016416	sess_a22ed81d	watch_01	00:01	00:01	COM6	1C:3B	55.0	-71.5
2026-04-23T13:10:27.016416	sess_a22ed81d	watch_01	00:01	00:01	COM6	1C:3B	55.0	-72.0
2026-04-23T13:10:27.016416	sess_a22ed81d	watch_01	00:01	00:01	COM6	1C:3B	56.0	-71.0
2026-04-23T13:10:27.016416	sess_a22ed81d	watch_01	00:01	00:01	COM6	1C:3B	56.0	-70.5
2026-04-23T13:10:27.016416	sess_a22ed81d	watch_01	00:01	00:01	COM6	1C:3B	56.0	-70.0
2026-04-23T13:10:27.016416	sess_a22ed81d	watch_01	00:01	00:01	COM6	1C:3B	54.0	-71.5
2026-04-23T13:10:27.016416	sess_a22ed81d	watch_01	00:01	00:01	COM6	1C:3B	55.0	-71.5
2026-04-23T13:10:27.016416	sess_a22ed81d	watch_01	00:01	00:01	COM6	1C:3B	60.0	-71.0
2026-04-23T13:10:27.016416	sess_a22ed81d	watch_01	00:01	00:01	COM6	1C:3B	62.0	-73.0
2026-04-23T13:10:27.016416	sess_a22ed81d	watch_01	00:01	00:01	COM6	1C:3B	61.0	-73.0
2026-04-23T13:10:27.016416	sess_a22ed81d	watch_01	00:01	00:01	COM6	1C:3B	64.0	-75.0
2026-04-23T13:10:27.016416	sess_a22ed81d	watch_01	00:01	00:01	COM6	1C:3B	50.0	-77.5
2026-04-23T13:10:27.016416	sess_a22ed81d	watch_01	00:01	00:01	COM6	1C:3B	53.0	-78.0
2026-04-23T13:10:27.016416	sess_a22ed81d	watch_01	00:01	00:01	COM6	1C:3B	54.0	-78.0
2026-04-23T13:10:27.016416	sess_a22ed81d	watch_01	00:01	00:01	COM6	1C:3B	119.0	-79.5
2026-04-23T13:10:27.016416	sess_a22ed81d	watch_01	00:01	00:01	COM6	1C:3B	45.0	-80.0
2026-04-23T13:10:27.016416	sess_a22ed81d	watch_01	00:01	00:01	COM6	1C:3B	42.0	-80.5
2026-04-23T13:10:27.016416	sess_a22ed81d	watch_01	00:01	00:01	COM6	1C:3B	43.0	-81.0
2026-04-23T13:10:27.016416	sess_a22ed81d	watch_01	00:01	00:01	COM6	1C:3B	46.0	-80.5
2026-04-23T13:10:27.016416	sess_a22ed81d	watch_01	00:01	00:01	COM6	1C:3B	52.0	-80.0
2026-04-23T13:10:27.016416	sess_a22ed81d	watch_01	00:01	00:01	COM6	1C:3B	54.0	-79.5
2026-04-23T13:10:27.016416	sess_a22ed81d	watch_01	00:01	00:01	COM6	1C:3B	59.0	-77.0
2026-04-23T13:10:27.016416	sess_a22ed81d	watch_01	00:01	00:01	COM6	1C:3B	55.0	-79.0
2026-04-23T13:10:27.016416	sess_a22ed81d	watch_01	00:01	00:01	COM6	1C:3B	59.0	-80.0
2026-04-23T13:10:27.016416	sess_a22ed81d	watch_01	00:01	00:01	COM6	1C:3B	64.0	-78.0
2026-04-23T13:10:27.016416	sess_a22ed81d	watch_01	00:01	00:01	COM6	1C:3B	69.0	-79.5
2026-04-23T13:10:27.016416	sess_a22ed81d	watch_01	00:01	00:01	COM6	1C:3B	76.0	-79.5
2026-04-23T13:10:27.016416	sess_a22ed81d	watch_01	00:01	00:01	COM6	1C:3B	109.0	-79.5
2026-04-23T13:10:27.016416	sess_a22ed81d	watch_01	00:01	00:01	COM6	1C:3B	92.0	-79.5
2026-04-23T13:10:27.016416	sess_a22ed81d	watch_01	00:01	00:01	COM6	1C:3B	72.0	-81.5
2026-04-23T13:10:27.016416	sess_a22ed81d	watch_01	00:01	00:01	COM6	1C:3B	69.0	-79.0
2026-04-23T13:10:27.016416	sess_a22ed81d	watch_01	00:01	00:01	COM6	1C:3B	70.0	-79.0
2026-04-23T13:10:27.016416	sess_a22ed81d	watch_01	00:01	00:01	COM6	1C:3B	75.0	-81.0
2026-04-23T13:10:27.016416	sess_a22ed81d	watch_01	00:01	00:01	COM6	1C:3B	86.0	-81.0
2026-04-23T13:10:27.016416	sess_a22ed81d	watch_01	00:01	00:01	COM6	1C:3B	96.0	-80.0
2026-04-23T13:10:27.016416	sess_a22ed81d	watch_01	00:01	00:01	COM6	1C:3B	84.0	-79.0
2026-04-23T13:10:27.016416	sess_a22ed81d	watch_01	00:01	00:01	COM6	1C:3B	82.0	-78.5
2026-04-23T13:10:27.016416	sess_a22ed81d	watch_01	00:01	00:01	COM6	1C:3B	86.0	-79.0
2026-04-23T13:10:27.016416	sess_a22ed81d	watch_01	00:01	00:01	COM6	1C:3B	74.0	-79.5
2026-04-23T13:10:27.016416	sess_a22ed81d	watch_01	00:01	00:01	COM6	1C:3B	80.0	-79.0
2026-04-23T13:10:27.016416	sess_a22ed81d	watch_01	00:01	00:01	COM6	1C:3B	76.0	-79.0
2026-04-23T13:10:27.016416	sess_a22ed81d	watch_01	00:01	00:01	COM6	1C:3B	84.0	-79.5
2026-04-23T13:10:27.016416	sess_a22ed81d	watch_01	00:01	00:01	COM6	1C:3B	87.0	-79.5
2026-04-23T13:10:27.016416	sess_a22ed81d	watch_01	00:01	00:01	COM6	1C:3B	86.0	-78.0
2026-04-23T13:10:27.016416	sess_a22ed81d	watch_01	00:01	00:01	COM6	1C:3B	84.0	-78.0
2026-04-23T13:10:27.016416	sess_a22ed81d	watch_01	00:01	00:01	COM6	1C:3B	77.0	-79.0
2026-04-23T13:10:27.016416	sess_a22ed81d	watch_01	00:01	00:01	COM6	1C:3B	85.0	-79.0
2026-04-23T13:10:27.016416	sess_a22ed81d	watch_01	00:01	00:01	COM6	1C:3B	87.0	-77.0
2026-04-23T13:10:27.016416	sess_a22ed81d	watch_01	00:01	00:01	COM6	1C:3B	74.0	-81.0
2026-04-23T13:10:27.016416	sess_a22ed81d	watch_01	00:01	00:01	COM6	1C:3B	63.0	-82.0
2026-04-23T13:10:27.016416	sess_a22ed81d	watch_01	00:01	00:01	COM6	1C:3B	58.0	-83.0
2026-04-23T13:10:27.016416	sess_a22ed81d	watch_01	00:01	00:01	COM6	1C:3B	61.0	-83.0
2026-04-23T13:10:27.016416	sess_a22ed81d	watch_01	00:01	00:01	COM6	1C:3B	65.0	-82.5
2026-04-23T13:10:27.016416	sess_a22ed81d	watch_01	00:01	00:01	COM6	1C:3B	66.0	-82.5
2026-04-23T13:10:27.016416	sess_a22ed81d	watch_01	00:01	00:01	COM6	1C:3B	70.0	-82.0
2026-04-23T13:10:27.016416	sess_a22ed81d	watch_01	00:01	00:01	COM6	1C:3B	68.0	-82.5
2026-04-23T13:10:27.016416	sess_a22ed81d	watch_01	00:01	00:01	COM6	1C:3B	72.0	-82.0
2026-04-23T13:10:27.016416	sess_a22ed81d	watch_01	00:01	00:01	COM6	1C:3B	75.0	-81.0
2026-04-23T13:10:27.016416	sess_a22ed81d	watch_01	00:01	00:01	COM6	1C:3B	74.0	-80.0
2026-04-23T13:10:27.016416	sess_a22ed81d	watch_01	00:01	00:01	COM6	1C:3B	75.0	-81.0
2026-04-23T13:10:27.016416	sess_a22ed81d	watch_01	00:01	00:01	COM6	1C:3B	73.0	-81.0
2026-04-23T13:10:27.016416	sess_a22ed81d	watch_01	00:01	00:01	COM6	1C:3B	71.0	-81.5
2026-04-23T13:10:27.016416	sess_a22ed81d	watch_01	00:01	00:01	COM6	1C:3B	72.0	-81.0
2026-04-23T13:10:27.016416	sess_a22ed81d	watch_01	00:01	00:01	COM6	1C:3B	75.0	-80.5
2026-04-23T13:10:27.016416	sess_a22ed81d	watch_01	00:01	00:01	COM6	1C:3B	77.0	-81.0
2026-04-23T13:10:27.016416	sess_a22ed81d	watch_01	00:01	00:01	COM6	1C:3B	76.0	-81.5
2026-04-23T13:10:27.016416	sess_a22ed81d	watch_01	00:01	00:01	COM6	1C:3B	78.0	-82.0
2026-04-23T13:10:27.016416	sess_a22ed81d	watch_01	00:01	00:01	COM6	1C:3B	76.0	-82.0
2026-04-23T13:10:27.016416	sess_a22ed81d	watch_01	00:01	00:01	COM6	1C:3B	73.0	-82.5
2026-04-23T13:10:27.016416	sess_a22ed81d	watch_01	00:01	00:01	COM6	1C:3B	71.0	-82.5
2026-04-23T13:10:27.016416	sess_a22ed81d	watch_01	00:01	00:01	COM6	1C:3B	76.0	-82.5
2026-04-23T13:10:27.016416	sess_a22ed81d	watch_01	00:01	00:01	COM6	1C:3B	77.0	-81.5
2026-04-23T13:10:27.016416	sess_a22ed81d	watch_01	00:01	00:01	COM6	1C:3B	80.0	-81.5
2026-04-23T13:10:27.016416	sess_a22ed81d	watch_01	00:01	00:01	COM6	1C:3B	72.0	-82.0
2026-04-23T13:10:27.016416	sess_a22ed81d	watch_01	00:01	00:01	COM6	1C:3B	71.0	-82.5
2026-04-23T13:10:37.657082	sess_5ee93097	watch_01	00:01	00:01	COM6	D5:9F	42.0	-84.0
2026-04-23T13:10:37.657082	sess_5ee93097	watch_01	00:01	00:01	COM6	D5:9F	34.0	-83.5
2026-04-23T13:10:37.657082	sess_5ee93097	watch_01	00:01	00:01	COM6	D5:9F	41.0	-84.0
2026-04-23T13:10:37.657082	sess_5ee93097	watch_01	00:01	00:01	COM6	D5:9F	41.0	-84.5
2026-04-23T13:10:37.657082	sess_5ee93097	watch_01	00:01	00:01	COM6	D5:9F	44.0	-84.0
2026-04-23T13:10:37.657082	sess_5ee93097	watch_01	00:01	00:01	COM6	D5:9F	49.0	-83.5
2026-04-23T13:10:37.657082	sess_5ee93097	watch_01	00:01	00:01	COM6	D5:9F	46.0	-84.0
2026-04-23T13:10:37.657082	sess_5ee93097	watch_01	00:01	00:01	COM6	D5:9F	47.0	-83.5
2026-04-23T13:10:37.657082	sess_5ee93097	watch_01	00:01	00:01	COM6	D5:9F	48.0	-84.0
2026-04-23T13:10:37.657082	sess_5ee93097	watch_01	00:01	00:01	COM6	D5:9F	49.0	-83.5
2026-04-23T13:10:37.657082	sess_5ee93097	watch_01	00:01	00:01	COM6	D5:9F	51.0	-84.0
2026-04-23T13:10:37.657082	sess_5ee93097	watch_01	00:01	00:01	COM6	D5:9F	51.0	-83.5
2026-04-23T13:10:37.657082	sess_5ee93097	watch_01	00:01	00:01	COM6	D5:9F	49.0	-84.0
2026-04-23T13:10:37.657082	sess_5ee93097	watch_01	00:01	00:01	COM6	D5:9F	45.0	-82.5
2026-04-23T13:10:37.657082	sess_5ee93097	watch_01	00:01	00:01	COM6	D5:9F	44.0	-82.5
2026-04-23T13:10:37.657082	sess_5ee93097	watch_01	00:01	00:01	COM6	D5:9F	63.0	-81.0
2026-04-23T13:10:37.657082	sess_5ee93097	watch_01	00:01	00:01	COM6	D5:9F	65.0	-81.5
2026-04-23T13:10:37.657082	sess_5ee93097	watch_01	00:01	00:01	COM6	D5:9F	46.0	-80.5
2026-04-23T13:10:37.666943	sess_5ee93097	watch_01	00:01	00:01	COM6	D5:9F	47.0	-81.5
2026-04-23T13:10:37.666943	sess_5ee93097	watch_01	00:01	00:01	COM6	D5:9F	44.0	-81.0
2026-04-23T13:10:37.666943	sess_5ee93097	watch_01	00:01	00:01	COM6	D5:9F	52.0	-81.5
2026-04-23T13:10:37.666943	sess_5ee93097	watch_01	00:01	00:01	COM6	D5:9F	68.0	-82.0
2026-04-23T13:10:37.666943	sess_5ee93097	watch_01	00:01	00:01	COM6	D5:9F	73.0	-82.0
2026-04-23T13:10:37.666943	sess_5ee93097	watch_01	00:01	00:01	COM6	D5:9F	72.0	-82.0
2026-04-23T13:10:37.666943	sess_5ee93097	watch_01	00:01	00:01	COM6	D5:9F	99.0	-82.0
2026-04-23T13:10:37.666943	sess_5ee93097	watch_01	00:01	00:01	COM6	D5:9F	55.0	-82.0
2026-04-23T13:10:37.666943	sess_5ee93097	watch_01	00:01	00:01	COM6	D5:9F	69.0	-81.5
2026-04-23T13:10:37.666943	sess_5ee93097	watch_01	00:01	00:01	COM6	D5:9F	71.0	-81.0
2026-04-23T13:10:37.666943	sess_5ee93097	watch_01	00:01	00:01	COM6	D5:9F	73.0	-80.5
2026-04-23T13:10:37.666943	sess_5ee93097	watch_01	00:01	00:01	COM6	D5:9F	72.0	-81.0
2026-04-23T13:10:37.666943	sess_5ee93097	watch_01	00:01	00:01	COM6	D5:9F	73.0	-80.0
2026-04-23T13:10:37.666943	sess_5ee93097	watch_01	00:01	00:01	COM6	D5:9F	70.0	-81.0
2026-04-23T13:10:37.666943	sess_5ee93097	watch_01	00:01	00:01	COM6	D5:9F	71.0	-81.0
2026-04-23T13:10:37.666943	sess_5ee93097	watch_01	00:01	00:01	COM6	D5:9F	69.0	-81.0
2026-04-23T13:10:37.666943	sess_5ee93097	watch_01	00:01	00:01	COM6	D5:9F	73.0	-80.5
2026-04-23T13:10:37.666943	sess_5ee93097	watch_01	00:01	00:01	COM6	D5:9F	69.0	-80.0
2026-04-23T13:10:37.666943	sess_5ee93097	watch_01	00:01	00:01	COM6	D5:9F	69.0	-81.0
2026-04-23T13:10:37.666943	sess_5ee93097	watch_01	00:01	00:01	COM6	D5:9F	68.0	-81.0
2026-04-23T13:10:37.666943	sess_5ee93097	watch_01	00:01	00:01	COM6	D5:9F	68.0	-81.0
2026-04-23T13:10:37.666943	sess_5ee93097	watch_01	00:01	00:01	COM6	D5:9F	69.0	-81.0
2026-04-23T13:10:37.666943	sess_5ee93097	watch_01	00:01	00:01	COM6	D5:9F	70.0	-81.0
2026-04-23T13:10:37.666943	sess_5ee93097	watch_01	00:01	00:01	COM6	D5:9F	67.0	-81.5
2026-04-23T13:10:37.666943	sess_5ee93097	watch_01	00:01	00:01	COM6	D5:9F	66.0	-82.5
2026-04-23T13:10:37.666943	sess_5ee93097	watch_01	00:01	00:01	COM6	D5:9F	69.0	-81.5
2026-04-23T13:10:37.666943	sess_5ee93097	watch_01	00:01	00:01	COM6	D5:9F	71.0	-82.0
2026-04-23T13:10:37.666943	sess_5ee93097	watch_01	00:01	00:01	COM6	D5:9F	69.0	-81.5
2026-04-23T13:10:37.666943	sess_5ee93097	watch_01	00:01	00:01	COM6	D5:9F	65.0	-81.5
2026-04-23T13:10:37.666943	sess_5ee93097	watch_01	00:01	00:01	COM6	D5:9F	68.0	-80.5
2026-04-23T13:10:37.666943	sess_5ee93097	watch_01	00:01	00:01	COM6	D5:9F	69.0	-80.5
2026-04-23T13:10:37.666943	sess_5ee93097	watch_01	00:01	00:01	COM6	D5:9F	68.0	-81.0
2026-04-23T13:10:37.666943	sess_5ee93097	watch_01	00:01	00:01	COM6	D5:9F	70.0	-79.5
2026-04-23T13:10:37.666943	sess_5ee93097	watch_01	00:01	00:01	COM6	D5:9F	71.0	-80.0
2026-04-23T13:10:37.666943	sess_5ee93097	watch_01	00:01	00:01	COM6	D5:9F	72.0	-79.0
2026-04-23T13:10:37.666943	sess_5ee93097	watch_01	00:01	00:01	COM6	D5:9F	74.0	-79.0
2026-04-23T13:10:37.666943	sess_5ee93097	watch_01	00:01	00:01	COM6	D5:9F	73.0	-79.5
2026-04-23T13:10:37.666943	sess_5ee93097	watch_01	00:01	00:01	COM6	D5:9F	71.0	-79.5
2026-04-23T13:10:37.666943	sess_5ee93097	watch_01	00:01	00:01	COM6	D5:9F	73.0	-79.5
2026-04-23T13:10:37.666943	sess_5ee93097	watch_01	00:01	00:01	COM6	D5:9F	70.0	-80.0
2026-04-23T13:10:37.666943	sess_5ee93097	watch_01	00:01	00:01	COM6	D5:9F	73.0	-79.5
2026-04-23T13:10:37.666943	sess_5ee93097	watch_01	00:01	00:01	COM6	D5:9F	68.0	-80.5
2026-04-23T13:10:37.666943	sess_5ee93097	watch_01	00:01	00:01	COM6	D5:9F	66.0	-78.5
2026-04-23T13:10:37.666943	sess_5ee93097	watch_01	00:01	00:01	COM6	D5:9F	69.0	-78.5
2026-04-23T13:10:37.666943	sess_5ee93097	watch_01	00:01	00:01	COM6	D5:9F	71.0	-80.0
2026-04-23T13:10:37.666943	sess_5ee93097	watch_01	00:01	00:01	COM6	D5:9F	67.0	-78.5
2026-04-23T13:10:37.666943	sess_5ee93097	watch_01	00:01	00:01	COM6	D5:9F	69.0	-80.0
2026-04-23T13:10:37.666943	sess_5ee93097	watch_01	00:01	00:01	COM6	D5:9F	77.0	-79.5
2026-04-23T13:10:37.666943	sess_5ee93097	watch_01	00:01	00:01	COM6	D5:9F	72.0	-79.5
2026-04-23T13:10:37.666943	sess_5ee93097	watch_01	00:01	00:01	COM6	D5:9F	80.0	-79.5
2026-04-23T13:10:37.666943	sess_5ee93097	watch_01	00:01	00:01	COM6	D5:9F	82.0	-77.5
2026-04-23T13:10:37.666943	sess_5ee93097	watch_01	00:01	00:01	COM6	D5:9F	94.0	-76.5
2026-04-23T13:10:37.666943	sess_5ee93097	watch_01	00:01	00:01	COM6	D5:9F	90.0	-77.0
2026-04-23T13:10:37.666943	sess_5ee93097	watch_01	00:01	00:01	COM6	D5:9F	75.0	-77.5
2026-04-23T13:10:37.666943	sess_5ee93097	watch_01	00:01	00:01	COM6	D5:9F	85.0	-76.5
2026-04-23T13:10:37.666943	sess_5ee93097	watch_01	00:01	00:01	COM6	D5:9F	123.0	-78.0
2026-04-23T13:10:37.666943	sess_5ee93097	watch_01	00:01	00:01	COM6	D5:9F	56.0	-80.0
2026-04-23T13:10:37.666943	sess_5ee93097	watch_01	00:01	00:01	COM6	D5:9F	59.0	-80.5
2026-04-23T13:10:37.666943	sess_5ee93097	watch_01	00:01	00:01	COM6	D5:9F	58.0	-81.0
2026-04-23T13:10:37.666943	sess_5ee93097	watch_01	00:01	00:01	COM6	D5:9F	63.0	-81.0
2026-04-23T13:10:37.666943	sess_5ee93097	watch_01	00:01	00:01	COM6	D5:9F	57.0	-79.5
2026-04-23T13:10:48.520123	sess_9253271a	watch_01	00:01	00:01	COM6	38:46	63.0	-83.0
2026-04-23T13:10:48.520123	sess_9253271a	watch_01	00:01	00:01	COM6	38:46	64.0	-82.5
2026-04-23T13:10:48.520123	sess_9253271a	watch_01	00:01	00:01	COM6	38:46	63.0	-82.5
2026-04-23T13:10:48.520123	sess_9253271a	watch_01	00:01	00:01	COM6	38:46	64.0	-82.0
2026-04-23T13:10:48.520123	sess_9253271a	watch_01	00:01	00:01	COM6	38:46	65.0	-82.0
2026-04-23T13:10:48.520123	sess_9253271a	watch_01	00:01	00:01	COM6	38:46	64.0	-81.5
2026-04-23T13:10:48.520123	sess_9253271a	watch_01	00:01	00:01	COM6	38:46	64.0	-82.5
2026-04-23T13:10:48.520123	sess_9253271a	watch_01	00:01	00:01	COM6	38:46	66.0	-81.0
2026-04-23T13:10:48.520123	sess_9253271a	watch_01	00:01	00:01	COM6	38:46	67.0	-82.0
2026-04-23T13:10:48.520123	sess_9253271a	watch_01	00:01	00:01	COM6	38:46	66.0	-82.0
2026-04-23T13:10:48.520123	sess_9253271a	watch_01	00:01	00:01	COM6	38:46	64.0	-82.5
2026-04-23T13:10:48.520123	sess_9253271a	watch_01	00:01	00:01	COM6	38:46	66.0	-82.5
2026-04-23T13:10:48.520123	sess_9253271a	watch_01	00:01	00:01	COM6	38:46	64.0	-82.5
2026-04-23T13:10:48.520123	sess_9253271a	watch_01	00:01	00:01	COM6	38:46	66.0	-82.5
2026-04-23T13:10:48.520123	sess_9253271a	watch_01	00:01	00:01	COM6	38:46	65.0	-82.5
2026-04-23T13:10:48.520123	sess_9253271a	watch_01	00:01	00:01	COM6	38:46	64.0	-82.5
2026-04-23T13:10:48.520123	sess_9253271a	watch_01	00:01	00:01	COM6	38:46	60.0	-82.5
2026-04-23T13:10:48.520123	sess_9253271a	watch_01	00:01	00:01	COM6	38:46	61.0	-83.5
2026-04-23T13:10:48.520123	sess_9253271a	watch_01	00:01	00:01	COM6	38:46	66.0	-82.0
2026-04-23T13:10:48.520123	sess_9253271a	watch_01	00:01	00:01	COM6	38:46	67.0	-81.5
2026-04-23T13:10:48.520123	sess_9253271a	watch_01	00:01	00:01	COM6	38:46	67.0	-82.0
2026-04-23T13:10:48.520123	sess_9253271a	watch_01	00:01	00:01	COM6	38:46	68.0	-82.0
2026-04-23T13:10:48.520123	sess_9253271a	watch_01	00:01	00:01	COM6	38:46	69.0	-82.0
2026-04-23T13:10:48.520123	sess_9253271a	watch_01	00:01	00:01	COM6	38:46	73.0	-81.5
2026-04-23T13:10:48.520123	sess_9253271a	watch_01	00:01	00:01	COM6	38:46	70.0	-82.0
2026-04-23T13:10:48.520123	sess_9253271a	watch_01	00:01	00:01	COM6	38:46	73.0	-81.0
2026-04-23T13:10:48.520123	sess_9253271a	watch_01	00:01	00:01	COM6	38:46	74.0	-80.5
2026-04-23T13:10:48.520123	sess_9253271a	watch_01	00:01	00:01	COM6	38:46	96.0	-80.5
2026-04-23T13:10:48.520123	sess_9253271a	watch_01	00:01	00:01	COM6	38:46	114.0	-79.0
2026-04-23T13:10:48.520123	sess_9253271a	watch_01	00:01	00:01	COM6	38:46	56.0	-80.0
2026-04-23T13:10:48.520123	sess_9253271a	watch_01	00:01	00:01	COM6	38:46	70.0	-78.0
2026-04-23T13:10:48.520123	sess_9253271a	watch_01	00:01	00:01	COM6	38:46	65.0	-74.5
2026-04-23T13:10:48.520123	sess_9253271a	watch_01	00:01	00:01	COM6	38:46	64.0	-75.0
2026-04-23T13:10:48.520123	sess_9253271a	watch_01	00:01	00:01	COM6	38:46	68.0	-75.5
2026-04-23T13:10:48.520123	sess_9253271a	watch_01	00:01	00:01	COM6	38:46	62.0	-76.5
2026-04-23T13:10:48.520123	sess_9253271a	watch_01	00:01	00:01	COM6	38:46	64.0	-78.5
2026-04-23T13:10:48.520123	sess_9253271a	watch_01	00:01	00:01	COM6	38:46	63.0	-78.0
2026-04-23T13:10:48.520123	sess_9253271a	watch_01	00:01	00:01	COM6	38:46	65.0	-78.0
2026-04-23T13:10:48.520123	sess_9253271a	watch_01	00:01	00:01	COM6	38:46	56.0	-79.5
2026-04-23T13:10:48.520123	sess_9253271a	watch_01	00:01	00:01	COM6	38:46	51.0	-81.5
2026-04-23T13:10:48.520123	sess_9253271a	watch_01	00:01	00:01	COM6	38:46	56.0	-81.0
2026-04-23T13:10:48.520123	sess_9253271a	watch_01	00:01	00:01	COM6	38:46	56.0	-81.0
2026-04-23T13:10:48.520123	sess_9253271a	watch_01	00:01	00:01	COM6	38:46	60.0	-82.5
2026-04-23T13:10:48.520123	sess_9253271a	watch_01	00:01	00:01	COM6	38:46	62.0	-81.5
2026-04-23T13:10:48.520123	sess_9253271a	watch_01	00:01	00:01	COM6	38:46	66.0	-78.0
2026-04-23T13:10:48.520123	sess_9253271a	watch_01	00:01	00:01	COM6	38:46	55.0	-85.0
2026-04-23T13:10:48.520123	sess_9253271a	watch_01	00:01	00:01	COM6	38:46	74.0	-83.0
2026-04-23T13:10:48.520123	sess_9253271a	watch_01	00:01	00:01	COM6	38:46	61.0	-83.0
2026-04-23T13:10:48.520123	sess_9253271a	watch_01	00:01	00:01	COM6	38:46	67.0	-80.0
2026-04-23T13:10:48.520123	sess_9253271a	watch_01	00:01	00:01	COM6	38:46	70.0	-81.0
2026-04-23T13:10:48.520123	sess_9253271a	watch_01	00:01	00:01	COM6	38:46	66.0	-82.5
2026-04-23T13:10:48.520123	sess_9253271a	watch_01	00:01	00:01	COM6	38:46	68.0	-82.0
2026-04-23T13:10:48.520123	sess_9253271a	watch_01	00:01	00:01	COM6	38:46	67.0	-81.0
2026-04-23T13:10:48.520123	sess_9253271a	watch_01	00:01	00:01	COM6	38:46	67.0	-81.5
2026-04-23T13:10:48.520123	sess_9253271a	watch_01	00:01	00:01	COM6	38:46	66.0	-82.0
2026-04-23T13:10:48.520123	sess_9253271a	watch_01	00:01	00:01	COM6	38:46	68.0	-82.5
2026-04-23T13:10:48.520123	sess_9253271a	watch_01	00:01	00:01	COM6	38:46	65.0	-82.0
2026-04-23T13:10:48.520123	sess_9253271a	watch_01	00:01	00:01	COM6	38:46	66.0	-81.5
2026-04-23T13:10:48.520123	sess_9253271a	watch_01	00:01	00:01	COM6	38:46	65.0	-81.5
2026-04-23T13:10:48.520123	sess_9253271a	watch_01	00:01	00:01	COM6	38:46	67.0	-81.5
2026-04-23T13:10:48.520123	sess_9253271a	watch_01	00:01	00:01	COM6	38:46	69.0	-81.5
2026-04-23T13:10:48.520123	sess_9253271a	watch_01	00:01	00:01	COM6	38:46	66.0	-82.0
2026-04-23T13:10:48.520123	sess_9253271a	watch_01	00:01	00:01	COM6	38:46	63.0	-82.0
2026-04-23T13:10:48.520123	sess_9253271a	watch_01	00:01	00:01	COM6	38:46	69.0	-82.0
2026-04-23T13:10:48.520123	sess_9253271a	watch_01	00:01	00:01	COM6	38:46	72.0	-81.5
2026-04-23T13:10:48.520123	sess_9253271a	watch_01	00:01	00:01	COM6	38:46	94.0	-79.5
2026-04-23T13:10:48.520123	sess_9253271a	watch_01	00:01	00:01	COM6	38:46	69.0	-78.5
2026-04-23T13:10:48.520123	sess_9253271a	watch_01	00:01	00:01	COM6	38:46	68.0	-77.5
2026-04-23T13:10:48.520123	sess_9253271a	watch_01	00:01	00:01	COM6	38:46	61.0	-81.5
2026-04-23T13:10:48.520123	sess_9253271a	watch_01	00:01	00:01	COM6	38:46	59.0	-81.5
2026-04-23T13:10:48.520123	sess_9253271a	watch_01	00:01	00:01	COM6	38:46	63.0	-81.0
2026-04-23T13:10:48.520123	sess_9253271a	watch_01	00:01	00:01	COM6	38:46	57.0	-82.0
2026-04-23T13:10:48.520123	sess_9253271a	watch_01	00:01	00:01	COM6	38:46	61.0	-80.5
2026-04-23T13:10:48.520123	sess_9253271a	watch_01	00:01	00:01	COM6	38:46	63.0	-79.5
2026-04-23T13:10:48.520123	sess_9253271a	watch_01	00:01	00:01	COM6	38:46	54.0	-81.5
2026-04-23T13:10:48.520123	sess_9253271a	watch_01	00:01	00:01	COM6	38:46	59.0	-80.0
2026-04-23T13:10:48.520123	sess_9253271a	watch_01	00:01	00:01	COM6	38:46	59.0	-81.0
2026-04-23T13:10:48.520123	sess_9253271a	watch_01	00:01	00:01	COM6	38:46	57.0	-81.0
2026-04-23T13:10:48.520123	sess_9253271a	watch_01	00:01	00:01	COM6	38:46	60.0	-81.5
2026-04-23T13:10:48.520123	sess_9253271a	watch_01	00:01	00:01	COM6	38:46	68.0	-81.0
2026-04-23T13:10:59.126207	sess_f8ef94c2	watch_01	00:01	00:01	COM6	A5:30	65.0	-79.0
2026-04-23T13:10:59.126207	sess_f8ef94c2	watch_01	00:01	00:01	COM6	A5:30	65.0	-81.0
2026-04-23T13:10:59.126207	sess_f8ef94c2	watch_01	00:01	00:01	COM6	A5:30	57.0	-80.5
2026-04-23T13:10:59.126207	sess_f8ef94c2	watch_01	00:01	00:01	COM6	A5:30	59.0	-80.0
2026-04-23T13:10:59.126207	sess_f8ef94c2	watch_01	00:01	00:01	COM6	A5:30	62.0	-79.5
2026-04-23T13:10:59.126207	sess_f8ef94c2	watch_01	00:01	00:01	COM6	A5:30	62.0	-78.0
2026-04-23T13:10:59.126207	sess_f8ef94c2	watch_01	00:01	00:01	COM6	A5:30	61.0	-78.0
2026-04-23T13:10:59.126207	sess_f8ef94c2	watch_01	00:01	00:01	COM6	A5:30	61.0	-79.0
2026-04-23T13:10:59.126207	sess_f8ef94c2	watch_01	00:01	00:01	COM6	A5:30	53.0	-80.5
2026-04-23T13:10:59.126207	sess_f8ef94c2	watch_01	00:01	00:01	COM6	A5:30	64.0	-80.0
2026-04-23T13:10:59.126207	sess_f8ef94c2	watch_01	00:01	00:01	COM6	A5:30	65.0	-77.5
2026-04-23T13:10:59.126207	sess_f8ef94c2	watch_01	00:01	00:01	COM6	A5:30	63.0	-80.5
2026-04-23T13:10:59.126207	sess_f8ef94c2	watch_01	00:01	00:01	COM6	A5:30	63.0	-79.0
2026-04-23T13:10:59.126207	sess_f8ef94c2	watch_01	00:01	00:01	COM6	A5:30	67.0	-78.5
2026-04-23T13:10:59.126207	sess_f8ef94c2	watch_01	00:01	00:01	COM6	A5:30	64.0	-78.5
2026-04-23T13:10:59.126207	sess_f8ef94c2	watch_01	00:01	00:01	COM6	A5:30	56.0	-82.0
2026-04-23T13:10:59.126207	sess_f8ef94c2	watch_01	00:01	00:01	COM6	A5:30	61.0	-78.5
2026-04-23T13:10:59.126207	sess_f8ef94c2	watch_01	00:01	00:01	COM6	A5:30	60.0	-78.5
2026-04-23T13:10:59.126207	sess_f8ef94c2	watch_01	00:01	00:01	COM6	A5:30	62.0	-80.5
2026-04-23T13:10:59.126207	sess_f8ef94c2	watch_01	00:01	00:01	COM6	A5:30	59.0	-79.0
2026-04-23T13:10:59.126207	sess_f8ef94c2	watch_01	00:01	00:01	COM6	A5:30	65.0	-80.5
2026-04-23T13:10:59.126207	sess_f8ef94c2	watch_01	00:01	00:01	COM6	A5:30	66.0	-79.5
2026-04-23T13:10:59.126207	sess_f8ef94c2	watch_01	00:01	00:01	COM6	A5:30	65.0	-80.0
2026-04-23T13:10:59.126207	sess_f8ef94c2	watch_01	00:01	00:01	COM6	A5:30	61.0	-81.0
2026-04-23T13:10:59.126207	sess_f8ef94c2	watch_01	00:01	00:01	COM6	A5:30	54.0	-80.5
2026-04-23T13:10:59.126207	sess_f8ef94c2	watch_01	00:01	00:01	COM6	A5:30	53.0	-80.5
2026-04-23T13:10:59.126207	sess_f8ef94c2	watch_01	00:01	00:01	COM6	A5:30	50.0	-81.5
2026-04-23T13:10:59.126207	sess_f8ef94c2	watch_01	00:01	00:01	COM6	A5:30	54.0	-80.5
2026-04-23T13:10:59.126207	sess_f8ef94c2	watch_01	00:01	00:01	COM6	A5:30	55.0	-81.0
2026-04-23T13:10:59.126207	sess_f8ef94c2	watch_01	00:01	00:01	COM6	A5:30	60.0	-79.0
2026-04-23T13:10:59.126207	sess_f8ef94c2	watch_01	00:01	00:01	COM6	A5:30	54.0	-80.0
2026-04-23T13:10:59.126207	sess_f8ef94c2	watch_01	00:01	00:01	COM6	A5:30	56.0	-79.0
2026-04-23T13:10:59.126207	sess_f8ef94c2	watch_01	00:01	00:01	COM6	A5:30	55.0	-80.0
2026-04-23T13:10:59.126207	sess_f8ef94c2	watch_01	00:01	00:01	COM6	A5:30	55.0	-78.5
2026-04-23T13:10:59.126207	sess_f8ef94c2	watch_01	00:01	00:01	COM6	A5:30	58.0	-77.0
2026-04-23T13:10:59.126207	sess_f8ef94c2	watch_01	00:01	00:01	COM6	A5:30	55.0	-76.0
2026-04-23T13:10:59.126207	sess_f8ef94c2	watch_01	00:01	00:01	COM6	A5:30	55.0	-78.5
2026-04-23T13:10:59.126207	sess_f8ef94c2	watch_01	00:01	00:01	COM6	A5:30	54.0	-79.0
2026-04-23T13:10:59.126207	sess_f8ef94c2	watch_01	00:01	00:01	COM6	A5:30	58.0	-79.0
2026-04-23T13:10:59.126207	sess_f8ef94c2	watch_01	00:01	00:01	COM6	A5:30	60.0	-79.0
2026-04-23T13:10:59.126207	sess_f8ef94c2	watch_01	00:01	00:01	COM6	A5:30	58.0	-80.0
2026-04-23T13:10:59.126207	sess_f8ef94c2	watch_01	00:01	00:01	COM6	A5:30	58.0	-80.0
2026-04-23T13:10:59.126207	sess_f8ef94c2	watch_01	00:01	00:01	COM6	A5:30	62.0	-76.5
2026-04-23T13:10:59.126207	sess_f8ef94c2	watch_01	00:01	00:01	COM6	A5:30	62.0	-77.0
2026-04-23T13:10:59.126207	sess_f8ef94c2	watch_01	00:01	00:01	COM6	A5:30	58.0	-77.0
2026-04-23T13:10:59.126207	sess_f8ef94c2	watch_01	00:01	00:01	COM6	A5:30	54.0	-82.0
2026-04-23T13:10:59.126207	sess_f8ef94c2	watch_01	00:01	00:01	COM6	A5:30	65.0	-80.0
2026-04-23T13:10:59.126207	sess_f8ef94c2	watch_01	00:01	00:01	COM6	A5:30	55.0	-75.5
2026-04-23T13:10:59.126207	sess_f8ef94c2	watch_01	00:01	00:01	COM6	A5:30	61.0	-72.0
2026-04-23T13:10:59.126207	sess_f8ef94c2	watch_01	00:01	00:01	COM6	A5:30	56.0	-78.0
2026-04-23T13:10:59.126207	sess_f8ef94c2	watch_01	00:01	00:01	COM6	A5:30	54.0	-77.5
2026-04-23T13:10:59.126207	sess_f8ef94c2	watch_01	00:01	00:01	COM6	A5:30	54.0	-78.5
2026-04-23T13:10:59.126207	sess_f8ef94c2	watch_01	00:01	00:01	COM6	A5:30	57.0	-76.5
2026-04-23T13:10:59.126207	sess_f8ef94c2	watch_01	00:01	00:01	COM6	A5:30	56.0	-78.0
2026-04-23T13:10:59.126207	sess_f8ef94c2	watch_01	00:01	00:01	COM6	A5:30	58.0	-75.5
2026-04-23T13:10:59.126207	sess_f8ef94c2	watch_01	00:01	00:01	COM6	A5:30	58.0	-75.5
2026-04-23T13:10:59.126207	sess_f8ef94c2	watch_01	00:01	00:01	COM6	A5:30	61.0	-76.0
2026-04-23T13:10:59.126207	sess_f8ef94c2	watch_01	00:01	00:01	COM6	A5:30	61.0	-75.0
2026-04-23T13:10:59.126207	sess_f8ef94c2	watch_01	00:01	00:01	COM6	A5:30	61.0	-75.0
2026-04-23T13:10:59.126207	sess_f8ef94c2	watch_01	00:01	00:01	COM6	A5:30	58.0	-77.0
2026-04-23T13:10:59.126207	sess_f8ef94c2	watch_01	00:01	00:01	COM6	A5:30	54.0	-77.5
2026-04-23T13:10:59.126207	sess_f8ef94c2	watch_01	00:01	00:01	COM6	A5:30	60.0	-75.0
2026-04-23T13:10:59.126207	sess_f8ef94c2	watch_01	00:01	00:01	COM6	A5:30	59.0	-75.5
2026-04-23T13:10:59.126207	sess_f8ef94c2	watch_01	00:01	00:01	COM6	A5:30	58.0	-74.0
2026-04-23T13:10:59.126207	sess_f8ef94c2	watch_01	00:01	00:01	COM6	A5:30	60.0	-75.0
2026-04-23T13:10:59.126207	sess_f8ef94c2	watch_01	00:01	00:01	COM6	A5:30	61.0	-74.0
2026-04-23T13:10:59.126207	sess_f8ef94c2	watch_01	00:01	00:01	COM6	A5:30	57.0	-75.5
2026-04-23T13:10:59.126207	sess_f8ef94c2	watch_01	00:01	00:01	COM6	A5:30	59.0	-76.0
2026-04-23T13:10:59.126207	sess_f8ef94c2	watch_01	00:01	00:01	COM6	A5:30	59.0	-74.5
2026-04-23T13:10:59.126207	sess_f8ef94c2	watch_01	00:01	00:01	COM6	A5:30	55.0	-75.5
2026-04-23T13:10:59.126207	sess_f8ef94c2	watch_01	00:01	00:01	COM6	A5:30	57.0	-76.0
2026-04-23T13:10:59.126207	sess_f8ef94c2	watch_01	00:01	00:01	COM6	A5:30	59.0	-77.5
2026-04-23T13:10:59.126207	sess_f8ef94c2	watch_01	00:01	00:01	COM6	A5:30	56.0	-74.5
2026-04-23T13:10:59.126207	sess_f8ef94c2	watch_01	00:01	00:01	COM6	A5:30	57.0	-75.0
2026-04-23T13:10:59.126207	sess_f8ef94c2	watch_01	00:01	00:01	COM6	A5:30	56.0	-74.5
2026-04-23T13:10:59.126207	sess_f8ef94c2	watch_01	00:01	00:01	COM6	A5:30	56.0	-75.0
2026-04-23T13:10:59.126207	sess_f8ef94c2	watch_01	00:01	00:01	COM6	A5:30	54.0	-76.0
2026-04-23T13:10:59.126207	sess_f8ef94c2	watch_01	00:01	00:01	COM6	A5:30	51.0	-80.0
2026-04-23T13:10:59.126207	sess_f8ef94c2	watch_01	00:01	00:01	COM6	A5:30	53.0	-79.0
2026-04-23T13:10:59.126207	sess_f8ef94c2	watch_01	00:01	00:01	COM6	A5:30	50.0	-78.5
2026-04-23T13:11:09.752875	sess_8d3afc93	watch_01	00:01	00:01	COM6	8B:C9	62.0	-82.0
2026-04-23T13:11:09.752875	sess_8d3afc93	watch_01	00:01	00:01	COM6	8B:C9	72.0	-77.0
2026-04-23T13:11:09.752875	sess_8d3afc93	watch_01	00:01	00:01	COM6	8B:C9	75.0	-79.0
2026-04-23T13:11:09.752875	sess_8d3afc93	watch_01	00:01	00:01	COM6	8B:C9	82.0	-77.5
2026-04-23T13:11:09.752875	sess_8d3afc93	watch_01	00:01	00:01	COM6	8B:C9	69.0	-75.5
2026-04-23T13:11:09.752875	sess_8d3afc93	watch_01	00:01	00:01	COM6	8B:C9	69.0	-76.0
2026-04-23T13:11:09.752875	sess_8d3afc93	watch_01	00:01	00:01	COM6	8B:C9	69.0	-74.5
2026-04-23T13:11:09.752875	sess_8d3afc93	watch_01	00:01	00:01	COM6	8B:C9	67.0	-75.5
2026-04-23T13:11:09.752875	sess_8d3afc93	watch_01	00:01	00:01	COM6	8B:C9	67.0	-75.5
2026-04-23T13:11:09.752875	sess_8d3afc93	watch_01	00:01	00:01	COM6	8B:C9	66.0	-74.5
2026-04-23T13:11:09.752875	sess_8d3afc93	watch_01	00:01	00:01	COM6	8B:C9	65.0	-74.0
2026-04-23T13:11:09.752875	sess_8d3afc93	watch_01	00:01	00:01	COM6	8B:C9	65.0	-75.5
2026-04-23T13:11:09.752875	sess_8d3afc93	watch_01	00:01	00:01	COM6	8B:C9	62.0	-75.5
2026-04-23T13:11:09.752875	sess_8d3afc93	watch_01	00:01	00:01	COM6	8B:C9	66.0	-76.0
2026-04-23T13:11:09.752875	sess_8d3afc93	watch_01	00:01	00:01	COM6	8B:C9	61.0	-77.5
2026-04-23T13:11:09.752875	sess_8d3afc93	watch_01	00:01	00:01	COM6	8B:C9	66.0	-75.5
2026-04-23T13:11:09.752875	sess_8d3afc93	watch_01	00:01	00:01	COM6	8B:C9	61.0	-76.0
2026-04-23T13:11:09.752875	sess_8d3afc93	watch_01	00:01	00:01	COM6	8B:C9	63.0	-74.5
2026-04-23T13:11:09.752875	sess_8d3afc93	watch_01	00:01	00:01	COM6	8B:C9	60.0	-74.0
2026-04-23T13:11:09.752875	sess_8d3afc93	watch_01	00:01	00:01	COM6	8B:C9	63.0	-74.0
2026-04-23T13:11:09.752875	sess_8d3afc93	watch_01	00:01	00:01	COM6	8B:C9	58.0	-77.0
2026-04-23T13:11:09.752875	sess_8d3afc93	watch_01	00:01	00:01	COM6	8B:C9	61.0	-75.0
2026-04-23T13:11:09.752875	sess_8d3afc93	watch_01	00:01	00:01	COM6	8B:C9	55.0	-74.5
2026-04-23T13:11:09.752875	sess_8d3afc93	watch_01	00:01	00:01	COM6	8B:C9	61.0	-73.0
2026-04-23T13:11:09.752875	sess_8d3afc93	watch_01	00:01	00:01	COM6	8B:C9	55.0	-74.5
2026-04-23T13:11:09.752875	sess_8d3afc93	watch_01	00:01	00:01	COM6	8B:C9	61.0	-73.0
2026-04-23T13:11:09.752875	sess_8d3afc93	watch_01	00:01	00:01	COM6	8B:C9	58.0	-75.5
2026-04-23T13:11:09.752875	sess_8d3afc93	watch_01	00:01	00:01	COM6	8B:C9	59.0	-75.0
2026-04-23T13:11:09.752875	sess_8d3afc93	watch_01	00:01	00:01	COM6	8B:C9	63.0	-75.0
2026-04-23T13:11:09.752875	sess_8d3afc93	watch_01	00:01	00:01	COM6	8B:C9	63.0	-73.0
2026-04-23T13:11:09.752875	sess_8d3afc93	watch_01	00:01	00:01	COM6	8B:C9	57.0	-74.5
2026-04-23T13:11:09.752875	sess_8d3afc93	watch_01	00:01	00:01	COM6	8B:C9	58.0	-77.0
2026-04-23T13:11:09.752875	sess_8d3afc93	watch_01	00:01	00:01	COM6	8B:C9	61.0	-75.0
2026-04-23T13:11:09.752875	sess_8d3afc93	watch_01	00:01	00:01	COM6	8B:C9	63.0	-73.5
2026-04-23T13:11:09.752875	sess_8d3afc93	watch_01	00:01	00:01	COM6	8B:C9	60.0	-76.0
2026-04-23T13:11:09.752875	sess_8d3afc93	watch_01	00:01	00:01	COM6	8B:C9	61.0	-76.0
2026-04-23T13:11:09.752875	sess_8d3afc93	watch_01	00:01	00:01	COM6	8B:C9	58.0	-79.0
2026-04-23T13:11:09.752875	sess_8d3afc93	watch_01	00:01	00:01	COM6	8B:C9	55.0	-79.0
2026-04-23T13:11:09.752875	sess_8d3afc93	watch_01	00:01	00:01	COM6	8B:C9	60.0	-77.0
2026-04-23T13:11:09.752875	sess_8d3afc93	watch_01	00:01	00:01	COM6	8B:C9	60.0	-78.0
2026-04-23T13:11:09.752875	sess_8d3afc93	watch_01	00:01	00:01	COM6	8B:C9	61.0	-78.0
2026-04-23T13:11:09.752875	sess_8d3afc93	watch_01	00:01	00:01	COM6	8B:C9	58.0	-78.5
2026-04-23T13:11:09.752875	sess_8d3afc93	watch_01	00:01	00:01	COM6	8B:C9	62.0	-76.0
2026-04-23T13:11:09.752875	sess_8d3afc93	watch_01	00:01	00:01	COM6	8B:C9	64.0	-75.0
2026-04-23T13:11:09.752875	sess_8d3afc93	watch_01	00:01	00:01	COM6	8B:C9	60.0	-75.0
2026-04-23T13:11:09.752875	sess_8d3afc93	watch_01	00:01	00:01	COM6	8B:C9	61.0	-77.0
2026-04-23T13:11:09.752875	sess_8d3afc93	watch_01	00:01	00:01	COM6	8B:C9	60.0	-77.5
2026-04-23T13:11:09.752875	sess_8d3afc93	watch_01	00:01	00:01	COM6	8B:C9	60.0	-75.5
2026-04-23T13:11:09.752875	sess_8d3afc93	watch_01	00:01	00:01	COM6	8B:C9	66.0	-75.0
2026-04-23T13:11:09.752875	sess_8d3afc93	watch_01	00:01	00:01	COM6	8B:C9	60.0	-75.5
2026-04-23T13:11:09.752875	sess_8d3afc93	watch_01	00:01	00:01	COM6	8B:C9	60.0	-79.0
2026-04-23T13:11:09.752875	sess_8d3afc93	watch_01	00:01	00:01	COM6	8B:C9	58.0	-78.0
2026-04-23T13:11:09.752875	sess_8d3afc93	watch_01	00:01	00:01	COM6	8B:C9	61.0	-76.0
2026-04-23T13:11:09.752875	sess_8d3afc93	watch_01	00:01	00:01	COM6	8B:C9	54.0	-78.5
2026-04-23T13:11:09.752875	sess_8d3afc93	watch_01	00:01	00:01	COM6	8B:C9	58.0	-74.5
2026-04-23T13:11:09.752875	sess_8d3afc93	watch_01	00:01	00:01	COM6	8B:C9	57.0	-77.0
2026-04-23T13:11:09.752875	sess_8d3afc93	watch_01	00:01	00:01	COM6	8B:C9	58.0	-75.5
2026-04-23T13:11:09.752875	sess_8d3afc93	watch_01	00:01	00:01	COM6	8B:C9	61.0	-79.0
2026-04-23T13:11:09.752875	sess_8d3afc93	watch_01	00:01	00:01	COM6	8B:C9	60.0	-78.0
2026-04-23T13:11:09.752875	sess_8d3afc93	watch_01	00:01	00:01	COM6	8B:C9	68.0	-73.5
2026-04-23T13:11:09.752875	sess_8d3afc93	watch_01	00:01	00:01	COM6	8B:C9	65.0	-79.0
2026-04-23T13:11:09.752875	sess_8d3afc93	watch_01	00:01	00:01	COM6	8B:C9	67.0	-80.5
2026-04-23T13:11:09.752875	sess_8d3afc93	watch_01	00:01	00:01	COM6	8B:C9	61.0	-76.0
2026-04-23T13:11:09.752875	sess_8d3afc93	watch_01	00:01	00:01	COM6	8B:C9	62.0	-75.5
2026-04-23T13:11:09.752875	sess_8d3afc93	watch_01	00:01	00:01	COM6	8B:C9	60.0	-75.5
2026-04-23T13:11:09.752875	sess_8d3afc93	watch_01	00:01	00:01	COM6	8B:C9	61.0	-75.5
2026-04-23T13:11:09.752875	sess_8d3afc93	watch_01	00:01	00:01	COM6	8B:C9	56.0	-80.0
2026-04-23T13:11:09.752875	sess_8d3afc93	watch_01	00:01	00:01	COM6	8B:C9	54.0	-78.0
2026-04-23T13:11:09.752875	sess_8d3afc93	watch_01	00:01	00:01	COM6	8B:C9	62.0	-74.5
2026-04-23T13:11:09.752875	sess_8d3afc93	watch_01	00:01	00:01	COM6	8B:C9	63.0	-75.5
2026-04-23T13:11:09.752875	sess_8d3afc93	watch_01	00:01	00:01	COM6	8B:C9	69.0	-75.0
2026-04-23T13:11:09.752875	sess_8d3afc93	watch_01	00:01	00:01	COM6	8B:C9	51.0	-79.5
2026-04-23T13:11:09.752875	sess_8d3afc93	watch_01	00:01	00:01	COM6	8B:C9	59.0	-78.0
2026-04-23T13:11:09.752875	sess_8d3afc93	watch_01	00:01	00:01	COM6	8B:C9	55.0	-76.0
2026-04-23T13:11:09.752875	sess_8d3afc93	watch_01	00:01	00:01	COM6	8B:C9	57.0	-76.0
2026-04-23T13:11:09.752875	sess_8d3afc93	watch_01	00:01	00:01	COM6	8B:C9	55.0	-76.0
2026-04-23T13:11:09.752875	sess_8d3afc93	watch_01	00:01	00:01	COM6	8B:C9	60.0	-75.0
2026-04-23T13:11:09.752875	sess_8d3afc93	watch_01	00:01	00:01	COM6	8B:C9	63.0	-75.5
2026-04-23T13:11:09.752875	sess_8d3afc93	watch_01	00:01	00:01	COM6	8B:C9	64.0	-75.0
2026-04-23T13:11:09.752875	sess_8d3afc93	watch_01	00:01	00:01	COM6	8B:C9	61.0	-76.5
2026-04-23T13:11:21.348543	sess_3681dd7f	watch_01	00:01	00:01	COM6	25:30	60.0	-79.0
2026-04-23T13:11:21.348543	sess_3681dd7f	watch_01	00:01	00:01	COM6	25:30	61.0	-75.5
2026-04-23T13:11:21.348543	sess_3681dd7f	watch_01	00:01	00:01	COM6	25:30	61.0	-75.5
2026-04-23T13:11:21.348543	sess_3681dd7f	watch_01	00:01	00:01	COM6	25:30	59.0	-78.5
2026-04-23T13:11:21.348543	sess_3681dd7f	watch_01	00:01	00:01	COM6	25:30	63.0	-75.5
2026-04-23T13:11:21.348543	sess_3681dd7f	watch_01	00:01	00:01	COM6	25:30	61.0	-76.5
2026-04-23T13:11:21.348543	sess_3681dd7f	watch_01	00:01	00:01	COM6	25:30	61.0	-76.5
2026-04-23T13:11:21.348543	sess_3681dd7f	watch_01	00:01	00:01	COM6	25:30	61.0	-76.5
2026-04-23T13:11:21.348543	sess_3681dd7f	watch_01	00:01	00:01	COM6	25:30	63.0	-78.0
2026-04-23T13:11:21.348543	sess_3681dd7f	watch_01	00:01	00:01	COM6	25:30	61.0	-76.5
2026-04-23T13:11:21.348543	sess_3681dd7f	watch_01	00:01	00:01	COM6	25:30	63.0	-76.0
2026-04-23T13:11:21.348543	sess_3681dd7f	watch_01	00:01	00:01	COM6	25:30	60.0	-77.0
2026-04-23T13:11:21.348543	sess_3681dd7f	watch_01	00:01	00:01	COM6	25:30	59.0	-77.0
2026-04-23T13:11:21.348543	sess_3681dd7f	watch_01	00:01	00:01	COM6	25:30	61.0	-75.5
2026-04-23T13:11:21.348543	sess_3681dd7f	watch_01	00:01	00:01	COM6	25:30	60.0	-76.0
2026-04-23T13:11:21.348543	sess_3681dd7f	watch_01	00:01	00:01	COM6	25:30	59.0	-76.5
2026-04-23T13:11:21.348543	sess_3681dd7f	watch_01	00:01	00:01	COM6	25:30	57.0	-78.0
2026-04-23T13:11:21.348543	sess_3681dd7f	watch_01	00:01	00:01	COM6	25:30	59.0	-74.5
2026-04-23T13:11:21.348543	sess_3681dd7f	watch_01	00:01	00:01	COM6	25:30	58.0	-76.0
2026-04-23T13:11:21.348543	sess_3681dd7f	watch_01	00:01	00:01	COM6	25:30	63.0	-78.5
2026-04-23T13:11:21.348543	sess_3681dd7f	watch_01	00:01	00:01	COM6	25:30	63.0	-76.5
2026-04-23T13:11:21.348543	sess_3681dd7f	watch_01	00:01	00:01	COM6	25:30	58.0	-75.5
2026-04-23T13:11:21.348543	sess_3681dd7f	watch_01	00:01	00:01	COM6	25:30	64.0	-74.0
2026-04-23T13:11:21.348543	sess_3681dd7f	watch_01	00:01	00:01	COM6	25:30	61.0	-73.5
2026-04-23T13:11:21.348543	sess_3681dd7f	watch_01	00:01	00:01	COM6	25:30	65.0	-76.0
2026-04-23T13:11:21.348543	sess_3681dd7f	watch_01	00:01	00:01	COM6	25:30	61.0	-76.5
2026-04-23T13:11:21.348543	sess_3681dd7f	watch_01	00:01	00:01	COM6	25:30	61.0	-76.0
2026-04-23T13:11:21.348543	sess_3681dd7f	watch_01	00:01	00:01	COM6	25:30	62.0	-74.0
2026-04-23T13:11:21.348543	sess_3681dd7f	watch_01	00:01	00:01	COM6	25:30	61.0	-74.5
2026-04-23T13:11:21.348543	sess_3681dd7f	watch_01	00:01	00:01	COM6	25:30	61.0	-75.0
2026-04-23T13:11:21.348543	sess_3681dd7f	watch_01	00:01	00:01	COM6	25:30	62.0	-81.0
2026-04-23T13:11:21.348543	sess_3681dd7f	watch_01	00:01	00:01	COM6	25:30	59.0	-81.0
2026-04-23T13:11:21.348543	sess_3681dd7f	watch_01	00:01	00:01	COM6	25:30	61.0	-81.5
2026-04-23T13:11:21.348543	sess_3681dd7f	watch_01	00:01	00:01	COM6	25:30	63.0	-80.5
2026-04-23T13:11:21.348543	sess_3681dd7f	watch_01	00:01	00:01	COM6	25:30	59.0	-81.0
2026-04-23T13:11:21.348543	sess_3681dd7f	watch_01	00:01	00:01	COM6	25:30	61.0	-80.5
2026-04-23T13:11:21.348543	sess_3681dd7f	watch_01	00:01	00:01	COM6	25:30	63.0	-80.0
2026-04-23T13:11:21.348543	sess_3681dd7f	watch_01	00:01	00:01	COM6	25:30	59.0	-81.0
2026-04-23T13:11:21.348543	sess_3681dd7f	watch_01	00:01	00:01	COM6	25:30	61.0	-81.0
2026-04-23T13:11:21.348543	sess_3681dd7f	watch_01	00:01	00:01	COM6	25:30	54.0	-81.0
2026-04-23T13:11:21.348543	sess_3681dd7f	watch_01	00:01	00:01	COM6	25:30	53.0	-81.0
2026-04-23T13:11:21.348543	sess_3681dd7f	watch_01	00:01	00:01	COM6	25:30	53.0	-80.5
2026-04-23T13:11:21.348543	sess_3681dd7f	watch_01	00:01	00:01	COM6	25:30	52.0	-81.5
2026-04-23T13:11:21.348543	sess_3681dd7f	watch_01	00:01	00:01	COM6	25:30	50.0	-81.5
2026-04-23T13:11:21.348543	sess_3681dd7f	watch_01	00:01	00:01	COM6	25:30	46.0	-82.0
2026-04-23T13:11:21.348543	sess_3681dd7f	watch_01	00:01	00:01	COM6	25:30	46.0	-81.5
2026-04-23T13:11:21.348543	sess_3681dd7f	watch_01	00:01	00:01	COM6	25:30	49.0	-81.5
2026-04-23T13:11:21.348543	sess_3681dd7f	watch_01	00:01	00:01	COM6	25:30	54.0	-81.5
2026-04-23T13:11:21.348543	sess_3681dd7f	watch_01	00:01	00:01	COM6	25:30	51.0	-81.5
2026-04-23T13:11:21.348543	sess_3681dd7f	watch_01	00:01	00:01	COM6	25:30	53.0	-81.5
2026-04-23T13:11:21.348543	sess_3681dd7f	watch_01	00:01	00:01	COM6	25:30	54.0	-81.0
2026-04-23T13:11:21.348543	sess_3681dd7f	watch_01	00:01	00:01	COM6	25:30	53.0	-80.0
2026-04-23T13:11:21.348543	sess_3681dd7f	watch_01	00:01	00:01	COM6	25:30	52.0	-79.5
2026-04-23T13:11:21.348543	sess_3681dd7f	watch_01	00:01	00:01	COM6	25:30	53.0	-80.5
2026-04-23T13:11:21.348543	sess_3681dd7f	watch_01	00:01	00:01	COM6	25:30	54.0	-81.0
2026-04-23T13:11:21.348543	sess_3681dd7f	watch_01	00:01	00:01	COM6	25:30	57.0	-81.0
2026-04-23T13:11:21.348543	sess_3681dd7f	watch_01	00:01	00:01	COM6	25:30	53.0	-81.5
2026-04-23T13:11:21.348543	sess_3681dd7f	watch_01	00:01	00:01	COM6	25:30	53.0	-81.5
2026-04-23T13:11:21.348543	sess_3681dd7f	watch_01	00:01	00:01	COM6	25:30	54.0	-81.5
2026-04-23T13:11:21.348543	sess_3681dd7f	watch_01	00:01	00:01	COM6	25:30	57.0	-81.0
2026-04-23T13:11:21.348543	sess_3681dd7f	watch_01	00:01	00:01	COM6	25:30	55.0	-81.0
2026-04-23T13:11:21.348543	sess_3681dd7f	watch_01	00:01	00:01	COM6	25:30	57.0	-81.0
2026-04-23T13:11:21.348543	sess_3681dd7f	watch_01	00:01	00:01	COM6	25:30	58.0	-81.0
2026-04-23T13:11:21.348543	sess_3681dd7f	watch_01	00:01	00:01	COM6	25:30	55.0	-81.0
2026-04-23T13:11:21.348543	sess_3681dd7f	watch_01	00:01	00:01	COM6	25:30	58.0	-81.0
2026-04-23T13:11:21.348543	sess_3681dd7f	watch_01	00:01	00:01	COM6	25:30	58.0	-81.0
2026-04-23T13:11:21.348543	sess_3681dd7f	watch_01	00:01	00:01	COM6	25:30	61.0	-81.0
2026-04-23T13:11:21.348543	sess_3681dd7f	watch_01	00:01	00:01	COM6	25:30	60.0	-80.5
2026-04-23T13:11:21.348543	sess_3681dd7f	watch_01	00:01	00:01	COM6	25:30	56.0	-81.0
2026-04-23T13:11:21.348543	sess_3681dd7f	watch_01	00:01	00:01	COM6	25:30	54.0	-80.0
2026-04-23T13:11:21.348543	sess_3681dd7f	watch_01	00:01	00:01	COM6	25:30	56.0	-81.0
2026-04-23T13:11:21.348543	sess_3681dd7f	watch_01	00:01	00:01	COM6	25:30	55.0	-80.0
2026-04-23T13:11:21.348543	sess_3681dd7f	watch_01	00:01	00:01	COM6	25:30	57.0	-80.0
2026-04-23T13:11:21.348543	sess_3681dd7f	watch_01	00:01	00:01	COM6	25:30	61.0	-80.0
2026-04-23T13:11:21.348543	sess_3681dd7f	watch_01	00:01	00:01	COM6	25:30	62.0	-81.0
2026-04-23T13:11:21.348543	sess_3681dd7f	watch_01	00:01	00:01	COM6	25:30	64.0	-81.0
2026-04-23T13:11:21.348543	sess_3681dd7f	watch_01	00:01	00:01	COM6	25:30	61.0	-80.0
2026-04-23T13:11:21.348543	sess_3681dd7f	watch_01	00:01	00:01	COM6	25:30	58.0	-80.0
2026-04-23T13:11:21.348543	sess_3681dd7f	watch_01	00:01	00:01	COM6	25:30	62.0	-80.0
2026-04-23T13:11:21.348543	sess_3681dd7f	watch_01	00:01	00:01	COM6	25:30	60.0	-80.0
2026-04-23T13:11:31.930526	sess_69d204f4	watch_01	00:01	00:01	COM6	BC:96	61.0	-79.0
2026-04-23T13:11:31.930526	sess_69d204f4	watch_01	00:01	00:01	COM6	BC:96	56.0	-78.5
2026-04-23T13:11:31.930526	sess_69d204f4	watch_01	00:01	00:01	COM6	BC:96	58.0	-81.0
2026-04-23T13:11:31.930526	sess_69d204f4	watch_01	00:01	00:01	COM6	BC:96	71.0	-77.5
2026-04-23T13:11:31.930526	sess_69d204f4	watch_01	00:01	00:01	COM6	BC:96	67.0	-77.5
2026-04-23T13:11:31.930526	sess_69d204f4	watch_01	00:01	00:01	COM6	BC:96	70.0	-77.5
2026-04-23T13:11:31.930526	sess_69d204f4	watch_01	00:01	00:01	COM6	BC:96	75.0	-77.0
2026-04-23T13:11:31.930526	sess_69d204f4	watch_01	00:01	00:01	COM6	BC:96	71.0	-77.5
2026-04-23T13:11:31.930526	sess_69d204f4	watch_01	00:01	00:01	COM6	BC:96	66.0	-79.5
2026-04-23T13:11:31.930526	sess_69d204f4	watch_01	00:01	00:01	COM6	BC:96	83.0	-80.0
2026-04-23T13:11:31.930526	sess_69d204f4	watch_01	00:01	00:01	COM6	BC:96	93.0	-81.0
2026-04-23T13:11:31.930526	sess_69d204f4	watch_01	00:01	00:01	COM6	BC:96	85.0	-81.5
2026-04-23T13:11:31.930526	sess_69d204f4	watch_01	00:01	00:01	COM6	BC:96	54.0	-80.5
2026-04-23T13:11:31.930526	sess_69d204f4	watch_01	00:01	00:01	COM6	BC:96	59.0	-80.5
2026-04-23T13:11:31.930526	sess_69d204f4	watch_01	00:01	00:01	COM6	BC:96	60.0	-79.5
2026-04-23T13:11:31.930526	sess_69d204f4	watch_01	00:01	00:01	COM6	BC:96	60.0	-79.5
2026-04-23T13:11:31.930526	sess_69d204f4	watch_01	00:01	00:01	COM6	BC:96	64.0	-75.5
2026-04-23T13:11:31.930526	sess_69d204f4	watch_01	00:01	00:01	COM6	BC:96	66.0	-76.5
2026-04-23T13:11:31.930526	sess_69d204f4	watch_01	00:01	00:01	COM6	BC:96	65.0	-76.5
2026-04-23T13:11:31.930526	sess_69d204f4	watch_01	00:01	00:01	COM6	BC:96	65.0	-76.0
2026-04-23T13:11:31.930526	sess_69d204f4	watch_01	00:01	00:01	COM6	BC:96	64.0	-78.5
2026-04-23T13:11:31.930526	sess_69d204f4	watch_01	00:01	00:01	COM6	BC:96	66.0	-75.5
2026-04-23T13:11:31.930526	sess_69d204f4	watch_01	00:01	00:01	COM6	BC:96	66.0	-74.5
2026-04-23T13:11:31.930526	sess_69d204f4	watch_01	00:01	00:01	COM6	BC:96	63.0	-78.0
2026-04-23T13:11:31.930526	sess_69d204f4	watch_01	00:01	00:01	COM6	BC:96	64.0	-76.0
2026-04-23T13:11:31.930526	sess_69d204f4	watch_01	00:01	00:01	COM6	BC:96	63.0	-77.0
2026-04-23T13:11:31.930526	sess_69d204f4	watch_01	00:01	00:01	COM6	BC:96	61.0	-75.5
2026-04-23T13:11:31.930526	sess_69d204f4	watch_01	00:01	00:01	COM6	BC:96	58.0	-74.5
2026-04-23T13:11:31.930526	sess_69d204f4	watch_01	00:01	00:01	COM6	BC:96	64.0	-75.0
2026-04-23T13:11:31.930526	sess_69d204f4	watch_01	00:01	00:01	COM6	BC:96	61.0	-75.0
2026-04-23T13:11:31.930526	sess_69d204f4	watch_01	00:01	00:01	COM6	BC:96	59.0	-76.5
2026-04-23T13:11:31.930526	sess_69d204f4	watch_01	00:01	00:01	COM6	BC:96	60.0	-76.0
2026-04-23T13:11:31.930526	sess_69d204f4	watch_01	00:01	00:01	COM6	BC:96	63.0	-74.5
2026-04-23T13:11:31.930526	sess_69d204f4	watch_01	00:01	00:01	COM6	BC:96	64.0	-74.5
2026-04-23T13:11:31.930526	sess_69d204f4	watch_01	00:01	00:01	COM6	BC:96	63.0	-76.0
2026-04-23T13:11:31.930526	sess_69d204f4	watch_01	00:01	00:01	COM6	BC:96	59.0	-75.0
2026-04-23T13:11:31.930526	sess_69d204f4	watch_01	00:01	00:01	COM6	BC:96	63.0	-76.0
2026-04-23T13:11:31.930526	sess_69d204f4	watch_01	00:01	00:01	COM6	BC:96	61.0	-77.0
2026-04-23T13:11:31.930526	sess_69d204f4	watch_01	00:01	00:01	COM6	BC:96	60.0	-76.5
2026-04-23T13:11:31.930526	sess_69d204f4	watch_01	00:01	00:01	COM6	BC:96	60.0	-79.0
2026-04-23T13:11:31.930526	sess_69d204f4	watch_01	00:01	00:01	COM6	BC:96	57.0	-79.0
2026-04-23T13:11:31.930526	sess_69d204f4	watch_01	00:01	00:01	COM6	BC:96	57.0	-79.0
2026-04-23T13:11:31.930526	sess_69d204f4	watch_01	00:01	00:01	COM6	BC:96	55.0	-81.0
2026-04-23T13:11:31.930526	sess_69d204f4	watch_01	00:01	00:01	COM6	BC:96	58.0	-79.0
2026-04-23T13:11:31.930526	sess_69d204f4	watch_01	00:01	00:01	COM6	BC:96	54.0	-81.0
2026-04-23T13:11:31.930526	sess_69d204f4	watch_01	00:01	00:01	COM6	BC:96	58.0	-81.0
2026-04-23T13:11:31.930526	sess_69d204f4	watch_01	00:01	00:01	COM6	BC:96	59.0	-78.0
2026-04-23T13:11:31.930526	sess_69d204f4	watch_01	00:01	00:01	COM6	BC:96	58.0	-77.5
2026-04-23T13:11:31.930526	sess_69d204f4	watch_01	00:01	00:01	COM6	BC:96	58.0	-77.5
2026-04-23T13:11:31.930526	sess_69d204f4	watch_01	00:01	00:01	COM6	BC:96	57.0	-81.0
2026-04-23T13:11:31.930526	sess_69d204f4	watch_01	00:01	00:01	COM6	BC:96	60.0	-80.0
2026-04-23T13:11:31.930526	sess_69d204f4	watch_01	00:01	00:01	COM6	BC:96	56.0	-81.0
2026-04-23T13:11:31.930526	sess_69d204f4	watch_01	00:01	00:01	COM6	BC:96	57.0	-81.5
2026-04-23T13:11:31.930526	sess_69d204f4	watch_01	00:01	00:01	COM6	BC:96	58.0	-80.5
2026-04-23T13:11:31.930526	sess_69d204f4	watch_01	00:01	00:01	COM6	BC:96	57.0	-79.5
2026-04-23T13:11:31.930526	sess_69d204f4	watch_01	00:01	00:01	COM6	BC:96	57.0	-80.0
2026-04-23T13:11:31.930526	sess_69d204f4	watch_01	00:01	00:01	COM6	BC:96	59.0	-79.5
2026-04-23T13:11:31.930526	sess_69d204f4	watch_01	00:01	00:01	COM6	BC:96	60.0	-80.0
2026-04-23T13:11:31.930526	sess_69d204f4	watch_01	00:01	00:01	COM6	BC:96	60.0	-81.0
2026-04-23T13:11:31.930526	sess_69d204f4	watch_01	00:01	00:01	COM6	BC:96	61.0	-80.0
2026-04-23T13:11:31.930526	sess_69d204f4	watch_01	00:01	00:01	COM6	BC:96	60.0	-80.0
2026-04-23T13:11:31.930526	sess_69d204f4	watch_01	00:01	00:01	COM6	BC:96	59.0	-80.5
2026-04-23T13:11:31.930526	sess_69d204f4	watch_01	00:01	00:01	COM6	BC:96	61.0	-80.5
2026-04-23T13:11:31.930526	sess_69d204f4	watch_01	00:01	00:01	COM6	BC:96	60.0	-81.0
2026-04-23T13:11:31.930526	sess_69d204f4	watch_01	00:01	00:01	COM6	BC:96	62.0	-81.0
2026-04-23T13:11:31.930526	sess_69d204f4	watch_01	00:01	00:01	COM6	BC:96	60.0	-81.0
2026-04-23T13:11:31.930526	sess_69d204f4	watch_01	00:01	00:01	COM6	BC:96	60.0	-80.5
2026-04-23T13:11:31.930526	sess_69d204f4	watch_01	00:01	00:01	COM6	BC:96	63.0	-81.0
2026-04-23T13:11:31.930526	sess_69d204f4	watch_01	00:01	00:01	COM6	BC:96	61.0	-78.0
2026-04-23T13:11:31.930526	sess_69d204f4	watch_01	00:01	00:01	COM6	BC:96	64.0	-79.0
2026-04-23T13:11:31.930526	sess_69d204f4	watch_01	00:01	00:01	COM6	BC:96	63.0	-78.0
2026-04-23T13:11:31.930526	sess_69d204f4	watch_01	00:01	00:01	COM6	BC:96	64.0	-82.0
2026-04-23T13:11:31.930526	sess_69d204f4	watch_01	00:01	00:01	COM6	BC:96	68.0	-83.0
2026-04-23T13:11:31.930526	sess_69d204f4	watch_01	00:01	00:01	COM6	BC:96	71.0	-85.5
2026-04-23T13:11:31.930526	sess_69d204f4	watch_01	00:01	00:01	COM6	BC:96	61.0	-84.0
2026-04-23T13:11:31.930526	sess_69d204f4	watch_01	00:01	00:01	COM6	BC:96	50.0	-82.5
2026-04-23T13:11:31.930526	sess_69d204f4	watch_01	00:01	00:01	COM6	BC:96	59.0	-83.5
2026-04-23T13:11:31.930526	sess_69d204f4	watch_01	00:01	00:01	COM6	BC:96	62.0	-83.5
2026-04-23T13:11:31.930526	sess_69d204f4	watch_01	00:01	00:01	COM6	BC:96	59.0	-83.5
2026-04-23T13:11:42.929388	sess_22ba54c4	watch_01	00:01	00:01	COM6	73:FE	50.0	-84.5
2026-04-23T13:11:42.929388	sess_22ba54c4	watch_01	00:01	00:01	COM6	73:FE	48.0	-84.0
2026-04-23T13:11:42.929388	sess_22ba54c4	watch_01	00:01	00:01	COM6	73:FE	45.0	-84.0
2026-04-23T13:11:42.929388	sess_22ba54c4	watch_01	00:01	00:01	COM6	73:FE	49.0	-84.0
2026-04-23T13:11:42.929388	sess_22ba54c4	watch_01	00:01	00:01	COM6	73:FE	51.0	-84.0
2026-04-23T13:11:42.929388	sess_22ba54c4	watch_01	00:01	00:01	COM6	73:FE	47.0	-84.0
2026-04-23T13:11:42.929388	sess_22ba54c4	watch_01	00:01	00:01	COM6	73:FE	49.0	-84.5
2026-04-23T13:11:42.929388	sess_22ba54c4	watch_01	00:01	00:01	COM6	73:FE	45.0	-84.0
2026-04-23T13:11:42.929388	sess_22ba54c4	watch_01	00:01	00:01	COM6	73:FE	49.0	-83.5
2026-04-23T13:11:42.929388	sess_22ba54c4	watch_01	00:01	00:01	COM6	73:FE	48.0	-84.0
2026-04-23T13:11:42.929388	sess_22ba54c4	watch_01	00:01	00:01	COM6	73:FE	46.0	-84.0
2026-04-23T13:11:42.929388	sess_22ba54c4	watch_01	00:01	00:01	COM6	73:FE	48.0	-84.0
2026-04-23T13:11:42.929388	sess_22ba54c4	watch_01	00:01	00:01	COM6	73:FE	48.0	-84.0
2026-04-23T13:11:42.929388	sess_22ba54c4	watch_01	00:01	00:01	COM6	73:FE	37.0	-83.5
2026-04-23T13:11:42.929388	sess_22ba54c4	watch_01	00:01	00:01	COM6	73:FE	49.0	-84.0
2026-04-23T13:11:42.929388	sess_22ba54c4	watch_01	00:01	00:01	COM6	73:FE	53.0	-84.5
2026-04-23T13:11:42.929388	sess_22ba54c4	watch_01	00:01	00:01	COM6	73:FE	61.0	-84.0
2026-04-23T13:11:42.929388	sess_22ba54c4	watch_01	00:01	00:01	COM6	73:FE	61.0	-83.0
2026-04-23T13:11:42.929388	sess_22ba54c4	watch_01	00:01	00:01	COM6	73:FE	67.0	-82.0
2026-04-23T13:11:42.929388	sess_22ba54c4	watch_01	00:01	00:01	COM6	73:FE	63.0	-80.0
2026-04-23T13:11:42.929388	sess_22ba54c4	watch_01	00:01	00:01	COM6	73:FE	65.0	-82.0
2026-04-23T13:11:42.929388	sess_22ba54c4	watch_01	00:01	00:01	COM6	73:FE	60.0	-79.5
2026-04-23T13:11:42.929388	sess_22ba54c4	watch_01	00:01	00:01	COM6	73:FE	67.0	-72.0
2026-04-23T13:11:42.929388	sess_22ba54c4	watch_01	00:01	00:01	COM6	73:FE	61.0	-72.0
2026-04-23T13:11:42.929388	sess_22ba54c4	watch_01	00:01	00:01	COM6	73:FE	54.0	-72.0
2026-04-23T13:11:42.929388	sess_22ba54c4	watch_01	00:01	00:01	COM6	73:FE	56.0	-69.5
2026-04-23T13:11:42.929388	sess_22ba54c4	watch_01	00:01	00:01	COM6	73:FE	53.0	-69.5
2026-04-23T13:11:42.929388	sess_22ba54c4	watch_01	00:01	00:01	COM6	73:FE	58.0	-69.0
2026-04-23T13:11:42.929388	sess_22ba54c4	watch_01	00:01	00:01	COM6	73:FE	72.0	-80.0
2026-04-23T13:11:42.929388	sess_22ba54c4	watch_01	00:01	00:01	COM6	73:FE	86.0	-77.5
2026-04-23T13:11:42.929388	sess_22ba54c4	watch_01	00:01	00:01	COM6	73:FE	105.0	-79.0
2026-04-23T13:11:42.929388	sess_22ba54c4	watch_01	00:01	00:01	COM6	73:FE	61.0	-83.0
2026-04-23T13:11:42.929388	sess_22ba54c4	watch_01	00:01	00:01	COM6	73:FE	81.0	-81.5
2026-04-23T13:11:42.929388	sess_22ba54c4	watch_01	00:01	00:01	COM6	73:FE	83.0	-79.5
2026-04-23T13:11:42.929388	sess_22ba54c4	watch_01	00:01	00:01	COM6	73:FE	77.0	-81.0
2026-04-23T13:11:42.929388	sess_22ba54c4	watch_01	00:01	00:01	COM6	73:FE	78.0	-81.0
2026-04-23T13:11:42.929388	sess_22ba54c4	watch_01	00:01	00:01	COM6	73:FE	84.0	-79.0
2026-04-23T13:11:42.929388	sess_22ba54c4	watch_01	00:01	00:01	COM6	73:FE	82.0	-78.5
2026-04-23T13:11:42.929388	sess_22ba54c4	watch_01	00:01	00:01	COM6	73:FE	78.0	-76.5
2026-04-23T13:11:42.929388	sess_22ba54c4	watch_01	00:01	00:01	COM6	73:FE	80.0	-75.5
2026-04-23T13:11:42.929388	sess_22ba54c4	watch_01	00:01	00:01	COM6	73:FE	79.0	-74.5
2026-04-23T13:11:42.929388	sess_22ba54c4	watch_01	00:01	00:01	COM6	73:FE	87.0	-75.0
2026-04-23T13:11:42.929388	sess_22ba54c4	watch_01	00:01	00:01	COM6	73:FE	81.0	-77.0
2026-04-23T13:11:42.929388	sess_22ba54c4	watch_01	00:01	00:01	COM6	73:FE	76.0	-79.0
2026-04-23T13:11:42.929388	sess_22ba54c4	watch_01	00:01	00:01	COM6	73:FE	78.0	-75.0
2026-04-23T13:11:42.929388	sess_22ba54c4	watch_01	00:01	00:01	COM6	73:FE	83.0	-77.5
2026-04-23T13:11:42.929388	sess_22ba54c4	watch_01	00:01	00:01	COM6	73:FE	84.0	-75.5
2026-04-23T13:11:42.929388	sess_22ba54c4	watch_01	00:01	00:01	COM6	73:FE	88.0	-74.5
2026-04-23T13:11:42.929388	sess_22ba54c4	watch_01	00:01	00:01	COM6	73:FE	80.0	-76.0
2026-04-23T13:11:42.929388	sess_22ba54c4	watch_01	00:01	00:01	COM6	73:FE	80.0	-76.5
2026-04-23T13:11:42.929388	sess_22ba54c4	watch_01	00:01	00:01	COM6	73:FE	85.0	-76.0
2026-04-23T13:11:42.929388	sess_22ba54c4	watch_01	00:01	00:01	COM6	73:FE	87.0	-76.0
2026-04-23T13:11:42.929388	sess_22ba54c4	watch_01	00:01	00:01	COM6	73:FE	108.0	-79.5
2026-04-23T13:11:42.929388	sess_22ba54c4	watch_01	00:01	00:01	COM6	73:FE	141.0	-80.0
2026-04-23T13:11:42.929388	sess_22ba54c4	watch_01	00:01	00:01	COM6	73:FE	94.0	-82.0
2026-04-23T13:11:42.929388	sess_22ba54c4	watch_01	00:01	00:01	COM6	73:FE	99.0	-81.0
2026-04-23T13:11:42.929388	sess_22ba54c4	watch_01	00:01	00:01	COM6	73:FE	122.0	-82.5
2026-04-23T13:11:42.929388	sess_22ba54c4	watch_01	00:01	00:01	COM6	73:FE	71.0	-82.5
2026-04-23T13:11:42.929388	sess_22ba54c4	watch_01	00:01	00:01	COM6	73:FE	84.0	-81.5
2026-04-23T13:11:42.929388	sess_22ba54c4	watch_01	00:01	00:01	COM6	73:FE	87.0	-81.5
2026-04-23T13:11:42.929388	sess_22ba54c4	watch_01	00:01	00:01	COM6	73:FE	105.0	-81.5
2026-04-23T13:11:42.929388	sess_22ba54c4	watch_01	00:01	00:01	COM6	73:FE	72.0	-83.0
2026-04-23T13:11:42.929388	sess_22ba54c4	watch_01	00:01	00:01	COM6	73:FE	87.0	-82.0
2026-04-23T13:11:42.929388	sess_22ba54c4	watch_01	00:01	00:01	COM6	73:FE	97.0	-82.5
2026-04-23T13:11:42.929388	sess_22ba54c4	watch_01	00:01	00:01	COM6	73:FE	102.0	-84.0
2026-04-23T13:11:42.929388	sess_22ba54c4	watch_01	00:01	00:01	COM6	73:FE	81.0	-85.5
2026-04-23T13:11:42.929388	sess_22ba54c4	watch_01	00:01	00:01	COM6	73:FE	86.0	-84.0
2026-04-23T13:11:42.929388	sess_22ba54c4	watch_01	00:01	00:01	COM6	73:FE	90.0	-83.5
2026-04-23T13:11:42.929388	sess_22ba54c4	watch_01	00:01	00:01	COM6	73:FE	81.0	-83.0
2026-04-23T13:11:42.929388	sess_22ba54c4	watch_01	00:01	00:01	COM6	73:FE	88.0	-81.5
2026-04-23T13:11:42.929388	sess_22ba54c4	watch_01	00:01	00:01	COM6	73:FE	85.0	-83.5
2026-04-23T13:11:42.929388	sess_22ba54c4	watch_01	00:01	00:01	COM6	73:FE	126.0	-82.0
2026-04-23T13:11:42.929388	sess_22ba54c4	watch_01	00:01	00:01	COM6	73:FE	115.0	-80.5
2026-04-23T13:11:42.929388	sess_22ba54c4	watch_01	00:01	00:01	COM6	73:FE	104.0	-83.0
2026-04-23T13:11:42.929388	sess_22ba54c4	watch_01	00:01	00:01	COM6	73:FE	88.0	-86.0
2026-04-23T13:11:42.929388	sess_22ba54c4	watch_01	00:01	00:01	COM6	73:FE	94.0	-83.0
2026-04-23T13:11:42.929388	sess_22ba54c4	watch_01	00:01	00:01	COM6	73:FE	76.0	-83.5
2026-04-23T13:11:42.929388	sess_22ba54c4	watch_01	00:01	00:01	COM6	73:FE	103.0	-79.0
2026-04-23T13:11:42.929388	sess_22ba54c4	watch_01	00:01	00:01	COM6	73:FE	103.0	-78.5
2026-04-23T13:11:53.845630	sess_a80abd7c	watch_01	00:01	00:01	COM6	55:18	122.0	-78.0
2026-04-23T13:11:53.845630	sess_a80abd7c	watch_01	00:01	00:01	COM6	55:18	77.0	-83.5
2026-04-23T13:11:53.845630	sess_a80abd7c	watch_01	00:01	00:01	COM6	55:18	119.0	-82.5
2026-04-23T13:11:53.845630	sess_a80abd7c	watch_01	00:01	00:01	COM6	55:18	122.0	-77.5
2026-04-23T13:11:53.845630	sess_a80abd7c	watch_01	00:01	00:01	COM6	55:18	79.0	-76.5
2026-04-23T13:11:53.845630	sess_a80abd7c	watch_01	00:01	00:01	COM6	55:18	126.0	-81.0
2026-04-23T13:11:53.845630	sess_a80abd7c	watch_01	00:01	00:01	COM6	55:18	80.0	-80.0
2026-04-23T13:11:53.845630	sess_a80abd7c	watch_01	00:01	00:01	COM6	55:18	109.0	-79.5
2026-04-23T13:11:53.845630	sess_a80abd7c	watch_01	00:01	00:01	COM6	55:18	90.0	-80.5
2026-04-23T13:11:53.845630	sess_a80abd7c	watch_01	00:01	00:01	COM6	55:18	97.0	-81.5
2026-04-23T13:11:53.845630	sess_a80abd7c	watch_01	00:01	00:01	COM6	55:18	92.0	-81.5
2026-04-23T13:11:53.845630	sess_a80abd7c	watch_01	00:01	00:01	COM6	55:18	78.0	-81.5
2026-04-23T13:11:53.845630	sess_a80abd7c	watch_01	00:01	00:01	COM6	55:18	86.0	-81.5
2026-04-23T13:11:53.845630	sess_a80abd7c	watch_01	00:01	00:01	COM6	55:18	64.0	-79.5
2026-04-23T13:11:53.845630	sess_a80abd7c	watch_01	00:01	00:01	COM6	55:18	63.0	-77.5
2026-04-23T13:11:53.845630	sess_a80abd7c	watch_01	00:01	00:01	COM6	55:18	68.0	-81.5
2026-04-23T13:11:53.845630	sess_a80abd7c	watch_01	00:01	00:01	COM6	55:18	68.0	-81.0
2026-04-23T13:11:53.845630	sess_a80abd7c	watch_01	00:01	00:01	COM6	55:18	70.0	-78.0
2026-04-23T13:11:53.845630	sess_a80abd7c	watch_01	00:01	00:01	COM6	55:18	72.0	-79.5
2026-04-23T13:11:53.845630	sess_a80abd7c	watch_01	00:01	00:01	COM6	55:18	75.0	-77.0
2026-04-23T13:11:53.845630	sess_a80abd7c	watch_01	00:01	00:01	COM6	55:18	78.0	-78.5
2026-04-23T13:11:53.845630	sess_a80abd7c	watch_01	00:01	00:01	COM6	55:18	79.0	-79.0
2026-04-23T13:11:53.845630	sess_a80abd7c	watch_01	00:01	00:01	COM6	55:18	74.0	-79.0
2026-04-23T13:11:53.845630	sess_a80abd7c	watch_01	00:01	00:01	COM6	55:18	68.0	-80.5
2026-04-23T13:11:53.845630	sess_a80abd7c	watch_01	00:01	00:01	COM6	55:18	65.0	-81.0
2026-04-23T13:11:53.845630	sess_a80abd7c	watch_01	00:01	00:01	COM6	55:18	93.0	-78.0
2026-04-23T13:11:53.845630	sess_a80abd7c	watch_01	00:01	00:01	COM6	55:18	85.0	-79.5
2026-04-23T13:11:53.845630	sess_a80abd7c	watch_01	00:01	00:01	COM6	55:18	81.0	-77.0
2026-04-23T13:11:53.845630	sess_a80abd7c	watch_01	00:01	00:01	COM6	55:18	74.0	-78.5
2026-04-23T13:11:53.845630	sess_a80abd7c	watch_01	00:01	00:01	COM6	55:18	78.0	-83.0
2026-04-23T13:11:53.845630	sess_a80abd7c	watch_01	00:01	00:01	COM6	55:18	142.0	-81.0
2026-04-23T13:11:53.845630	sess_a80abd7c	watch_01	00:01	00:01	COM6	55:18	126.0	-80.0
2026-04-23T13:11:53.845630	sess_a80abd7c	watch_01	00:01	00:01	COM6	55:18	122.0	-77.5
2026-04-23T13:11:53.845630	sess_a80abd7c	watch_01	00:01	00:01	COM6	55:18	132.0	-78.0
2026-04-23T13:11:53.845630	sess_a80abd7c	watch_01	00:01	00:01	COM6	55:18	134.0	-77.5
2026-04-23T13:11:53.845630	sess_a80abd7c	watch_01	00:01	00:01	COM6	55:18	129.0	-77.5
2026-04-23T13:11:53.845630	sess_a80abd7c	watch_01	00:01	00:01	COM6	55:18	117.0	-78.5
2026-04-23T13:11:53.845630	sess_a80abd7c	watch_01	00:01	00:01	COM6	55:18	116.0	-78.0
2026-04-23T13:11:53.845630	sess_a80abd7c	watch_01	00:01	00:01	COM6	55:18	112.0	-78.0
2026-04-23T13:11:53.845630	sess_a80abd7c	watch_01	00:01	00:01	COM6	55:18	107.0	-78.5
2026-04-23T13:11:53.845630	sess_a80abd7c	watch_01	00:01	00:01	COM6	55:18	109.0	-77.0
2026-04-23T13:11:53.845630	sess_a80abd7c	watch_01	00:01	00:01	COM6	55:18	112.0	-79.5
2026-04-23T13:11:53.845630	sess_a80abd7c	watch_01	00:01	00:01	COM6	55:18	106.0	-77.5
2026-04-23T13:11:53.845630	sess_a80abd7c	watch_01	00:01	00:01	COM6	55:18	107.0	-78.5
2026-04-23T13:11:53.845630	sess_a80abd7c	watch_01	00:01	00:01	COM6	55:18	50.0	-82.5
2026-04-23T13:11:53.845630	sess_a80abd7c	watch_01	00:01	00:01	COM6	55:18	114.0	-81.0
2026-04-23T13:11:53.845630	sess_a80abd7c	watch_01	00:01	00:01	COM6	55:18	78.0	-82.0
2026-04-23T13:11:53.845630	sess_a80abd7c	watch_01	00:01	00:01	COM6	55:18	92.0	-81.5
2026-04-23T13:11:53.845630	sess_a80abd7c	watch_01	00:01	00:01	COM6	55:18	123.0	-79.0
2026-04-23T13:11:53.845630	sess_a80abd7c	watch_01	00:01	00:01	COM6	55:18	52.0	-80.5
2026-04-23T13:11:53.845630	sess_a80abd7c	watch_01	00:01	00:01	COM6	55:18	135.0	-80.0
2026-04-23T13:11:53.845630	sess_a80abd7c	watch_01	00:01	00:01	COM6	55:18	116.0	-79.5
2026-04-23T13:11:53.845630	sess_a80abd7c	watch_01	00:01	00:01	COM6	55:18	59.0	-82.0
2026-04-23T13:11:53.845630	sess_a80abd7c	watch_01	00:01	00:01	COM6	55:18	82.0	-82.0
2026-04-23T13:11:53.845630	sess_a80abd7c	watch_01	00:01	00:01	COM6	55:18	62.0	-82.0
2026-04-23T13:11:53.845630	sess_a80abd7c	watch_01	00:01	00:01	COM6	55:18	63.0	-82.0
2026-04-23T13:11:53.845630	sess_a80abd7c	watch_01	00:01	00:01	COM6	55:18	65.0	-82.0
2026-04-23T13:11:53.845630	sess_a80abd7c	watch_01	00:01	00:01	COM6	55:18	53.0	-82.0
2026-04-23T13:11:53.845630	sess_a80abd7c	watch_01	00:01	00:01	COM6	55:18	98.0	-81.0
2026-04-23T13:11:53.845630	sess_a80abd7c	watch_01	00:01	00:01	COM6	55:18	107.0	-80.5
2026-04-23T13:11:53.845630	sess_a80abd7c	watch_01	00:01	00:01	COM6	55:18	85.0	-80.5
2026-04-23T13:11:53.845630	sess_a80abd7c	watch_01	00:01	00:01	COM6	55:18	90.0	-80.0
2026-04-23T13:11:53.845630	sess_a80abd7c	watch_01	00:01	00:01	COM6	55:18	89.0	-80.0
2026-04-23T13:11:53.845630	sess_a80abd7c	watch_01	00:01	00:01	COM6	55:18	117.0	-80.0
2026-04-23T13:11:53.845630	sess_a80abd7c	watch_01	00:01	00:01	COM6	55:18	81.0	-81.5
2026-04-23T13:11:53.845630	sess_a80abd7c	watch_01	00:01	00:01	COM6	55:18	56.0	-84.5
2026-04-23T13:11:53.845630	sess_a80abd7c	watch_01	00:01	00:01	COM6	55:18	74.0	-79.5
2026-04-23T13:11:53.845630	sess_a80abd7c	watch_01	00:01	00:01	COM6	55:18	77.0	-79.5
2026-04-23T13:11:53.845630	sess_a80abd7c	watch_01	00:01	00:01	COM6	55:18	76.0	-80.5
2026-04-23T13:11:53.845630	sess_a80abd7c	watch_01	00:01	00:01	COM6	55:18	90.0	-80.0
2026-04-23T13:11:53.845630	sess_a80abd7c	watch_01	00:01	00:01	COM6	55:18	84.0	-79.0
2026-04-23T13:11:53.845630	sess_a80abd7c	watch_01	00:01	00:01	COM6	55:18	88.0	-80.5
2026-04-23T13:11:53.845630	sess_a80abd7c	watch_01	00:01	00:01	COM6	55:18	103.0	-83.5
2026-04-23T13:11:53.845630	sess_a80abd7c	watch_01	00:01	00:01	COM6	55:18	131.0	-83.5
2026-04-23T13:11:53.845630	sess_a80abd7c	watch_01	00:01	00:01	COM6	55:18	80.0	-83.5
2026-04-23T13:11:53.845630	sess_a80abd7c	watch_01	00:01	00:01	COM6	55:18	92.0	-83.0
2026-04-23T13:11:53.845630	sess_a80abd7c	watch_01	00:01	00:01	COM6	55:18	98.0	-82.0
2026-04-23T13:11:53.845630	sess_a80abd7c	watch_01	00:01	00:01	COM6	55:18	89.0	-81.0
2026-04-23T13:11:53.845630	sess_a80abd7c	watch_01	00:01	00:01	COM6	55:18	96.0	-80.0
2026-04-23T13:12:02.096779	sess_c594d99b	watch_01	00:01	00:01	COM6	58:AA	83.0	-82.0
2026-04-23T13:12:02.096779	sess_c594d99b	watch_01	00:01	00:01	COM6	58:AA	82.0	-82.0
2026-04-23T13:12:02.096779	sess_c594d99b	watch_01	00:01	00:01	COM6	58:AA	81.0	-82.0
2026-04-23T13:12:02.096779	sess_c594d99b	watch_01	00:01	00:01	COM6	58:AA	123.0	-82.0
2026-04-23T13:12:02.096779	sess_c594d99b	watch_01	00:01	00:01	COM6	58:AA	82.0	-82.0
2026-04-23T13:12:02.096779	sess_c594d99b	watch_01	00:01	00:01	COM6	58:AA	82.0	-82.0
2026-04-23T13:12:02.096779	sess_c594d99b	watch_01	00:01	00:01	COM6	58:AA	84.0	-81.5
2026-04-23T13:12:02.096779	sess_c594d99b	watch_01	00:01	00:01	COM6	58:AA	81.0	-82.0
2026-04-23T13:12:02.096779	sess_c594d99b	watch_01	00:01	00:01	COM6	58:AA	82.0	-82.0
2026-04-23T13:12:02.096779	sess_c594d99b	watch_01	00:01	00:01	COM6	58:AA	84.0	-82.0
2026-04-23T13:12:02.096779	sess_c594d99b	watch_01	00:01	00:01	COM6	58:AA	83.0	-82.0
2026-04-23T13:12:02.096779	sess_c594d99b	watch_01	00:01	00:01	COM6	58:AA	83.0	-82.0
2026-04-23T13:12:02.096779	sess_c594d99b	watch_01	00:01	00:01	COM6	58:AA	83.0	-81.5
2026-04-23T13:12:02.096779	sess_c594d99b	watch_01	00:01	00:01	COM6	58:AA	84.0	-82.0
2026-04-23T13:12:02.096779	sess_c594d99b	watch_01	00:01	00:01	COM6	58:AA	85.0	-81.5
2026-04-23T13:12:02.096779	sess_c594d99b	watch_01	00:01	00:01	COM6	58:AA	81.0	-78.0
2026-04-23T13:12:02.096779	sess_c594d99b	watch_01	00:01	00:01	COM6	58:AA	79.0	-78.5
2026-04-23T13:12:02.096779	sess_c594d99b	watch_01	00:01	00:01	COM6	58:AA	76.0	-77.5
2026-04-23T13:12:02.096779	sess_c594d99b	watch_01	00:01	00:01	COM6	58:AA	77.0	-76.0
2026-04-23T13:12:02.096779	sess_c594d99b	watch_01	00:01	00:01	COM6	58:AA	84.0	-77.5
2026-04-23T13:12:02.096779	sess_c594d99b	watch_01	00:01	00:01	COM6	58:AA	78.0	-78.0
2026-04-23T13:12:02.096779	sess_c594d99b	watch_01	00:01	00:01	COM6	58:AA	75.0	-79.5
2026-04-23T13:12:02.096779	sess_c594d99b	watch_01	00:01	00:01	COM6	58:AA	81.0	-80.5
2026-04-23T13:12:02.096779	sess_c594d99b	watch_01	00:01	00:01	COM6	58:AA	74.0	-81.5
2026-04-23T13:12:02.096779	sess_c594d99b	watch_01	00:01	00:01	COM6	58:AA	78.0	-80.0
2026-04-23T13:12:02.096779	sess_c594d99b	watch_01	00:01	00:01	COM6	58:AA	75.0	-79.5
2026-04-23T13:12:02.096779	sess_c594d99b	watch_01	00:01	00:01	COM6	58:AA	71.0	-79.5
2026-04-23T13:12:02.096779	sess_c594d99b	watch_01	00:01	00:01	COM6	58:AA	75.0	-81.0
2026-04-23T13:12:02.096779	sess_c594d99b	watch_01	00:01	00:01	COM6	58:AA	75.0	-82.5
2026-04-23T13:12:02.096779	sess_c594d99b	watch_01	00:01	00:01	COM6	58:AA	65.0	-84.5
2026-04-23T13:12:02.096779	sess_c594d99b	watch_01	00:01	00:01	COM6	58:AA	56.0	-82.0
2026-04-23T13:12:02.096779	sess_c594d99b	watch_01	00:01	00:01	COM6	58:AA	64.0	-81.5
2026-04-23T13:12:02.096779	sess_c594d99b	watch_01	00:01	00:01	COM6	58:AA	71.0	-79.0
2026-04-23T13:12:02.096779	sess_c594d99b	watch_01	00:01	00:01	COM6	58:AA	64.0	-80.0
2026-04-23T13:12:02.096779	sess_c594d99b	watch_01	00:01	00:01	COM6	58:AA	60.0	-75.5
2026-04-23T13:12:02.096779	sess_c594d99b	watch_01	00:01	00:01	COM6	58:AA	61.0	-73.0
2026-04-23T13:12:02.096779	sess_c594d99b	watch_01	00:01	00:01	COM6	58:AA	58.0	-74.0
2026-04-23T13:12:02.096779	sess_c594d99b	watch_01	00:01	00:01	COM6	58:AA	57.0	-75.5
2026-04-23T13:12:02.096779	sess_c594d99b	watch_01	00:01	00:01	COM6	58:AA	60.0	-75.0
2026-04-23T13:12:02.096779	sess_c594d99b	watch_01	00:01	00:01	COM6	58:AA	61.0	-74.5
2026-04-23T13:12:02.096779	sess_c594d99b	watch_01	00:01	00:01	COM6	58:AA	62.0	-74.0
2026-04-23T13:12:02.096779	sess_c594d99b	watch_01	00:01	00:01	COM6	58:AA	61.0	-78.0
2026-04-23T13:12:02.096779	sess_c594d99b	watch_01	00:01	00:01	COM6	58:AA	94.0	-81.5
2026-04-23T13:12:02.096779	sess_c594d99b	watch_01	00:01	00:01	COM6	58:AA	71.0	-83.0
2026-04-23T13:12:02.096779	sess_c594d99b	watch_01	00:01	00:01	COM6	58:AA	106.0	-84.0
2026-04-23T13:12:02.096779	sess_c594d99b	watch_01	00:01	00:01	COM6	58:AA	104.0	-82.0
2026-04-23T13:12:02.096779	sess_c594d99b	watch_01	00:01	00:01	COM6	58:AA	85.0	-84.5
2026-04-23T13:12:02.096779	sess_c594d99b	watch_01	00:01	00:01	COM6	58:AA	99.0	-84.5
2026-04-23T13:12:02.096779	sess_c594d99b	watch_01	00:01	00:01	COM6	58:AA	105.0	-85.5
2026-04-23T13:12:02.096779	sess_c594d99b	watch_01	00:01	00:01	COM6	58:AA	91.0	-85.5
2026-04-23T13:12:02.096779	sess_c594d99b	watch_01	00:01	00:01	COM6	58:AA	92.0	-87.0
2026-04-23T13:12:02.096779	sess_c594d99b	watch_01	00:01	00:01	COM6	58:AA	92.0	-86.5
2026-04-23T13:12:02.096779	sess_c594d99b	watch_01	00:01	00:01	COM6	58:AA	97.0	-84.5
2026-04-23T13:12:02.096779	sess_c594d99b	watch_01	00:01	00:01	COM6	58:AA	105.0	-84.0
2026-04-23T13:12:02.096779	sess_c594d99b	watch_01	00:01	00:01	COM6	58:AA	60.0	-83.5
2026-04-23T13:12:02.096779	sess_c594d99b	watch_01	00:01	00:01	COM6	58:AA	67.0	-84.5
2026-04-23T13:12:02.096779	sess_c594d99b	watch_01	00:01	00:01	COM6	58:AA	77.0	-85.5
2026-04-23T13:12:02.096779	sess_c594d99b	watch_01	00:01	00:01	COM6	58:AA	117.0	-85.5
2026-04-23T13:12:02.096779	sess_c594d99b	watch_01	00:01	00:01	COM6	58:AA	68.0	-84.0
2026-04-23T13:12:02.096779	sess_c594d99b	watch_01	00:01	00:01	COM6	58:AA	71.0	-83.0
2026-04-23T13:12:02.096779	sess_c594d99b	watch_01	00:01	00:01	COM6	58:AA	73.0	-83.0
