timestamp	distance_cm	rssi_dbm
2025-07-13T01:02:22.353598	337.0	-82.0
2025-07-13T01:02:22.353676	336.0	-82.0
2025-07-13T01:02:22.353703	340.0	-82.5
2025-07-13T01:02:22.353744	342.0	-82.0
2025-07-13T01:02:22.353772	345.0	-82.0
2025-07-13T01:02:22.353796	342.0	-82.0
2025-07-13T01:02:22.353819	344.0	-82.0
2025-07-13T01:02:22.353843	344.0	-82.0
2025-07-13T01:02:22.353866	346.0	-82.5
2025-07-13T01:02:22.353890	342.0	-82.5
2025-07-13T01:02:22.353914	341.0	-82.5
2025-07-13T01:02:22.353937	343.0	-81.5
2025-07-13T01:02:22.353962	343.0	-81.5
2025-07-13T01:02:22.353986	345.0	-82.0
2025-07-13T01:02:35.016264	348.0	-81.0
2025-07-13T01:02:35.016321	346.0	-80.0
2025-07-13T01:02:35.016347	343.0	-80.5
2025-07-13T01:02:35.016378	345.0	-81.0
2025-07-13T01:02:35.016404	342.0	-82.0
2025-07-13T01:02:35.016427	341.0	-81.5
2025-07-13T01:02:35.016452	341.0	-82.0
2025-07-13T01:02:35.016474	343.0	-82.0
2025-07-13T01:02:35.016496	346.0	-80.5
2025-07-13T01:02:35.016519	343.0	-82.0
2025-07-13T01:02:35.016542	345.0	-81.0
2025-07-13T01:02:35.016564	342.0	-82.0
2025-07-13T01:02:35.016586	346.0	-82.0
2025-07-13T01:02:35.016609	346.0	-81.0
2025-07-13T01:02:47.757352	347.0	-80.5
2025-07-13T01:02:47.757416	346.0	-80.5
2025-07-13T01:02:47.757443	344.0	-82.0
2025-07-13T01:02:47.757471	341.0	-80.0
2025-07-13T01:02:47.757495	346.0	-81.5
2025-07-13T01:02:47.757519	346.0	-80.5
2025-07-13T01:02:47.757543	343.0	-80.0
2025-07-13T01:02:47.757565	343.0	-81.0
2025-07-13T01:02:47.757587	341.0	-80.0
2025-07-13T01:02:47.757609	344.0	-80.5
2025-07-13T01:02:47.757632	342.0	-81.0
2025-07-13T01:02:47.757655	341.0	-80.5
2025-07-13T01:02:47.757677	341.0	-80.5
2025-07-13T01:03:00.443520	343.0	-82.0
2025-07-13T01:03:00.443577	342.0	-80.5
2025-07-13T01:03:00.443610	343.0	-80.5
2025-07-13T01:03:00.443639	342.0	-82.0
2025-07-13T01:03:00.443662	343.0	-80.5
2025-07-13T01:03:00.443687	345.0	-81.0
2025-07-13T01:03:00.443709	342.0	-81.5
2025-07-13T01:03:00.443733	340.0	-80.5
2025-07-13T01:03:00.443756	342.0	-81.0
2025-07-13T01:03:00.443779	346.0	-81.5
2025-07-13T01:03:00.443802	344.0	-81.5
2025-07-13T01:03:00.443825	343.0	-81.5
2025-07-13T01:03:00.443848	342.0	-81.5
2025-07-13T01:03:13.454158	376.0	-81.5
2025-07-13T01:03:13.454225	347.0	-80.0
2025-07-13T01:03:13.454251	326.0	-80.0
2025-07-13T01:03:13.454278	333.0	-79.5
2025-07-13T01:03:13.454303	349.0	-80.0
2025-07-13T01:03:13.454326	342.0	-80.5
2025-07-13T01:03:13.454350	323.0	-78.5
2025-07-13T01:03:13.454373	334.0	-80.0
2025-07-13T01:03:13.454396	359.0	-79.5
2025-07-13T01:03:13.454418	344.0	-79.5
2025-07-13T01:03:13.454441	342.0	-79.5
2025-07-13T01:03:13.454464	341.0	-80.0
2025-07-13T01:03:13.454487	347.0	-79.0
2025-07-13T01:04:16.184704	330.0	-83.5
2025-07-13T01:04:16.184846	332.0	-83.0
2025-07-13T01:04:16.184899	335.0	-83.0
2025-07-13T01:04:16.184949	333.0	-83.0
2025-07-13T01:04:16.185002	328.0	-83.0
2025-07-13T01:04:16.185049	332.0	-83.0
2025-07-13T01:04:16.185095	329.0	-83.0
2025-07-13T01:04:16.185144	331.0	-83.5
2025-07-13T01:04:16.185193	334.0	-83.0
2025-07-13T01:04:16.185238	332.0	-83.0
2025-07-13T01:04:16.185283	334.0	-83.5
2025-07-13T01:04:16.185330	333.0	-83.5
2025-07-13T01:04:16.185377	328.0	-83.0
2025-07-13T01:04:16.185422	329.0	-83.5
2025-07-13T01:04:44.227054	354.0	-85.0
2025-07-13T01:04:44.227130	392.0	-86.0
2025-07-13T01:04:44.227156	342.0	-83.0
2025-07-13T01:04:44.227184	341.0	-84.0
2025-07-13T01:04:44.227209	357.0	-82.5
2025-07-13T01:04:44.227250	357.0	-83.0
2025-07-13T01:04:44.227275	346.0	-80.5
2025-07-13T01:04:44.227300	358.0	-80.5
2025-07-13T01:04:44.227324	357.0	-79.5
2025-07-13T01:04:44.227348	355.0	-80.0
2025-07-13T01:04:44.227371	340.0	-81.5
2025-07-13T01:04:44.227394	349.0	-82.0
2025-07-13T01:04:44.227417	347.0	-82.5
2025-07-13T01:04:56.709499	347.0	-81.5
2025-07-13T01:04:56.709562	351.0	-81.5
2025-07-13T01:04:56.709588	352.0	-80.5
2025-07-13T01:04:56.709617	354.0	-81.0
2025-07-13T01:04:56.709640	350.0	-82.0
2025-07-13T01:04:56.709663	355.0	-81.5
2025-07-13T01:04:56.709687	354.0	-81.5
2025-07-13T01:04:56.709711	353.0	-82.0
2025-07-13T01:04:56.709734	353.0	-81.5
2025-07-13T01:04:56.709757	355.0	-82.0
2025-07-13T01:04:56.709780	353.0	-82.0
2025-07-13T01:04:56.709802	353.0	-82.0
2025-07-13T01:04:56.709824	350.0	-81.5
2025-07-13T01:05:09.314077	349.0	-82.5
2025-07-13T01:05:09.314182	349.0	-82.0
2025-07-13T01:05:09.314208	344.0	-80.5
2025-07-13T01:05:09.314233	349.0	-82.0
2025-07-13T01:05:09.314260	346.0	-82.0
2025-07-13T01:05:09.314283	347.0	-81.5
2025-07-13T01:05:09.314307	350.0	-82.0
2025-07-13T01:05:09.314330	348.0	-81.0
2025-07-13T01:05:09.314354	350.0	-82.0
2025-07-13T01:05:09.314377	346.0	-81.5
2025-07-13T01:05:09.314400	351.0	-81.0
2025-07-13T01:05:09.314423	350.0	-81.0
2025-07-13T01:05:09.314446	352.0	-81.5
2025-07-13T01:05:09.314469	350.0	-81.5
2025-07-13T01:05:22.039015	348.0	-82.5
2025-07-13T01:05:22.039079	349.0	-83.0
2025-07-13T01:05:22.039104	350.0	-83.0
2025-07-13T01:05:22.039132	344.0	-82.5
2025-07-13T01:05:22.039157	348.0	-82.5
2025-07-13T01:05:22.039180	348.0	-82.5
2025-07-13T01:05:22.039204	349.0	-82.5
2025-07-13T01:05:22.039227	348.0	-83.0
2025-07-13T01:05:22.039249	349.0	-82.5
2025-07-13T01:05:22.039273	349.0	-82.5
2025-07-13T01:05:22.039295	350.0	-82.0
2025-07-13T01:05:22.039317	348.0	-82.5
2025-07-13T01:05:22.039340	351.0	-81.5
2025-07-13T01:05:34.749662	348.0	-82.0
2025-07-13T01:05:34.749718	349.0	-81.5
2025-07-13T01:05:34.749749	353.0	-82.0
2025-07-13T01:05:34.749774	350.0	-82.0
2025-07-13T01:05:34.749801	350.0	-81.0
2025-07-13T01:05:34.749824	349.0	-82.5
2025-07-13T01:05:34.749847	350.0	-81.5
2025-07-13T01:05:34.749872	350.0	-81.0
2025-07-13T01:05:34.749895	349.0	-82.0
2025-07-13T01:05:34.749917	350.0	-82.0
2025-07-13T01:05:34.749940	348.0	-82.5
2025-07-13T01:05:34.749963	350.0	-81.5
2025-07-13T01:05:34.749986	350.0	-82.5
2025-07-13T01:05:34.750009	352.0	-82.5
2025-07-13T01:05:47.324722	351.0	-81.5
2025-07-13T01:05:47.324785	357.0	-81.5
2025-07-13T01:05:47.324812	348.0	-79.5
2025-07-13T01:05:47.324841	354.0	-80.0
2025-07-13T01:05:47.324865	351.0	-81.0
2025-07-13T01:05:47.324888	355.0	-80.0
2025-07-13T01:05:47.324910	349.0	-80.0
2025-07-13T01:05:47.324933	357.0	-81.0
2025-07-13T01:05:47.324956	345.0	-81.5
2025-07-13T01:05:47.324980	352.0	-80.0
2025-07-13T01:05:47.325003	353.0	-81.0
2025-07-13T01:05:47.325025	344.0	-81.0
2025-07-13T01:05:47.325047	348.0	-81.0
2025-07-13T01:05:59.943249	348.0	-81.0
2025-07-13T01:05:59.943305	352.0	-80.5
2025-07-13T01:05:59.943337	347.0	-79.0
2025-07-13T01:05:59.943364	344.0	-79.0
2025-07-13T01:05:59.943388	348.0	-80.5
2025-07-13T01:05:59.943412	351.0	-80.5
2025-07-13T01:05:59.943437	351.0	-80.5
2025-07-13T01:05:59.943462	349.0	-80.5
2025-07-13T01:05:59.943486	351.0	-81.0
2025-07-13T01:05:59.943509	349.0	-80.0
2025-07-13T01:05:59.943532	355.0	-80.5
2025-07-13T01:05:59.943555	350.0	-80.0
2025-07-13T01:06:12.509463	349.0	-82.0
2025-07-13T01:06:12.509519	348.0	-81.5
2025-07-13T01:06:12.509551	352.0	-82.0
2025-07-13T01:06:12.509579	353.0	-80.0
2025-07-13T01:06:12.509605	351.0	-80.0
2025-07-13T01:06:12.509628	353.0	-80.5
2025-07-13T01:06:12.509653	357.0	-80.5
2025-07-13T01:06:12.509676	352.0	-81.0
2025-07-13T01:06:12.509698	357.0	-81.0
2025-07-13T01:06:12.509720	356.0	-80.5
2025-07-13T01:06:12.509744	346.0	-82.0
2025-07-13T01:06:12.509766	349.0	-81.0
2025-07-13T01:06:25.054353	350.0	-82.5
2025-07-13T01:06:25.054416	355.0	-81.5
2025-07-13T01:06:25.054442	349.0	-82.0
2025-07-13T01:06:25.054470	354.0	-82.0
2025-07-13T01:06:25.054493	356.0	-81.5
2025-07-13T01:06:25.054518	351.0	-81.5
2025-07-13T01:06:25.054542	355.0	-81.5
2025-07-13T01:06:25.054565	344.0	-82.0
2025-07-13T01:06:25.054587	353.0	-82.0
2025-07-13T01:06:25.054609	353.0	-82.0
2025-07-13T01:06:25.054631	355.0	-81.0
2025-07-13T01:06:25.054653	352.0	-82.0
2025-07-13T01:06:25.054676	352.0	-81.0
2025-07-13T01:06:37.702907	352.0	-82.0
2025-07-13T01:06:37.702963	352.0	-82.5
2025-07-13T01:06:37.702996	345.0	-82.5
2025-07-13T01:06:37.703025	348.0	-82.5
2025-07-13T01:06:37.703050	350.0	-82.5
2025-07-13T01:06:37.703074	346.0	-82.5
2025-07-13T01:06:37.703098	348.0	-82.5
2025-07-13T01:06:37.703121	350.0	-82.0
2025-07-13T01:06:37.703143	346.0	-82.5
2025-07-13T01:06:37.703166	346.0	-82.5
2025-07-13T01:06:37.703189	348.0	-82.5
2025-07-13T01:06:37.703212	350.0	-82.5
2025-07-13T01:06:37.703235	346.0	-82.5
2025-07-13T01:06:50.299712	348.0	-82.5
2025-07-13T01:06:50.299775	352.0	-82.5
2025-07-13T01:06:50.299801	353.0	-82.0
2025-07-13T01:06:50.299828	353.0	-82.0
2025-07-13T01:06:50.299851	352.0	-81.0
2025-07-13T01:06:50.299875	347.0	-82.0
2025-07-13T01:06:50.299898	351.0	-81.5
2025-07-13T01:06:50.299922	353.0	-81.5
2025-07-13T01:06:50.299945	351.0	-82.5
2025-07-13T01:06:50.299969	352.0	-81.5
2025-07-13T01:06:50.299992	352.0	-82.5
2025-07-13T01:06:50.300015	355.0	-82.5
2025-07-13T01:06:50.300038	352.0	-81.5
2025-07-13T01:07:02.800473	339.0	-82.5
2025-07-13T01:07:02.800536	346.0	-82.5
2025-07-13T01:07:02.800563	344.0	-82.0
2025-07-13T01:07:02.800591	341.0	-82.0
2025-07-13T01:07:02.800614	351.0	-82.0
2025-07-13T01:07:02.800637	352.0	-81.5
2025-07-13T01:07:02.800661	355.0	-82.5
2025-07-13T01:07:02.800685	355.0	-82.5
2025-07-13T01:07:02.800708	354.0	-82.5
2025-07-13T01:07:02.800732	362.0	-82.5
2025-07-13T01:07:02.800755	354.0	-82.5
2025-07-13T01:07:02.800778	357.0	-82.5
2025-07-13T01:07:02.800801	356.0	-82.5
2025-07-13T01:07:15.309312	353.0	-82.0
2025-07-13T01:07:15.309369	357.0	-81.5
2025-07-13T01:07:15.309401	352.0	-81.5
2025-07-13T01:07:15.309430	350.0	-81.5
2025-07-13T01:07:15.309455	354.0	-82.5
2025-07-13T01:07:15.309479	352.0	-82.5
2025-07-13T01:07:15.309503	348.0	-82.5
2025-07-13T01:07:15.309526	350.0	-82.0
2025-07-13T01:07:15.309549	349.0	-81.5
2025-07-13T01:07:15.309572	345.0	-82.5
2025-07-13T01:07:15.309595	351.0	-81.5
2025-07-13T01:07:15.309618	348.0	-81.5
2025-07-13T01:07:15.309642	346.0	-82.5
2025-07-13T01:07:28.010066	348.0	-82.0
2025-07-13T01:07:28.010187	349.0	-82.5
2025-07-13T01:07:28.010222	348.0	-82.5
2025-07-13T01:07:28.010251	350.0	-82.0
2025-07-13T01:07:28.010276	349.0	-82.5
2025-07-13T01:07:28.010300	349.0	-82.5
2025-07-13T01:07:28.010324	352.0	-82.0
2025-07-13T01:07:28.010347	356.0	-82.0
2025-07-13T01:07:28.010369	349.0	-82.5
2025-07-13T01:07:28.010393	350.0	-81.5
2025-07-13T01:07:28.010415	352.0	-82.5
2025-07-13T01:07:28.010438	351.0	-82.5
2025-07-13T01:07:28.010461	349.0	-81.0
2025-07-13T01:07:40.616975	353.0	-81.0
2025-07-13T01:07:40.617032	343.0	-81.5
2025-07-13T01:07:40.617064	356.0	-82.5
2025-07-13T01:07:40.617091	354.0	-82.0
2025-07-13T01:07:40.617114	352.0	-81.0
2025-07-13T01:07:40.617136	356.0	-81.5
2025-07-13T01:07:40.617160	357.0	-81.5
2025-07-13T01:07:40.617184	359.0	-80.5
2025-07-13T01:07:40.617207	357.0	-81.5
2025-07-13T01:07:40.617232	357.0	-80.0
2025-07-13T01:07:40.617255	355.0	-81.5
2025-07-13T01:07:40.617278	349.0	-80.5
2025-07-13T01:07:40.617301	352.0	-82.0
2025-07-13T01:07:53.527648	346.0	-82.5
2025-07-13T01:07:53.527711	342.0	-83.0
2025-07-13T01:07:53.527736	350.0	-83.0
2025-07-13T01:07:53.527764	351.0	-83.0
2025-07-13T01:07:53.527787	348.0	-82.5
2025-07-13T01:07:53.527811	349.0	-82.5
2025-07-13T01:07:53.527835	348.0	-83.5
2025-07-13T01:07:53.527858	353.0	-84.0
2025-07-13T01:07:53.527880	350.0	-82.5
2025-07-13T01:07:53.527904	352.0	-82.5
2025-07-13T01:07:53.527927	351.0	-82.5
2025-07-13T01:07:53.527950	349.0	-82.0
2025-07-13T01:07:53.527973	350.0	-82.5
2025-07-13T01:08:06.182327	355.0	-81.0
2025-07-13T01:08:06.182384	357.0	-81.5
2025-07-13T01:08:06.182416	356.0	-82.0
2025-07-13T01:08:06.182445	359.0	-82.0
2025-07-13T01:08:06.182468	355.0	-81.5
2025-07-13T01:08:06.182492	359.0	-81.5
2025-07-13T01:08:06.182516	357.0	-82.0
2025-07-13T01:08:06.182538	357.0	-81.5
2025-07-13T01:08:06.182562	358.0	-82.0
2025-07-13T01:08:06.182584	357.0	-81.5
2025-07-13T01:08:06.182607	352.0	-81.5
2025-07-13T01:08:06.182631	351.0	-82.5
2025-07-13T01:08:06.182654	354.0	-83.0
2025-07-13T01:08:18.793207	342.0	-81.5
2025-07-13T01:08:18.793271	350.0	-81.5
2025-07-13T01:08:18.793298	352.0	-82.0
2025-07-13T01:08:18.793326	345.0	-81.5
2025-07-13T01:08:18.793351	350.0	-80.0
2025-07-13T01:08:18.793373	349.0	-80.5
2025-07-13T01:08:18.793397	346.0	-81.5
2025-07-13T01:08:18.793421	343.0	-81.5
2025-07-13T01:08:18.793444	347.0	-81.0
2025-07-13T01:08:18.793467	350.0	-81.5
2025-07-13T01:08:18.793490	351.0	-82.0
2025-07-13T01:08:18.793512	348.0	-82.0
2025-07-13T01:08:18.793534	350.0	-81.5
2025-07-13T01:08:31.805808	357.0	-82.5
2025-07-13T01:08:31.805872	355.0	-82.0
2025-07-13T01:08:31.805898	355.0	-82.0
2025-07-13T01:08:31.805924	358.0	-82.0
2025-07-13T01:08:31.805949	354.0	-82.0
2025-07-13T01:08:31.805971	356.0	-81.5
2025-07-13T01:08:31.805995	357.0	-82.0
2025-07-13T01:08:31.806018	360.0	-82.5
2025-07-13T01:08:31.806042	354.0	-81.0
2025-07-13T01:08:31.806065	357.0	-82.5
2025-07-13T01:08:31.806089	355.0	-82.5
2025-07-13T01:08:31.806112	355.0	-82.0
2025-07-13T01:08:31.806179	354.0	-82.5
2025-07-13T01:08:44.376480	355.0	-81.5
2025-07-13T01:08:44.376545	354.0	-82.0
2025-07-13T01:08:44.376570	354.0	-80.5
2025-07-13T01:08:44.376598	357.0	-82.0
2025-07-13T01:08:44.376621	355.0	-81.0
2025-07-13T01:08:44.376644	353.0	-81.5
2025-07-13T01:08:44.376668	354.0	-80.5
2025-07-13T01:08:44.376691	358.0	-82.0
2025-07-13T01:08:44.376715	359.0	-82.0
2025-07-13T01:08:44.376737	357.0	-82.0
2025-07-13T01:08:44.376760	357.0	-82.0
2025-07-13T01:08:44.376781	356.0	-81.5
2025-07-13T01:08:44.376805	358.0	-81.5
2025-07-13T01:08:56.970890	356.0	-80.5
2025-07-13T01:08:56.970953	356.0	-80.5
2025-07-13T01:08:56.970979	359.0	-79.5
2025-07-13T01:08:56.971004	359.0	-80.5
2025-07-13T01:08:56.971032	350.0	-80.5
2025-07-13T01:08:56.971056	353.0	-80.0
2025-07-13T01:08:56.971079	351.0	-79.5
2025-07-13T01:08:56.971103	349.0	-81.0
2025-07-13T01:08:56.971125	354.0	-80.0
2025-07-13T01:08:56.971148	353.0	-80.5
2025-07-13T01:08:56.971171	347.0	-80.0
2025-07-13T01:08:56.971194	348.0	-81.5
2025-07-13T01:08:56.971217	352.0	-80.5
2025-07-13T01:08:56.971240	349.0	-81.0
2025-07-13T01:09:09.495709	353.0	-81.0
2025-07-13T01:09:09.495767	356.0	-81.0
2025-07-13T01:09:09.495792	350.0	-81.5
2025-07-13T01:09:09.495828	356.0	-80.5
2025-07-13T01:09:09.495853	357.0	-81.0
2025-07-13T01:09:09.495877	355.0	-81.5
2025-07-13T01:09:09.495902	356.0	-80.5
2025-07-13T01:09:09.495926	354.0	-80.5
2025-07-13T01:09:09.495949	352.0	-80.5
2025-07-13T01:09:09.495972	354.0	-81.0
2025-07-13T01:09:09.495994	351.0	-81.0
2025-07-13T01:09:09.496016	353.0	-80.0
2025-07-13T01:09:09.496038	357.0	-80.0
2025-07-13T01:09:22.112264	358.0	-82.0
2025-07-13T01:09:22.112321	357.0	-82.5
2025-07-13T01:09:22.112353	354.0	-83.0
2025-07-13T01:09:22.112380	357.0	-79.5
2025-07-13T01:09:22.112405	370.0	-81.0
2025-07-13T01:09:22.112433	349.0	-82.5
2025-07-13T01:09:22.112457	398.0	-81.0
2025-07-13T01:09:22.112480	399.0	-83.0
2025-07-13T01:09:22.112502	395.0	-81.5
2025-07-13T01:09:22.112526	399.0	-77.5
2025-07-13T01:09:22.112548	405.0	-80.5
2025-07-13T01:09:22.112571	408.0	-82.0
2025-07-13T01:09:34.652900	425.0	-83.0
2025-07-13T01:09:34.652957	424.0	-82.5
2025-07-13T01:09:34.652990	430.0	-83.0
2025-07-13T01:09:34.653018	427.0	-82.5
2025-07-13T01:09:34.653043	420.0	-82.5
2025-07-13T01:09:34.653067	420.0	-82.5
2025-07-13T01:09:34.653092	414.0	-82.5
2025-07-13T01:09:34.653115	424.0	-82.5
2025-07-13T01:09:34.653139	424.0	-82.5
2025-07-13T01:09:34.653163	429.0	-81.0
2025-07-13T01:09:34.653186	422.0	-82.5
2025-07-13T01:09:34.653209	417.0	-81.5
2025-07-13T01:09:34.653233	416.0	-82.5
2025-07-13T01:09:47.393669	424.0	-82.5
2025-07-13T01:09:47.393733	420.0	-82.5
2025-07-13T01:09:47.393760	418.0	-81.0
2025-07-13T01:09:47.393788	426.0	-81.5
2025-07-13T01:09:47.393813	419.0	-82.5
2025-07-13T01:09:47.393837	411.0	-82.0
2025-07-13T01:09:47.393860	406.0	-83.0
2025-07-13T01:09:47.393884	412.0	-80.5
2025-07-13T01:09:47.393907	497.0	-81.5
2025-07-13T01:09:47.393931	485.0	-81.0
2025-07-13T01:09:47.393954	450.0	-81.5
2025-07-13T01:09:47.393977	421.0	-83.0
2025-07-13T01:09:47.393999	412.0	-82.0
2025-07-13T01:10:00.060309	423.0	-83.5
2025-07-13T01:10:00.060372	423.0	-83.0
2025-07-13T01:10:00.060398	427.0	-83.5
2025-07-13T01:10:00.060427	423.0	-83.0
2025-07-13T01:10:00.060450	420.0	-83.0
2025-07-13T01:10:00.060473	424.0	-83.5
2025-07-13T01:10:00.060496	422.0	-83.5
2025-07-13T01:10:00.060520	427.0	-84.0
2025-07-13T01:10:00.060542	426.0	-84.0
2025-07-13T01:10:00.060565	424.0	-84.0
2025-07-13T01:10:00.060588	422.0	-84.0
2025-07-13T01:10:00.060611	416.0	-84.0
2025-07-13T01:10:00.060633	418.0	-84.0
2025-07-13T01:10:12.567118	406.0	-84.0
2025-07-13T01:10:12.567176	409.0	-84.0
2025-07-13T01:10:12.567202	420.0	-84.0
2025-07-13T01:10:12.567230	425.0	-84.0
2025-07-13T01:10:12.567253	417.0	-84.0
2025-07-13T01:10:12.567276	425.0	-83.0
2025-07-13T01:10:12.567298	420.0	-84.0
2025-07-13T01:10:12.567321	420.0	-84.0
2025-07-13T01:10:12.567343	414.0	-83.5
2025-07-13T01:10:12.567372	417.0	-84.0
2025-07-13T01:10:12.567395	410.0	-83.0
2025-07-13T01:10:12.567416	428.0	-83.0
2025-07-13T01:10:12.567438	424.0	-83.0
2025-07-13T01:10:25.251710	417.0	-85.0
2025-07-13T01:10:25.251768	417.0	-84.5
2025-07-13T01:10:25.251800	416.0	-84.0
2025-07-13T01:10:25.251827	418.0	-84.5
2025-07-13T01:10:25.251850	416.0	-84.5
2025-07-13T01:10:25.251874	420.0	-84.5
2025-07-13T01:10:25.251899	417.0	-84.5
2025-07-13T01:10:25.251922	417.0	-84.5
2025-07-13T01:10:25.251945	417.0	-84.0
2025-07-13T01:10:25.251968	419.0	-84.5
2025-07-13T01:10:25.251990	418.0	-84.5
2025-07-13T01:10:25.252013	416.0	-84.0
2025-07-13T01:10:25.252034	415.0	-84.5
2025-07-13T01:10:37.834545	419.0	-85.0
2025-07-13T01:10:37.834603	413.0	-84.0
2025-07-13T01:10:37.834628	417.0	-84.5
2025-07-13T01:10:37.834661	416.0	-84.5
2025-07-13T01:10:37.834685	418.0	-84.5
2025-07-13T01:10:37.834710	419.0	-84.5
2025-07-13T01:10:37.834733	418.0	-84.5
2025-07-13T01:10:37.834757	421.0	-84.5
2025-07-13T01:10:37.834782	422.0	-84.5
2025-07-13T01:10:37.834806	420.0	-84.5
2025-07-13T01:10:37.834829	416.0	-85.0
2025-07-13T01:10:37.834851	417.0	-84.5
2025-07-13T01:10:37.834874	419.0	-84.5
2025-07-13T01:10:50.957038	424.0	-84.0
2025-07-13T01:10:50.957095	425.0	-84.0
2025-07-13T01:10:50.957121	424.0	-84.0
2025-07-13T01:10:50.957147	425.0	-83.5
2025-07-13T01:10:50.957177	422.0	-84.0
2025-07-13T01:10:50.957200	420.0	-84.0
2025-07-13T01:10:50.957223	419.0	-84.0
2025-07-13T01:10:50.957245	419.0	-84.0
2025-07-13T01:10:50.957267	418.0	-84.0
2025-07-13T01:10:50.957290	419.0	-84.0
2025-07-13T01:10:50.957312	419.0	-84.0
2025-07-13T01:10:50.957335	417.0	-84.0
2025-07-13T01:10:50.957357	416.0	-84.0
2025-07-13T01:11:03.754005	439.0	-85.5
2025-07-13T01:11:03.754068	446.0	-85.0
2025-07-13T01:11:03.754093	442.0	-85.0
2025-07-13T01:11:03.754164	434.0	-86.0
2025-07-13T01:11:03.754189	427.0	-86.5
2025-07-13T01:11:03.754214	443.0	-86.0
2025-07-13T01:11:03.754237	449.0	-86.5
2025-07-13T01:11:03.754261	447.0	-86.0
2025-07-13T01:11:03.754284	442.0	-86.0
2025-07-13T01:11:03.754307	451.0	-86.5
2025-07-13T01:11:03.754330	450.0	-86.0
2025-07-13T01:11:03.754352	439.0	-86.0
2025-07-13T01:11:03.754374	457.0	-85.0
2025-07-13T01:11:16.248565	418.0	-83.0
2025-07-13T01:11:16.248622	420.0	-83.0
2025-07-13T01:11:16.248647	417.0	-83.5
2025-07-13T01:11:16.248681	413.0	-83.5
2025-07-13T01:11:16.248705	420.0	-83.5
2025-07-13T01:11:16.248729	420.0	-83.5
2025-07-13T01:11:16.248753	421.0	-83.5
2025-07-13T01:11:16.248777	416.0	-83.0
2025-07-13T01:11:16.248800	419.0	-84.0
2025-07-13T01:11:16.248823	417.0	-83.5
2025-07-13T01:11:16.248845	415.0	-83.5
2025-07-13T01:11:16.248868	417.0	-84.0
2025-07-13T01:11:16.248891	418.0	-83.5
2025-07-13T01:11:28.755144	304.0	-80.0
2025-07-13T01:11:28.755200	305.0	-79.0
2025-07-13T01:11:28.755226	304.0	-78.0
2025-07-13T01:11:28.755253	305.0	-80.0
2025-07-13T01:11:28.755277	299.0	-79.5
2025-07-13T01:11:28.755306	306.0	-80.5
2025-07-13T01:11:28.755329	303.0	-78.5
2025-07-13T01:11:28.755352	311.0	-79.0
2025-07-13T01:11:28.755375	301.0	-79.0
2025-07-13T01:11:28.755398	307.0	-79.0
2025-07-13T01:11:28.755421	304.0	-78.0
2025-07-13T01:11:28.755443	306.0	-80.0
2025-07-13T01:11:28.755465	302.0	-79.5
2025-07-13T01:11:41.637948	311.0	-80.0
2025-07-13T01:11:41.638006	305.0	-79.0
2025-07-13T01:11:41.638031	306.0	-79.5
2025-07-13T01:11:41.638065	310.0	-80.0
2025-07-13T01:11:41.638088	304.0	-78.5
2025-07-13T01:11:41.638111	305.0	-79.0
2025-07-13T01:11:41.638178	302.0	-80.5
2025-07-13T01:11:41.638203	306.0	-79.0
2025-07-13T01:11:41.638225	305.0	-79.0
2025-07-13T01:11:41.638249	304.0	-80.5
2025-07-13T01:11:41.638272	306.0	-78.5
2025-07-13T01:11:41.638296	307.0	-79.5
2025-07-13T01:11:41.638319	302.0	-78.5
2025-07-13T01:11:54.169345	299.0	-80.5
2025-07-13T01:11:54.169408	306.0	-79.0
2025-07-13T01:11:54.169434	300.0	-78.5
2025-07-13T01:11:54.169463	310.0	-82.5
2025-07-13T01:11:54.169487	286.0	-85.0
2025-07-13T01:11:54.169511	281.0	-84.5
2025-07-13T01:11:54.169534	311.0	-85.5
2025-07-13T01:11:54.169557	303.0	-85.5
2025-07-13T01:11:54.169581	294.0	-85.0
2025-07-13T01:11:54.169603	299.0	-83.5
2025-07-13T01:11:54.169626	304.0	-83.5
2025-07-13T01:11:54.169649	312.0	-84.0
2025-07-13T01:11:54.169671	319.0	-81.5
2025-07-13T01:12:06.583174	302.0	-79.5
2025-07-13T01:12:06.583254	302.0	-78.0
2025-07-13T01:12:06.583280	304.0	-76.5
2025-07-13T01:12:06.583309	307.0	-78.5
2025-07-13T01:12:06.583333	306.0	-77.0
2025-07-13T01:12:06.583357	304.0	-79.0
2025-07-13T01:12:06.583379	306.0	-78.0
2025-07-13T01:12:06.583404	303.0	-78.5
2025-07-13T01:12:06.583427	304.0	-78.5
2025-07-13T01:12:06.583450	303.0	-77.5
2025-07-13T01:12:06.583474	304.0	-78.0
2025-07-13T01:12:06.583496	304.0	-77.5
2025-07-13T01:12:06.583518	304.0	-78.5
2025-07-13T01:12:19.188245	306.0	-80.0
2025-07-13T01:12:19.188302	306.0	-77.5
2025-07-13T01:12:19.188334	308.0	-78.0
2025-07-13T01:12:19.188362	307.0	-77.5
2025-07-13T01:12:19.188387	304.0	-78.0
2025-07-13T01:12:19.188410	304.0	-77.5
2025-07-13T01:12:19.188434	305.0	-78.0
2025-07-13T01:12:19.188457	305.0	-77.5
2025-07-13T01:12:19.188480	306.0	-79.0
2025-07-13T01:12:19.188503	306.0	-79.0
2025-07-13T01:12:19.188525	305.0	-79.0
2025-07-13T01:12:19.188547	304.0	-78.5
2025-07-13T01:12:19.188569	304.0	-77.0
2025-07-13T01:12:31.820926	305.0	-77.5
2025-07-13T01:12:31.820990	305.0	-78.0
2025-07-13T01:12:31.821016	306.0	-77.5
2025-07-13T01:12:31.821045	310.0	-77.5
2025-07-13T01:12:31.821070	304.0	-77.5
2025-07-13T01:12:31.821094	308.0	-78.0
2025-07-13T01:12:31.821116	305.0	-77.5
2025-07-13T01:12:31.821139	302.0	-78.0
2025-07-13T01:12:31.821161	306.0	-76.5
2025-07-13T01:12:31.821185	305.0	-77.5
2025-07-13T01:12:31.821208	303.0	-76.5
2025-07-13T01:12:31.821230	307.0	-77.5
2025-07-13T01:12:31.821254	305.0	-77.5
2025-07-13T01:12:44.391479	304.0	-78.5
2025-07-13T01:12:44.391542	306.0	-78.5
2025-07-13T01:12:44.391569	304.0	-77.5
2025-07-13T01:12:44.391598	303.0	-79.5
2025-07-13T01:12:44.391623	304.0	-77.5
2025-07-13T01:12:44.391647	304.0	-79.0
2025-07-13T01:12:44.391669	304.0	-77.5
2025-07-13T01:12:44.391692	303.0	-78.5
2025-07-13T01:12:44.391717	307.0	-78.5
2025-07-13T01:12:44.391742	307.0	-77.5
2025-07-13T01:12:44.391766	306.0	-79.0
2025-07-13T01:12:44.391788	305.0	-78.5
2025-07-13T01:12:44.391812	308.0	-77.0
2025-07-13T01:12:57.008200	306.0	-79.0
2025-07-13T01:12:57.008258	306.0	-77.5
2025-07-13T01:12:57.008290	307.0	-77.5
2025-07-13T01:12:57.008320	307.0	-76.5
2025-07-13T01:12:57.008346	303.0	-79.0
2025-07-13T01:12:57.008370	306.0	-77.5
2025-07-13T01:12:57.008395	306.0	-77.5
2025-07-13T01:12:57.008419	302.0	-79.5
2025-07-13T01:12:57.008444	308.0	-77.0
2025-07-13T01:12:57.008468	302.0	-78.5
2025-07-13T01:12:57.008492	305.0	-78.5
2025-07-13T01:12:57.008515	304.0	-78.5
2025-07-13T01:12:57.008539	304.0	-79.5
2025-07-13T01:13:09.451017	305.0	-78.5
2025-07-13T01:13:09.451080	307.0	-77.5
2025-07-13T01:13:09.451107	309.0	-77.5
2025-07-13T01:13:09.451132	305.0	-79.0
2025-07-13T01:13:09.451159	301.0	-79.0
2025-07-13T01:13:09.451182	304.0	-78.0
2025-07-13T01:13:09.451205	305.0	-77.5
2025-07-13T01:13:09.451228	307.0	-78.0
2025-07-13T01:13:09.451251	307.0	-77.5
2025-07-13T01:13:09.451275	304.0	-79.0
2025-07-13T01:13:09.451297	304.0	-78.0
2025-07-13T01:13:09.451319	307.0	-77.5
2025-07-13T01:13:09.451342	307.0	-77.0
2025-07-13T01:13:09.451364	307.0	-78.5
2025-07-13T01:13:21.993402	304.0	-79.0
2025-07-13T01:13:21.993459	306.0	-78.5
2025-07-13T01:13:21.993491	305.0	-77.0
2025-07-13T01:13:21.993519	306.0	-78.5
2025-07-13T01:13:21.993543	307.0	-77.5
2025-07-13T01:13:21.993568	308.0	-78.5
2025-07-13T01:13:21.993591	309.0	-77.0
2025-07-13T01:13:21.993614	306.0	-78.5
2025-07-13T01:13:21.993637	306.0	-76.5
2025-07-13T01:13:21.993661	309.0	-77.0
2025-07-13T01:13:21.993683	309.0	-76.5
2025-07-13T01:13:21.993707	305.0	-78.5
2025-07-13T01:13:21.993730	304.0	-77.5
2025-07-13T01:13:34.462326	306.0	-76.5
2025-07-13T01:13:34.462390	305.0	-79.0
2025-07-13T01:13:34.462415	306.0	-77.5
2025-07-13T01:13:34.462443	306.0	-78.5
2025-07-13T01:13:34.462468	304.0	-77.5
2025-07-13T01:13:34.462492	308.0	-76.5
2025-07-13T01:13:34.462517	304.0	-78.5
2025-07-13T01:13:34.462541	308.0	-78.5
2025-07-13T01:13:34.462564	307.0	-76.5
2025-07-13T01:13:34.462587	307.0	-77.5
2025-07-13T01:13:34.462611	302.0	-79.0
2025-07-13T01:13:34.462633	304.0	-78.0
2025-07-13T01:13:34.462655	307.0	-78.5
2025-07-13T01:13:46.876976	307.0	-77.5
2025-07-13T01:13:46.877038	306.0	-77.5
2025-07-13T01:13:46.877064	306.0	-77.5
2025-07-13T01:13:46.877092	303.0	-77.0
2025-07-13T01:13:46.877115	304.0	-77.5
2025-07-13T01:13:46.877138	306.0	-78.0
2025-07-13T01:13:46.877160	309.0	-77.5
2025-07-13T01:13:46.877184	304.0	-79.0
2025-07-13T01:13:46.877206	306.0	-77.5
2025-07-13T01:13:46.877230	307.0	-77.5
2025-07-13T01:13:46.877253	306.0	-77.5
2025-07-13T01:13:46.877276	305.0	-78.0
2025-07-13T01:13:46.877298	307.0	-77.5
2025-07-13T01:13:59.575512	355.0	-82.0
2025-07-13T01:13:59.575568	357.0	-81.0
2025-07-13T01:13:59.575593	353.0	-81.0
2025-07-13T01:13:59.575621	354.0	-81.5
2025-07-13T01:13:59.575652	354.0	-81.0
2025-07-13T01:13:59.575675	357.0	-80.5
2025-07-13T01:13:59.575699	354.0	-81.0
2025-07-13T01:13:59.575722	355.0	-81.0
2025-07-13T01:13:59.575744	357.0	-80.5
2025-07-13T01:13:59.575768	355.0	-81.5
2025-07-13T01:13:59.575791	357.0	-81.5
2025-07-13T01:13:59.575814	357.0	-80.0
2025-07-13T01:13:59.575838	354.0	-81.5
2025-07-13T01:14:12.174443	358.0	-81.5
2025-07-13T01:14:12.174506	351.0	-81.0
2025-07-13T01:14:12.174532	349.0	-81.0
2025-07-13T01:14:12.174560	355.0	-81.0
2025-07-13T01:14:12.174584	357.0	-80.5
2025-07-13T01:14:12.174608	353.0	-81.0
2025-07-13T01:14:12.174632	352.0	-81.5
2025-07-13T01:14:12.174656	350.0	-81.0
2025-07-13T01:14:12.174680	356.0	-81.5
2025-07-13T01:14:12.174704	353.0	-81.0
2025-07-13T01:14:12.174728	354.0	-81.5
2025-07-13T01:14:12.174752	352.0	-80.5
2025-07-13T01:14:12.174776	353.0	-82.0
2025-07-13T01:14:24.957010	352.0	-82.0
2025-07-13T01:14:24.957066	356.0	-81.0
2025-07-13T01:14:24.957091	352.0	-81.5
2025-07-13T01:14:24.957126	350.0	-81.5
2025-07-13T01:14:24.957152	354.0	-81.5
2025-07-13T01:14:24.957176	354.0	-81.0
2025-07-13T01:14:24.957199	357.0	-82.0
2025-07-13T01:14:24.957222	353.0	-81.0
2025-07-13T01:14:24.957244	354.0	-81.5
2025-07-13T01:14:24.957267	358.0	-81.5
2025-07-13T01:14:24.957290	352.0	-81.5
2025-07-13T01:14:24.957313	353.0	-81.0
2025-07-13T01:14:24.957335	356.0	-82.0
2025-07-13T01:14:37.673477	353.0	-81.0
2025-07-13T01:14:37.673534	349.0	-81.0
2025-07-13T01:14:37.673559	352.0	-81.0
2025-07-13T01:14:37.673586	352.0	-81.0
2025-07-13T01:14:37.673609	356.0	-80.0
2025-07-13T01:14:37.673633	354.0	-82.0
2025-07-13T01:14:37.673656	350.0	-82.0
2025-07-13T01:14:37.673678	354.0	-82.0
2025-07-13T01:14:37.673701	354.0	-80.5
2025-07-13T01:14:37.673730	356.0	-81.5
2025-07-13T01:14:37.673754	357.0	-80.5
2025-07-13T01:14:37.673777	354.0	-81.5
2025-07-13T01:14:37.673800	354.0	-82.0
2025-07-13T01:14:50.328287	357.0	-82.0
2025-07-13T01:14:50.328344	356.0	-81.5
2025-07-13T01:14:50.328376	355.0	-81.0
2025-07-13T01:14:50.328403	354.0	-81.5
2025-07-13T01:14:50.328427	354.0	-81.5
2025-07-13T01:14:50.328451	352.0	-81.5
2025-07-13T01:14:50.328475	357.0	-82.0
2025-07-13T01:14:50.328498	354.0	-82.0
2025-07-13T01:14:50.328520	355.0	-82.0
2025-07-13T01:14:50.328543	354.0	-81.5
2025-07-13T01:14:50.328565	355.0	-81.5
2025-07-13T01:14:50.328588	354.0	-81.5
2025-07-13T01:14:50.328611	355.0	-81.5
2025-07-13T01:15:02.913152	359.0	-81.5
2025-07-13T01:15:02.913215	357.0	-81.5
2025-07-13T01:15:02.913242	360.0	-81.0
2025-07-13T01:15:02.913269	357.0	-80.5
2025-07-13T01:15:02.913294	357.0	-81.0
2025-07-13T01:15:02.913317	356.0	-81.0
2025-07-13T01:15:02.913340	357.0	-81.0
2025-07-13T01:15:02.913364	356.0	-81.0
2025-07-13T01:15:02.913387	356.0	-81.0
2025-07-13T01:15:02.913409	352.0	-81.0
2025-07-13T01:15:02.913431	354.0	-81.0
2025-07-13T01:15:02.913454	355.0	-81.0
2025-07-13T01:15:02.913477	360.0	-81.5
2025-07-13T01:15:15.535860	354.0	-81.0
2025-07-13T01:15:15.535917	352.0	-81.5
2025-07-13T01:15:15.535949	359.0	-81.5
2025-07-13T01:15:15.535977	356.0	-80.5
2025-07-13T01:15:15.536002	359.0	-81.0
2025-07-13T01:15:15.536025	357.0	-81.5
2025-07-13T01:15:15.536049	358.0	-81.5
2025-07-13T01:15:15.536072	359.0	-81.0
2025-07-13T01:15:15.536094	357.0	-81.5
2025-07-13T01:15:15.536119	352.0	-80.5
2025-07-13T01:15:15.536143	354.0	-81.0
2025-07-13T01:15:15.536166	354.0	-81.0
2025-07-13T01:15:15.536188	352.0	-80.5
2025-07-13T01:15:27.996959	358.0	-81.5
2025-07-13T01:15:27.997022	356.0	-81.5
2025-07-13T01:15:27.997049	355.0	-81.0
2025-07-13T01:15:27.997077	364.0	-81.5
2025-07-13T01:15:27.997101	356.0	-80.5
2025-07-13T01:15:27.997125	356.0	-81.5
2025-07-13T01:15:27.997149	355.0	-81.0
2025-07-13T01:15:27.997172	352.0	-82.0
2025-07-13T01:15:27.997196	357.0	-82.0
2025-07-13T01:15:27.997218	358.0	-81.5
2025-07-13T01:15:27.997242	354.0	-81.5
2025-07-13T01:15:27.997265	359.0	-81.5
2025-07-13T01:15:27.997288	352.0	-80.5
2025-07-13T01:15:40.467450	356.0	-82.0
2025-07-13T01:15:40.467507	356.0	-81.5
2025-07-13T01:15:40.467538	354.0	-81.0
2025-07-13T01:15:40.467567	351.0	-81.0
2025-07-13T01:15:40.467591	355.0	-80.5
2025-07-13T01:15:40.467615	356.0	-81.0
2025-07-13T01:15:40.467638	352.0	-80.5
2025-07-13T01:15:40.467662	357.0	-81.5
2025-07-13T01:15:40.467685	354.0	-80.0
2025-07-13T01:15:40.467709	352.0	-80.5
2025-07-13T01:15:40.467732	357.0	-81.0
2025-07-13T01:15:40.467755	356.0	-81.0
2025-07-13T01:15:40.467777	357.0	-81.5
2025-07-13T01:15:52.965570	352.0	-82.0
2025-07-13T01:15:52.965628	354.0	-82.0
2025-07-13T01:15:52.965653	357.0	-80.5
2025-07-13T01:15:52.965687	356.0	-82.0
2025-07-13T01:15:52.965710	353.0	-81.5
2025-07-13T01:15:52.965735	354.0	-81.5
2025-07-13T01:15:52.965759	353.0	-81.5
2025-07-13T01:15:52.965782	355.0	-81.0
2025-07-13T01:15:52.965805	351.0	-81.5
2025-07-13T01:15:52.965828	355.0	-81.0
2025-07-13T01:15:52.965852	355.0	-80.5
2025-07-13T01:15:52.965875	352.0	-81.5
2025-07-13T01:15:52.965898	353.0	-81.5
2025-07-13T01:16:05.474236	357.0	-82.0
2025-07-13T01:16:05.474295	356.0	-81.5
2025-07-13T01:16:05.474327	359.0	-82.0
2025-07-13T01:16:05.474356	355.0	-82.0
2025-07-13T01:16:05.474379	357.0	-82.0
2025-07-13T01:16:05.474402	357.0	-81.5
2025-07-13T01:16:05.474426	357.0	-82.0
2025-07-13T01:16:05.474449	356.0	-81.5
2025-07-13T01:16:05.474473	357.0	-80.5
2025-07-13T01:16:05.474497	355.0	-81.0
2025-07-13T01:16:05.474520	357.0	-81.0
2025-07-13T01:16:05.474543	358.0	-81.5
2025-07-13T01:16:05.474566	357.0	-81.0
2025-07-13T01:16:18.133180	355.0	-81.0
2025-07-13T01:16:18.133237	356.0	-81.0
2025-07-13T01:16:18.133262	355.0	-82.0
2025-07-13T01:16:18.133290	355.0	-81.5
2025-07-13T01:16:18.133320	358.0	-81.5
2025-07-13T01:16:18.133345	358.0	-81.0
2025-07-13T01:16:18.133368	359.0	-81.5
2025-07-13T01:16:18.133391	362.0	-81.5
2025-07-13T01:16:18.133414	357.0	-81.0
2025-07-13T01:16:18.133437	358.0	-81.5
2025-07-13T01:16:18.133461	357.0	-80.5
2025-07-13T01:16:18.133490	358.0	-80.5
2025-07-13T01:16:18.133515	358.0	-81.0
2025-07-13T01:16:30.721694	360.0	-81.0
2025-07-13T01:16:30.721750	357.0	-81.0
2025-07-13T01:16:30.721775	357.0	-81.0
2025-07-13T01:16:30.721802	355.0	-81.5
2025-07-13T01:16:30.721833	360.0	-81.5
2025-07-13T01:16:30.721857	358.0	-81.5
2025-07-13T01:16:30.721881	360.0	-81.5
2025-07-13T01:16:30.721914	355.0	-81.0
2025-07-13T01:16:30.721938	357.0	-80.5
2025-07-13T01:16:30.721961	358.0	-81.5
2025-07-13T01:16:30.721984	358.0	-81.5
2025-07-13T01:16:30.722008	357.0	-81.5
2025-07-13T01:16:30.722030	360.0	-80.5
2025-07-13T01:16:43.308496	358.0	-82.0
2025-07-13T01:16:43.308554	356.0	-81.0
2025-07-13T01:16:43.308579	357.0	-80.5
2025-07-13T01:16:43.308615	358.0	-81.5
2025-07-13T01:16:43.308640	356.0	-81.0
2025-07-13T01:16:43.308663	356.0	-81.5
2025-07-13T01:16:43.308687	358.0	-82.0
2025-07-13T01:16:43.308710	356.0	-80.5
2025-07-13T01:16:43.308733	361.0	-81.0
2025-07-13T01:16:43.308756	359.0	-81.0
2025-07-13T01:16:43.308779	358.0	-81.0
2025-07-13T01:16:43.308801	355.0	-81.5
2025-07-13T01:16:43.308824	360.0	-81.5
2025-07-13T01:16:55.701233	355.0	-81.5
2025-07-13T01:16:55.701296	357.0	-82.0
2025-07-13T01:16:55.701321	357.0	-81.5
2025-07-13T01:16:55.701349	356.0	-81.5
2025-07-13T01:16:55.701375	354.0	-81.0
2025-07-13T01:16:55.701398	357.0	-82.0
2025-07-13T01:16:55.701420	356.0	-81.5
2025-07-13T01:16:55.701444	357.0	-81.0
2025-07-13T01:16:55.701467	352.0	-81.0
2025-07-13T01:16:55.701490	356.0	-80.5
2025-07-13T01:16:55.701514	353.0	-81.5
2025-07-13T01:16:55.701536	353.0	-81.0
2025-07-13T01:16:55.701559	356.0	-80.5
2025-07-13T01:17:08.319618	357.0	-81.0
2025-07-13T01:17:08.319675	353.0	-81.0
2025-07-13T01:17:08.319700	359.0	-81.0
2025-07-13T01:17:08.319729	357.0	-81.5
2025-07-13T01:17:08.319759	354.0	-81.5
2025-07-13T01:17:08.319783	358.0	-81.0
2025-07-13T01:17:08.319807	357.0	-81.0
2025-07-13T01:17:08.319830	356.0	-81.0
2025-07-13T01:17:08.319853	358.0	-82.0
2025-07-13T01:17:08.319876	358.0	-80.5
2025-07-13T01:17:08.319899	357.0	-81.0
2025-07-13T01:17:08.319922	357.0	-80.0
2025-07-13T01:17:08.319945	359.0	-81.5
2025-07-13T01:17:21.002593	358.0	-81.0
2025-07-13T01:17:21.002651	357.0	-81.0
2025-07-13T01:17:21.002677	355.0	-82.0
2025-07-13T01:17:21.002704	357.0	-80.0
2025-07-13T01:17:21.002729	353.0	-81.0
2025-07-13T01:17:21.002751	356.0	-81.5
2025-07-13T01:17:21.002780	356.0	-81.5
2025-07-13T01:17:21.002804	355.0	-82.0
2025-07-13T01:17:21.002827	357.0	-81.5
2025-07-13T01:17:21.002852	360.0	-81.5
2025-07-13T01:17:21.002876	354.0	-81.5
2025-07-13T01:17:21.002899	353.0	-81.5
2025-07-13T01:17:21.002923	357.0	-82.0
2025-07-13T01:17:33.529194	357.0	-81.5
2025-07-13T01:17:33.529258	357.0	-82.0
2025-07-13T01:17:33.529284	356.0	-81.5
2025-07-13T01:17:33.529310	353.0	-82.0
2025-07-13T01:17:33.529335	355.0	-81.5
2025-07-13T01:17:33.529360	353.0	-82.0
2025-07-13T01:17:33.529383	357.0	-81.0
2025-07-13T01:17:33.529405	351.0	-81.0
2025-07-13T01:17:33.529427	357.0	-81.5
2025-07-13T01:17:33.529450	357.0	-81.0
2025-07-13T01:17:33.529472	358.0	-81.5
2025-07-13T01:17:33.529495	356.0	-82.0
2025-07-13T01:17:33.529517	352.0	-81.5
2025-07-13T01:17:33.529539	354.0	-81.5
2025-07-13T01:17:46.254305	359.0	-82.0
2025-07-13T01:17:46.254361	352.0	-82.0
2025-07-13T01:17:46.254386	354.0	-81.5
2025-07-13T01:17:46.254420	358.0	-80.0
2025-07-13T01:17:46.254444	350.0	-80.5
2025-07-13T01:17:46.254468	357.0	-81.0
2025-07-13T01:17:46.254491	355.0	-80.5
2025-07-13T01:17:46.254515	356.0	-81.5
2025-07-13T01:17:46.254538	352.0	-80.5
2025-07-13T01:17:46.254562	356.0	-80.5
2025-07-13T01:17:46.254585	357.0	-80.5
2025-07-13T01:17:46.254608	355.0	-80.5
2025-07-13T01:17:46.254631	353.0	-81.0
2025-07-13T01:17:59.020892	355.0	-82.0
2025-07-13T01:17:59.020948	352.0	-81.5
2025-07-13T01:17:59.020981	357.0	-80.5
2025-07-13T01:17:59.021009	356.0	-80.0
2025-07-13T01:17:59.021034	360.0	-81.5
2025-07-13T01:17:59.021058	362.0	-81.0
2025-07-13T01:17:59.021081	357.0	-81.5
2025-07-13T01:17:59.021104	357.0	-81.0
2025-07-13T01:17:59.021127	357.0	-81.0
2025-07-13T01:17:59.021149	357.0	-81.0
2025-07-13T01:17:59.021171	355.0	-79.5
2025-07-13T01:17:59.021194	356.0	-82.0
2025-07-13T01:17:59.021216	359.0	-81.0
2025-07-13T01:18:11.581630	354.0	-82.0
2025-07-13T01:18:11.581686	356.0	-81.0
2025-07-13T01:18:11.581711	357.0	-81.0
2025-07-13T01:18:11.581738	354.0	-81.5
2025-07-13T01:18:11.581767	354.0	-81.5
2025-07-13T01:18:11.581791	356.0	-81.5
2025-07-13T01:18:11.581816	357.0	-81.0
2025-07-13T01:18:11.581839	351.0	-82.0
2025-07-13T01:18:11.581861	357.0	-82.0
2025-07-13T01:18:11.581884	355.0	-81.5
2025-07-13T01:18:11.581906	352.0	-81.0
2025-07-13T01:18:11.581928	355.0	-80.5
2025-07-13T01:18:11.581951	356.0	-81.5
2025-07-13T01:18:24.124488	356.0	-82.0
2025-07-13T01:18:24.124546	355.0	-82.0
2025-07-13T01:18:24.124571	353.0	-81.0
2025-07-13T01:18:24.124600	354.0	-81.0
2025-07-13T01:18:24.124624	356.0	-81.5
2025-07-13T01:18:24.124654	358.0	-81.0
2025-07-13T01:18:24.124677	359.0	-81.0
2025-07-13T01:18:24.124701	355.0	-81.5
2025-07-13T01:18:24.124726	352.0	-80.0
2025-07-13T01:18:24.124750	358.0	-81.0
2025-07-13T01:18:24.124773	354.0	-81.0
2025-07-13T01:18:24.124795	354.0	-81.5
2025-07-13T01:18:24.124818	355.0	-82.0
2025-07-13T01:18:36.665019	357.0	-82.5
2025-07-13T01:18:36.665083	356.0	-81.0
2025-07-13T01:18:36.665109	357.0	-81.5
2025-07-13T01:18:36.665137	356.0	-81.0
2025-07-13T01:18:36.665160	354.0	-81.0
2025-07-13T01:18:36.665183	351.0	-82.0
2025-07-13T01:18:36.665206	357.0	-82.0
2025-07-13T01:18:36.665229	353.0	-81.0
2025-07-13T01:18:36.665251	358.0	-81.5
2025-07-13T01:18:36.665274	357.0	-81.5
2025-07-13T01:18:36.665298	357.0	-82.0
2025-07-13T01:18:36.665320	357.0	-81.0
2025-07-13T01:18:36.665342	352.0	-81.0
2025-07-13T01:18:49.263884	355.0	-81.5
2025-07-13T01:18:49.263947	357.0	-81.5
2025-07-13T01:18:49.263974	356.0	-81.5
2025-07-13T01:18:49.264003	354.0	-81.0
2025-07-13T01:18:49.264027	353.0	-81.0
2025-07-13T01:18:49.264050	353.0	-81.5
2025-07-13T01:18:49.264074	358.0	-81.5
2025-07-13T01:18:49.264098	353.0	-81.0
2025-07-13T01:18:49.264121	352.0	-81.0
2025-07-13T01:18:49.264144	355.0	-82.0
2025-07-13T01:18:49.264166	357.0	-81.5
2025-07-13T01:18:49.264189	357.0	-82.0
2025-07-13T01:18:49.264211	354.0	-81.5
2025-07-13T01:19:01.758522	353.0	-82.0
2025-07-13T01:19:01.758580	353.0	-81.5
2025-07-13T01:19:01.758612	352.0	-81.0
2025-07-13T01:19:01.758640	356.0	-81.5
2025-07-13T01:19:01.758665	356.0	-82.0
2025-07-13T01:19:01.758688	355.0	-82.0
2025-07-13T01:19:01.758710	357.0	-82.0
2025-07-13T01:19:01.758733	357.0	-81.5
2025-07-13T01:19:01.758757	358.0	-81.5
2025-07-13T01:19:01.758780	353.0	-81.5
2025-07-13T01:19:01.758804	357.0	-82.0
2025-07-13T01:19:01.758826	356.0	-81.5
2025-07-13T01:19:01.758848	354.0	-81.0
2025-07-13T01:19:14.355214	356.0	-82.0
2025-07-13T01:19:14.355271	358.0	-82.0
2025-07-13T01:19:14.355296	359.0	-81.5
2025-07-13T01:19:14.355330	350.0	-81.5
2025-07-13T01:19:14.355355	353.0	-82.0
2025-07-13T01:19:14.355379	354.0	-81.0
2025-07-13T01:19:14.355403	356.0	-81.5
2025-07-13T01:19:14.355426	353.0	-81.5
2025-07-13T01:19:14.355450	356.0	-81.0
2025-07-13T01:19:14.355474	354.0	-81.5
2025-07-13T01:19:14.355497	355.0	-81.0
2025-07-13T01:19:14.355519	355.0	-82.0
2025-07-13T01:19:14.355541	354.0	-80.5
2025-07-13T01:19:26.800132	359.0	-81.5
2025-07-13T01:19:26.800196	359.0	-81.0
2025-07-13T01:19:26.800221	363.0	-80.5
2025-07-13T01:19:26.800249	357.0	-81.5
2025-07-13T01:19:26.800273	353.0	-81.0
2025-07-13T01:19:26.800296	355.0	-81.0
2025-07-13T01:19:26.800318	353.0	-81.0
2025-07-13T01:19:26.800342	363.0	-81.0
2025-07-13T01:19:26.800364	352.0	-81.5
2025-07-13T01:19:26.800388	354.0	-81.5
2025-07-13T01:19:26.800412	360.0	-80.0
2025-07-13T01:19:26.800435	355.0	-81.0
2025-07-13T01:19:26.800458	357.0	-81.5
2025-07-13T01:19:39.854720	365.0	-82.0
2025-07-13T01:19:39.854778	364.0	-81.0
2025-07-13T01:19:39.854804	344.0	-81.0
2025-07-13T01:19:39.854832	361.0	-81.0
2025-07-13T01:19:39.854856	358.0	-80.5
2025-07-13T01:19:39.854886	345.0	-81.0
2025-07-13T01:19:39.854910	350.0	-82.5
2025-07-13T01:19:39.854935	353.0	-85.5
2025-07-13T01:19:39.854959	353.0	-86.0
2025-07-13T01:19:39.854982	357.0	-84.0
2025-07-13T01:19:39.855005	358.0	-82.5
2025-07-13T01:19:39.855029	354.0	-84.0
2025-07-13T01:19:39.855052	350.0	-82.5
2025-07-13T01:19:52.439391	140.0	-82.0
2025-07-13T01:19:52.439449	142.0	-82.0
2025-07-13T01:19:52.439475	143.0	-82.0
2025-07-13T01:19:52.439502	139.0	-82.0
2025-07-13T01:19:52.439526	143.0	-82.0
2025-07-13T01:19:52.439549	142.0	-82.0
2025-07-13T01:19:52.439571	142.0	-82.0
2025-07-13T01:19:52.439594	142.0	-82.0
2025-07-13T01:19:52.439616	142.0	-82.0
2025-07-13T01:19:52.439638	142.0	-81.5
2025-07-13T01:19:52.439668	140.0	-82.0
2025-07-13T01:19:52.439690	145.0	-82.0
2025-07-13T01:19:52.439712	140.0	-82.0
2025-07-13T01:20:05.114435	139.0	-82.0
2025-07-13T01:20:05.114492	140.0	-82.0
2025-07-13T01:20:05.114518	141.0	-82.0
2025-07-13T01:20:05.114546	138.0	-82.0
2025-07-13T01:20:05.114570	135.0	-82.0
2025-07-13T01:20:05.114592	145.0	-82.0
2025-07-13T01:20:05.114615	142.0	-82.0
2025-07-13T01:20:05.114638	138.0	-82.0
2025-07-13T01:20:05.114660	140.0	-82.0
2025-07-13T01:20:05.114683	140.0	-82.0
2025-07-13T01:20:05.114705	137.0	-82.0
2025-07-13T01:20:05.114728	142.0	-82.0
2025-07-13T01:20:05.114750	144.0	-82.0
2025-07-13T01:20:17.838805	136.0	-82.0
2025-07-13T01:20:17.838863	136.0	-82.5
2025-07-13T01:20:17.838896	160.0	-81.5
2025-07-13T01:20:17.838925	137.0	-82.5
2025-07-13T01:20:17.838950	157.0	-83.5
2025-07-13T01:20:17.838974	156.0	-81.0
2025-07-13T01:20:17.838998	160.0	-78.5
2025-07-13T01:20:17.839022	159.0	-80.0
2025-07-13T01:20:17.839045	155.0	-79.0
2025-07-13T01:20:17.839068	155.0	-81.0
2025-07-13T01:20:17.839090	158.0	-78.5
2025-07-13T01:20:17.839114	158.0	-76.5
2025-07-13T01:20:17.839138	147.0	-77.0
2025-07-13T01:20:30.249624	220.0	-77.5
2025-07-13T01:20:30.249688	219.0	-78.0
2025-07-13T01:20:30.249714	220.0	-78.0
2025-07-13T01:20:30.249741	219.0	-78.0
2025-07-13T01:20:30.249765	217.0	-76.5
2025-07-13T01:20:30.249788	220.0	-77.5
2025-07-13T01:20:30.249812	215.0	-76.5
2025-07-13T01:20:30.249836	217.0	-75.5
2025-07-13T01:20:30.249859	216.0	-76.5
2025-07-13T01:20:30.249884	218.0	-76.5
2025-07-13T01:20:30.249907	220.0	-76.5
2025-07-13T01:20:30.249931	218.0	-76.5
2025-07-13T01:20:30.249955	224.0	-78.5
2025-07-13T01:20:42.904273	215.0	-77.5
2025-07-13T01:20:42.904337	217.0	-76.0
2025-07-13T01:20:42.904362	216.0	-76.0
2025-07-13T01:20:42.904390	220.0	-78.0
2025-07-13T01:20:42.904413	220.0	-77.5
2025-07-13T01:20:42.904437	218.0	-77.5
2025-07-13T01:20:42.904461	218.0	-77.0
2025-07-13T01:20:42.904484	218.0	-76.5
2025-07-13T01:20:42.904507	218.0	-77.5
2025-07-13T01:20:42.904531	218.0	-76.5
2025-07-13T01:20:42.904554	220.0	-77.0
2025-07-13T01:20:42.904577	221.0	-77.0
2025-07-13T01:20:42.904599	217.0	-76.5
2025-07-13T01:20:55.513128	261.0	-81.0
2025-07-13T01:20:55.513186	261.0	-81.0
2025-07-13T01:20:55.513211	265.0	-80.5
2025-07-13T01:20:55.513246	265.0	-80.5
2025-07-13T01:20:55.513271	266.0	-80.5
2025-07-13T01:20:55.513296	258.0	-79.5
2025-07-13T01:20:55.513320	265.0	-80.5
2025-07-13T01:20:55.513346	264.0	-80.0
2025-07-13T01:20:55.513369	262.0	-80.5
2025-07-13T01:20:55.513393	262.0	-81.0
2025-07-13T01:20:55.513415	264.0	-81.0
2025-07-13T01:20:55.513438	265.0	-81.5
2025-07-13T01:20:55.513461	266.0	-79.5
2025-07-13T01:21:08.059613	260.0	-80.5
2025-07-13T01:21:08.059678	264.0	-78.5
2025-07-13T01:21:08.059705	268.0	-81.0
2025-07-13T01:21:08.059733	263.0	-79.5
2025-07-13T01:21:08.059759	263.0	-79.0
2025-07-13T01:21:08.059783	259.0	-78.5
2025-07-13T01:21:08.059808	260.0	-80.5
2025-07-13T01:21:08.059832	266.0	-78.0
2025-07-13T01:21:08.059855	271.0	-77.0
2025-07-13T01:21:08.059878	270.0	-76.5
2025-07-13T01:21:08.059901	270.0	-77.0
2025-07-13T01:21:08.059924	267.0	-75.5
2025-07-13T01:21:08.059947	263.0	-72.5
2025-07-13T01:21:20.714380	162.0	-76.0
2025-07-13T01:21:20.714436	177.0	-78.5
2025-07-13T01:21:20.714469	182.0	-78.0
2025-07-13T01:21:20.714496	187.0	-78.5
2025-07-13T01:21:20.714521	194.0	-71.5
2025-07-13T01:21:20.714545	200.0	-73.0
2025-07-13T01:21:20.714569	206.0	-69.0
2025-07-13T01:21:20.714592	209.0	-71.0
2025-07-13T01:21:20.714614	221.0	-74.5
2025-07-13T01:21:20.714637	226.0	-73.5
2025-07-13T01:21:20.714661	233.0	-76.0
2025-07-13T01:21:20.714686	268.0	-75.5
2025-07-13T01:21:33.158906	277.0	-79.5
2025-07-13T01:21:33.158969	280.0	-78.5
2025-07-13T01:21:33.158996	277.0	-79.0
2025-07-13T01:21:33.159024	279.0	-80.5
2025-07-13T01:21:33.159048	278.0	-80.0
2025-07-13T01:21:33.159072	276.0	-80.0
2025-07-13T01:21:33.159095	278.0	-80.5
2025-07-13T01:21:33.159119	276.0	-79.5
2025-07-13T01:21:33.159144	274.0	-80.0
2025-07-13T01:21:33.159166	275.0	-79.5
2025-07-13T01:21:33.159189	279.0	-78.5
2025-07-13T01:21:33.159213	280.0	-79.5
2025-07-13T01:21:33.159237	275.0	-80.5
2025-07-13T01:21:45.535938	276.0	-80.5
2025-07-13T01:21:45.536002	281.0	-80.0
2025-07-13T01:21:45.536028	278.0	-80.0
2025-07-13T01:21:45.536055	280.0	-80.0
2025-07-13T01:21:45.536079	276.0	-80.5
2025-07-13T01:21:45.536104	279.0	-80.0
2025-07-13T01:21:45.536127	279.0	-80.5
2025-07-13T01:21:45.536150	277.0	-80.5
2025-07-13T01:21:45.536174	278.0	-80.0
2025-07-13T01:21:45.536197	277.0	-79.5
2025-07-13T01:21:45.536220	281.0	-79.5
2025-07-13T01:21:45.536244	280.0	-80.5
2025-07-13T01:21:45.536267	275.0	-79.0
2025-07-13T01:21:58.294501	277.0	-79.0
2025-07-13T01:21:58.294557	276.0	-81.0
2025-07-13T01:21:58.294583	278.0	-80.0
2025-07-13T01:21:58.294608	280.0	-81.0
2025-07-13T01:21:58.294634	280.0	-79.5
2025-07-13T01:21:58.294664	279.0	-81.0
2025-07-13T01:21:58.294687	281.0	-80.0
2025-07-13T01:21:58.294710	275.0	-79.5
2025-07-13T01:21:58.294733	279.0	-79.5
2025-07-13T01:21:58.294756	280.0	-81.5
2025-07-13T01:21:58.294779	281.0	-78.5
2025-07-13T01:21:58.294803	278.0	-80.5
2025-07-13T01:21:58.294826	276.0	-79.0
2025-07-13T01:21:58.294848	280.0	-80.0
2025-07-13T01:22:10.737147	273.0	-80.5
2025-07-13T01:22:10.737210	275.0	-80.0
2025-07-13T01:22:10.737235	276.0	-80.0
2025-07-13T01:22:10.737262	278.0	-79.5
2025-07-13T01:22:10.737287	277.0	-80.0
2025-07-13T01:22:10.737310	277.0	-80.0
2025-07-13T01:22:10.737333	277.0	-78.5
2025-07-13T01:22:10.737356	278.0	-79.0
2025-07-13T01:22:10.737379	277.0	-79.5
2025-07-13T01:22:10.737402	275.0	-80.5
2025-07-13T01:22:10.737425	279.0	-80.0
2025-07-13T01:22:10.737448	274.0	-79.0
2025-07-13T01:22:10.737471	279.0	-80.0
2025-07-13T01:22:23.653978	276.0	-80.5
2025-07-13T01:22:23.654041	275.0	-79.5
2025-07-13T01:22:23.654067	278.0	-80.5
2025-07-13T01:22:23.654093	278.0	-79.0
2025-07-13T01:22:23.654192	276.0	-80.0
2025-07-13T01:22:23.654218	278.0	-80.5
2025-07-13T01:22:23.654243	274.0	-79.5
2025-07-13T01:22:23.654269	278.0	-80.5
2025-07-13T01:22:23.654293	276.0	-80.5
2025-07-13T01:22:23.654317	278.0	-79.5
2025-07-13T01:22:23.654339	274.0	-80.0
2025-07-13T01:22:23.654362	276.0	-80.5
2025-07-13T01:22:23.654385	281.0	-79.5
2025-07-13T01:22:36.188526	274.0	-81.0
2025-07-13T01:22:36.188583	277.0	-79.5
2025-07-13T01:22:36.188616	280.0	-79.0
2025-07-13T01:22:36.188644	280.0	-79.0
2025-07-13T01:22:36.188668	276.0	-80.5
2025-07-13T01:22:36.188692	274.0	-79.5
2025-07-13T01:22:36.188716	274.0	-79.5
2025-07-13T01:22:36.188740	281.0	-80.0
2025-07-13T01:22:36.188763	277.0	-81.0
2025-07-13T01:22:36.188786	281.0	-80.0
2025-07-13T01:22:36.188808	274.0	-79.5
2025-07-13T01:22:36.188831	278.0	-80.0
2025-07-13T01:22:36.188853	273.0	-79.0
2025-07-13T01:22:48.807429	298.0	-82.0
2025-07-13T01:22:48.807486	316.0	-80.0
2025-07-13T01:22:48.807511	317.0	-80.5
2025-07-13T01:22:48.807545	283.0	-81.5
2025-07-13T01:22:48.807570	291.0	-82.0
2025-07-13T01:22:48.807593	274.0	-81.5
2025-07-13T01:22:48.807617	278.0	-79.5
2025-07-13T01:22:48.807642	286.0	-81.0
2025-07-13T01:22:48.807664	279.0	-81.0
2025-07-13T01:22:48.807687	273.0	-79.0
2025-07-13T01:22:48.807710	272.0	-81.5
2025-07-13T01:22:48.807750	299.0	-80.5
2025-07-13T01:22:48.807775	296.0	-80.0
2025-07-13T01:23:01.749867	275.0	-80.0
2025-07-13T01:23:01.749925	273.0	-79.0
2025-07-13T01:23:01.749951	279.0	-79.5
2025-07-13T01:23:01.749988	279.0	-80.0
2025-07-13T01:23:01.750011	281.0	-79.5
2025-07-13T01:23:01.750036	276.0	-81.0
2025-07-13T01:23:01.750060	278.0	-79.5
2025-07-13T01:23:01.750091	277.0	-80.0
2025-07-13T01:23:01.750181	274.0	-79.5
2025-07-13T01:23:01.750208	275.0	-80.5
2025-07-13T01:23:01.750232	276.0	-78.0
2025-07-13T01:23:01.750255	279.0	-80.0
2025-07-13T01:23:14.380994	279.0	-80.0
2025-07-13T01:23:14.381051	281.0	-80.0
2025-07-13T01:23:14.381077	278.0	-80.5
2025-07-13T01:23:14.381111	274.0	-80.5
2025-07-13T01:23:14.381136	278.0	-80.5
2025-07-13T01:23:14.381161	280.0	-80.0
2025-07-13T01:23:14.381184	277.0	-80.5
2025-07-13T01:23:14.381207	278.0	-80.0
2025-07-13T01:23:14.381230	279.0	-80.5
2025-07-13T01:23:14.381254	279.0	-80.5
2025-07-13T01:23:14.381277	275.0	-80.0
2025-07-13T01:23:14.381299	278.0	-80.5
2025-07-13T01:23:14.381321	273.0	-79.5
2025-07-13T01:23:27.171950	281.0	-78.5
2025-07-13T01:23:27.172013	277.0	-76.5
2025-07-13T01:23:27.172039	284.0	-80.0
2025-07-13T01:23:27.172068	280.0	-77.5
2025-07-13T01:23:27.172092	282.0	-80.5
2025-07-13T01:23:27.172116	279.0	-79.5
2025-07-13T01:23:27.172140	283.0	-81.0
2025-07-13T01:23:27.172163	268.0	-81.5
2025-07-13T01:23:27.172186	302.0	-79.5
2025-07-13T01:23:27.172210	412.0	-79.5
2025-07-13T01:23:27.172234	337.0	-80.5
2025-07-13T01:23:27.172257	304.0	-80.0
2025-07-13T01:23:27.172280	286.0	-82.5
2025-07-13T01:23:39.752403	281.0	-80.5
2025-07-13T01:23:39.752467	281.0	-79.5
2025-07-13T01:23:39.752493	281.0	-80.0
2025-07-13T01:23:39.752522	273.0	-80.0
2025-07-13T01:23:39.752547	275.0	-80.0
2025-07-13T01:23:39.752570	279.0	-80.5
2025-07-13T01:23:39.752595	274.0	-80.5
2025-07-13T01:23:39.752619	275.0	-79.0
2025-07-13T01:23:39.752641	281.0	-79.0
2025-07-13T01:23:39.752664	281.0	-80.0
2025-07-13T01:23:39.752686	278.0	-80.0
2025-07-13T01:23:39.752708	281.0	-79.5
2025-07-13T01:23:39.752731	278.0	-79.5
2025-07-13T01:23:52.181345	280.0	-80.5
2025-07-13T01:23:52.181408	277.0	-79.5
2025-07-13T01:23:52.181434	273.0	-80.5
2025-07-13T01:23:52.181463	279.0	-80.5
2025-07-13T01:23:52.181488	279.0	-81.0
2025-07-13T01:23:52.181510	280.0	-80.5
2025-07-13T01:23:52.181534	274.0	-80.5
2025-07-13T01:23:52.181558	278.0	-80.0
2025-07-13T01:23:52.181582	278.0	-79.5
2025-07-13T01:23:52.181605	281.0	-80.5
2025-07-13T01:23:52.181629	278.0	-79.5
2025-07-13T01:23:52.181652	279.0	-81.0
2025-07-13T01:23:52.181674	273.0	-80.5
2025-07-13T01:24:04.963888	279.0	-80.0
2025-07-13T01:24:04.963945	279.0	-81.0
2025-07-13T01:24:04.963971	277.0	-81.0
2025-07-13T01:24:04.963998	278.0	-79.5
2025-07-13T01:24:04.964029	278.0	-79.0
2025-07-13T01:24:04.964052	275.0	-79.5
2025-07-13T01:24:04.964077	280.0	-81.0
2025-07-13T01:24:04.964101	277.0	-79.0
2025-07-13T01:24:04.964123	279.0	-80.5
2025-07-13T01:24:04.964147	273.0	-81.0
2025-07-13T01:24:04.964169	280.0	-80.5
2025-07-13T01:24:04.964193	278.0	-78.0
2025-07-13T01:24:04.964215	277.0	-80.5
2025-07-13T01:24:17.586491	281.0	-80.0
2025-07-13T01:24:17.586548	273.0	-80.5
2025-07-13T01:24:17.586580	276.0	-80.5
2025-07-13T01:24:17.586609	280.0	-80.5
2025-07-13T01:24:17.586634	281.0	-80.0
2025-07-13T01:24:17.586657	274.0	-79.5
2025-07-13T01:24:17.586682	277.0	-80.5
2025-07-13T01:24:17.586705	277.0	-80.5
2025-07-13T01:24:17.586729	278.0	-80.0
2025-07-13T01:24:17.586751	283.0	-80.5
2025-07-13T01:24:17.586775	273.0	-79.5
2025-07-13T01:24:17.586799	275.0	-81.0
2025-07-13T01:24:17.586822	275.0	-79.5
2025-07-13T01:24:30.047433	276.0	-81.0
2025-07-13T01:24:30.047490	276.0	-79.0
2025-07-13T01:24:30.047516	277.0	-79.5
2025-07-13T01:24:30.047551	276.0	-80.0
2025-07-13T01:24:30.047575	278.0	-80.0
2025-07-13T01:24:30.047599	275.0	-79.5
2025-07-13T01:24:30.047624	278.0	-79.0
2025-07-13T01:24:30.047648	277.0	-79.5
2025-07-13T01:24:30.047672	280.0	-79.5
2025-07-13T01:24:30.047696	275.0	-79.5
2025-07-13T01:24:30.047719	280.0	-80.0
2025-07-13T01:24:30.047741	277.0	-80.0
2025-07-13T01:24:30.047764	276.0	-79.5
2025-07-13T01:24:42.568097	280.0	-80.5
2025-07-13T01:24:42.568162	276.0	-80.0
2025-07-13T01:24:42.568188	278.0	-79.0
2025-07-13T01:24:42.568214	275.0	-80.0
2025-07-13T01:24:42.568237	281.0	-78.5
2025-07-13T01:24:42.568261	277.0	-79.0
2025-07-13T01:24:42.568284	276.0	-80.5
2025-07-13T01:24:42.568307	278.0	-81.0
2025-07-13T01:24:42.568330	273.0	-79.5
2025-07-13T01:24:42.568353	278.0	-79.5
2025-07-13T01:24:42.568378	274.0	-80.0
2025-07-13T01:24:42.568400	278.0	-80.5
2025-07-13T01:24:42.568424	280.0	-79.0
2025-07-13T01:24:55.548677	280.0	-80.0
2025-07-13T01:24:55.548735	274.0	-79.5
2025-07-13T01:24:55.548767	281.0	-79.5
2025-07-13T01:24:55.548795	279.0	-80.0
2025-07-13T01:24:55.548819	277.0	-78.5
2025-07-13T01:24:55.548846	277.0	-79.5
2025-07-13T01:24:55.548871	276.0	-79.0
2025-07-13T01:24:55.548895	277.0	-80.0
2025-07-13T01:24:55.548918	278.0	-80.0
2025-07-13T01:24:55.548941	279.0	-79.5
2025-07-13T01:24:55.548964	274.0	-80.0
2025-07-13T01:24:55.548988	277.0	-80.5
2025-07-13T01:25:08.125234	281.0	-81.0
2025-07-13T01:25:08.125291	279.0	-79.5
2025-07-13T01:25:08.125323	275.0	-80.5
2025-07-13T01:25:08.125352	278.0	-78.0
2025-07-13T01:25:08.125375	275.0	-80.0
2025-07-13T01:25:08.125399	273.0	-79.5
2025-07-13T01:25:08.125423	280.0	-79.0
2025-07-13T01:25:08.125446	279.0	-80.0
2025-07-13T01:25:08.125469	280.0	-79.5
2025-07-13T01:25:08.125493	274.0	-81.0
2025-07-13T01:25:08.125516	279.0	-81.0
2025-07-13T01:25:08.125538	282.0	-79.5
2025-07-13T01:25:08.125562	277.0	-80.0
2025-07-13T01:25:20.768038	278.0	-80.5
2025-07-13T01:25:20.768103	279.0	-78.0
2025-07-13T01:25:20.768128	278.0	-80.0
2025-07-13T01:25:20.768155	276.0	-80.5
2025-07-13T01:25:20.768180	275.0	-80.0
2025-07-13T01:25:20.768203	278.0	-80.5
2025-07-13T01:25:20.768227	280.0	-80.0
2025-07-13T01:25:20.768250	281.0	-79.5
2025-07-13T01:25:20.768274	280.0	-79.0
2025-07-13T01:25:20.768298	278.0	-79.5
2025-07-13T01:25:20.768321	279.0	-79.0
2025-07-13T01:25:20.768344	281.0	-80.0
2025-07-13T01:25:20.768366	275.0	-79.0
2025-07-13T01:25:33.706954	277.0	-81.0
2025-07-13T01:25:33.707011	278.0	-80.5
2025-07-13T01:25:33.707044	277.0	-80.0
2025-07-13T01:25:33.707073	278.0	-79.5
2025-07-13T01:25:33.707097	275.0	-80.0
2025-07-13T01:25:33.707121	280.0	-80.0
2025-07-13T01:25:33.707168	275.0	-81.0
2025-07-13T01:25:33.707192	276.0	-80.0
2025-07-13T01:25:33.707215	276.0	-80.0
2025-07-13T01:25:33.707237	280.0	-80.5
2025-07-13T01:25:33.707260	278.0	-79.5
2025-07-13T01:25:33.707284	276.0	-80.0
2025-07-13T01:25:33.707306	275.0	-80.5
2025-07-13T01:25:46.269352	278.0	-80.5
2025-07-13T01:25:46.269416	276.0	-79.5
2025-07-13T01:25:46.269443	273.0	-80.5
2025-07-13T01:25:46.269472	278.0	-79.5
2025-07-13T01:25:46.269497	278.0	-78.5
2025-07-13T01:25:46.269521	277.0	-81.0
2025-07-13T01:25:46.269545	278.0	-79.5
2025-07-13T01:25:46.269568	280.0	-81.0
2025-07-13T01:25:46.269592	276.0	-78.5
2025-07-13T01:25:46.269616	278.0	-81.0
2025-07-13T01:25:46.269639	283.0	-80.0
2025-07-13T01:25:46.269662	279.0	-79.5
2025-07-13T01:25:46.269686	275.0	-80.0
2025-07-13T01:25:59.258449	278.0	-81.0
2025-07-13T01:25:59.258508	275.0	-81.0
2025-07-13T01:25:59.258533	273.0	-80.0
2025-07-13T01:25:59.258563	271.0	-79.5
2025-07-13T01:25:59.258594	283.0	-80.5
2025-07-13T01:25:59.258618	279.0	-79.5
2025-07-13T01:25:59.258643	275.0	-79.5
2025-07-13T01:25:59.258668	279.0	-79.5
2025-07-13T01:25:59.258691	278.0	-80.0
2025-07-13T01:25:59.258715	279.0	-80.0
2025-07-13T01:25:59.258738	281.0	-80.0
2025-07-13T01:25:59.258760	277.0	-80.0
2025-07-13T01:25:59.258782	277.0	-79.5
2025-07-13T01:26:11.662969	274.0	-81.0
2025-07-13T01:26:11.663026	281.0	-79.5
2025-07-13T01:26:11.663059	278.0	-80.5
2025-07-13T01:26:11.663088	277.0	-81.0
2025-07-13T01:26:11.663112	280.0	-81.0
2025-07-13T01:26:11.663135	274.0	-81.0
2025-07-13T01:26:11.663158	279.0	-79.0
2025-07-13T01:26:11.663181	280.0	-78.0
2025-07-13T01:26:11.663203	278.0	-80.0
2025-07-13T01:26:11.663226	278.0	-79.0
2025-07-13T01:26:11.663247	278.0	-79.5
2025-07-13T01:26:11.663271	277.0	-79.0
2025-07-13T01:26:11.663293	276.0	-80.5
2025-07-13T01:26:24.529875	274.0	-81.0
2025-07-13T01:26:24.529932	276.0	-80.5
2025-07-13T01:26:24.529966	280.0	-79.5
2025-07-13T01:26:24.529995	275.0	-80.0
2025-07-13T01:26:24.530019	278.0	-79.0
2025-07-13T01:26:24.530043	280.0	-79.5
2025-07-13T01:26:24.530067	283.0	-79.0
2025-07-13T01:26:24.530091	282.0	-80.5
2025-07-13T01:26:24.530185	279.0	-78.5
2025-07-13T01:26:24.530214	279.0	-79.5
2025-07-13T01:26:24.530239	279.0	-80.5
2025-07-13T01:26:24.530263	278.0	-80.5
2025-07-13T01:26:24.530287	276.0	-80.0
2025-07-13T01:26:37.002453	281.0	-79.5
2025-07-13T01:26:37.002517	278.0	-80.0
2025-07-13T01:26:37.002547	280.0	-80.5
2025-07-13T01:26:37.002574	278.0	-80.5
2025-07-13T01:26:37.002598	278.0	-79.5
2025-07-13T01:26:37.002622	277.0	-79.0
2025-07-13T01:26:37.002646	279.0	-79.5
2025-07-13T01:26:37.002669	275.0	-80.0
2025-07-13T01:26:37.002693	278.0	-80.0
2025-07-13T01:26:37.002716	279.0	-80.0
2025-07-13T01:26:37.002739	278.0	-79.5
2025-07-13T01:26:37.002762	280.0	-80.0
2025-07-13T01:26:49.429244	281.0	-80.0
2025-07-13T01:26:49.429301	276.0	-79.0
2025-07-13T01:26:49.429327	280.0	-80.5
2025-07-13T01:26:49.429361	278.0	-79.0
2025-07-13T01:26:49.429385	280.0	-79.0
2025-07-13T01:26:49.429409	281.0	-80.0
2025-07-13T01:26:49.429432	277.0	-81.0
2025-07-13T01:26:49.429454	277.0	-80.0
2025-07-13T01:26:49.429477	280.0	-79.5
2025-07-13T01:26:49.429501	279.0	-78.0
2025-07-13T01:26:49.429523	277.0	-80.0
2025-07-13T01:26:49.429545	278.0	-80.0
2025-07-13T01:26:49.429567	282.0	-80.0
2025-07-13T01:27:02.045922	278.0	-80.0
2025-07-13T01:27:02.045980	274.0	-78.5
2025-07-13T01:27:02.046013	276.0	-80.0
2025-07-13T01:27:02.046041	279.0	-79.5
2025-07-13T01:27:02.046066	276.0	-80.5
2025-07-13T01:27:02.046090	277.0	-80.5
2025-07-13T01:27:02.046187	280.0	-79.5
2025-07-13T01:27:02.046215	277.0	-80.5
2025-07-13T01:27:02.046240	281.0	-80.0
2025-07-13T01:27:02.046264	279.0	-79.0
2025-07-13T01:27:02.046287	278.0	-80.0
2025-07-13T01:27:02.046315	278.0	-80.0
2025-07-13T01:27:14.612921	276.0	-80.0
2025-07-13T01:27:14.612979	279.0	-79.5
2025-07-13T01:27:14.613013	278.0	-79.5
2025-07-13T01:27:14.613042	277.0	-78.5
2025-07-13T01:27:14.613067	277.0	-80.0
2025-07-13T01:27:14.613090	277.0	-80.5
2025-07-13T01:27:14.613114	276.0	-78.0
2025-07-13T01:27:14.613138	279.0	-79.0
2025-07-13T01:27:14.613164	279.0	-80.0
2025-07-13T01:27:14.613186	274.0	-79.5
2025-07-13T01:27:14.613209	281.0	-79.0
2025-07-13T01:27:14.613232	277.0	-79.0
2025-07-13T01:27:27.299099	280.0	-80.0
2025-07-13T01:27:27.299157	281.0	-80.5
2025-07-13T01:27:27.299193	274.0	-79.5
2025-07-13T01:27:27.299222	277.0	-80.0
2025-07-13T01:27:27.299246	275.0	-80.5
2025-07-13T01:27:27.299269	280.0	-80.0
2025-07-13T01:27:27.299294	277.0	-80.0
2025-07-13T01:27:27.299317	277.0	-81.0
2025-07-13T01:27:27.299340	278.0	-80.5
2025-07-13T01:27:27.299364	278.0	-80.5
2025-07-13T01:27:27.299388	280.0	-79.5
2025-07-13T01:27:27.299411	279.0	-81.0
2025-07-13T01:27:27.299435	277.0	-77.5
2025-07-13T01:27:39.878090	281.0	-80.0
2025-07-13T01:27:39.878223	275.0	-80.0
2025-07-13T01:27:39.878249	280.0	-80.0
2025-07-13T01:27:39.878275	275.0	-80.0
2025-07-13T01:27:39.878301	275.0	-80.5
2025-07-13T01:27:39.878331	274.0	-81.0
2025-07-13T01:27:39.878354	274.0	-79.0
2025-07-13T01:27:39.878378	273.0	-79.0
2025-07-13T01:27:39.878400	273.0	-80.5
2025-07-13T01:27:39.878424	278.0	-80.0
2025-07-13T01:27:39.878447	273.0	-80.5
2025-07-13T01:27:39.878473	278.0	-80.5
2025-07-13T01:27:39.878497	275.0	-80.5
2025-07-13T01:27:52.392925	275.0	-81.0
2025-07-13T01:27:52.392984	276.0	-79.5
2025-07-13T01:27:52.393017	280.0	-79.0
2025-07-13T01:27:52.393045	274.0	-81.0
2025-07-13T01:27:52.393069	279.0	-79.0
2025-07-13T01:27:52.393092	274.0	-81.0
2025-07-13T01:27:52.393115	278.0	-79.0
2025-07-13T01:27:52.393138	277.0	-80.0
2025-07-13T01:27:52.393160	274.0	-79.5
2025-07-13T01:27:52.393184	274.0	-79.0
2025-07-13T01:27:52.393207	278.0	-80.5
2025-07-13T01:27:52.393230	273.0	-80.5
2025-07-13T01:27:52.393253	273.0	-80.5
2025-07-13T01:28:05.001325	277.0	-80.5
2025-07-13T01:28:05.001390	281.0	-79.5
2025-07-13T01:28:05.001417	275.0	-81.0
2025-07-13T01:28:05.001446	277.0	-80.5
2025-07-13T01:28:05.001471	274.0	-80.0
2025-07-13T01:28:05.001496	275.0	-80.5
2025-07-13T01:28:05.001520	280.0	-79.0
2025-07-13T01:28:05.001544	276.0	-80.5
2025-07-13T01:28:05.001567	278.0	-79.0
2025-07-13T01:28:05.001590	276.0	-80.0
2025-07-13T01:28:05.001612	278.0	-79.5
2025-07-13T01:28:05.001636	278.0	-79.5
2025-07-13T01:28:05.001660	277.0	-79.5
2025-07-13T01:28:17.504124	282.0	-80.5
2025-07-13T01:28:17.504190	278.0	-80.5
2025-07-13T01:28:17.504217	281.0	-79.0
2025-07-13T01:28:17.504246	281.0	-78.5
2025-07-13T01:28:17.504270	275.0	-80.5
2025-07-13T01:28:17.504294	279.0	-81.0
2025-07-13T01:28:17.504318	281.0	-80.0
2025-07-13T01:28:17.504341	279.0	-80.0
2025-07-13T01:28:17.504364	280.0	-80.0
2025-07-13T01:28:17.504390	280.0	-80.0
2025-07-13T01:28:17.504413	274.0	-81.0
2025-07-13T01:28:17.504435	275.0	-80.0
2025-07-13T01:28:17.504457	274.0	-79.0
2025-07-13T01:28:30.170921	283.0	-80.5
2025-07-13T01:28:30.170989	276.0	-78.5
2025-07-13T01:28:30.171019	282.0	-80.5
2025-07-13T01:28:30.171045	276.0	-79.5
2025-07-13T01:28:30.171069	274.0	-79.0
2025-07-13T01:28:30.171094	275.0	-80.0
2025-07-13T01:28:30.171117	274.0	-79.5
2025-07-13T01:28:30.171142	279.0	-81.0
2025-07-13T01:28:30.171165	276.0	-81.0
2025-07-13T01:28:30.171188	281.0	-79.5
2025-07-13T01:28:30.171212	278.0	-79.5
2025-07-13T01:28:30.171235	279.0	-81.0
2025-07-13T01:28:42.799452	277.0	-80.5
2025-07-13T01:28:42.799517	275.0	-81.0
2025-07-13T01:28:42.799543	277.0	-79.5
2025-07-13T01:28:42.799572	274.0	-78.5
2025-07-13T01:28:42.799596	279.0	-80.0
2025-07-13T01:28:42.799620	276.0	-79.0
2025-07-13T01:28:42.799643	278.0	-80.0
2025-07-13T01:28:42.799665	273.0	-79.0
2025-07-13T01:28:42.799688	279.0	-79.0
2025-07-13T01:28:42.799710	276.0	-80.0
2025-07-13T01:28:42.799732	277.0	-80.5
2025-07-13T01:28:42.799758	279.0	-80.0
2025-07-13T01:28:55.150029	274.0	-79.5
2025-07-13T01:28:55.150094	279.0	-79.5
2025-07-13T01:28:55.150166	277.0	-79.0
2025-07-13T01:28:55.150195	277.0	-79.5
2025-07-13T01:28:55.150221	277.0	-80.0
2025-07-13T01:28:55.150245	282.0	-80.0
2025-07-13T01:28:55.150268	273.0	-80.0
2025-07-13T01:28:55.150291	280.0	-80.0
2025-07-13T01:28:55.150317	279.0	-80.0
2025-07-13T01:28:55.150340	277.0	-80.0
2025-07-13T01:28:55.150363	277.0	-80.0
2025-07-13T01:28:55.150386	275.0	-79.0
2025-07-13T01:29:07.750734	278.0	-80.5
2025-07-13T01:29:07.750798	276.0	-79.5
2025-07-13T01:29:07.750825	277.0	-79.0
2025-07-13T01:29:07.750854	276.0	-80.5
2025-07-13T01:29:07.750878	278.0	-80.0
2025-07-13T01:29:07.750901	281.0	-79.5
2025-07-13T01:29:07.750926	276.0	-78.5
2025-07-13T01:29:07.750950	278.0	-81.0
2025-07-13T01:29:07.750972	275.0	-80.0
2025-07-13T01:29:07.750998	278.0	-80.5
2025-07-13T01:29:07.751021	276.0	-80.0
2025-07-13T01:29:07.751043	275.0	-79.5
2025-07-13T01:29:20.241457	276.0	-80.5
2025-07-13T01:29:20.241522	277.0	-80.0
2025-07-13T01:29:20.241549	276.0	-78.5
2025-07-13T01:29:20.241578	277.0	-80.5
2025-07-13T01:29:20.241604	278.0	-79.0
2025-07-13T01:29:20.241628	276.0	-79.0
2025-07-13T01:29:20.241652	277.0	-80.0
2025-07-13T01:29:20.241674	278.0	-80.0
2025-07-13T01:29:20.241696	275.0	-80.5
2025-07-13T01:29:20.241721	276.0	-79.0
2025-07-13T01:29:20.241744	274.0	-80.0
2025-07-13T01:29:20.241768	278.0	-80.0
2025-07-13T01:29:20.241790	274.0	-80.0
2025-07-13T01:29:32.952313	277.0	-81.0
2025-07-13T01:29:32.952370	277.0	-79.5
2025-07-13T01:29:32.952403	276.0	-80.5
2025-07-13T01:29:32.952433	277.0	-80.0
2025-07-13T01:29:32.952458	274.0	-80.5
2025-07-13T01:29:32.952483	273.0	-80.0
2025-07-13T01:29:32.952506	279.0	-80.0
2025-07-13T01:29:32.952530	277.0	-78.5
2025-07-13T01:29:32.952554	277.0	-79.0
2025-07-13T01:29:32.952577	274.0	-77.5
2025-07-13T01:29:32.952601	276.0	-79.5
2025-07-13T01:29:32.952625	281.0	-80.5
2025-07-13T01:29:32.952649	278.0	-80.0
2025-07-13T01:29:45.435506	277.0	-81.0
2025-07-13T01:29:45.435564	274.0	-79.0
2025-07-13T01:29:45.435590	276.0	-79.5
2025-07-13T01:29:45.435624	279.0	-80.5
2025-07-13T01:29:45.435649	277.0	-78.5
2025-07-13T01:29:45.435674	273.0	-80.5
2025-07-13T01:29:45.435698	277.0	-79.5
2025-07-13T01:29:45.435723	279.0	-80.5
2025-07-13T01:29:45.435747	276.0	-78.0
2025-07-13T01:29:45.435770	279.0	-80.5
2025-07-13T01:29:45.435794	275.0	-79.5
2025-07-13T01:29:45.435819	276.0	-79.5
2025-07-13T01:29:45.435842	279.0	-80.0
2025-07-13T01:29:58.171917	274.0	-81.0
2025-07-13T01:29:58.171976	280.0	-79.0
2025-07-13T01:29:58.172002	280.0	-79.5
2025-07-13T01:29:58.172037	276.0	-80.5
2025-07-13T01:29:58.172063	279.0	-80.5
2025-07-13T01:29:58.172093	273.0	-79.5
2025-07-13T01:29:58.172117	279.0	-80.0
2025-07-13T01:29:58.172140	280.0	-80.5
2025-07-13T01:29:58.172165	277.0	-79.5
2025-07-13T01:29:58.172189	278.0	-79.0
2025-07-13T01:29:58.172212	277.0	-79.5
2025-07-13T01:30:10.732447	279.0	-80.0
2025-07-13T01:30:10.732505	278.0	-79.5
2025-07-13T01:30:10.732538	278.0	-79.5
2025-07-13T01:30:10.732567	277.0	-80.5
2025-07-13T01:30:10.732593	277.0	-79.5
2025-07-13T01:30:10.732617	275.0	-79.0
2025-07-13T01:30:10.732641	276.0	-80.0
2025-07-13T01:30:10.732664	279.0	-79.5
2025-07-13T01:30:10.732688	279.0	-79.0
2025-07-13T01:30:10.732714	280.0	-80.5
2025-07-13T01:30:10.732737	281.0	-80.5
2025-07-13T01:30:10.732761	277.0	-79.0
2025-07-13T01:30:23.177273	281.0	-80.5
2025-07-13T01:30:23.177337	279.0	-79.5
2025-07-13T01:30:23.177363	278.0	-80.0
2025-07-13T01:30:23.177391	276.0	-80.0
2025-07-13T01:30:23.177414	279.0	-79.5
2025-07-13T01:30:23.177438	279.0	-81.0
2025-07-13T01:30:23.177460	278.0	-80.0
2025-07-13T01:30:23.177483	274.0	-80.0
2025-07-13T01:30:23.177506	280.0	-80.0
2025-07-13T01:30:23.177528	275.0	-80.0
2025-07-13T01:30:23.177550	278.0	-79.5
2025-07-13T01:30:23.177573	279.0	-81.0
2025-07-13T01:30:23.177595	280.0	-79.5
2025-07-13T01:30:35.859816	278.0	-80.5
2025-07-13T01:30:35.859879	277.0	-78.5
2025-07-13T01:30:35.859906	274.0	-80.0
2025-07-13T01:30:35.859934	278.0	-80.5
2025-07-13T01:30:35.859958	276.0	-79.5
2025-07-13T01:30:35.859982	276.0	-79.5
2025-07-13T01:30:35.860006	281.0	-81.0
2025-07-13T01:30:35.860030	276.0	-78.5
2025-07-13T01:30:35.860053	278.0	-80.0
2025-07-13T01:30:35.860076	280.0	-79.0
2025-07-13T01:30:35.860098	277.0	-80.5
2025-07-13T01:30:35.860121	281.0	-80.5
2025-07-13T01:30:35.860145	280.0	-80.0
2025-07-13T01:30:48.476665	277.0	-80.5
2025-07-13T01:30:48.476729	279.0	-80.0
2025-07-13T01:30:48.476755	279.0	-79.5
2025-07-13T01:30:48.476784	278.0	-79.0
2025-07-13T01:30:48.476809	280.0	-80.5
2025-07-13T01:30:48.476833	277.0	-81.0
2025-07-13T01:30:48.476856	276.0	-79.5
2025-07-13T01:30:48.476881	279.0	-79.5
2025-07-13T01:30:48.476905	277.0	-80.5
2025-07-13T01:30:48.476928	280.0	-78.5
2025-07-13T01:30:48.476951	280.0	-80.5
2025-07-13T01:30:48.476975	278.0	-80.5
2025-07-13T01:30:48.476998	276.0	-79.5
2025-07-13T01:31:00.903225	275.0	-80.5
2025-07-13T01:31:00.903290	282.0	-80.5
2025-07-13T01:31:00.903316	277.0	-79.5
2025-07-13T01:31:00.903344	279.0	-80.5
2025-07-13T01:31:00.903369	278.0	-79.5
2025-07-13T01:31:00.903392	275.0	-80.0
2025-07-13T01:31:00.903416	274.0	-79.0
2025-07-13T01:31:00.903439	275.0	-80.0
2025-07-13T01:31:00.903461	280.0	-78.5
2025-07-13T01:31:00.903485	276.0	-80.0
2025-07-13T01:31:00.903508	275.0	-80.0
2025-07-13T01:31:00.903529	274.0	-80.0
2025-07-13T01:31:00.903551	278.0	-80.0
2025-07-13T01:31:13.399825	276.0	-80.0
2025-07-13T01:31:13.399883	280.0	-79.0
2025-07-13T01:31:13.399908	276.0	-79.5
2025-07-13T01:31:13.399942	277.0	-81.0
2025-07-13T01:31:13.399966	277.0	-80.0
2025-07-13T01:31:13.399990	278.0	-80.5
2025-07-13T01:31:13.400014	279.0	-80.0
2025-07-13T01:31:13.400038	279.0	-80.5
2025-07-13T01:31:13.400062	279.0	-80.5
2025-07-13T01:31:13.400086	279.0	-79.5
2025-07-13T01:31:13.400111	280.0	-79.0
2025-07-13T01:31:13.400134	279.0	-80.0
2025-07-13T01:31:13.400156	281.0	-80.0
2025-07-13T01:31:25.986729	278.0	-80.0
2025-07-13T01:31:25.986786	279.0	-80.5
2025-07-13T01:31:25.986819	280.0	-79.5
2025-07-13T01:31:25.986848	277.0	-79.5
2025-07-13T01:31:25.986874	278.0	-79.5
2025-07-13T01:31:25.986898	275.0	-80.5
2025-07-13T01:31:25.986922	274.0	-80.5
2025-07-13T01:31:25.986947	276.0	-79.0
2025-07-13T01:31:25.986970	280.0	-80.0
2025-07-13T01:31:25.986993	278.0	-80.0
2025-07-13T01:31:25.987015	280.0	-79.0
2025-07-13T01:31:25.987038	274.0	-80.5
2025-07-13T01:31:25.987061	276.0	-79.5
2025-07-13T01:31:38.382491	279.0	-80.0
2025-07-13T01:31:38.382550	275.0	-80.0
2025-07-13T01:31:38.382576	279.0	-80.5
2025-07-13T01:31:38.382610	278.0	-80.5
2025-07-13T01:31:38.382635	277.0	-79.5
2025-07-13T01:31:38.382659	272.0	-79.5
2025-07-13T01:31:38.382682	275.0	-79.5
2025-07-13T01:31:38.382706	280.0	-80.5
2025-07-13T01:31:38.382731	277.0	-80.0
2025-07-13T01:31:38.382754	282.0	-80.5
2025-07-13T01:31:38.382778	276.0	-81.0
2025-07-13T01:31:38.382801	277.0	-79.5
2025-07-13T01:31:38.382825	277.0	-79.0
2025-07-13T01:31:51.040238	281.0	-81.0
2025-07-13T01:31:51.040297	279.0	-80.0
2025-07-13T01:31:51.040322	277.0	-80.0
2025-07-13T01:31:51.040349	277.0	-78.5
2025-07-13T01:31:51.040378	274.0	-80.5
2025-07-13T01:31:51.040402	278.0	-78.5
2025-07-13T01:31:51.040425	281.0	-80.5
2025-07-13T01:31:51.040449	279.0	-80.0
2025-07-13T01:31:51.040472	278.0	-79.5
2025-07-13T01:31:51.040496	281.0	-79.5
2025-07-13T01:31:51.040519	276.0	-79.5
2025-07-13T01:31:51.040542	280.0	-79.5
2025-07-13T01:31:51.040565	279.0	-81.0
2025-07-13T01:32:03.710824	274.0	-80.0
2025-07-13T01:32:03.710883	280.0	-79.0
2025-07-13T01:32:03.710907	274.0	-80.5
2025-07-13T01:32:03.710945	279.0	-81.0
2025-07-13T01:32:03.710969	279.0	-80.0
2025-07-13T01:32:03.710992	281.0	-79.0
2025-07-13T01:32:03.711015	280.0	-80.0
2025-07-13T01:32:03.711038	278.0	-80.0
2025-07-13T01:32:03.711060	278.0	-78.5
2025-07-13T01:32:03.711084	277.0	-80.5
2025-07-13T01:32:03.711107	278.0	-79.5
2025-07-13T01:32:03.711130	277.0	-80.5
2025-07-13T01:32:16.295665	279.0	-80.0
2025-07-13T01:32:16.295723	277.0	-79.5
2025-07-13T01:32:16.295755	273.0	-78.5
2025-07-13T01:32:16.295784	279.0	-79.0
2025-07-13T01:32:16.295808	278.0	-80.5
2025-07-13T01:32:16.295831	281.0	-79.5
2025-07-13T01:32:16.295855	275.0	-80.0
2025-07-13T01:32:16.295877	279.0	-80.0
2025-07-13T01:32:16.295900	274.0	-80.5
2025-07-13T01:32:16.295924	275.0	-80.0
2025-07-13T01:32:16.295946	276.0	-80.0
2025-07-13T01:32:16.295969	277.0	-78.0
2025-07-13T01:32:16.295991	278.0	-79.0
2025-07-13T01:32:28.772245	279.0	-81.0
2025-07-13T01:32:28.772303	281.0	-79.5
2025-07-13T01:32:28.772336	277.0	-80.0
2025-07-13T01:32:28.772364	279.0	-78.5
2025-07-13T01:32:28.772389	277.0	-79.0
2025-07-13T01:32:28.772412	277.0	-80.5
2025-07-13T01:32:28.772436	279.0	-78.5
2025-07-13T01:32:28.772460	276.0	-80.0
2025-07-13T01:32:28.772482	274.0	-80.0
2025-07-13T01:32:28.772505	281.0	-80.0
2025-07-13T01:32:28.772528	276.0	-80.0
2025-07-13T01:32:28.772550	277.0	-80.5
2025-07-13T01:32:28.772573	280.0	-79.0
2025-07-13T01:32:41.380910	278.0	-80.0
2025-07-13T01:32:41.380968	280.0	-78.5
2025-07-13T01:32:41.381000	276.0	-79.0
2025-07-13T01:32:41.381032	277.0	-80.0
2025-07-13T01:32:41.381056	274.0	-80.5
2025-07-13T01:32:41.381081	277.0	-79.5
2025-07-13T01:32:41.381105	281.0	-80.5
2025-07-13T01:32:41.381129	277.0	-80.5
2025-07-13T01:32:41.381154	279.0	-79.0
2025-07-13T01:32:41.381177	277.0	-79.0
2025-07-13T01:32:41.381200	276.0	-79.0
2025-07-13T01:32:41.381221	274.0	-79.5
2025-07-13T01:32:53.784061	277.0	-80.5
2025-07-13T01:32:53.784126	278.0	-80.0
2025-07-13T01:32:53.784153	280.0	-80.0
2025-07-13T01:32:53.784181	281.0	-78.0
2025-07-13T01:32:53.784205	280.0	-78.0
2025-07-13T01:32:53.784228	274.0	-79.0
2025-07-13T01:32:53.784251	277.0	-80.0
2025-07-13T01:32:53.784273	280.0	-80.0
2025-07-13T01:32:53.784296	277.0	-80.5
2025-07-13T01:32:53.784321	277.0	-80.0
2025-07-13T01:32:53.784343	276.0	-80.5
2025-07-13T01:32:53.784367	278.0	-80.5
2025-07-13T01:32:53.784391	280.0	-80.0
2025-07-13T01:33:06.350429	276.0	-80.0
2025-07-13T01:33:06.350486	278.0	-80.5
2025-07-13T01:33:06.350518	276.0	-79.5
2025-07-13T01:33:06.350550	275.0	-78.5
2025-07-13T01:33:06.350574	281.0	-80.5
2025-07-13T01:33:06.350599	279.0	-80.0
2025-07-13T01:33:06.350622	278.0	-79.5
2025-07-13T01:33:06.350645	276.0	-81.0
2025-07-13T01:33:06.350668	279.0	-80.0
2025-07-13T01:33:06.350691	279.0	-80.5
2025-07-13T01:33:06.350714	275.0	-79.5
2025-07-13T01:33:06.350737	277.0	-80.0
2025-07-13T01:33:19.011225	278.0	-81.0
2025-07-13T01:33:19.011283	276.0	-80.0
2025-07-13T01:33:19.011309	276.0	-80.0
2025-07-13T01:33:19.011337	277.0	-80.5
2025-07-13T01:33:19.011368	279.0	-80.0
2025-07-13T01:33:19.011392	280.0	-81.0
2025-07-13T01:33:19.011415	273.0	-79.0
2025-07-13T01:33:19.011438	278.0	-80.5
2025-07-13T01:33:19.011462	279.0	-79.5
2025-07-13T01:33:19.011486	274.0	-81.0
2025-07-13T01:33:19.011509	274.0	-80.5
2025-07-13T01:33:19.011533	281.0	-80.0
2025-07-13T01:33:19.011556	278.0	-79.0
2025-07-13T01:33:32.011969	280.0	-79.5
2025-07-13T01:33:32.012034	281.0	-79.5
2025-07-13T01:33:32.012062	279.0	-80.0
2025-07-13T01:33:32.012089	278.0	-78.5
2025-07-13T01:33:32.012115	280.0	-78.5
2025-07-13T01:33:32.012139	277.0	-79.0
2025-07-13T01:33:32.012162	279.0	-79.5
2025-07-13T01:33:32.012186	278.0	-79.5
2025-07-13T01:33:32.012210	278.0	-79.0
2025-07-13T01:33:32.012233	277.0	-78.5
2025-07-13T01:33:32.012256	276.0	-78.5
2025-07-13T01:33:32.012279	277.0	-80.5
2025-07-13T01:33:44.464389	276.0	-80.0
2025-07-13T01:33:44.464447	277.0	-79.5
2025-07-13T01:33:44.464480	276.0	-80.5
2025-07-13T01:33:44.464509	279.0	-81.0
2025-07-13T01:33:44.464533	278.0	-79.0
2025-07-13T01:33:44.464558	279.0	-80.0
2025-07-13T01:33:44.464582	279.0	-78.5
2025-07-13T01:33:44.464611	275.0	-80.5
2025-07-13T01:33:44.464634	279.0	-81.0
2025-07-13T01:33:44.464657	276.0	-79.5
2025-07-13T01:33:44.464681	277.0	-80.0
2025-07-13T01:33:57.059308	281.0	-81.0
2025-07-13T01:33:57.059366	275.0	-79.5
2025-07-13T01:33:57.059399	282.0	-80.0
2025-07-13T01:33:57.059427	275.0	-79.5
2025-07-13T01:33:57.059451	278.0	-81.0
2025-07-13T01:33:57.059475	279.0	-80.0
2025-07-13T01:33:57.059498	279.0	-79.5
2025-07-13T01:33:57.059522	276.0	-79.5
2025-07-13T01:33:57.059547	279.0	-80.0
2025-07-13T01:33:57.059570	274.0	-79.5
2025-07-13T01:33:57.059593	273.0	-80.0
2025-07-13T01:33:57.059616	280.0	-79.0
2025-07-13T01:33:57.059638	284.0	-79.0
2025-07-13T01:34:09.675847	276.0	-80.0
2025-07-13T01:34:09.675904	276.0	-79.5
2025-07-13T01:34:09.675936	277.0	-81.0
2025-07-13T01:34:09.675964	280.0	-79.0
2025-07-13T01:34:09.675988	277.0	-79.0
2025-07-13T01:34:09.676010	280.0	-78.5
2025-07-13T01:34:09.676034	278.0	-80.0
2025-07-13T01:34:09.676056	279.0	-79.0
2025-07-13T01:34:09.676079	276.0	-79.5
2025-07-13T01:34:09.676102	275.0	-79.5
2025-07-13T01:34:09.676126	278.0	-80.5
2025-07-13T01:34:09.676151	278.0	-80.5
2025-07-13T01:34:09.676175	279.0	-79.5
2025-07-13T01:34:22.264627	280.0	-80.5
2025-07-13T01:34:22.264691	280.0	-81.0
2025-07-13T01:34:22.264718	279.0	-80.0
2025-07-13T01:34:22.264745	277.0	-79.5
2025-07-13T01:34:22.264771	276.0	-80.0
2025-07-13T01:34:22.264794	278.0	-80.0
2025-07-13T01:34:22.264817	279.0	-78.5
2025-07-13T01:34:22.264841	279.0	-81.0
2025-07-13T01:34:22.264863	280.0	-79.5
2025-07-13T01:34:22.264887	274.0	-78.5
2025-07-13T01:34:22.264911	278.0	-78.5
2025-07-13T01:34:22.264934	276.0	-78.0
2025-07-13T01:34:22.264956	276.0	-79.0
2025-07-13T01:34:34.899006	276.0	-80.5
2025-07-13T01:34:34.899070	277.0	-80.0
2025-07-13T01:34:34.899097	279.0	-79.0
2025-07-13T01:34:34.899124	279.0	-80.5
2025-07-13T01:34:34.899148	278.0	-78.5
2025-07-13T01:34:34.899172	276.0	-78.5
2025-07-13T01:34:34.899195	281.0	-80.5
2025-07-13T01:34:34.899219	274.0	-80.5
2025-07-13T01:34:34.899243	278.0	-80.0
2025-07-13T01:34:34.899266	279.0	-79.5
2025-07-13T01:34:34.899289	277.0	-80.0
2025-07-13T01:34:34.899311	277.0	-80.0
2025-07-13T01:34:34.899333	277.0	-79.5
2025-07-13T01:34:47.420053	277.0	-79.5
2025-07-13T01:34:47.420117	279.0	-78.5
2025-07-13T01:34:47.420143	276.0	-80.0
2025-07-13T01:34:47.420173	280.0	-80.0
2025-07-13T01:34:47.420197	280.0	-81.0
2025-07-13T01:34:47.420221	275.0	-80.0
2025-07-13T01:34:47.420244	275.0	-79.0
2025-07-13T01:34:47.420270	279.0	-80.0
2025-07-13T01:34:47.420293	280.0	-79.5
2025-07-13T01:34:47.420317	280.0	-79.5
2025-07-13T01:34:47.420341	278.0	-78.5
2025-07-13T01:35:00.030676	278.0	-80.5
2025-07-13T01:35:00.030741	276.0	-79.5
2025-07-13T01:35:00.030768	277.0	-78.5
2025-07-13T01:35:00.030796	279.0	-80.5
2025-07-13T01:35:00.030820	278.0	-80.0
2025-07-13T01:35:00.030844	278.0	-79.0
2025-07-13T01:35:00.030867	277.0	-79.0
2025-07-13T01:35:00.030891	275.0	-80.0
2025-07-13T01:35:00.030914	276.0	-79.5
2025-07-13T01:35:00.030938	278.0	-79.0
2025-07-13T01:35:00.030961	280.0	-80.5
2025-07-13T01:35:00.030984	277.0	-79.5
2025-07-13T01:35:00.031007	276.0	-80.5
2025-07-13T01:35:12.639297	279.0	-80.5
2025-07-13T01:35:12.639361	278.0	-79.5
2025-07-13T01:35:12.639388	280.0	-80.5
2025-07-13T01:35:12.639419	275.0	-78.5
2025-07-13T01:35:12.639444	273.0	-79.5
2025-07-13T01:35:12.639468	279.0	-79.5
2025-07-13T01:35:12.639493	276.0	-80.5
2025-07-13T01:35:12.639517	274.0	-79.5
2025-07-13T01:35:12.639540	277.0	-80.0
2025-07-13T01:35:12.639564	280.0	-79.0
2025-07-13T01:35:12.639587	279.0	-80.5
2025-07-13T01:35:12.639610	278.0	-80.0
2025-07-13T01:35:12.639633	281.0	-79.5
2025-07-13T01:35:25.150029	276.0	-81.0
2025-07-13T01:35:25.150087	277.0	-80.5
2025-07-13T01:35:25.150186	277.0	-79.5
2025-07-13T01:35:25.150217	274.0	-79.5
2025-07-13T01:35:25.150243	279.0	-81.0
2025-07-13T01:35:25.150267	280.0	-81.0
2025-07-13T01:35:25.150291	276.0	-80.0
2025-07-13T01:35:25.150314	279.0	-80.5
2025-07-13T01:35:25.150338	278.0	-80.0
2025-07-13T01:35:25.150362	278.0	-79.5
2025-07-13T01:35:25.150386	277.0	-79.0
2025-07-13T01:35:25.150409	277.0	-80.0
2025-07-13T01:35:25.150432	276.0	-80.0
2025-07-13T01:35:37.588214	274.0	-80.5
2025-07-13T01:35:37.588278	279.0	-80.5
2025-07-13T01:35:37.588305	279.0	-79.5
2025-07-13T01:35:37.588333	278.0	-80.5
2025-07-13T01:35:37.588357	281.0	-79.5
2025-07-13T01:35:37.588380	273.0	-80.0
2025-07-13T01:35:37.588404	281.0	-79.5
2025-07-13T01:35:37.588428	275.0	-79.0
2025-07-13T01:35:37.588451	276.0	-80.5
2025-07-13T01:35:37.588477	276.0	-79.5
2025-07-13T01:35:37.588500	277.0	-79.5
2025-07-13T01:35:37.588523	277.0	-79.5
2025-07-13T01:35:37.588546	279.0	-79.5
2025-07-13T01:35:50.183444	277.0	-81.0
2025-07-13T01:35:50.183502	276.0	-80.5
2025-07-13T01:35:50.183534	279.0	-80.0
2025-07-13T01:35:50.183562	273.0	-78.5
2025-07-13T01:35:50.183587	277.0	-80.5
2025-07-13T01:35:50.183612	279.0	-79.5
2025-07-13T01:35:50.183636	279.0	-81.0
2025-07-13T01:35:50.183660	278.0	-80.5
2025-07-13T01:35:50.183684	276.0	-80.5
2025-07-13T01:35:50.183708	279.0	-79.5
2025-07-13T01:35:50.183732	276.0	-79.5
2025-07-13T01:35:50.183755	278.0	-79.5
2025-07-13T01:35:50.183779	276.0	-79.5
2025-07-13T01:36:02.792182	276.0	-80.5
2025-07-13T01:36:02.792245	277.0	-79.5
2025-07-13T01:36:02.792272	276.0	-79.5
2025-07-13T01:36:02.792300	277.0	-79.5
2025-07-13T01:36:02.792326	275.0	-80.5
2025-07-13T01:36:02.792350	278.0	-80.5
2025-07-13T01:36:02.792374	278.0	-81.0
2025-07-13T01:36:02.792397	279.0	-80.5
2025-07-13T01:36:02.792423	279.0	-79.5
2025-07-13T01:36:02.792447	278.0	-79.5
2025-07-13T01:36:02.792471	281.0	-80.0
2025-07-13T01:36:02.792494	274.0	-80.5
2025-07-13T01:36:15.387307	279.0	-79.5
2025-07-13T01:36:15.387371	275.0	-80.5
2025-07-13T01:36:15.387399	279.0	-80.0
2025-07-13T01:36:15.387427	279.0	-80.0
2025-07-13T01:36:15.387450	277.0	-81.0
2025-07-13T01:36:15.387473	277.0	-79.5
2025-07-13T01:36:15.387498	275.0	-79.5
2025-07-13T01:36:15.387522	277.0	-79.5
2025-07-13T01:36:15.387546	277.0	-79.0
2025-07-13T01:36:15.387570	278.0	-80.0
2025-07-13T01:36:15.387592	278.0	-80.0
2025-07-13T01:36:15.387614	277.0	-80.0
2025-07-13T01:36:15.387637	277.0	-80.0
2025-07-13T01:36:27.999702	275.0	-81.0
2025-07-13T01:36:27.999760	279.0	-79.5
2025-07-13T01:36:27.999793	280.0	-80.5
2025-07-13T01:36:27.999821	277.0	-79.0
2025-07-13T01:36:27.999845	278.0	-80.0
2025-07-13T01:36:27.999868	277.0	-80.0
2025-07-13T01:36:27.999890	274.0	-81.0
2025-07-13T01:36:27.999913	276.0	-80.0
2025-07-13T01:36:27.999936	275.0	-79.5
2025-07-13T01:36:27.999960	276.0	-79.0
2025-07-13T01:36:27.999982	275.0	-80.5
2025-07-13T01:36:28.000006	279.0	-79.5
2025-07-13T01:36:28.000029	279.0	-80.5
2025-07-13T01:36:40.470685	277.0	-79.5
2025-07-13T01:36:40.470749	279.0	-80.0
2025-07-13T01:36:40.470777	274.0	-79.5
2025-07-13T01:36:40.470806	278.0	-80.0
2025-07-13T01:36:40.470831	275.0	-78.5
2025-07-13T01:36:40.470856	277.0	-80.5
2025-07-13T01:36:40.470880	275.0	-80.0
2025-07-13T01:36:40.470903	275.0	-79.5
2025-07-13T01:36:40.470927	279.0	-79.5
2025-07-13T01:36:40.470951	280.0	-79.5
2025-07-13T01:36:40.470974	278.0	-80.0
2025-07-13T01:36:40.470996	279.0	-78.5
2025-07-13T01:36:40.471019	277.0	-79.0
2025-07-13T01:36:53.306989	277.0	-80.5
2025-07-13T01:36:53.307054	277.0	-80.0
2025-07-13T01:36:53.307081	276.0	-79.5
2025-07-13T01:36:53.307109	277.0	-80.0
2025-07-13T01:36:53.307134	281.0	-81.0
2025-07-13T01:36:53.307158	274.0	-80.0
2025-07-13T01:36:53.307181	278.0	-79.0
2025-07-13T01:36:53.307204	276.0	-79.5
2025-07-13T01:36:53.307228	275.0	-80.0
2025-07-13T01:36:53.307252	277.0	-80.0
2025-07-13T01:36:53.307275	277.0	-80.0
2025-07-13T01:36:53.307297	279.0	-80.5
2025-07-13T01:36:53.307321	277.0	-81.0
2025-07-13T01:37:05.845923	277.0	-80.5
2025-07-13T01:37:05.845988	278.0	-79.0
2025-07-13T01:37:05.846014	278.0	-79.5
2025-07-13T01:37:05.846043	279.0	-79.5
2025-07-13T01:37:05.846067	273.0	-79.5
2025-07-13T01:37:05.846092	280.0	-79.0
2025-07-13T01:37:05.846161	276.0	-81.0
2025-07-13T01:37:05.846187	280.0	-80.0
2025-07-13T01:37:05.846212	282.0	-79.5
2025-07-13T01:37:05.846236	275.0	-79.5
2025-07-13T01:37:05.846260	275.0	-78.5
2025-07-13T01:37:05.846284	280.0	-80.5
2025-07-13T01:37:05.846309	280.0	-80.5
2025-07-13T01:37:18.468559	275.0	-81.0
2025-07-13T01:37:18.468617	277.0	-80.0
2025-07-13T01:37:18.468644	278.0	-79.0
2025-07-13T01:37:18.468672	277.0	-79.0
2025-07-13T01:37:18.468696	275.0	-81.0
2025-07-13T01:37:18.468719	280.0	-80.0
2025-07-13T01:37:18.468742	276.0	-78.0
2025-07-13T01:37:18.468767	279.0	-80.5
2025-07-13T01:37:18.468797	275.0	-81.0
2025-07-13T01:37:18.468820	278.0	-79.0
2025-07-13T01:37:18.468843	274.0	-79.5
2025-07-13T01:37:18.468869	279.0	-78.5
2025-07-13T01:37:30.943256	277.0	-80.0
2025-07-13T01:37:30.943313	279.0	-80.0
2025-07-13T01:37:30.943339	278.0	-80.0
2025-07-13T01:37:30.943366	279.0	-79.0
2025-07-13T01:37:30.943390	278.0	-78.5
2025-07-13T01:37:30.943420	276.0	-79.5
2025-07-13T01:37:30.943444	282.0	-79.5
2025-07-13T01:37:30.943468	277.0	-80.0
2025-07-13T01:37:30.943491	279.0	-80.5
2025-07-13T01:37:30.943516	278.0	-80.0
2025-07-13T01:37:30.943538	276.0	-79.5
2025-07-13T01:37:30.943562	276.0	-80.5
2025-07-13T01:37:30.943585	273.0	-81.0
2025-07-13T01:37:43.583692	276.0	-80.0
2025-07-13T01:37:43.583750	278.0	-81.0
2025-07-13T01:37:43.583775	277.0	-78.5
2025-07-13T01:37:43.583810	277.0	-80.5
2025-07-13T01:37:43.583834	276.0	-79.0
2025-07-13T01:37:43.583858	277.0	-79.5
2025-07-13T01:37:43.583882	278.0	-80.0
2025-07-13T01:37:43.583904	281.0	-79.0
2025-07-13T01:37:43.583926	278.0	-80.5
2025-07-13T01:37:43.583950	277.0	-79.0
2025-07-13T01:37:43.583972	275.0	-80.0
2025-07-13T01:37:43.583994	277.0	-80.5
2025-07-13T01:37:43.584017	275.0	-80.0
2025-07-13T01:37:56.034506	274.0	-80.5
2025-07-13T01:37:56.034571	275.0	-78.5
2025-07-13T01:37:56.034599	281.0	-77.5
2025-07-13T01:37:56.034628	279.0	-78.0
2025-07-13T01:37:56.034652	273.0	-80.0
2025-07-13T01:37:56.034676	281.0	-77.5
2025-07-13T01:37:56.034701	271.0	-79.0
2025-07-13T01:37:56.034724	278.0	-80.0
2025-07-13T01:37:56.034747	283.0	-78.5
2025-07-13T01:37:56.034771	271.0	-80.5
2025-07-13T01:37:56.034795	278.0	-80.5
2025-07-13T01:37:56.034818	268.0	-79.5
2025-07-13T01:37:56.034841	277.0	-80.0
2025-07-13T01:38:08.531826	275.0	-81.0
2025-07-13T01:38:08.531887	279.0	-81.0
2025-07-13T01:38:08.531915	280.0	-80.5
2025-07-13T01:38:08.531946	278.0	-79.5
2025-07-13T01:38:08.531971	277.0	-81.0
2025-07-13T01:38:08.531995	278.0	-79.5
2025-07-13T01:38:08.532019	275.0	-81.5
2025-07-13T01:38:08.532043	276.0	-78.0
2025-07-13T01:38:08.532065	279.0	-80.5
2025-07-13T01:38:08.532089	280.0	-79.0
2025-07-13T01:38:08.532111	280.0	-80.0
2025-07-13T01:38:08.532134	279.0	-81.0
2025-07-13T01:38:21.158097	277.0	-80.5
2025-07-13T01:38:21.158202	280.0	-81.0
2025-07-13T01:38:21.158230	278.0	-80.0
2025-07-13T01:38:21.158258	280.0	-80.5
2025-07-13T01:38:21.158284	279.0	-80.0
2025-07-13T01:38:21.158308	277.0	-80.5
2025-07-13T01:38:21.158332	281.0	-80.0
2025-07-13T01:38:21.158355	273.0	-78.5
2025-07-13T01:38:21.158378	274.0	-79.5
2025-07-13T01:38:21.158403	277.0	-80.0
2025-07-13T01:38:21.158425	277.0	-79.0
2025-07-13T01:38:21.158447	278.0	-80.5
2025-07-13T01:38:21.158470	275.0	-79.5
2025-07-13T01:38:33.616760	277.0	-80.5
2025-07-13T01:38:33.616823	280.0	-79.5
2025-07-13T01:38:33.616851	276.0	-79.5
2025-07-13T01:38:33.616879	276.0	-80.5
2025-07-13T01:38:33.616904	276.0	-80.5
2025-07-13T01:38:33.616928	280.0	-79.5
2025-07-13T01:38:33.616952	274.0	-81.0
2025-07-13T01:38:33.616976	277.0	-80.5
2025-07-13T01:38:33.616999	281.0	-79.5
2025-07-13T01:38:33.617025	275.0	-79.0
2025-07-13T01:38:33.617048	278.0	-80.0
2025-07-13T01:38:33.617071	281.0	-81.0
2025-07-13T01:38:33.617093	279.0	-80.0
2025-07-13T01:38:46.035746	278.0	-81.0
2025-07-13T01:38:46.035805	275.0	-80.5
2025-07-13T01:38:46.035837	279.0	-79.5
2025-07-13T01:38:46.035866	276.0	-80.5
2025-07-13T01:38:46.035892	279.0	-79.5
2025-07-13T01:38:46.035917	275.0	-80.0
2025-07-13T01:38:46.035941	276.0	-80.5
2025-07-13T01:38:46.035964	280.0	-79.5
2025-07-13T01:38:46.035988	279.0	-79.5
2025-07-13T01:38:46.036012	274.0	-80.5
2025-07-13T01:38:46.036036	275.0	-80.5
2025-07-13T01:38:46.036059	280.0	-80.5
2025-07-13T01:38:46.036083	277.0	-80.0
2025-07-13T01:38:58.444223	274.0	-80.5
2025-07-13T01:38:58.444287	280.0	-80.5
2025-07-13T01:38:58.444316	279.0	-79.0
2025-07-13T01:38:58.444344	278.0	-80.5
2025-07-13T01:38:58.444372	280.0	-80.0
2025-07-13T01:38:58.444395	282.0	-80.0
2025-07-13T01:38:58.444418	274.0	-79.0
2025-07-13T01:38:58.444441	277.0	-80.5
2025-07-13T01:38:58.444466	280.0	-80.5
2025-07-13T01:38:58.444491	278.0	-81.0
2025-07-13T01:38:58.444514	275.0	-81.5
2025-07-13T01:38:58.444538	275.0	-80.5
2025-07-13T01:39:11.199048	281.0	-80.0
2025-07-13T01:39:11.199106	277.0	-80.0
2025-07-13T01:39:11.199132	279.0	-79.5
2025-07-13T01:39:11.199167	275.0	-81.0
2025-07-13T01:39:11.199192	280.0	-81.5
2025-07-13T01:39:11.199216	276.0	-79.0
2025-07-13T01:39:11.199240	275.0	-80.0
2025-07-13T01:39:11.199263	281.0	-79.0
2025-07-13T01:39:11.199286	280.0	-79.0
2025-07-13T01:39:11.199310	282.0	-79.5
2025-07-13T01:39:11.199333	275.0	-80.0
2025-07-13T01:39:11.199356	280.0	-79.5
2025-07-13T01:39:11.199380	273.0	-80.5
2025-07-13T01:39:23.617800	276.0	-81.0
2025-07-13T01:39:23.617858	278.0	-79.5
2025-07-13T01:39:23.617891	275.0	-80.0
2025-07-13T01:39:23.617920	278.0	-79.5
2025-07-13T01:39:23.617946	280.0	-80.5
2025-07-13T01:39:23.617970	280.0	-81.0
2025-07-13T01:39:23.617994	277.0	-81.5
2025-07-13T01:39:23.618018	278.0	-80.5
2025-07-13T01:39:23.618042	281.0	-80.0
2025-07-13T01:39:23.618065	280.0	-81.0
2025-07-13T01:39:23.618087	275.0	-80.5
2025-07-13T01:39:23.618111	278.0	-80.0
2025-07-13T01:39:23.618200	277.0	-80.5
2025-07-13T01:39:35.988169	278.0	-80.5
2025-07-13T01:39:35.988233	281.0	-79.5
2025-07-13T01:39:35.988260	281.0	-79.0
2025-07-13T01:39:35.988289	278.0	-80.0
2025-07-13T01:39:35.988314	277.0	-80.0
2025-07-13T01:39:35.988338	277.0	-79.0
2025-07-13T01:39:35.988361	277.0	-80.0
2025-07-13T01:39:35.988384	276.0	-79.5
2025-07-13T01:39:35.988408	280.0	-79.0
2025-07-13T01:39:35.988431	282.0	-81.0
2025-07-13T01:39:35.988454	277.0	-79.5
2025-07-13T01:39:35.988477	279.0	-81.0
2025-07-13T01:39:35.988500	277.0	-80.0
2025-07-13T01:39:48.726929	483.0	-90.5
2025-07-13T01:39:48.726993	481.0	-90.0
2025-07-13T01:39:48.727020	419.0	-86.5
2025-07-13T01:39:48.727048	493.0	-90.5
2025-07-13T01:39:48.727073	409.0	-90.0
2025-07-13T01:39:48.727096	403.0	-90.0
2025-07-13T01:39:48.727118	540.0	-90.0
2025-07-13T01:39:48.727141	428.0	-89.5
2025-07-13T01:39:48.727164	435.0	-89.0
2025-07-13T01:39:48.727186	435.0	-89.0
2025-07-13T01:39:48.727208	447.0	-89.0
2025-07-13T01:39:48.727229	461.0	-88.5
2025-07-13T01:39:48.727252	449.0	-89.0
2025-07-13T01:40:01.301668	440.0	-90.0
2025-07-13T01:40:01.301725	440.0	-91.5
2025-07-13T01:40:01.301757	437.0	-88.0
2025-07-13T01:40:01.301784	443.0	-90.0
2025-07-13T01:40:01.301808	438.0	-88.5
2025-07-13T01:40:01.301832	442.0	-90.0
2025-07-13T01:40:01.301855	436.0	-91.5
2025-07-13T01:40:01.301879	436.0	-90.0
2025-07-13T01:40:01.301903	431.0	-89.0
2025-07-13T01:40:01.301925	440.0	-87.0
2025-07-13T01:40:01.301947	428.0	-88.0
2025-07-13T01:40:01.301969	444.0	-90.5
2025-07-13T01:40:01.301992	426.0	-88.0
2025-07-13T01:40:13.898535	441.0	-90.0
2025-07-13T01:40:13.898593	445.0	-90.0
2025-07-13T01:40:13.898618	436.0	-89.5
2025-07-13T01:40:13.898652	436.0	-90.0
2025-07-13T01:40:13.898677	426.0	-89.5
2025-07-13T01:40:13.898701	444.0	-90.0
2025-07-13T01:40:13.898724	447.0	-89.5
2025-07-13T01:40:13.898748	446.0	-89.5
2025-07-13T01:40:13.898771	436.0	-90.0
2025-07-13T01:40:13.898795	438.0	-88.5
2025-07-13T01:40:13.898818	445.0	-89.0
2025-07-13T01:40:13.898841	439.0	-90.0
2025-07-13T01:40:13.898863	444.0	-89.0
2025-07-13T01:40:26.515189	429.0	-89.0
2025-07-13T01:40:26.515248	444.0	-90.0
2025-07-13T01:40:26.515273	433.0	-89.5
2025-07-13T01:40:26.515305	427.0	-89.5
2025-07-13T01:40:26.515333	444.0	-89.0
2025-07-13T01:40:26.515356	442.0	-90.0
2025-07-13T01:40:26.515379	433.0	-90.0
2025-07-13T01:40:26.515402	437.0	-90.0
2025-07-13T01:40:26.515424	433.0	-88.5
2025-07-13T01:40:26.515448	444.0	-90.0
2025-07-13T01:40:26.515471	440.0	-89.0
2025-07-13T01:40:26.515492	434.0	-90.0
2025-07-13T01:40:26.515514	444.0	-89.0
2025-07-13T01:40:26.515536	436.0	-90.0
2025-07-13T01:40:38.953660	415.0	-86.5
2025-07-13T01:40:38.953724	405.0	-86.5
2025-07-13T01:40:38.953751	409.0	-87.0
2025-07-13T01:40:38.953779	415.0	-86.5
2025-07-13T01:40:38.953804	403.0	-86.5
2025-07-13T01:40:38.953828	411.0	-86.5
2025-07-13T01:40:38.953853	412.0	-87.0
2025-07-13T01:40:38.953877	454.0	-87.0
2025-07-13T01:40:38.953901	404.0	-86.5
2025-07-13T01:40:38.953925	403.0	-86.5
2025-07-13T01:40:38.953949	410.0	-86.5
2025-07-13T01:40:38.953973	403.0	-87.0
2025-07-13T01:40:38.953996	411.0	-86.0
2025-07-13T01:40:51.376615	414.0	-87.0
2025-07-13T01:40:51.376673	408.0	-86.5
2025-07-13T01:40:51.376705	396.0	-86.5
2025-07-13T01:40:51.376734	451.0	-86.5
2025-07-13T01:40:51.376759	406.0	-87.0
2025-07-13T01:40:51.376782	404.0	-86.5
2025-07-13T01:40:51.376806	443.0	-86.5
2025-07-13T01:40:51.376830	435.0	-87.0
2025-07-13T01:40:51.376853	405.0	-87.0
2025-07-13T01:40:51.376876	413.0	-87.0
2025-07-13T01:40:51.376898	407.0	-87.0
2025-07-13T01:40:51.376921	406.0	-86.0
2025-07-13T01:40:51.376943	404.0	-87.0
2025-07-13T01:41:03.737300	414.0	-86.5
2025-07-13T01:41:03.737365	409.0	-86.5
2025-07-13T01:41:03.737392	405.0	-87.0
2025-07-13T01:41:03.737419	401.0	-87.0
2025-07-13T01:41:03.737444	410.0	-86.5
2025-07-13T01:41:03.737469	408.0	-86.0
2025-07-13T01:41:03.737493	413.0	-87.0
2025-07-13T01:41:03.737517	410.0	-86.5
2025-07-13T01:41:03.737541	403.0	-86.5
2025-07-13T01:41:03.737565	420.0	-87.0
2025-07-13T01:41:03.737588	400.0	-87.0
2025-07-13T01:41:03.737611	415.0	-86.0
2025-07-13T01:41:03.737634	405.0	-87.0
2025-07-13T01:41:16.344214	399.0	-86.5
2025-07-13T01:41:16.344277	413.0	-86.5
2025-07-13T01:41:16.344303	409.0	-86.0
2025-07-13T01:41:16.344331	416.0	-86.5
2025-07-13T01:41:16.344355	410.0	-86.5
2025-07-13T01:41:16.344380	412.0	-87.0
2025-07-13T01:41:16.344403	408.0	-87.0
2025-07-13T01:41:16.344427	413.0	-87.0
2025-07-13T01:41:16.344449	408.0	-86.5
2025-07-13T01:41:16.344473	404.0	-87.0
2025-07-13T01:41:16.344495	394.0	-87.0
2025-07-13T01:41:16.344517	417.0	-86.5
2025-07-13T01:41:16.344540	404.0	-86.5
2025-07-13T01:41:29.030927	411.0	-87.0
2025-07-13T01:41:29.030985	416.0	-87.0
2025-07-13T01:41:29.031011	478.0	-87.0
2025-07-13T01:41:29.031039	412.0	-87.0
2025-07-13T01:41:29.031063	415.0	-87.0
2025-07-13T01:41:29.031087	417.0	-86.5
2025-07-13T01:41:29.031118	406.0	-86.5
2025-07-13T01:41:29.031141	406.0	-86.5
2025-07-13T01:41:29.031165	411.0	-86.5
2025-07-13T01:41:29.031189	420.0	-87.0
2025-07-13T01:41:29.031213	402.0	-87.5
2025-07-13T01:41:29.031237	408.0	-86.5
2025-07-13T01:41:29.031260	481.0	-87.0
2025-07-13T01:41:41.629709	403.0	-86.5
2025-07-13T01:41:41.629774	411.0	-86.5
2025-07-13T01:41:41.629802	410.0	-87.0
2025-07-13T01:41:41.629830	402.0	-86.5
2025-07-13T01:41:41.629856	407.0	-86.5
2025-07-13T01:41:41.629880	439.0	-86.5
2025-07-13T01:41:41.629904	406.0	-86.5
2025-07-13T01:41:41.629928	402.0	-86.5
2025-07-13T01:41:41.629951	404.0	-87.0
2025-07-13T01:41:41.629975	417.0	-87.0
2025-07-13T01:41:41.629997	404.0	-86.5
2025-07-13T01:41:41.630021	410.0	-87.0
2025-07-13T01:41:41.630044	402.0	-86.5
2025-07-13T01:41:54.226264	411.0	-86.5
2025-07-13T01:41:54.226329	411.0	-86.5
2025-07-13T01:41:54.226356	401.0	-87.0
2025-07-13T01:41:54.226384	410.0	-86.5
2025-07-13T01:41:54.226409	410.0	-86.5
2025-07-13T01:41:54.226433	402.0	-86.5
2025-07-13T01:41:54.226457	414.0	-86.5
2025-07-13T01:41:54.226482	402.0	-87.0
2025-07-13T01:41:54.226504	437.0	-87.0
2025-07-13T01:41:54.226528	443.0	-87.0
2025-07-13T01:41:54.226550	408.0	-86.5
2025-07-13T01:41:54.226573	408.0	-86.5
2025-07-13T01:41:54.226597	457.0	-86.5
2025-07-13T01:42:06.624853	404.0	-87.0
2025-07-13T01:42:06.624912	401.0	-86.5
2025-07-13T01:42:06.624945	409.0	-87.0
2025-07-13T01:42:06.624972	408.0	-86.5
2025-07-13T01:42:06.624998	409.0	-86.0
2025-07-13T01:42:06.625021	410.0	-86.5
2025-07-13T01:42:06.625046	406.0	-86.5
2025-07-13T01:42:06.625071	411.0	-86.5
2025-07-13T01:42:06.625096	444.0	-86.0
2025-07-13T01:42:06.625119	411.0	-86.5
2025-07-13T01:42:06.625143	405.0	-87.0
2025-07-13T01:42:06.625166	413.0	-86.5
2025-07-13T01:42:06.625189	431.0	-86.5
2025-07-13T01:42:19.205539	404.0	-87.5
2025-07-13T01:42:19.205603	411.0	-86.5
2025-07-13T01:42:19.205629	456.0	-86.0
2025-07-13T01:42:19.205656	452.0	-87.0
2025-07-13T01:42:19.205679	407.0	-86.0
2025-07-13T01:42:19.205702	408.0	-86.5
2025-07-13T01:42:19.205725	411.0	-86.5
2025-07-13T01:42:19.205749	406.0	-87.0
2025-07-13T01:42:19.205772	460.0	-87.0
2025-07-13T01:42:19.205796	409.0	-86.5
2025-07-13T01:42:19.205819	409.0	-86.5
2025-07-13T01:42:19.205842	414.0	-86.5
2025-07-13T01:42:19.205866	407.0	-86.5
2025-07-13T01:42:32.378735	400.0	-87.5
2025-07-13T01:42:32.378799	441.0	-86.0
2025-07-13T01:42:32.378824	414.0	-87.0
2025-07-13T01:42:32.378852	404.0	-87.0
2025-07-13T01:42:32.378875	409.0	-87.0
2025-07-13T01:42:32.378898	403.0	-86.5
2025-07-13T01:42:32.378922	407.0	-86.5
2025-07-13T01:42:32.378946	413.0	-86.5
2025-07-13T01:42:32.378969	413.0	-87.0
2025-07-13T01:42:32.378992	410.0	-86.0
2025-07-13T01:42:32.379015	406.0	-86.5
2025-07-13T01:42:32.379038	412.0	-86.5
2025-07-13T01:42:32.379062	418.0	-87.0
2025-07-13T01:42:45.127064	414.0	-87.0
2025-07-13T01:42:45.127124	414.0	-86.5
2025-07-13T01:42:45.127156	403.0	-87.0
2025-07-13T01:42:45.127183	410.0	-86.5
2025-07-13T01:42:45.127208	402.0	-87.0
2025-07-13T01:42:45.127230	409.0	-86.5
2025-07-13T01:42:45.127254	407.0	-87.0
2025-07-13T01:42:45.127278	415.0	-86.5
2025-07-13T01:42:45.127301	403.0	-87.0
2025-07-13T01:42:45.127323	410.0	-87.0
2025-07-13T01:42:45.127346	455.0	-86.5
2025-07-13T01:42:45.127369	411.0	-86.5
2025-07-13T01:42:45.127392	417.0	-86.5
2025-07-13T01:42:57.733830	442.0	-87.0
2025-07-13T01:42:57.733889	410.0	-86.5
2025-07-13T01:42:57.733923	402.0	-87.0
2025-07-13T01:42:57.733950	410.0	-86.5
2025-07-13T01:42:57.733975	454.0	-87.0
2025-07-13T01:42:57.733999	413.0	-86.5
2025-07-13T01:42:57.734023	408.0	-86.5
2025-07-13T01:42:57.734050	412.0	-86.5
2025-07-13T01:42:57.734074	404.0	-86.5
2025-07-13T01:42:57.734097	448.0	-87.0
2025-07-13T01:42:57.734165	407.0	-86.5
2025-07-13T01:42:57.734193	400.0	-87.0
2025-07-13T01:42:57.734216	402.0	-86.5
2025-07-13T01:43:10.348931	416.0	-87.0
2025-07-13T01:43:10.348989	408.0	-87.0
2025-07-13T01:43:10.349015	406.0	-86.5
2025-07-13T01:43:10.349049	414.0	-86.5
2025-07-13T01:43:10.349074	402.0	-87.0
2025-07-13T01:43:10.349097	414.0	-87.0
2025-07-13T01:43:10.349120	457.0	-86.5
2025-07-13T01:43:10.349144	402.0	-87.0
2025-07-13T01:43:10.349168	458.0	-87.0
2025-07-13T01:43:10.349191	455.0	-87.0
2025-07-13T01:43:10.349214	408.0	-86.0
2025-07-13T01:43:10.349237	416.0	-86.5
2025-07-13T01:43:10.349260	411.0	-86.5
2025-07-13T01:43:23.123222	453.0	-86.5
2025-07-13T01:43:23.123286	409.0	-87.0
2025-07-13T01:43:23.123313	407.0	-86.5
2025-07-13T01:43:23.123342	407.0	-87.0
2025-07-13T01:43:23.123368	405.0	-87.0
2025-07-13T01:43:23.123390	408.0	-86.5
2025-07-13T01:43:23.123415	405.0	-87.0
2025-07-13T01:43:23.123440	398.0	-87.0
2025-07-13T01:43:23.123463	442.0	-86.5
2025-07-13T01:43:23.123487	454.0	-86.5
2025-07-13T01:43:23.123511	404.0	-86.5
2025-07-13T01:43:23.123535	444.0	-86.5
2025-07-13T01:43:35.802604	402.0	-86.0
2025-07-13T01:43:35.802661	412.0	-87.0
2025-07-13T01:43:35.802688	409.0	-87.0
2025-07-13T01:43:35.802716	400.0	-86.5
2025-07-13T01:43:35.802747	420.0	-86.5
2025-07-13T01:43:35.802773	409.0	-87.0
2025-07-13T01:43:35.802797	408.0	-86.5
2025-07-13T01:43:35.802821	440.0	-87.0
2025-07-13T01:43:35.802844	399.0	-86.5
2025-07-13T01:43:35.802869	415.0	-86.0
2025-07-13T01:43:35.802893	408.0	-87.0
2025-07-13T01:43:35.802916	435.0	-86.5
2025-07-13T01:43:35.802939	414.0	-87.0
2025-07-13T01:43:48.467099	402.0	-86.5
2025-07-13T01:43:48.467163	410.0	-86.5
2025-07-13T01:43:48.467191	404.0	-87.0
2025-07-13T01:43:48.467220	410.0	-86.0
2025-07-13T01:43:48.467244	446.0	-86.5
2025-07-13T01:43:48.467268	449.0	-87.0
2025-07-13T01:43:48.467292	412.0	-87.0
2025-07-13T01:43:48.467315	447.0	-86.5
2025-07-13T01:43:48.467338	412.0	-86.5
2025-07-13T01:43:48.467362	436.0	-87.0
2025-07-13T01:43:48.467385	410.0	-87.0
2025-07-13T01:43:48.467407	406.0	-86.5
2025-07-13T01:43:48.467430	406.0	-86.5
2025-07-13T01:44:00.837700	409.0	-86.5
2025-07-13T01:44:00.837764	407.0	-87.0
2025-07-13T01:44:00.837794	459.0	-86.5
2025-07-13T01:44:00.837819	414.0	-86.5
2025-07-13T01:44:00.837843	400.0	-87.0
2025-07-13T01:44:00.837867	440.0	-86.5
2025-07-13T01:44:00.837892	409.0	-87.0
2025-07-13T01:44:00.837914	416.0	-86.5
2025-07-13T01:44:00.837938	407.0	-86.0
2025-07-13T01:44:00.837961	408.0	-86.5
2025-07-13T01:44:00.837984	415.0	-86.5
2025-07-13T01:44:00.838007	409.0	-87.0
2025-07-13T01:44:13.485032	434.0	-87.0
2025-07-13T01:44:13.485090	405.0	-87.0
2025-07-13T01:44:13.485116	404.0	-87.0
2025-07-13T01:44:13.485144	412.0	-86.5
2025-07-13T01:44:13.485175	470.0	-87.0
2025-07-13T01:44:13.485199	405.0	-87.0
2025-07-13T01:44:13.485222	403.0	-87.0
2025-07-13T01:44:13.485244	400.0	-87.5
2025-07-13T01:44:13.485269	473.0	-87.0
2025-07-13T01:44:13.485292	408.0	-86.5
2025-07-13T01:44:13.485315	402.0	-87.0
2025-07-13T01:44:13.485338	399.0	-86.5
2025-07-13T01:44:13.485361	413.0	-87.5
2025-07-13T01:44:25.881438	415.0	-87.0
2025-07-13T01:44:25.881496	441.0	-87.0
2025-07-13T01:44:25.881522	410.0	-87.0
2025-07-13T01:44:25.881549	408.0	-86.5
2025-07-13T01:44:25.881579	440.0	-87.0
2025-07-13T01:44:25.881603	407.0	-87.0
2025-07-13T01:44:25.881625	436.0	-87.0
2025-07-13T01:44:25.881648	413.0	-87.0
2025-07-13T01:44:25.881669	407.0	-86.5
2025-07-13T01:44:25.881695	405.0	-86.5
2025-07-13T01:44:25.881718	403.0	-87.0
2025-07-13T01:44:25.881741	416.0	-86.5
2025-07-13T01:44:25.881764	412.0	-86.5
2025-07-13T01:44:38.346091	449.0	-87.0
2025-07-13T01:44:38.346240	415.0	-86.5
2025-07-13T01:44:38.346275	478.0	-86.5
2025-07-13T01:44:38.346306	405.0	-86.5
2025-07-13T01:44:38.346332	412.0	-87.0
2025-07-13T01:44:38.346355	449.0	-86.5
2025-07-13T01:44:38.346380	403.0	-87.0
2025-07-13T01:44:38.346404	412.0	-86.5
2025-07-13T01:44:38.346428	412.0	-86.5
2025-07-13T01:44:38.346453	413.0	-86.5
2025-07-13T01:44:38.346477	409.0	-86.5
2025-07-13T01:44:38.346500	407.0	-86.0
2025-07-13T01:44:38.346523	409.0	-86.5
2025-07-13T01:44:50.934702	453.0	-87.0
2025-07-13T01:44:50.934759	416.0	-87.0
2025-07-13T01:44:50.934784	454.0	-86.5
2025-07-13T01:44:50.934817	405.0	-87.5
2025-07-13T01:44:50.934842	429.0	-87.0
2025-07-13T01:44:50.934866	421.0	-86.5
2025-07-13T01:44:50.934891	413.0	-86.5
2025-07-13T01:44:50.934914	412.0	-87.0
2025-07-13T01:44:50.934936	438.0	-86.5
2025-07-13T01:44:50.934961	406.0	-87.0
2025-07-13T01:44:50.934983	399.0	-86.5
2025-07-13T01:44:50.935006	452.0	-86.5
2025-07-13T01:44:50.935029	408.0	-86.5
2025-07-13T01:45:03.309427	412.0	-86.5
2025-07-13T01:45:03.309491	410.0	-86.5
2025-07-13T01:45:03.309520	408.0	-86.0
2025-07-13T01:45:03.309548	408.0	-86.5
2025-07-13T01:45:03.309574	407.0	-86.0
2025-07-13T01:45:03.309597	399.0	-86.5
2025-07-13T01:45:03.309622	405.0	-86.0
2025-07-13T01:45:03.309645	410.0	-87.0
2025-07-13T01:45:03.309668	416.0	-86.5
2025-07-13T01:45:03.309693	402.0	-86.5
2025-07-13T01:45:03.309717	436.0	-86.5
2025-07-13T01:45:03.309741	407.0	-87.0
2025-07-13T01:45:03.309764	404.0	-87.0
2025-07-13T01:45:15.950170	407.0	-87.0
2025-07-13T01:45:15.950230	412.0	-87.0
2025-07-13T01:45:15.950255	406.0	-87.0
2025-07-13T01:45:15.950283	404.0	-86.0
2025-07-13T01:45:15.950306	406.0	-87.5
2025-07-13T01:45:15.950335	411.0	-86.5
2025-07-13T01:45:15.950360	414.0	-86.5
2025-07-13T01:45:15.950384	405.0	-87.0
2025-07-13T01:45:15.950407	407.0	-86.5
2025-07-13T01:45:15.950431	418.0	-86.0
2025-07-13T01:45:15.950453	433.0	-87.0
2025-07-13T01:45:15.950476	416.0	-87.0
2025-07-13T01:45:15.950499	406.0	-87.0
2025-07-13T01:45:28.565013	441.0	-86.5
2025-07-13T01:45:28.565077	399.0	-87.0
2025-07-13T01:45:28.565103	412.0	-86.0
2025-07-13T01:45:28.565130	410.0	-87.0
2025-07-13T01:45:28.565155	403.0	-87.0
2025-07-13T01:45:28.565178	413.0	-87.0
2025-07-13T01:45:28.565202	403.0	-87.0
2025-07-13T01:45:28.565224	407.0	-87.5
2025-07-13T01:45:28.565248	411.0	-86.5
2025-07-13T01:45:28.565272	411.0	-86.5
2025-07-13T01:45:28.565296	410.0	-87.0
2025-07-13T01:45:28.565319	417.0	-86.5
2025-07-13T01:45:28.565342	433.0	-87.0
2025-07-13T01:45:41.241691	415.0	-87.0
2025-07-13T01:45:41.241748	409.0	-87.0
2025-07-13T01:45:41.241774	400.0	-87.0
2025-07-13T01:45:41.241802	412.0	-86.5
2025-07-13T01:45:41.241833	505.0	-86.5
2025-07-13T01:45:41.241858	408.0	-86.5
2025-07-13T01:45:41.241883	402.0	-86.5
2025-07-13T01:45:41.241907	411.0	-87.0
2025-07-13T01:45:41.241931	406.0	-86.5
2025-07-13T01:45:41.241954	431.0	-86.5
2025-07-13T01:45:41.241978	413.0	-86.5
2025-07-13T01:45:41.242001	402.0	-86.5
2025-07-13T01:45:41.242025	442.0	-86.5
2025-07-13T01:45:53.951061	406.0	-87.0
2025-07-13T01:45:53.951119	436.0	-87.0
2025-07-13T01:45:53.951145	400.0	-86.5
2025-07-13T01:45:53.951179	416.0	-86.5
2025-07-13T01:45:53.951205	406.0	-86.5
2025-07-13T01:45:53.951229	410.0	-86.5
2025-07-13T01:45:53.951253	412.0	-86.5
2025-07-13T01:45:53.951279	442.0	-87.0
2025-07-13T01:45:53.951302	400.0	-86.5
2025-07-13T01:45:53.951326	405.0	-86.5
2025-07-13T01:45:53.951350	402.0	-86.5
2025-07-13T01:45:53.951373	411.0	-86.5
2025-07-13T01:45:53.951396	414.0	-86.0
2025-07-13T01:46:06.345068	407.0	-87.5
2025-07-13T01:46:06.345132	408.0	-86.0
2025-07-13T01:46:06.345158	409.0	-86.5
2025-07-13T01:46:06.345186	407.0	-86.0
2025-07-13T01:46:06.345210	400.0	-86.0
2025-07-13T01:46:06.345234	415.0	-87.0
2025-07-13T01:46:06.345257	408.0	-87.0
2025-07-13T01:46:06.345280	417.0	-86.5
2025-07-13T01:46:06.345304	447.0	-86.5
2025-07-13T01:46:06.345328	410.0	-87.0
2025-07-13T01:46:06.345352	410.0	-86.0
2025-07-13T01:46:06.345374	417.0	-86.5
2025-07-13T01:46:06.345397	420.0	-87.0
2025-07-13T01:46:18.827867	409.0	-86.5
2025-07-13T01:46:18.827931	466.0	-87.0
2025-07-13T01:46:18.827957	407.0	-87.0
2025-07-13T01:46:18.827984	404.0	-87.5
2025-07-13T01:46:18.828010	411.0	-87.0
2025-07-13T01:46:18.828032	409.0	-87.5
2025-07-13T01:46:18.828056	418.0	-87.0
2025-07-13T01:46:18.828079	405.0	-87.5
2025-07-13T01:46:18.828103	420.0	-87.0
2025-07-13T01:46:18.828127	407.0	-87.0
2025-07-13T01:46:18.828149	405.0	-87.5
2025-07-13T01:46:18.828173	452.0	-87.5
2025-07-13T01:46:18.828197	403.0	-87.0
2025-07-13T01:46:31.245151	402.0	-87.0
2025-07-13T01:46:31.245208	410.0	-86.5
2025-07-13T01:46:31.245240	405.0	-87.0
2025-07-13T01:46:31.245268	455.0	-87.0
2025-07-13T01:46:31.245293	405.0	-87.0
2025-07-13T01:46:31.245316	395.0	-87.5
2025-07-13T01:46:31.245340	416.0	-87.0
2025-07-13T01:46:31.245363	454.0	-87.0
2025-07-13T01:46:31.245386	408.0	-87.0
2025-07-13T01:46:31.245409	416.0	-87.0
2025-07-13T01:46:31.245432	407.0	-87.0
2025-07-13T01:46:31.245454	402.0	-87.0
2025-07-13T01:46:31.245477	444.0	-87.0
2025-07-13T01:46:43.843446	401.0	-86.5
2025-07-13T01:46:43.843511	398.0	-86.5
2025-07-13T01:46:43.843537	415.0	-86.5
2025-07-13T01:46:43.843566	420.0	-86.5
2025-07-13T01:46:43.843592	404.0	-87.0
2025-07-13T01:46:43.843616	417.0	-86.5
2025-07-13T01:46:43.843640	418.0	-86.5
2025-07-13T01:46:43.843664	409.0	-87.0
2025-07-13T01:46:43.843686	410.0	-86.5
2025-07-13T01:46:43.843710	411.0	-87.0
2025-07-13T01:46:43.843732	403.0	-86.5
2025-07-13T01:46:43.843755	410.0	-87.0
2025-07-13T01:46:43.843778	454.0	-86.5
2025-07-13T01:46:56.333822	399.0	-87.0
2025-07-13T01:46:56.333880	400.0	-87.5
2025-07-13T01:46:56.333913	405.0	-87.0
2025-07-13T01:46:56.333941	411.0	-86.5
2025-07-13T01:46:56.333966	418.0	-86.5
2025-07-13T01:46:56.333991	411.0	-86.0
2025-07-13T01:46:56.334015	410.0	-87.0
2025-07-13T01:46:56.334038	443.0	-86.5
2025-07-13T01:46:56.334061	455.0	-87.0
2025-07-13T01:46:56.334084	403.0	-86.5
2025-07-13T01:46:56.334109	410.0	-86.0
2025-07-13T01:46:56.334201	447.0	-87.0
2025-07-13T01:46:56.334225	417.0	-87.0
2025-07-13T01:47:08.947025	422.0	-87.0
2025-07-13T01:47:08.947085	410.0	-87.0
2025-07-13T01:47:08.947110	431.0	-87.0
2025-07-13T01:47:08.947138	458.0	-87.0
2025-07-13T01:47:08.947162	407.0	-87.0
2025-07-13T01:47:08.947185	434.0	-87.0
2025-07-13T01:47:08.947207	440.0	-87.0
2025-07-13T01:47:08.947230	410.0	-86.5
2025-07-13T01:47:08.947259	406.0	-87.5
2025-07-13T01:47:08.947283	407.0	-86.5
2025-07-13T01:47:08.947307	520.0	-86.5
2025-07-13T01:47:08.947330	433.0	-87.0
2025-07-13T01:47:08.947353	415.0	-86.5
2025-07-13T01:47:21.848080	403.0	-87.0
2025-07-13T01:47:21.848138	451.0	-87.5
2025-07-13T01:47:21.848171	400.0	-87.0
2025-07-13T01:47:21.848200	431.0	-86.5
2025-07-13T01:47:21.848225	403.0	-87.0
2025-07-13T01:47:21.848249	407.0	-87.0
2025-07-13T01:47:21.848272	413.0	-87.0
2025-07-13T01:47:21.848296	404.0	-86.5
2025-07-13T01:47:21.848320	412.0	-86.5
2025-07-13T01:47:21.848344	415.0	-86.0
2025-07-13T01:47:21.848366	414.0	-87.0
2025-07-13T01:47:21.848388	410.0	-87.0
2025-07-13T01:47:21.848411	412.0	-86.5
2025-07-13T01:47:34.434826	408.0	-87.0
2025-07-13T01:47:34.434884	409.0	-87.0
2025-07-13T01:47:34.434910	413.0	-86.5
2025-07-13T01:47:34.434944	441.0	-86.5
2025-07-13T01:47:34.434970	400.0	-86.5
2025-07-13T01:47:34.434996	420.0	-87.0
2025-07-13T01:47:34.435021	408.0	-87.0
2025-07-13T01:47:34.435045	410.0	-87.0
2025-07-13T01:47:34.435068	456.0	-86.5
2025-07-13T01:47:34.435092	410.0	-87.0
2025-07-13T01:47:34.435116	485.0	-87.0
2025-07-13T01:47:34.435139	454.0	-87.0
2025-07-13T01:47:34.435162	411.0	-86.5
2025-07-13T01:47:47.097620	406.0	-87.0
2025-07-13T01:47:47.097677	411.0	-87.5
2025-07-13T01:47:47.097710	447.0	-86.0
2025-07-13T01:47:47.097737	445.0	-86.5
2025-07-13T01:47:47.097762	404.0	-86.5
2025-07-13T01:47:47.097786	419.0	-87.0
2025-07-13T01:47:47.097810	416.0	-86.5
2025-07-13T01:47:47.097833	410.0	-87.0
2025-07-13T01:47:47.097858	400.0	-87.0
2025-07-13T01:47:47.097881	449.0	-87.0
2025-07-13T01:47:47.097904	411.0	-86.5
2025-07-13T01:47:47.097927	409.0	-87.5
2025-07-13T01:47:47.097951	406.0	-87.0
2025-07-13T01:47:59.492142	447.0	-87.0
2025-07-13T01:47:59.492200	407.0	-86.5
2025-07-13T01:47:59.492232	403.0	-86.5
2025-07-13T01:47:59.492261	405.0	-86.5
2025-07-13T01:47:59.492286	409.0	-86.5
2025-07-13T01:47:59.492309	405.0	-86.5
2025-07-13T01:47:59.492333	411.0	-87.0
2025-07-13T01:47:59.492355	438.0	-86.5
2025-07-13T01:47:59.492378	406.0	-87.5
2025-07-13T01:47:59.492402	413.0	-87.0
2025-07-13T01:47:59.492424	416.0	-86.5
2025-07-13T01:47:59.492447	404.0	-87.0
2025-07-13T01:47:59.492469	454.0	-87.0
2025-07-13T01:48:11.904736	435.0	-86.5
2025-07-13T01:48:11.904800	413.0	-87.0
2025-07-13T01:48:11.904826	407.0	-87.0
2025-07-13T01:48:11.904854	484.0	-87.0
2025-07-13T01:48:11.904878	479.0	-87.0
2025-07-13T01:48:11.904901	405.0	-87.0
2025-07-13T01:48:11.904924	413.0	-87.0
2025-07-13T01:48:11.904947	413.0	-87.0
2025-07-13T01:48:11.904969	409.0	-87.0
2025-07-13T01:48:11.904992	405.0	-87.5
2025-07-13T01:48:11.905016	406.0	-86.5
2025-07-13T01:48:11.905040	409.0	-87.0
2025-07-13T01:48:11.905062	403.0	-87.0
2025-07-13T01:48:24.589489	399.0	-87.0
2025-07-13T01:48:24.589547	403.0	-86.5
2025-07-13T01:48:24.589580	410.0	-86.0
2025-07-13T01:48:24.589608	458.0	-87.0
2025-07-13T01:48:24.589632	407.0	-87.0
2025-07-13T01:48:24.589654	479.0	-86.5
2025-07-13T01:48:24.589678	476.0	-87.0
2025-07-13T01:48:24.589702	442.0	-86.5
2025-07-13T01:48:24.589725	402.0	-86.5
2025-07-13T01:48:24.589749	452.0	-86.0
2025-07-13T01:48:24.589773	404.0	-87.0
2025-07-13T01:48:24.589795	404.0	-87.0
2025-07-13T01:48:24.589817	399.0	-87.0
2025-07-13T01:48:37.084296	437.0	-87.5
2025-07-13T01:48:37.084360	406.0	-87.0
2025-07-13T01:48:37.084387	404.0	-87.0
2025-07-13T01:48:37.084415	414.0	-87.5
2025-07-13T01:48:37.084441	445.0	-87.0
2025-07-13T01:48:37.084465	434.0	-87.0
2025-07-13T01:48:37.084488	417.0	-87.0
2025-07-13T01:48:37.084512	402.0	-87.0
2025-07-13T01:48:37.084534	406.0	-87.0
2025-07-13T01:48:37.084557	410.0	-87.5
2025-07-13T01:48:37.084582	458.0	-87.0
2025-07-13T01:48:37.084606	447.0	-88.0
2025-07-13T01:48:37.084629	406.0	-87.0
2025-07-13T01:48:49.698953	457.0	-86.5
2025-07-13T01:48:49.699016	406.0	-87.0
2025-07-13T01:48:49.699043	410.0	-86.5
2025-07-13T01:48:49.699072	417.0	-87.0
2025-07-13T01:48:49.699096	422.0	-86.5
2025-07-13T01:48:49.699120	409.0	-87.0
2025-07-13T01:48:49.699142	511.0	-86.5
2025-07-13T01:48:49.699167	406.0	-87.0
2025-07-13T01:48:49.699189	420.0	-87.0
2025-07-13T01:48:49.699212	401.0	-86.5
2025-07-13T01:48:49.699235	407.0	-87.0
2025-07-13T01:48:49.699258	410.0	-87.0
2025-07-13T01:48:49.699280	408.0	-86.5
2025-07-13T01:49:02.317892	405.0	-87.0
2025-07-13T01:49:02.317950	406.0	-86.0
2025-07-13T01:49:02.317976	410.0	-87.0
2025-07-13T01:49:02.318004	416.0	-86.5
2025-07-13T01:49:02.318035	409.0	-87.0
2025-07-13T01:49:02.318058	408.0	-86.0
2025-07-13T01:49:02.318081	414.0	-86.0
2025-07-13T01:49:02.318104	442.0	-87.0
2025-07-13T01:49:02.318170	395.0	-87.0
2025-07-13T01:49:02.318196	410.0	-86.5
2025-07-13T01:49:02.318221	455.0	-86.5
2025-07-13T01:49:02.318245	404.0	-87.0
2025-07-13T01:49:02.318267	415.0	-86.5
2025-07-13T01:49:14.662631	448.0	-87.0
2025-07-13T01:49:14.662688	437.0	-87.0
2025-07-13T01:49:14.662713	413.0	-86.5
2025-07-13T01:49:14.662747	408.0	-86.5
2025-07-13T01:49:14.662772	401.0	-86.5
2025-07-13T01:49:14.662796	409.0	-87.5
2025-07-13T01:49:14.662820	411.0	-86.5
2025-07-13T01:49:14.662844	407.0	-87.5
2025-07-13T01:49:14.662868	409.0	-86.5
2025-07-13T01:49:14.662892	412.0	-87.0
2025-07-13T01:49:14.662914	449.0	-87.0
2025-07-13T01:49:14.662936	411.0	-86.5
2025-07-13T01:49:14.662960	407.0	-87.0
2025-07-13T01:49:27.249200	408.0	-87.0
2025-07-13T01:49:27.249258	410.0	-87.0
2025-07-13T01:49:27.249284	402.0	-86.5
2025-07-13T01:49:27.249318	467.0	-86.5
2025-07-13T01:49:27.249342	410.0	-86.5
2025-07-13T01:49:27.249367	409.0	-87.0
2025-07-13T01:49:27.249391	467.0	-86.5
2025-07-13T01:49:27.249414	440.0	-87.0
2025-07-13T01:49:27.249438	453.0	-86.5
2025-07-13T01:49:27.249462	396.0	-86.5
2025-07-13T01:49:27.249486	412.0	-86.5
2025-07-13T01:49:27.249509	415.0	-86.0
2025-07-13T01:49:27.249531	439.0	-86.5
2025-07-13T01:49:39.753867	407.0	-86.0
2025-07-13T01:49:39.753925	410.0	-87.0
2025-07-13T01:49:39.753951	407.0	-87.0
2025-07-13T01:49:39.753979	411.0	-86.5
2025-07-13T01:49:39.754009	449.0	-87.0
2025-07-13T01:49:39.754032	408.0	-86.5
2025-07-13T01:49:39.754056	413.0	-86.5
2025-07-13T01:49:39.754080	404.0	-87.0
2025-07-13T01:49:39.754103	460.0	-87.0
2025-07-13T01:49:39.754195	406.0	-87.0
2025-07-13T01:49:39.754221	414.0	-86.5
2025-07-13T01:49:39.754246	410.0	-87.0
2025-07-13T01:49:39.754270	402.0	-87.0
2025-07-13T01:49:52.126752	410.0	-86.5
2025-07-13T01:49:52.126819	436.0	-86.0
2025-07-13T01:49:52.126846	399.0	-87.5
2025-07-13T01:49:52.126875	407.0	-86.5
2025-07-13T01:49:52.126901	406.0	-87.5
2025-07-13T01:49:52.126925	409.0	-86.0
2025-07-13T01:49:52.126948	407.0	-86.5
2025-07-13T01:49:52.126972	414.0	-86.5
2025-07-13T01:49:52.127004	407.0	-87.0
2025-07-13T01:49:52.127029	412.0	-87.0
2025-07-13T01:49:52.127052	407.0	-87.0
2025-07-13T01:49:52.127074	409.0	-87.5
2025-07-13T01:49:52.127097	401.0	-86.5
2025-07-13T01:50:04.589417	406.0	-86.5
2025-07-13T01:50:04.589481	409.0	-86.5
2025-07-13T01:50:04.589508	473.0	-86.5
2025-07-13T01:50:04.589538	410.0	-87.0
2025-07-13T01:50:04.589562	410.0	-86.5
2025-07-13T01:50:04.589587	402.0	-86.5
2025-07-13T01:50:04.589612	452.0	-86.5
2025-07-13T01:50:04.589636	405.0	-86.5
2025-07-13T01:50:04.589660	405.0	-86.5
2025-07-13T01:50:04.589684	416.0	-87.0
2025-07-13T01:50:04.589707	412.0	-86.5
2025-07-13T01:50:04.589731	440.0	-86.5
2025-07-13T01:50:04.589754	404.0	-87.5
2025-07-13T01:50:17.142067	419.0	-87.5
2025-07-13T01:50:17.142176	402.0	-87.0
2025-07-13T01:50:17.142204	402.0	-86.5
2025-07-13T01:50:17.142234	403.0	-86.5
2025-07-13T01:50:17.142260	408.0	-86.0
2025-07-13T01:50:17.142284	452.0	-86.5
2025-07-13T01:50:17.142308	412.0	-86.5
2025-07-13T01:50:17.142335	401.0	-87.0
2025-07-13T01:50:17.142358	405.0	-86.5
2025-07-13T01:50:17.142383	413.0	-86.5
2025-07-13T01:50:17.142407	415.0	-86.5
2025-07-13T01:50:17.142431	399.0	-86.5
2025-07-13T01:50:17.142454	472.0	-87.0
2025-07-13T01:50:29.608978	406.0	-86.5
2025-07-13T01:50:29.609042	459.0	-87.0
2025-07-13T01:50:29.609068	414.0	-87.0
2025-07-13T01:50:29.609095	447.0	-86.5
2025-07-13T01:50:29.609119	439.0	-87.0
2025-07-13T01:50:29.609143	403.0	-87.0
2025-07-13T01:50:29.609166	498.0	-86.5
2025-07-13T01:50:29.609189	410.0	-86.5
2025-07-13T01:50:29.609213	410.0	-86.5
2025-07-13T01:50:29.609237	407.0	-87.0
2025-07-13T01:50:29.609261	404.0	-86.5
2025-07-13T01:50:29.609284	436.0	-87.0
2025-07-13T01:50:29.609307	408.0	-87.5
2025-07-13T01:50:42.241460	410.0	-86.5
2025-07-13T01:50:42.241524	418.0	-86.5
2025-07-13T01:50:42.241550	412.0	-86.5
2025-07-13T01:50:42.241580	434.0	-87.5
2025-07-13T01:50:42.241605	433.0	-86.5
2025-07-13T01:50:42.241629	414.0	-87.5
2025-07-13T01:50:42.241653	455.0	-87.0
2025-07-13T01:50:42.241676	482.0	-86.5
2025-07-13T01:50:42.241699	412.0	-87.0
2025-07-13T01:50:42.241722	413.0	-87.0
2025-07-13T01:50:42.241744	412.0	-86.5
2025-07-13T01:50:42.241767	407.0	-87.5
2025-07-13T01:50:42.241790	414.0	-86.5
2025-07-13T01:50:54.850332	411.0	-86.5
2025-07-13T01:50:54.850396	417.0	-86.5
2025-07-13T01:50:54.850423	412.0	-86.5
2025-07-13T01:50:54.850454	407.0	-86.5
2025-07-13T01:50:54.850479	406.0	-87.0
2025-07-13T01:50:54.850504	410.0	-87.0
2025-07-13T01:50:54.850528	441.0	-87.0
2025-07-13T01:50:54.850551	405.0	-86.5
2025-07-13T01:50:54.850576	408.0	-87.0
2025-07-13T01:50:54.850599	411.0	-87.0
2025-07-13T01:50:54.850622	457.0	-86.5
2025-07-13T01:50:54.850646	411.0	-87.0
2025-07-13T01:50:54.850670	409.0	-86.5
2025-07-13T01:51:07.203062	408.0	-86.5
2025-07-13T01:51:07.203127	409.0	-87.0
2025-07-13T01:51:07.203153	414.0	-86.5
2025-07-13T01:51:07.203182	415.0	-87.0
2025-07-13T01:51:07.203207	402.0	-86.5
2025-07-13T01:51:07.203231	412.0	-86.5
2025-07-13T01:51:07.203256	410.0	-87.0
2025-07-13T01:51:07.203280	406.0	-87.0
2025-07-13T01:51:07.203303	405.0	-86.5
2025-07-13T01:51:07.203327	405.0	-87.0
2025-07-13T01:51:07.203349	436.0	-87.0
2025-07-13T01:51:07.203372	455.0	-87.0
2025-07-13T01:51:07.203395	407.0	-86.5
2025-07-13T01:51:19.801976	409.0	-86.5
2025-07-13T01:51:19.802040	409.0	-86.5
2025-07-13T01:51:19.802066	414.0	-87.0
2025-07-13T01:51:19.802094	471.0	-87.0
2025-07-13T01:51:19.802162	409.0	-87.0
2025-07-13T01:51:19.802188	405.0	-87.0
2025-07-13T01:51:19.802212	405.0	-87.0
2025-07-13T01:51:19.802235	437.0	-86.5
2025-07-13T01:51:19.802259	411.0	-86.5
2025-07-13T01:51:19.802283	419.0	-86.5
2025-07-13T01:51:19.802307	403.0	-87.0
2025-07-13T01:51:19.802329	410.0	-87.0
2025-07-13T01:51:19.802352	421.0	-87.0
2025-07-13T01:51:32.412614	435.0	-87.0
2025-07-13T01:51:32.412672	407.0	-86.5
2025-07-13T01:51:32.412704	402.0	-87.5
2025-07-13T01:51:32.412733	412.0	-87.5
2025-07-13T01:51:32.412758	408.0	-87.0
2025-07-13T01:51:32.412782	396.0	-87.5
2025-07-13T01:51:32.412805	439.0	-87.0
2025-07-13T01:51:32.412829	405.0	-86.5
2025-07-13T01:51:32.412852	406.0	-87.0
2025-07-13T01:51:32.412875	417.0	-87.5
2025-07-13T01:51:32.412899	417.0	-87.0
2025-07-13T01:51:32.412921	409.0	-87.0
2025-07-13T01:51:32.412944	407.0	-87.5
2025-07-13T01:51:44.831313	410.0	-87.0
2025-07-13T01:51:44.831373	407.0	-87.5
2025-07-13T01:51:44.831405	439.0	-87.0
2025-07-13T01:51:44.831432	401.0	-87.0
2025-07-13T01:51:44.831456	411.0	-87.0
2025-07-13T01:51:44.831479	455.0	-86.5
2025-07-13T01:51:44.831503	418.0	-87.0
2025-07-13T01:51:44.831527	413.0	-87.0
2025-07-13T01:51:44.831549	413.0	-86.5
2025-07-13T01:51:44.831573	408.0	-87.0
2025-07-13T01:51:44.831596	412.0	-87.0
2025-07-13T01:51:44.831618	412.0	-87.0
2025-07-13T01:51:44.831639	402.0	-86.5
2025-07-13T01:51:57.471773	410.0	-87.0
2025-07-13T01:51:57.471830	417.0	-87.0
2025-07-13T01:51:57.471856	409.0	-86.5
2025-07-13T01:51:57.471890	417.0	-86.5
2025-07-13T01:51:57.471915	409.0	-86.5
2025-07-13T01:51:57.471942	411.0	-87.0
2025-07-13T01:51:57.471966	416.0	-87.0
2025-07-13T01:51:57.471989	406.0	-87.0
2025-07-13T01:51:57.472012	402.0	-87.0
2025-07-13T01:51:57.472035	405.0	-86.5
2025-07-13T01:51:57.472059	407.0	-87.0
2025-07-13T01:51:57.472081	410.0	-86.5
2025-07-13T01:52:10.088614	410.0	-87.0
2025-07-13T01:52:10.088671	400.0	-87.0
2025-07-13T01:52:10.088696	411.0	-87.0
2025-07-13T01:52:10.088723	410.0	-86.5
2025-07-13T01:52:10.088754	403.0	-87.0
2025-07-13T01:52:10.088777	410.0	-87.0
2025-07-13T01:52:10.088800	440.0	-86.5
2025-07-13T01:52:10.088824	399.0	-87.0
2025-07-13T01:52:10.088846	412.0	-86.0
2025-07-13T01:52:10.088869	397.0	-86.5
2025-07-13T01:52:10.088892	410.0	-87.0
2025-07-13T01:52:10.088914	448.0	-87.0
2025-07-13T01:52:10.088936	413.0	-86.5
2025-07-13T01:52:22.489362	413.0	-86.5
2025-07-13T01:52:22.489427	405.0	-86.5
2025-07-13T01:52:22.489453	407.0	-87.0
2025-07-13T01:52:22.489481	414.0	-86.5
2025-07-13T01:52:22.489505	408.0	-87.0
2025-07-13T01:52:22.489528	410.0	-86.5
2025-07-13T01:52:22.489553	410.0	-86.0
2025-07-13T01:52:22.489576	401.0	-86.0
2025-07-13T01:52:22.489599	405.0	-87.0
2025-07-13T01:52:22.489621	406.0	-86.5
2025-07-13T01:52:22.489645	452.0	-86.0
2025-07-13T01:52:22.489668	500.0	-86.5
2025-07-13T01:52:22.489691	411.0	-86.5
2025-07-13T01:52:35.160087	417.0	-86.5
2025-07-13T01:52:35.160151	407.0	-86.5
2025-07-13T01:52:35.160178	400.0	-86.5
2025-07-13T01:52:35.160208	402.0	-87.0
2025-07-13T01:52:35.160232	461.0	-86.5
2025-07-13T01:52:35.160256	409.0	-86.5
2025-07-13T01:52:35.160280	396.0	-87.0
2025-07-13T01:52:35.160303	396.0	-86.5
2025-07-13T01:52:35.160326	401.0	-86.5
2025-07-13T01:52:35.160350	415.0	-86.5
2025-07-13T01:52:35.160374	417.0	-86.0
2025-07-13T01:52:35.160397	410.0	-86.5
2025-07-13T01:52:35.160420	409.0	-86.5
2025-07-13T01:52:47.574908	431.0	-86.0
2025-07-13T01:52:47.574964	435.0	-87.0
2025-07-13T01:52:47.574990	409.0	-86.5
2025-07-13T01:52:47.575024	451.0	-87.0
2025-07-13T01:52:47.575049	402.0	-86.5
2025-07-13T01:52:47.575072	412.0	-86.5
2025-07-13T01:52:47.575097	421.0	-86.0
2025-07-13T01:52:47.575120	414.0	-86.0
2025-07-13T01:52:47.575142	406.0	-87.5
2025-07-13T01:52:47.575167	410.0	-87.0
2025-07-13T01:52:47.575190	403.0	-87.0
2025-07-13T01:52:47.575213	404.0	-87.0
2025-07-13T01:52:47.575235	471.0	-86.0
2025-07-13T01:53:00.245664	405.0	-87.5
2025-07-13T01:53:00.245727	410.0	-86.5
2025-07-13T01:53:00.245754	448.0	-87.0
2025-07-13T01:53:00.245783	413.0	-87.0
2025-07-13T01:53:00.245807	413.0	-87.0
2025-07-13T01:53:00.245830	407.0	-87.0
2025-07-13T01:53:00.245853	456.0	-87.5
2025-07-13T01:53:00.245877	406.0	-86.0
2025-07-13T01:53:00.245900	407.0	-86.5
2025-07-13T01:53:00.245925	410.0	-87.5
2025-07-13T01:53:00.245948	418.0	-87.0
2025-07-13T01:53:00.245971	408.0	-87.0
2025-07-13T01:53:00.245993	409.0	-87.0
2025-07-13T01:53:12.638265	400.0	-86.5
2025-07-13T01:53:12.638331	412.0	-86.5
2025-07-13T01:53:12.638358	406.0	-87.5
2025-07-13T01:53:12.638387	407.0	-88.0
2025-07-13T01:53:12.638411	440.0	-88.0
2025-07-13T01:53:12.638435	403.0	-87.5
2025-07-13T01:53:12.638459	405.0	-86.5
2025-07-13T01:53:12.638483	402.0	-87.0
2025-07-13T01:53:12.638509	398.0	-87.0
2025-07-13T01:53:12.638532	458.0	-87.0
2025-07-13T01:53:12.638554	410.0	-87.0
2025-07-13T01:53:12.638577	405.0	-87.0
2025-07-13T01:53:12.638600	455.0	-87.5
2025-07-13T01:53:25.245082	414.0	-87.0
2025-07-13T01:53:25.245140	396.0	-87.5
2025-07-13T01:53:25.245172	438.0	-87.5
2025-07-13T01:53:25.245201	403.0	-87.0
2025-07-13T01:53:25.245225	403.0	-87.5
2025-07-13T01:53:25.245249	419.0	-87.5
2025-07-13T01:53:25.245274	410.0	-87.0
2025-07-13T01:53:25.245298	398.0	-87.5
2025-07-13T01:53:25.245321	409.0	-87.0
2025-07-13T01:53:25.245345	454.0	-87.0
2025-07-13T01:53:25.245367	417.0	-87.0
2025-07-13T01:53:25.245390	427.0	-87.5
2025-07-13T01:53:25.245413	415.0	-87.5
2025-07-13T01:53:37.651857	425.0	-86.5
2025-07-13T01:53:37.651922	417.0	-87.0
2025-07-13T01:53:37.651947	405.0	-86.5
2025-07-13T01:53:37.651975	408.0	-86.5
2025-07-13T01:53:37.652000	405.0	-86.5
2025-07-13T01:53:37.652023	454.0	-86.0
2025-07-13T01:53:37.652046	452.0	-86.5
2025-07-13T01:53:37.652070	408.0	-87.0
2025-07-13T01:53:37.652093	410.0	-86.5
2025-07-13T01:53:37.652117	402.0	-87.0
2025-07-13T01:53:37.652139	451.0	-87.0
2025-07-13T01:53:37.652162	418.0	-86.5
2025-07-13T01:53:37.652185	404.0	-86.0
2025-07-13T01:53:50.230496	403.0	-87.0
2025-07-13T01:53:50.230554	407.0	-86.5
2025-07-13T01:53:50.230586	462.0	-86.5
2025-07-13T01:53:50.230615	407.0	-86.5
2025-07-13T01:53:50.230640	401.0	-86.5
2025-07-13T01:53:50.230663	459.0	-86.5
2025-07-13T01:53:50.230688	408.0	-86.5
2025-07-13T01:53:50.230711	402.0	-87.0
2025-07-13T01:53:50.230734	409.0	-86.5
2025-07-13T01:53:50.230758	405.0	-87.0
2025-07-13T01:53:50.230781	452.0	-86.5
2025-07-13T01:53:50.230804	410.0	-86.5
2025-07-13T01:53:50.230828	405.0	-86.5
2025-07-13T01:54:02.671068	412.0	-86.5
2025-07-13T01:54:02.671132	456.0	-87.0
2025-07-13T01:54:02.671159	410.0	-86.5
2025-07-13T01:54:02.671188	406.0	-87.0
2025-07-13T01:54:02.671212	406.0	-86.5
2025-07-13T01:54:02.671237	402.0	-87.0
2025-07-13T01:54:02.671261	448.0	-86.5
2025-07-13T01:54:02.671285	412.0	-86.5
2025-07-13T01:54:02.671308	407.0	-87.0
2025-07-13T01:54:02.671331	411.0	-87.0
2025-07-13T01:54:02.671353	411.0	-86.5
2025-07-13T01:54:02.671376	413.0	-87.0
2025-07-13T01:54:02.671399	404.0	-87.0
2025-07-13T01:54:15.237864	406.0	-87.0
2025-07-13T01:54:15.237922	405.0	-86.5
2025-07-13T01:54:15.237954	407.0	-86.5
2025-07-13T01:54:15.237983	440.0	-86.5
2025-07-13T01:54:15.238008	413.0	-86.5
2025-07-13T01:54:15.238032	407.0	-86.0
2025-07-13T01:54:15.238055	399.0	-86.5
2025-07-13T01:54:15.238079	407.0	-87.0
2025-07-13T01:54:15.238102	435.0	-87.0
2025-07-13T01:54:15.238193	403.0	-86.5
2025-07-13T01:54:15.238220	434.0	-86.5
2025-07-13T01:54:15.238243	448.0	-87.0
2025-07-13T01:54:15.238267	417.0	-86.0
2025-07-13T01:54:27.904564	461.0	-87.0
2025-07-13T01:54:27.904622	402.0	-86.5
2025-07-13T01:54:27.904654	410.0	-86.5
2025-07-13T01:54:27.904684	464.0	-87.5
2025-07-13T01:54:27.904710	408.0	-86.0
2025-07-13T01:54:27.904734	405.0	-87.0
2025-07-13T01:54:27.904757	418.0	-86.0
2025-07-13T01:54:27.904780	417.0	-87.0
2025-07-13T01:54:27.904803	410.0	-87.0
2025-07-13T01:54:27.904826	410.0	-87.0
2025-07-13T01:54:27.904848	408.0	-87.0
2025-07-13T01:54:27.904870	403.0	-86.5
2025-07-13T01:54:27.904894	393.0	-86.5
2025-07-13T01:54:40.513544	399.0	-86.5
2025-07-13T01:54:40.513609	405.0	-86.0
2025-07-13T01:54:40.513635	410.0	-86.5
2025-07-13T01:54:40.513664	414.0	-86.5
2025-07-13T01:54:40.513688	456.0	-86.0
2025-07-13T01:54:40.513712	410.0	-86.5
2025-07-13T01:54:40.513737	405.0	-86.5
2025-07-13T01:54:40.513763	415.0	-86.0
2025-07-13T01:54:40.513786	404.0	-87.0
2025-07-13T01:54:40.513808	433.0	-86.0
2025-07-13T01:54:40.513830	411.0	-87.0
2025-07-13T01:54:40.513853	410.0	-86.5
2025-07-13T01:54:40.513876	403.0	-86.0
2025-07-13T01:54:52.902089	521.0	-90.5
2025-07-13T01:54:52.902199	582.0	-88.5
2025-07-13T01:54:52.902226	476.0	-100.5
2025-07-13T01:54:52.902256	634.0	-101.0
2025-07-13T01:54:52.902280	527.0	-92.0
2025-07-13T01:54:52.902306	536.0	-119.0
2025-07-13T01:54:52.902329	543.0	-92.0
2025-07-13T01:54:52.902355	531.0	-110.5
2025-07-13T01:55:05.393344	507.0	-127.5
